disasterNumber,declarationDate,incidentType,pwNumber,applicationTitle,applicantId,damageCategoryCode,damageCategoryDescrip,projectStatus,projectProcessStep,projectSize,county,countyCode,stateAbbreviation,stateNumberCode,projectAmount,federalShareObligated,totalObligated,lastObligationDate,firstObligationDate,mitigationAmount,gmProjectId,gmApplicantId,lastRefresh,hash,declaration_date_iso,first_obligation_date_iso,last_obligation_date_iso,last_refresh_iso,declaration_year,declaration_month,declaration_quarter,first_obligation_year,last_obligation_year,days_declaration_to_first_obligation,days_first_to_last_obligation,is_single_obligation,state_name,region,region_name,region_hq_city,region_states,fips_state_code,fips_county_code,fips_geoid,work_class,is_emergency_work,is_permanent_work,is_management_costs,is_debris,is_protective_measures,is_roads_bridges,is_water_control,is_buildings,is_utilities,is_parks_rec,incident_type_group,is_hurricane,is_flood,is_fire,is_covid,is_tornado,is_earthquake,is_drought,is_winter,is_severe_storm,is_biological,is_tropical,federal_share_pct,mitigation_share_pct,has_mitigation,is_deobligation,is_zero_federal_share,is_large_project,is_small_project,is_closed,is_eligible,federal_obligation_bucket,source_api_endpoint,source_dataset_page,fetched_at
4925,2026-06-30T00:00:00.000Z,Severe Storm(s),3,EOC Supplies/Expenses,133-99133-00,B,Emergency Protective Measures,Eligible,Obligated,Small,Osceola County,133,MI,26,9106.64,6829.98,6829.98,2026-08-14T00:00:00.000Z,2026-08-14T00:00:00.000Z,0,1070515,278808,2026-08-15T15:26:12.016Z,62d89d5dbae42d91288626dd4c8ad24105730599,2026-06-30,2026-08-14,2026-08-14,2026-08-15T15:26:12Z,2026,06,2,2026,2026,45,0,true,Michigan,5,Region 5 — Chicago,Chicago,"IL,IN,MI,MN,OH,WI",26,133,26133,Emergency Work,true,false,false,false,true,false,false,false,false,false,Severe storm,false,false,false,false,false,false,false,false,true,false,false,75.00,0.00,false,false,false,false,true,false,true,under_10k,https://www.fema.gov/api/open/v2/PublicAssistanceFundedProjectsDetails,https://www.fema.gov/openfema-data-page/public-assistance-funded-projects-details-v2,2026-08-17T06:23:38Z
4925,2026-06-30T00:00:00.000Z,Severe Storm(s),5,Evart Fire Dept EPM,133-UX6FA-00,B,Emergency Protective Measures,Eligible,Obligated,Small,Osceola County,133,MI,26,128600.18,96450.14,96450.14,2026-08-05T00:00:00.000Z,2026-08-05T00:00:00.000Z,0,1070600,278803,2026-08-06T15:19:50.545Z,58e099b8c25d13b5e259d3ef2e66659d4dc5c858,2026-06-30,2026-08-05,2026-08-05,2026-08-06T15:19:50Z,2026,06,2,2026,2026,36,0,true,Michigan,5,Region 5 — Chicago,Chicago,"IL,IN,MI,MN,OH,WI",26,133,26133,Emergency Work,true,false,false,false,true,false,false,false,false,false,Severe storm,false,false,false,false,false,false,false,false,true,false,false,75.00,0.00,false,false,false,false,true,false,true,10k_to_100k,https://www.fema.gov/api/open/v2/PublicAssistanceFundedProjectsDetails,https://www.fema.gov/openfema-data-page/public-assistance-funded-projects-details-v2,2026-08-17T06:23:38Z
4925,2026-06-30T00:00:00.000Z,Severe Storm(s),15,County-Wide Emergency Protective Measures,039-99039-00,B,Emergency Protective Measures,Eligible,Obligated,Small,Crawford County,039,MI,26,5500.29,4125.22,4125.22,2026-08-05T00:00:00.000Z,2026-08-05T00:00:00.000Z,0,1070840,278796,2026-08-06T15:19:50.545Z,9948f3c5aa78c0f9efdffa92b513c43751e84e88,2026-06-30,2026-08-05,2026-08-05,2026-08-06T15:19:50Z,2026,06,2,2026,2026,36,0,true,Michigan,5,Region 5 — Chicago,Chicago,"IL,IN,MI,MN,OH,WI",26,039,26039,Emergency Work,true,false,false,false,true,false,false,false,false,false,Severe storm,false,false,false,false,false,false,false,false,true,false,false,75.00,0.00,false,false,false,false,true,false,true,under_10k,https://www.fema.gov/api/open/v2/PublicAssistanceFundedProjectsDetails,https://www.fema.gov/openfema-data-page/public-assistance-funded-projects-details-v2,2026-08-17T06:23:38Z
4925,2026-06-30T00:00:00.000Z,Severe Storm(s),16,Village of Beulah Emergency Pump Operations,019-ULKUN-00,B,Emergency Protective Measures,Eligible,Obligated,Small,Benzie County,019,MI,26,98088.67,73566.51,73566.51,2026-08-14T00:00:00.000Z,2026-08-14T00:00:00.000Z,0,1070899,278854,2026-08-15T15:26:12.016Z,46230563ff7eb9c54361c774d802e84af5ef0ffd,2026-06-30,2026-08-14,2026-08-14,2026-08-15T15:26:12Z,2026,06,2,2026,2026,45,0,true,Michigan,5,Region 5 — Chicago,Chicago,"IL,IN,MI,MN,OH,WI",26,019,26019,Emergency Work,true,false,false,false,true,false,false,false,false,false,Severe storm,false,false,false,false,false,false,false,false,true,false,false,75.00,0.00,false,false,false,false,true,false,true,10k_to_100k,https://www.fema.gov/api/open/v2/PublicAssistanceFundedProjectsDetails,https://www.fema.gov/openfema-data-page/public-assistance-funded-projects-details-v2,2026-08-17T06:23:38Z
4925,2026-06-30T00:00:00.000Z,Severe Storm(s),19,Village of Beulah Wastewater Pump Replacement,019-ULKUN-00,F,Utilities,Eligible,Obligated,Small,Benzie County,019,MI,26,104454,78340.5,78340.5,2026-08-14T00:00:00.000Z,2026-08-14T00:00:00.000Z,0,1070916,278854,2026-08-15T15:26:12.016Z,93accff81a0408a951b932cd835b3c513fa7e687,2026-06-30,2026-08-14,2026-08-14,2026-08-15T15:26:12Z,2026,06,2,2026,2026,45,0,true,Michigan,5,Region 5 — Chicago,Chicago,"IL,IN,MI,MN,OH,WI",26,019,26019,Permanent Work,false,true,false,false,false,false,false,false,true,false,Severe storm,false,false,false,false,false,false,false,false,true,false,false,75.00,0.00,false,false,false,false,true,false,true,10k_to_100k,https://www.fema.gov/api/open/v2/PublicAssistanceFundedProjectsDetails,https://www.fema.gov/openfema-data-page/public-assistance-funded-projects-details-v2,2026-08-17T06:23:38Z
4923,2026-06-30T00:00:00.000Z,Severe Storm(s),1,Emergency Blocked Roads & Generator,057-81725-00,B,Emergency Protective Measures,Eligible,Obligated,Small,Juneau County,057,WI,55,4498.77,3374.08,3374.08,2026-08-13T00:00:00.000Z,2026-08-13T00:00:00.000Z,0,1070666,278847,2026-08-14T15:18:32.006Z,fc159621ed766a4230de02603256a860a202ba7d,2026-06-30,2026-08-13,2026-08-13,2026-08-14T15:18:32Z,2026,06,2,2026,2026,44,0,true,Wisconsin,5,Region 5 — Chicago,Chicago,"IL,IN,MI,MN,OH,WI",55,057,55057,Emergency Work,true,false,false,false,true,false,false,false,false,false,Severe storm,false,false,false,false,false,false,false,false,true,false,false,75.00,0.00,false,false,false,false,true,false,true,under_10k,https://www.fema.gov/api/open/v2/PublicAssistanceFundedProjectsDetails,https://www.fema.gov/openfema-data-page/public-assistance-funded-projects-details-v2,2026-08-17T06:23:38Z
4923,2026-06-30T00:00:00.000Z,Severe Storm(s),2,Village wide Debris Removal,057-81725-00,A,Debris Removal,Eligible,Obligated,Small,Juneau County,057,WI,55,8885.59,6664.2,6664.2,2026-08-13T00:00:00.000Z,2026-08-13T00:00:00.000Z,0,1070677,278847,2026-08-14T15:18:32.006Z,764ce1be4bfe3644abfab9b94c86d297d962e1ca,2026-06-30,2026-08-13,2026-08-13,2026-08-14T15:18:32Z,2026,06,2,2026,2026,44,0,true,Wisconsin,5,Region 5 — Chicago,Chicago,"IL,IN,MI,MN,OH,WI",55,057,55057,Emergency Work,true,false,false,true,false,false,false,false,false,false,Severe storm,false,false,false,false,false,false,false,false,true,false,false,75.00,0.00,false,false,false,false,true,false,true,under_10k,https://www.fema.gov/api/open/v2/PublicAssistanceFundedProjectsDetails,https://www.fema.gov/openfema-data-page/public-assistance-funded-projects-details-v2,2026-08-17T06:23:38Z
4923,2026-06-30T00:00:00.000Z,Severe Storm(s),3,Hebron Debris Removal,055-33700-00,A,Debris Removal,Eligible,Obligated,Small,Jefferson County,055,WI,55,17419.77,13064.83,13064.83,2026-08-05T00:00:00.000Z,2026-08-05T00:00:00.000Z,0,1070786,278881,2026-08-06T15:19:50.545Z,bb3a139f91fcca8a207e7abac16ca102dcfc4e3d,2026-06-30,2026-08-05,2026-08-05,2026-08-06T15:19:50Z,2026,06,2,2026,2026,36,0,true,Wisconsin,5,Region 5 — Chicago,Chicago,"IL,IN,MI,MN,OH,WI",55,055,55055,Emergency Work,true,false,false,true,false,false,false,false,false,false,Severe storm,false,false,false,false,false,false,false,false,true,false,false,75.00,0.00,false,false,false,false,true,false,true,10k_to_100k,https://www.fema.gov/api/open/v2/PublicAssistanceFundedProjectsDetails,https://www.fema.gov/openfema-data-page/public-assistance-funded-projects-details-v2,2026-08-17T06:23:38Z
4923,2026-06-30T00:00:00.000Z,Severe Storm(s),23,Westby Area School District Transportation,123-UAOL1-00,E,Buildings and Equipment,Eligible,Obligated,Small,Vernon County,123,WI,55,10821,8115.75,8115.75,2026-08-13T00:00:00.000Z,2026-08-13T00:00:00.000Z,0,1071044,278885,2026-08-14T15:18:32.006Z,c72ad91c5c237a0ed34ccf87e2512add83372f8c,2026-06-30,2026-08-13,2026-08-13,2026-08-14T15:18:32Z,2026,06,2,2026,2026,44,0,true,Wisconsin,5,Region 5 — Chicago,Chicago,"IL,IN,MI,MN,OH,WI",55,123,55123,Permanent Work,false,true,false,false,false,false,false,true,false,false,Severe storm,false,false,false,false,false,false,false,false,true,false,false,75.00,0.00,false,false,false,false,true,false,true,under_10k,https://www.fema.gov/api/open/v2/PublicAssistanceFundedProjectsDetails,https://www.fema.gov/openfema-data-page/public-assistance-funded-projects-details-v2,2026-08-17T06:23:38Z
4923,2026-06-30T00:00:00.000Z,Severe Storm(s),41,Town Hall Sandbagging,087-UCT8I-00,B,Emergency Protective Measures,Eligible,Obligated,Small,Outagamie County,087,WI,55,14202.02,10651.52,10651.52,2026-08-13T00:00:00.000Z,2026-08-13T00:00:00.000Z,0,1071299,278910,2026-08-14T15:18:32.006Z,c95dd9ff9324e097fd628821b6b1b009604a2f3c,2026-06-30,2026-08-13,2026-08-13,2026-08-14T15:18:32Z,2026,06,2,2026,2026,44,0,true,Wisconsin,5,Region 5 — Chicago,Chicago,"IL,IN,MI,MN,OH,WI",55,087,55087,Emergency Work,true,false,false,false,true,false,false,false,false,false,Severe storm,false,false,false,false,false,false,false,false,true,false,false,75.00,0.00,false,false,false,false,true,false,true,10k_to_100k,https://www.fema.gov/api/open/v2/PublicAssistanceFundedProjectsDetails,https://www.fema.gov/openfema-data-page/public-assistance-funded-projects-details-v2,2026-08-17T06:23:38Z
4916,2026-05-29T00:00:00.000Z,Winter Storm,1,DEMA CAT-B Emergency Protective Measures,000-UXFCZ-00,B,Emergency Protective Measures,Eligible,Obligated,Small,Statewide,003,DE,10,8007.42,6005.57,6005.57,2026-06-22T00:00:00.000Z,2026-06-22T00:00:00.000Z,0,1068807,278699,2026-07-23T18:44:06.680Z,4c82890d8a2e9c09cdd2ad421f95d88db81cf4ab,2026-05-29,2026-06-22,2026-06-22,2026-07-23T18:44:06Z,2026,05,2,2026,2026,24,0,true,Delaware,3,Region 3 — Philadelphia,Philadelphia,"DE,DC,MD,PA,VA,WV",10,003,10003,Emergency Work,true,false,false,false,true,false,false,false,false,false,Winter weather,false,false,false,false,false,false,false,true,false,false,false,75.00,0.00,false,false,false,false,true,false,true,under_10k,https://www.fema.gov/api/open/v2/PublicAssistanceFundedProjectsDetails,https://www.fema.gov/openfema-data-page/public-assistance-funded-projects-details-v2,2026-08-17T06:23:38Z
4916,2026-05-29T00:00:00.000Z,Winter Storm,2,State Management Costs,000-UXFCZ-00,Z,Management Costs,Eligible,Obligated,Small,Statewide,003,DE,10,134434.94,134434.94,134434.94,2026-06-29T00:00:00.000Z,2026-06-29T00:00:00.000Z,0,1068849,278699,2026-07-23T18:44:06.680Z,4c7678b0ed66a4a510ca341e47eae2b8c366e115,2026-05-29,2026-06-29,2026-06-29,2026-07-23T18:44:06Z,2026,05,2,2026,2026,31,0,true,Delaware,3,Region 3 — Philadelphia,Philadelphia,"DE,DC,MD,PA,VA,WV",10,003,10003,Management Costs,false,false,true,false,false,false,false,false,false,false,Winter weather,false,false,false,false,false,false,false,true,false,false,false,100.00,0.00,false,false,false,false,true,false,true,100k_to_1m,https://www.fema.gov/api/open/v2/PublicAssistanceFundedProjectsDetails,https://www.fema.gov/openfema-data-page/public-assistance-funded-projects-details-v2,2026-08-17T06:23:38Z
4916,2026-05-29T00:00:00.000Z,Winter Storm,3,Delaware National Guard Emergency Protective Measures,000-UHQGZ-00,B,Emergency Protective Measures,Eligible,Obligated,Small,Statewide,003,DE,10,246965.88,185224.41,185224.41,2026-07-17T00:00:00.000Z,2026-07-17T00:00:00.000Z,0,1069205,278709,2026-07-23T18:44:06.680Z,ee5e4f6ea057fdcc71b25729d9db1d68055dee40,2026-05-29,2026-07-17,2026-07-17,2026-07-23T18:44:06Z,2026,05,2,2026,2026,49,0,true,Delaware,3,Region 3 — Philadelphia,Philadelphia,"DE,DC,MD,PA,VA,WV",10,003,10003,Emergency Work,true,false,false,false,true,false,false,false,false,false,Winter weather,false,false,false,false,false,false,false,true,false,false,false,75.00,0.00,false,false,false,false,true,false,true,100k_to_1m,https://www.fema.gov/api/open/v2/PublicAssistanceFundedProjectsDetails,https://www.fema.gov/openfema-data-page/public-assistance-funded-projects-details-v2,2026-08-17T06:23:38Z
4916,2026-05-29T00:00:00.000Z,Winter Storm,4,"Millville Volunteer Fire Company, Inc. Emergency Protective Measures",005-U87A8-00,B,Emergency Protective Measures,Eligible,Obligated,Small,Sussex County,005,DE,10,13646.07,10234.56,10234.56,2026-07-20T00:00:00.000Z,2026-07-20T00:00:00.000Z,0,1069436,278731,2026-07-23T18:44:06.680Z,cff50baef60022951e7f4a9a7a22da9c371352c3,2026-05-29,2026-07-20,2026-07-20,2026-07-23T18:44:06Z,2026,05,2,2026,2026,52,0,true,Delaware,3,Region 3 — Philadelphia,Philadelphia,"DE,DC,MD,PA,VA,WV",10,005,10005,Emergency Work,true,false,false,false,true,false,false,false,false,false,Winter weather,false,false,false,false,false,false,false,true,false,false,false,75.00,0.00,false,false,false,false,true,false,true,10k_to_100k,https://www.fema.gov/api/open/v2/PublicAssistanceFundedProjectsDetails,https://www.fema.gov/openfema-data-page/public-assistance-funded-projects-details-v2,2026-08-17T06:23:38Z
4916,2026-05-29T00:00:00.000Z,Winter Storm,5,DHSS SHOC Activation,000-UOHOE-00,B,Emergency Protective Measures,Eligible,Obligated,Small,Statewide,003,DE,10,20976.28,15732.21,15732.21,2026-08-05T00:00:00.000Z,2026-08-05T00:00:00.000Z,0,1069467,278720,2026-08-06T15:19:50.545Z,bc44448f0b465ae0a4e203ed76e2e95cdef6cdee,2026-05-29,2026-08-05,2026-08-05,2026-08-06T15:19:50Z,2026,05,2,2026,2026,68,0,true,Delaware,3,Region 3 — Philadelphia,Philadelphia,"DE,DC,MD,PA,VA,WV",10,003,10003,Emergency Work,true,false,false,false,true,false,false,false,false,false,Winter weather,false,false,false,false,false,false,false,true,false,false,false,75.00,0.00,false,false,false,false,true,false,true,10k_to_100k,https://www.fema.gov/api/open/v2/PublicAssistanceFundedProjectsDetails,https://www.fema.gov/openfema-data-page/public-assistance-funded-projects-details-v2,2026-08-17T06:23:38Z
4916,2026-05-29T00:00:00.000Z,Winter Storm,15,EPM - Power Restoration,001-67310-00,B,Emergency Protective Measures,Eligible,Obligated,Small,Kent County,001,DE,10,8333.43,6250.08,6250.08,2026-07-28T00:00:00.000Z,2026-07-28T00:00:00.000Z,0,1069988,278750,2026-07-29T19:39:46.994Z,6001a1644d140ccaa1c1cb911a8a572e6eb98179,2026-05-29,2026-07-28,2026-07-28,2026-07-29T19:39:46Z,2026,05,2,2026,2026,60,0,true,Delaware,3,Region 3 — Philadelphia,Philadelphia,"DE,DC,MD,PA,VA,WV",10,001,10001,Emergency Work,true,false,false,false,true,false,false,false,false,false,Winter weather,false,false,false,false,false,false,false,true,false,false,false,75.00,0.00,false,false,false,false,true,false,true,under_10k,https://www.fema.gov/api/open/v2/PublicAssistanceFundedProjectsDetails,https://www.fema.gov/openfema-data-page/public-assistance-funded-projects-details-v2,2026-08-17T06:23:38Z
4916,2026-05-29T00:00:00.000Z,Winter Storm,18,Millville Fire Company Donated Resources Project,005-U87A8-00,B,Emergency Work Donated Resources,Eligible,Obligated,Small,Sussex County,005,DE,10,4548.68,3411.52,3411.52,2026-07-29T00:00:00.000Z,2026-07-29T00:00:00.000Z,0,1070060,278731,2026-07-30T15:10:03.208Z,0e48c10fe9a9a4b32022741f8b591bb9104dfdfd,2026-05-29,2026-07-29,2026-07-29,2026-07-30T15:10:03Z,2026,05,2,2026,2026,61,0,true,Delaware,3,Region 3 — Philadelphia,Philadelphia,"DE,DC,MD,PA,VA,WV",10,005,10005,Emergency Work,true,false,false,false,true,false,false,false,false,false,Winter weather,false,false,false,false,false,false,false,true,false,false,false,75.00,0.00,false,false,false,false,true,false,true,under_10k,https://www.fema.gov/api/open/v2/PublicAssistanceFundedProjectsDetails,https://www.fema.gov/openfema-data-page/public-assistance-funded-projects-details-v2,2026-08-17T06:23:38Z
4916,2026-05-29T00:00:00.000Z,Winter Storm,20,Zwaanendael Wall,005-33900-00,G,"Parks, Recreational Facilities, and Other Items",Eligible,Obligated,Small,Sussex County,005,DE,10,8475,6356.25,6356.25,2026-08-12T00:00:00.000Z,2026-08-12T00:00:00.000Z,0,1070078,278726,2026-08-13T15:21:38.708Z,0ecf6b6d5e56f37f8cc2a596d2bdf71e4c417028,2026-05-29,2026-08-12,2026-08-12,2026-08-13T15:21:38Z,2026,05,2,2026,2026,75,0,true,Delaware,3,Region 3 — Philadelphia,Philadelphia,"DE,DC,MD,PA,VA,WV",10,005,10005,Permanent Work,false,true,false,false,false,false,false,false,false,true,Winter weather,false,false,false,false,false,false,false,true,false,false,false,75.00,0.00,false,false,false,false,true,false,true,under_10k,https://www.fema.gov/api/open/v2/PublicAssistanceFundedProjectsDetails,https://www.fema.gov/openfema-data-page/public-assistance-funded-projects-details-v2,2026-08-17T06:23:38Z
4916,2026-05-29T00:00:00.000Z,Winter Storm,42,Generators,000-U5GPD-00,B,Emergency Protective Measures,Eligible,Obligated,Small,Kent County,001,DE,10,9598.47,7198.86,7198.86,2026-08-12T00:00:00.000Z,2026-08-12T00:00:00.000Z,0,1070237,278732,2026-08-13T15:21:38.708Z,2655439621f68cd053b94e9224c818446d68b653,2026-05-29,2026-08-12,2026-08-12,2026-08-13T15:21:38Z,2026,05,2,2026,2026,75,0,true,Delaware,3,Region 3 — Philadelphia,Philadelphia,"DE,DC,MD,PA,VA,WV",10,001,10001,Emergency Work,true,false,false,false,true,false,false,false,false,false,Winter weather,false,false,false,false,false,false,false,true,false,false,false,75.00,0.00,false,false,false,false,true,false,true,under_10k,https://www.fema.gov/api/open/v2/PublicAssistanceFundedProjectsDetails,https://www.fema.gov/openfema-data-page/public-assistance-funded-projects-details-v2,2026-08-17T06:23:38Z
4916,2026-05-29T00:00:00.000Z,Winter Storm,58,Town of Smyrna Management Costs,001-67310-00,Z,Management Costs,Eligible,Obligated,Small,Kent County,001,DE,10,416.67,416.67,416.67,2026-07-31T00:00:00.000Z,2026-07-31T00:00:00.000Z,0,1070920,278750,2026-08-04T05:07:51.090Z,95d0fc200fa5a83c2226a63e045df7b1af8311f3,2026-05-29,2026-07-31,2026-07-31,2026-08-04T05:07:51Z,2026,05,2,2026,2026,63,0,true,Delaware,3,Region 3 — Philadelphia,Philadelphia,"DE,DC,MD,PA,VA,WV",10,001,10001,Management Costs,false,false,true,false,false,false,false,false,false,false,Winter weather,false,false,false,false,false,false,false,true,false,false,false,100.00,0.00,false,false,false,false,true,false,true,under_10k,https://www.fema.gov/api/open/v2/PublicAssistanceFundedProjectsDetails,https://www.fema.gov/openfema-data-page/public-assistance-funded-projects-details-v2,2026-08-17T06:23:38Z
4913,2026-05-29T00:00:00.000Z,Winter Storm,1,Management Costs,000-UIFYB-00,Z,Management Costs,Eligible,Obligated,Small,Statewide,073,KY,21,611892.53,611892.53,611892.53,2026-07-08T00:00:00.000Z,2026-07-08T00:00:00.000Z,0,1069285,278692,2026-07-23T18:44:06.680Z,ecef74b59e1582f824b439c2d96454d75314381b,2026-05-29,2026-07-08,2026-07-08,2026-07-23T18:44:06Z,2026,05,2,2026,2026,40,0,true,Kentucky,4,Region 4 — Atlanta,Atlanta,"AL,FL,GA,KY,MS,NC,SC,TN",21,073,21073,Management Costs,false,false,true,false,false,false,false,false,false,false,Winter weather,false,false,false,false,false,false,false,true,false,false,false,100.00,0.00,false,false,false,false,true,false,true,100k_to_1m,https://www.fema.gov/api/open/v2/PublicAssistanceFundedProjectsDetails,https://www.fema.gov/openfema-data-page/public-assistance-funded-projects-details-v2,2026-08-17T06:23:38Z
4913,2026-05-29T00:00:00.000Z,Winter Storm,4,1069513 - DR-4913-KY - Debris Removal,169-99169-00,A,Debris Removal,Eligible,Obligated,Small,Metcalfe County,169,KY,21,111899.64,83924.73,83924.73,2026-07-24T00:00:00.000Z,2026-07-24T00:00:00.000Z,0,1069513,278734,2026-07-25T15:08:16.660Z,857fdbff8375c778c0efd405f92b9ddc8d1abb13,2026-05-29,2026-07-24,2026-07-24,2026-07-25T15:08:16Z,2026,05,2,2026,2026,56,0,true,Kentucky,4,Region 4 — Atlanta,Atlanta,"AL,FL,GA,KY,MS,NC,SC,TN",21,169,21169,Emergency Work,true,false,false,true,false,false,false,false,false,false,Winter weather,false,false,false,false,false,false,false,true,false,false,false,75.00,0.00,false,false,false,false,true,false,true,10k_to_100k,https://www.fema.gov/api/open/v2/PublicAssistanceFundedProjectsDetails,https://www.fema.gov/openfema-data-page/public-assistance-funded-projects-details-v2,2026-08-17T06:23:38Z
4913,2026-05-29T00:00:00.000Z,Winter Storm,14,Power generation/distribution conductors for Casey County,000-UG5O7-00,F,Utilities,Eligible,Obligated,Small,Statewide,217,KY,21,54183.46,40637.6,40637.6,2026-07-17T00:00:00.000Z,2026-07-17T00:00:00.000Z,0,1069542,278757,2026-07-23T18:44:06.680Z,14bd5cdd294ff8155bb1443c2945317c2b8de384,2026-05-29,2026-07-17,2026-07-17,2026-07-23T18:44:06Z,2026,05,2,2026,2026,49,0,true,Kentucky,4,Region 4 — Atlanta,Atlanta,"AL,FL,GA,KY,MS,NC,SC,TN",21,217,21217,Permanent Work,false,true,false,false,false,false,false,false,true,false,Winter weather,false,false,false,false,false,false,false,true,false,false,false,75.00,0.00,false,false,false,false,true,false,true,10k_to_100k,https://www.fema.gov/api/open/v2/PublicAssistanceFundedProjectsDetails,https://www.fema.gov/openfema-data-page/public-assistance-funded-projects-details-v2,2026-08-17T06:23:38Z
4913,2026-05-29T00:00:00.000Z,Winter Storm,17,Barren County-wide Road Debris Removal,009-99009-00,A,Debris Removal,Eligible,Obligated,Small,Barren County,009,KY,21,128486.55,96364.92,96364.92,2026-07-16T00:00:00.000Z,2026-07-16T00:00:00.000Z,0,1069609,278694,2026-07-23T18:44:06.680Z,2d3f8a89db0c7262bf30e08dfb78098875591e08,2026-05-29,2026-07-16,2026-07-16,2026-07-23T18:44:06Z,2026,05,2,2026,2026,48,0,true,Kentucky,4,Region 4 — Atlanta,Atlanta,"AL,FL,GA,KY,MS,NC,SC,TN",21,009,21009,Emergency Work,true,false,false,true,false,false,false,false,false,false,Winter weather,false,false,false,false,false,false,false,true,false,false,false,75.00,0.00,false,false,false,false,true,false,true,10k_to_100k,https://www.fema.gov/api/open/v2/PublicAssistanceFundedProjectsDetails,https://www.fema.gov/openfema-data-page/public-assistance-funded-projects-details-v2,2026-08-17T06:23:38Z
4913,2026-05-29T00:00:00.000Z,Winter Storm,19,Barren County-wide Emergency Protective Measures,009-99009-00,B,Emergency Protective Measures,Eligible,Obligated,Small,Barren County,009,KY,21,15893.4,11920.05,11920.05,2026-07-17T00:00:00.000Z,2026-07-17T00:00:00.000Z,0,1069614,278694,2026-07-23T18:44:06.680Z,2451b40599c205041763b36e50346b7bbb29545b,2026-05-29,2026-07-17,2026-07-17,2026-07-23T18:44:06Z,2026,05,2,2026,2026,49,0,true,Kentucky,4,Region 4 — Atlanta,Atlanta,"AL,FL,GA,KY,MS,NC,SC,TN",21,009,21009,Emergency Work,true,false,false,false,true,false,false,false,false,false,Winter weather,false,false,false,false,false,false,false,true,false,false,false,75.00,0.00,false,false,false,false,true,false,true,10k_to_100k,https://www.fema.gov/api/open/v2/PublicAssistanceFundedProjectsDetails,https://www.fema.gov/openfema-data-page/public-assistance-funded-projects-details-v2,2026-08-17T06:23:38Z
4913,2026-05-29T00:00:00.000Z,Winter Storm,33,1069869 DR-4913-KY - Debris Removal,171-29872-00,A,Debris Removal,Eligible,Obligated,Small,Monroe County,171,KY,21,19484.91,14613.69,14613.69,2026-08-04T00:00:00.000Z,2026-08-04T00:00:00.000Z,0,1069869,278754,2026-08-04T15:17:13.615Z,c0d0dbe9415c8f0f0ff571eadad62da4d13fbd83,2026-05-29,2026-08-04,2026-08-04,2026-08-04T15:17:13Z,2026,05,2,2026,2026,67,0,true,Kentucky,4,Region 4 — Atlanta,Atlanta,"AL,FL,GA,KY,MS,NC,SC,TN",21,171,21171,Emergency Work,true,false,false,true,false,false,false,false,false,false,Winter weather,false,false,false,false,false,false,false,true,false,false,false,75.00,0.00,false,false,false,false,true,false,true,10k_to_100k,https://www.fema.gov/api/open/v2/PublicAssistanceFundedProjectsDetails,https://www.fema.gov/openfema-data-page/public-assistance-funded-projects-details-v2,2026-08-17T06:23:38Z
4913,2026-05-29T00:00:00.000Z,Winter Storm,35,Debris Removal,001-16750-00,A,Debris Removal,Eligible,Obligated,Small,Adair County,001,KY,21,95818.38,71863.79,71863.79,2026-07-28T00:00:00.000Z,2026-07-28T00:00:00.000Z,0,1069913,278777,2026-07-28T15:17:24.735Z,b355cd5f21315f8a07a6c4c5262f4665bb65bcd8,2026-05-29,2026-07-28,2026-07-28,2026-07-28T15:17:24Z,2026,05,2,2026,2026,60,0,true,Kentucky,4,Region 4 — Atlanta,Atlanta,"AL,FL,GA,KY,MS,NC,SC,TN",21,001,21001,Emergency Work,true,false,false,true,false,false,false,false,false,false,Winter weather,false,false,false,false,false,false,false,true,false,false,false,75.00,0.00,false,false,false,false,true,false,true,10k_to_100k,https://www.fema.gov/api/open/v2/PublicAssistanceFundedProjectsDetails,https://www.fema.gov/openfema-data-page/public-assistance-funded-projects-details-v2,2026-08-17T06:23:38Z
4913,2026-05-29T00:00:00.000Z,Winter Storm,59,Management Costs,009-99009-00,Z,Management Costs,Eligible,Obligated,Small,Barren County,009,KY,21,7219,7219,7219,2026-07-24T00:00:00.000Z,2026-07-24T00:00:00.000Z,0,1070494,278694,2026-07-25T15:08:16.660Z,8d096f11b1a2c63628feca164db7c8eea4578dd8,2026-05-29,2026-07-24,2026-07-24,2026-07-25T15:08:16Z,2026,05,2,2026,2026,56,0,true,Kentucky,4,Region 4 — Atlanta,Atlanta,"AL,FL,GA,KY,MS,NC,SC,TN",21,009,21009,Management Costs,false,false,true,false,false,false,false,false,false,false,Winter weather,false,false,false,false,false,false,false,true,false,false,false,100.00,0.00,false,false,false,false,true,false,true,under_10k,https://www.fema.gov/api/open/v2/PublicAssistanceFundedProjectsDetails,https://www.fema.gov/openfema-data-page/public-assistance-funded-projects-details-v2,2026-08-17T06:23:38Z
4913,2026-05-29T00:00:00.000Z,Winter Storm,70,"4913DR-KY (4913DR) Gamaliel, City of (171-29872-00) - Donated Resources",171-29872-00,B,Emergency Work Donated Resources,Eligible,Obligated,Small,Monroe County,171,KY,21,2014.64,1510.99,1510.99,2026-08-10T00:00:00.000Z,2026-08-10T00:00:00.000Z,0,1070658,278754,2026-08-12T15:21:33.184Z,6c749e09a8fe232940f3992a6db3bd62a15e9385,2026-05-29,2026-08-10,2026-08-10,2026-08-12T15:21:33Z,2026,05,2,2026,2026,73,0,true,Kentucky,4,Region 4 — Atlanta,Atlanta,"AL,FL,GA,KY,MS,NC,SC,TN",21,171,21171,Emergency Work,true,false,false,false,true,false,false,false,false,false,Winter weather,false,false,false,false,false,false,false,true,false,false,false,75.00,0.00,false,false,false,false,true,false,true,under_10k,https://www.fema.gov/api/open/v2/PublicAssistanceFundedProjectsDetails,https://www.fema.gov/openfema-data-page/public-assistance-funded-projects-details-v2,2026-08-17T06:23:38Z
4913,2026-05-29T00:00:00.000Z,Winter Storm,74,Management Costs,001-16750-00,Z,Management Costs,Eligible,Obligated,Small,Adair County,001,KY,21,3593.19,3593.19,3593.19,2026-07-30T00:00:00.000Z,2026-07-30T00:00:00.000Z,0,1070885,278777,2026-07-31T15:06:08.793Z,7ce183b5d98c1d2b431b0607877a155640e04f40,2026-05-29,2026-07-30,2026-07-30,2026-07-31T15:06:08Z,2026,05,2,2026,2026,62,0,true,Kentucky,4,Region 4 — Atlanta,Atlanta,"AL,FL,GA,KY,MS,NC,SC,TN",21,001,21001,Management Costs,false,false,true,false,false,false,false,false,false,false,Winter weather,false,false,false,false,false,false,false,true,false,false,false,100.00,0.00,false,false,false,false,true,false,true,under_10k,https://www.fema.gov/api/open/v2/PublicAssistanceFundedProjectsDetails,https://www.fema.gov/openfema-data-page/public-assistance-funded-projects-details-v2,2026-08-17T06:23:38Z
4910,2026-04-23T00:00:00.000Z,Typhoon,2,PP3 Generator Usage,000-U5YWC-00,B,Emergency Protective Measures,Eligible,Obligated,Small,Statewide,110,MP,1001,333439.25,333439.25,333439.25,2026-07-18T00:00:00.000Z,2026-07-18T00:00:00.000Z,0,1069125,278463,2026-07-23T18:44:06.680Z,42c09485b0ebd6234354249607eeec0db6990c09,2026-04-23,2026-07-18,2026-07-18,2026-07-23T18:44:06Z,2026,04,2,2026,2026,86,0,true,Northern Mariana Islands,9,Region 9 — Oakland,Oakland,"AZ,CA,HI,NV,AS,GU,MP",1001,110,1001110,Emergency Work,true,false,false,false,true,false,false,false,false,false,Tropical cyclone,true,false,false,false,false,false,false,false,false,false,true,100.00,0.00,false,false,false,false,true,false,true,100k_to_1m,https://www.fema.gov/api/open/v2/PublicAssistanceFundedProjectsDetails,https://www.fema.gov/openfema-data-page/public-assistance-funded-projects-details-v2,2026-08-17T06:23:38Z
4909,2026-04-07T00:00:00.000Z,Severe Storm(s),1,Management Costs,000-U5JBW-00,Z,Management Costs,Eligible,Obligated,Small,Statewide,003,HI,15,197625.81,197625.81,197625.81,2026-06-08T00:00:00.000Z,2026-06-08T00:00:00.000Z,0,1067255,278472,2026-07-23T18:44:06.680Z,fecf3e6cbdb6ccca4ad789b69988ac89b0b63d7e,2026-04-07,2026-06-08,2026-06-08,2026-07-23T18:44:06Z,2026,04,2,2026,2026,62,0,true,Hawaii,9,Region 9 — Oakland,Oakland,"AZ,CA,HI,NV,AS,GU,MP",15,003,15003,Management Costs,false,false,true,false,false,false,false,false,false,false,Severe storm,false,false,false,false,false,false,false,false,true,false,false,100.00,0.00,false,false,false,false,true,false,true,100k_to_1m,https://www.fema.gov/api/open/v2/PublicAssistanceFundedProjectsDetails,https://www.fema.gov/openfema-data-page/public-assistance-funded-projects-details-v2,2026-08-17T06:23:38Z
4909,2026-04-07T00:00:00.000Z,Severe Storm(s),113,Mutual Aid: KEMA,003-99003-00,B,Emergency Protective Measures,Eligible,Obligated,Small,"Honolulu, City and County of",003,HI,15,14508.4,10881.3,10881.3,2026-08-07T00:00:00.000Z,2026-08-07T00:00:00.000Z,0,1069818,278329,2026-08-12T15:21:33.184Z,bf59f2bf89f2fd9fe900f726e6d37db4c570d0d7,2026-04-07,2026-08-07,2026-08-07,2026-08-12T15:21:33Z,2026,04,2,2026,2026,122,0,true,Hawaii,9,Region 9 — Oakland,Oakland,"AZ,CA,HI,NV,AS,GU,MP",15,003,15003,Emergency Work,true,false,false,false,true,false,false,false,false,false,Severe storm,false,false,false,false,false,false,false,false,true,false,false,75.00,0.00,false,false,false,false,true,false,true,10k_to_100k,https://www.fema.gov/api/open/v2/PublicAssistanceFundedProjectsDetails,https://www.fema.gov/openfema-data-page/public-assistance-funded-projects-details-v2,2026-08-17T06:23:38Z
4908,2026-04-07T00:00:00.000Z,Winter Storm,2,Emergency Protective Measures,045-0218B-00,B,Emergency Protective Measures,Eligible,Obligated,Small,Greenville County,045,SC,45,11236.53,8427.4,8427.4,2026-07-17T00:00:00.000Z,2026-07-17T00:00:00.000Z,0,1067474,278346,2026-07-23T18:44:06.680Z,e1d54e1a1cf4c23be73aa0315b8aaf3ae7ab083b,2026-04-07,2026-07-17,2026-07-17,2026-07-23T18:44:06Z,2026,04,2,2026,2026,101,0,true,South Carolina,4,Region 4 — Atlanta,Atlanta,"AL,FL,GA,KY,MS,NC,SC,TN",45,045,45045,Emergency Work,true,false,false,false,true,false,false,false,false,false,Winter weather,false,false,false,false,false,false,false,true,false,false,false,75.00,0.00,false,false,false,false,true,false,true,under_10k,https://www.fema.gov/api/open/v2/PublicAssistanceFundedProjectsDetails,https://www.fema.gov/openfema-data-page/public-assistance-funded-projects-details-v2,2026-08-17T06:23:38Z
4908,2026-04-07T00:00:00.000Z,Winter Storm,5,SCDPH - FERN,000-UXXQQ-00,B,Emergency Protective Measures,Eligible,Obligated,Small,Statewide,063,SC,45,4118.44,3088.83,3088.83,2026-07-17T00:00:00.000Z,2026-07-17T00:00:00.000Z,0,1068013,278568,2026-07-23T18:44:06.680Z,cd74b2b4f0fa3635b7849f5c39eed478815b6974,2026-04-07,2026-07-17,2026-07-17,2026-07-23T18:44:06Z,2026,04,2,2026,2026,101,0,true,South Carolina,4,Region 4 — Atlanta,Atlanta,"AL,FL,GA,KY,MS,NC,SC,TN",45,063,45063,Emergency Work,true,false,false,false,true,false,false,false,false,false,Winter weather,false,false,false,false,false,false,false,true,false,false,false,75.00,0.00,false,false,false,false,true,false,true,under_10k,https://www.fema.gov/api/open/v2/PublicAssistanceFundedProjectsDetails,https://www.fema.gov/openfema-data-page/public-assistance-funded-projects-details-v2,2026-08-17T06:23:38Z
4908,2026-04-07T00:00:00.000Z,Winter Storm,8,Declared Counties EMP,000-UTJ2U-00,B,Emergency Protective Measures,Eligible,Obligated,Small,Statewide,079,SC,45,5406.21,4054.66,4054.66,2026-08-14T00:00:00.000Z,2026-08-14T00:00:00.000Z,0,1068129,278293,2026-08-15T15:26:12.016Z,224614fd1409fb8e8f798d30e261c74aeb6c7ec8,2026-04-07,2026-08-14,2026-08-14,2026-08-15T15:26:12Z,2026,04,2,2026,2026,129,0,true,South Carolina,4,Region 4 — Atlanta,Atlanta,"AL,FL,GA,KY,MS,NC,SC,TN",45,079,45079,Emergency Work,true,false,false,false,true,false,false,false,false,false,Winter weather,false,false,false,false,false,false,false,true,false,false,false,75.00,0.00,false,false,false,false,true,false,true,under_10k,https://www.fema.gov/api/open/v2/PublicAssistanceFundedProjectsDetails,https://www.fema.gov/openfema-data-page/public-assistance-funded-projects-details-v2,2026-08-17T06:23:38Z
4908,2026-04-07T00:00:00.000Z,Winter Storm,10,Piedmont Park Fire District EPM,045-03E3A-00,B,Emergency Protective Measures,Eligible,Pending Closeout Completion,Small,Greenville County,045,SC,45,4334.65,3250.99,3250.99,2026-07-29T00:00:00.000Z,2026-07-29T00:00:00.000Z,0,1068247,278367,2026-08-06T15:19:50.545Z,efe15877f551ebcb04a2c064e2c33d30a7716516,2026-04-07,2026-07-29,2026-07-29,2026-08-06T15:19:50Z,2026,04,2,2026,2026,113,0,true,South Carolina,4,Region 4 — Atlanta,Atlanta,"AL,FL,GA,KY,MS,NC,SC,TN",45,045,45045,Emergency Work,true,false,false,false,true,false,false,false,false,false,Winter weather,false,false,false,false,false,false,false,true,false,false,false,75.00,0.00,false,false,false,false,true,false,true,under_10k,https://www.fema.gov/api/open/v2/PublicAssistanceFundedProjectsDetails,https://www.fema.gov/openfema-data-page/public-assistance-funded-projects-details-v2,2026-08-17T06:23:38Z
4908,2026-04-07T00:00:00.000Z,Winter Storm,26,Roadway's Clearing,077-UT3B8-00,B,Emergency Protective Measures,Eligible,Obligated,Small,Pickens County,077,SC,45,15735.54,11801.66,11801.66,2026-07-30T00:00:00.000Z,2026-07-30T00:00:00.000Z,0,1069244,278611,2026-07-31T15:06:08.793Z,db858ec658b3115a694e4354e7a103528b3a9f3f,2026-04-07,2026-07-30,2026-07-30,2026-07-31T15:06:08Z,2026,04,2,2026,2026,114,0,true,South Carolina,4,Region 4 — Atlanta,Atlanta,"AL,FL,GA,KY,MS,NC,SC,TN",45,077,45077,Emergency Work,true,false,false,false,true,false,false,false,false,false,Winter weather,false,false,false,false,false,false,false,true,false,false,false,75.00,0.00,false,false,false,false,true,false,true,10k_to_100k,https://www.fema.gov/api/open/v2/PublicAssistanceFundedProjectsDetails,https://www.fema.gov/openfema-data-page/public-assistance-funded-projects-details-v2,2026-08-17T06:23:38Z
4908,2026-04-07T00:00:00.000Z,Winter Storm,40,Management Costs,045-0218B-00,Z,Management Costs,Eligible,Obligated,Small,Greenville County,045,SC,45,561.82,561.82,561.82,2026-08-07T00:00:00.000Z,2026-08-07T00:00:00.000Z,0,1070679,278346,2026-08-12T15:21:33.184Z,520fc954138a1bd64bfe98120b4c302b2b086862,2026-04-07,2026-08-07,2026-08-07,2026-08-12T15:21:33Z,2026,04,2,2026,2026,122,0,true,South Carolina,4,Region 4 — Atlanta,Atlanta,"AL,FL,GA,KY,MS,NC,SC,TN",45,045,45045,Management Costs,false,false,true,false,false,false,false,false,false,false,Winter weather,false,false,false,false,false,false,false,true,false,false,false,100.00,0.00,false,false,false,false,true,false,true,under_10k,https://www.fema.gov/api/open/v2/PublicAssistanceFundedProjectsDetails,https://www.fema.gov/openfema-data-page/public-assistance-funded-projects-details-v2,2026-08-17T06:23:38Z
4908,2026-04-07T00:00:00.000Z,Winter Storm,41,Management Costs,045-03E3A-00,Z,Management Costs,Eligible,Obligated,Small,Greenville County,045,SC,45,216,216,216,2026-08-07T00:00:00.000Z,2026-08-07T00:00:00.000Z,0,1071030,278367,2026-08-12T15:21:33.184Z,cb656f0c5d40f699680d1f51daf2bcdb083df6d9,2026-04-07,2026-08-07,2026-08-07,2026-08-12T15:21:33Z,2026,04,2,2026,2026,122,0,true,South Carolina,4,Region 4 — Atlanta,Atlanta,"AL,FL,GA,KY,MS,NC,SC,TN",45,045,45045,Management Costs,false,false,true,false,false,false,false,false,false,false,Winter weather,false,false,false,false,false,false,false,true,false,false,false,100.00,0.00,false,false,false,false,true,false,true,under_10k,https://www.fema.gov/api/open/v2/PublicAssistanceFundedProjectsDetails,https://www.fema.gov/openfema-data-page/public-assistance-funded-projects-details-v2,2026-08-17T06:23:38Z
4907,2026-04-07T00:00:00.000Z,Severe Storm(s),3,Aurora Fire District Cat B,047-USJB7-00,B,Emergency Protective Measures,Eligible,Obligated,Small,Marion County,047,OR,41,8754.32,6565.74,6565.74,2026-07-17T00:00:00.000Z,2026-07-17T00:00:00.000Z,0,1068254,278466,2026-07-23T18:44:06.680Z,0f8f7e4cd54129c9e33b874069e99a27c6996020,2026-04-07,2026-07-17,2026-07-17,2026-07-23T18:44:06Z,2026,04,2,2026,2026,101,0,true,Oregon,10,Region 10 — Bothell,Bothell,"AK,ID,OR,WA",41,047,41047,Emergency Work,true,false,false,false,true,false,false,false,false,false,Severe storm,false,false,false,false,false,false,false,false,true,false,false,75.00,0.00,false,false,false,false,true,false,true,under_10k,https://www.fema.gov/api/open/v2/PublicAssistanceFundedProjectsDetails,https://www.fema.gov/openfema-data-page/public-assistance-funded-projects-details-v2,2026-08-17T06:23:38Z
4907,2026-04-07T00:00:00.000Z,Severe Storm(s),4,Cat B Molalla Fire District,005-06471-00,B,Emergency Protective Measures,Eligible,Obligated,Small,Clackamas County,005,OR,41,24039.41,18029.56,18029.56,2026-08-14T00:00:00.000Z,2026-08-14T00:00:00.000Z,0,1068266,278368,2026-08-15T15:26:12.016Z,6a051d8b46788b55cdd368b8a7886da02a5e7015,2026-04-07,2026-08-14,2026-08-14,2026-08-15T15:26:12Z,2026,04,2,2026,2026,129,0,true,Oregon,10,Region 10 — Bothell,Bothell,"AK,ID,OR,WA",41,005,41005,Emergency Work,true,false,false,false,true,false,false,false,false,false,Severe storm,false,false,false,false,false,false,false,false,true,false,false,75.00,0.00,false,false,false,false,true,false,true,10k_to_100k,https://www.fema.gov/api/open/v2/PublicAssistanceFundedProjectsDetails,https://www.fema.gov/openfema-data-page/public-assistance-funded-projects-details-v2,2026-08-17T06:23:38Z
4907,2026-04-07T00:00:00.000Z,Severe Storm(s),6,State Management Costs,000-U0D8R-00,Z,Management Costs,Eligible,Obligated,Small,Statewide,047,OR,41,575419.37,575419.37,575419.37,2026-06-29T00:00:00.000Z,2026-06-29T00:00:00.000Z,0,1068315,278227,2026-07-23T18:44:06.680Z,004e9b0514eafff4bec37601aaa81e7e0a84d61c,2026-04-07,2026-06-29,2026-06-29,2026-07-23T18:44:06Z,2026,04,2,2026,2026,83,0,true,Oregon,10,Region 10 — Bothell,Bothell,"AK,ID,OR,WA",41,047,41047,Management Costs,false,false,true,false,false,false,false,false,false,false,Severe storm,false,false,false,false,false,false,false,false,true,false,false,100.00,0.00,false,false,false,false,true,false,true,100k_to_1m,https://www.fema.gov/api/open/v2/PublicAssistanceFundedProjectsDetails,https://www.fema.gov/openfema-data-page/public-assistance-funded-projects-details-v2,2026-08-17T06:23:38Z
4907,2026-04-07T00:00:00.000Z,Severe Storm(s),7,Clackamas County Fire District #1 Cat B,005-01B8A-00,B,Emergency Protective Measures,Eligible,Obligated,Small,Clackamas County,005,OR,41,42789.58,32092.19,32092.19,2026-07-24T00:00:00.000Z,2026-07-24T00:00:00.000Z,0,1068373,278343,2026-07-25T15:08:16.660Z,0a7837e966ab9c4f3090f0749391521fd24f32ef,2026-04-07,2026-07-24,2026-07-24,2026-07-25T15:08:16Z,2026,04,2,2026,2026,108,0,true,Oregon,10,Region 10 — Bothell,Bothell,"AK,ID,OR,WA",41,005,41005,Emergency Work,true,false,false,false,true,false,false,false,false,false,Severe storm,false,false,false,false,false,false,false,false,true,false,false,75.00,0.00,false,false,false,false,true,false,true,10k_to_100k,https://www.fema.gov/api/open/v2/PublicAssistanceFundedProjectsDetails,https://www.fema.gov/openfema-data-page/public-assistance-funded-projects-details-v2,2026-08-17T06:23:38Z
4907,2026-04-07T00:00:00.000Z,Severe Storm(s),18,Hoodland Fire District #74 Cat B,005-UVPJP-00,B,Emergency Protective Measures,Eligible,Obligated,Small,Clackamas County,005,OR,41,11005.96,8254.47,8254.47,2026-07-08T00:00:00.000Z,2026-07-08T00:00:00.000Z,0,1068542,278558,2026-07-23T18:44:06.680Z,d495f48ff5cdd9c0ec8b7c02a71186ec012007e4,2026-04-07,2026-07-08,2026-07-08,2026-07-23T18:44:06Z,2026,04,2,2026,2026,92,0,true,Oregon,10,Region 10 — Bothell,Bothell,"AK,ID,OR,WA",41,005,41005,Emergency Work,true,false,false,false,true,false,false,false,false,false,Severe storm,false,false,false,false,false,false,false,false,true,false,false,75.00,0.00,false,false,false,false,true,false,true,under_10k,https://www.fema.gov/api/open/v2/PublicAssistanceFundedProjectsDetails,https://www.fema.gov/openfema-data-page/public-assistance-funded-projects-details-v2,2026-08-17T06:23:38Z
4907,2026-04-07T00:00:00.000Z,Severe Storm(s),19,City of Newport CAT G Fencing,041-52450-00,G,"Parks, Recreational Facilities, and Other Items",Eligible,Obligated,Small,Lincoln County,041,OR,41,14208,10656,10656,2026-07-31T00:00:00.000Z,2026-07-31T00:00:00.000Z,0,1068577,278344,2026-08-04T05:07:51.090Z,59fa4c6ef8400ec25a5947c17d9d976a20190e13,2026-04-07,2026-07-31,2026-07-31,2026-08-04T05:07:51Z,2026,04,2,2026,2026,115,0,true,Oregon,10,Region 10 — Bothell,Bothell,"AK,ID,OR,WA",41,041,41041,Permanent Work,false,true,false,false,false,false,false,false,false,true,Severe storm,false,false,false,false,false,false,false,false,true,false,false,75.00,0.00,false,false,false,false,true,false,true,10k_to_100k,https://www.fema.gov/api/open/v2/PublicAssistanceFundedProjectsDetails,https://www.fema.gov/openfema-data-page/public-assistance-funded-projects-details-v2,2026-08-17T06:23:38Z
4907,2026-04-07T00:00:00.000Z,Severe Storm(s),21,DR4907-OR City of Lincoln City CAT A Debris Removal,041-42600-00,A,Debris Removal,Eligible,Obligated,Small,Lincoln County,041,OR,41,6833.94,5125.46,5125.46,2026-08-14T00:00:00.000Z,2026-08-14T00:00:00.000Z,0,1068622,278417,2026-08-15T15:26:12.016Z,a40f34fdc4e0e8bd5615ee3cbecab0edc874dd89,2026-04-07,2026-08-14,2026-08-14,2026-08-15T15:26:12Z,2026,04,2,2026,2026,129,0,true,Oregon,10,Region 10 — Bothell,Bothell,"AK,ID,OR,WA",41,041,41041,Emergency Work,true,false,false,true,false,false,false,false,false,false,Severe storm,false,false,false,false,false,false,false,false,true,false,false,75.00,0.00,false,false,false,false,true,false,true,under_10k,https://www.fema.gov/api/open/v2/PublicAssistanceFundedProjectsDetails,https://www.fema.gov/openfema-data-page/public-assistance-funded-projects-details-v2,2026-08-17T06:23:38Z
4907,2026-04-07T00:00:00.000Z,Severe Storm(s),36,City of Manzanita CAT B Emergency Work- Slope,057-45700-00,B,Emergency Protective Measures,Eligible,Obligated,Small,Tillamook County,057,OR,41,86564.28,64923.21,64923.21,2026-07-24T00:00:00.000Z,2026-07-24T00:00:00.000Z,0,1069012,278456,2026-07-25T15:08:16.660Z,e21b6c3c8c0ae5090783435d1a572802862d4774,2026-04-07,2026-07-24,2026-07-24,2026-07-25T15:08:16Z,2026,04,2,2026,2026,108,0,true,Oregon,10,Region 10 — Bothell,Bothell,"AK,ID,OR,WA",41,057,41057,Emergency Work,true,false,false,false,true,false,false,false,false,false,Severe storm,false,false,false,false,false,false,false,false,true,false,false,75.00,0.00,false,false,false,false,true,false,true,10k_to_100k,https://www.fema.gov/api/open/v2/PublicAssistanceFundedProjectsDetails,https://www.fema.gov/openfema-data-page/public-assistance-funded-projects-details-v2,2026-08-17T06:23:38Z
4907,2026-04-07T00:00:00.000Z,Severe Storm(s),37,DR4907-OR Manzanita Donated Resources,057-45700-00,B,Emergency Work Donated Resources,Eligible,Obligated,Small,Tillamook County,057,OR,41,574.32,430.74,430.74,2026-07-28T00:00:00.000Z,2026-07-28T00:00:00.000Z,0,1069101,278456,2026-07-30T15:10:03.208Z,44ee93f0a29a5badd7769c8e3e9e9530e9a808f3,2026-04-07,2026-07-28,2026-07-28,2026-07-30T15:10:03Z,2026,04,2,2026,2026,112,0,true,Oregon,10,Region 10 — Bothell,Bothell,"AK,ID,OR,WA",41,057,41057,Emergency Work,true,false,false,false,true,false,false,false,false,false,Severe storm,false,false,false,false,false,false,false,false,true,false,false,75.00,0.00,false,false,false,false,true,false,true,under_10k,https://www.fema.gov/api/open/v2/PublicAssistanceFundedProjectsDetails,https://www.fema.gov/openfema-data-page/public-assistance-funded-projects-details-v2,2026-08-17T06:23:38Z
4907,2026-04-07T00:00:00.000Z,Severe Storm(s),38,Replacement and Restored Aerial Electric Power System,039-00ACE-00,F,Utilities,Eligible,Obligated,Small,Lane County,039,OR,41,109743.38,82307.54,82307.54,2026-07-24T00:00:00.000Z,2026-07-24T00:00:00.000Z,0,1069175,278357,2026-07-25T15:08:16.660Z,bbfc36d4ac27d9ebeb96f6dc1b510c5ed2bf42ef,2026-04-07,2026-07-24,2026-07-24,2026-07-25T15:08:16Z,2026,04,2,2026,2026,108,0,true,Oregon,10,Region 10 — Bothell,Bothell,"AK,ID,OR,WA",41,039,41039,Permanent Work,false,true,false,false,false,false,false,false,true,false,Severe storm,false,false,false,false,false,false,false,false,true,false,false,75.00,0.00,false,false,false,false,true,false,true,10k_to_100k,https://www.fema.gov/api/open/v2/PublicAssistanceFundedProjectsDetails,https://www.fema.gov/openfema-data-page/public-assistance-funded-projects-details-v2,2026-08-17T06:23:38Z
4907,2026-04-07T00:00:00.000Z,Severe Storm(s),69,Clatsop County - Power Lines repairs - County Wide,000-UJWRW-00,F,Utilities,Eligible,Obligated,Small,Statewide,009,OR,41,27103.25,20327.44,20327.44,2026-07-24T00:00:00.000Z,2026-07-24T00:00:00.000Z,0,1069855,278540,2026-07-25T15:08:16.660Z,46ecf1672f47bc2eef15b8b7c5a7a3cb42df30bc,2026-04-07,2026-07-24,2026-07-24,2026-07-25T15:08:16Z,2026,04,2,2026,2026,108,0,true,Oregon,10,Region 10 — Bothell,Bothell,"AK,ID,OR,WA",41,009,41009,Permanent Work,false,true,false,false,false,false,false,false,true,false,Severe storm,false,false,false,false,false,false,false,false,true,false,false,75.00,0.00,false,false,false,false,true,false,true,10k_to_100k,https://www.fema.gov/api/open/v2/PublicAssistanceFundedProjectsDetails,https://www.fema.gov/openfema-data-page/public-assistance-funded-projects-details-v2,2026-08-17T06:23:38Z
4907,2026-04-07T00:00:00.000Z,Severe Storm(s),71,Yamhill County - Power Lines Repairs - Generation and Distribution,000-UJWRW-00,F,Utilities,Eligible,Obligated,Small,Statewide,009,OR,41,73392.98,55044.74,55044.74,2026-07-24T00:00:00.000Z,2026-07-24T00:00:00.000Z,0,1069859,278540,2026-07-25T15:08:16.660Z,16b9633e5ee478796164acfe0adc47063fdd53dc,2026-04-07,2026-07-24,2026-07-24,2026-07-25T15:08:16Z,2026,04,2,2026,2026,108,0,true,Oregon,10,Region 10 — Bothell,Bothell,"AK,ID,OR,WA",41,009,41009,Permanent Work,false,true,false,false,false,false,false,false,true,false,Severe storm,false,false,false,false,false,false,false,false,true,false,false,75.00,0.00,false,false,false,false,true,false,true,10k_to_100k,https://www.fema.gov/api/open/v2/PublicAssistanceFundedProjectsDetails,https://www.fema.gov/openfema-data-page/public-assistance-funded-projects-details-v2,2026-08-17T06:23:38Z
4907,2026-04-07T00:00:00.000Z,Severe Storm(s),105,Management Costs,005-UVPJP-00,Z,Management Costs,Eligible,Obligated,Small,Clackamas County,005,OR,41,550.3,550.3,550.3,2026-08-11T00:00:00.000Z,2026-08-11T00:00:00.000Z,0,1070704,278558,2026-08-12T15:21:33.184Z,982b412b270edacbf3d0d4859504eb621e6f66af,2026-04-07,2026-08-11,2026-08-11,2026-08-12T15:21:33Z,2026,04,2,2026,2026,126,0,true,Oregon,10,Region 10 — Bothell,Bothell,"AK,ID,OR,WA",41,005,41005,Management Costs,false,false,true,false,false,false,false,false,false,false,Severe storm,false,false,false,false,false,false,false,false,true,false,false,100.00,0.00,false,false,false,false,true,false,true,under_10k,https://www.fema.gov/api/open/v2/PublicAssistanceFundedProjectsDetails,https://www.fema.gov/openfema-data-page/public-assistance-funded-projects-details-v2,2026-08-17T06:23:38Z
4907,2026-04-07T00:00:00.000Z,Severe Storm(s),106,Management Costs,047-USJB7-00,Z,Management Costs,Eligible,Obligated,Small,Marion County,047,OR,41,437.72,437.72,437.72,2026-08-11T00:00:00.000Z,2026-08-11T00:00:00.000Z,0,1070706,278466,2026-08-12T15:21:33.184Z,52571167b9ee462c8f4b5158098519f1632c58f6,2026-04-07,2026-08-11,2026-08-11,2026-08-12T15:21:33Z,2026,04,2,2026,2026,126,0,true,Oregon,10,Region 10 — Bothell,Bothell,"AK,ID,OR,WA",41,047,41047,Management Costs,false,false,true,false,false,false,false,false,false,false,Severe storm,false,false,false,false,false,false,false,false,true,false,false,100.00,0.00,false,false,false,false,true,false,true,under_10k,https://www.fema.gov/api/open/v2/PublicAssistanceFundedProjectsDetails,https://www.fema.gov/openfema-data-page/public-assistance-funded-projects-details-v2,2026-08-17T06:23:38Z
4907,2026-04-07T00:00:00.000Z,Severe Storm(s),107,Management Costs,000-UJWRW-00,Z,Management Costs,Eligible,Obligated,Small,Statewide,009,OR,41,5024.78,5024.78,5024.78,2026-08-14T00:00:00.000Z,2026-08-14T00:00:00.000Z,0,1070782,278540,2026-08-15T15:26:12.016Z,ef0725e2fbf0aeaf47488f3ed6f8f3ff0b52ca84,2026-04-07,2026-08-14,2026-08-14,2026-08-15T15:26:12Z,2026,04,2,2026,2026,129,0,true,Oregon,10,Region 10 — Bothell,Bothell,"AK,ID,OR,WA",41,009,41009,Management Costs,false,false,true,false,false,false,false,false,false,false,Severe storm,false,false,false,false,false,false,false,false,true,false,false,100.00,0.00,false,false,false,false,true,false,true,under_10k,https://www.fema.gov/api/open/v2/PublicAssistanceFundedProjectsDetails,https://www.fema.gov/openfema-data-page/public-assistance-funded-projects-details-v2,2026-08-17T06:23:38Z
4907,2026-04-07T00:00:00.000Z,Severe Storm(s),108,Management Costs,005-01B8A-00,Z,Management Costs,Eligible,Obligated,Small,Clackamas County,005,OR,41,2139.47,2139.47,2139.47,2026-08-11T00:00:00.000Z,2026-08-11T00:00:00.000Z,0,1070858,278343,2026-08-12T15:21:33.184Z,eb4a04afbaca953ea29bbcc1cdb1cb09761d7300,2026-04-07,2026-08-11,2026-08-11,2026-08-12T15:21:33Z,2026,04,2,2026,2026,126,0,true,Oregon,10,Region 10 — Bothell,Bothell,"AK,ID,OR,WA",41,005,41005,Management Costs,false,false,true,false,false,false,false,false,false,false,Severe storm,false,false,false,false,false,false,false,false,true,false,false,100.00,0.00,false,false,false,false,true,false,true,under_10k,https://www.fema.gov/api/open/v2/PublicAssistanceFundedProjectsDetails,https://www.fema.gov/openfema-data-page/public-assistance-funded-projects-details-v2,2026-08-17T06:23:38Z
4907,2026-04-07T00:00:00.000Z,Severe Storm(s),110,Management Costs,057-45700-00,Z,Management Costs,Eligible,Obligated,Small,Tillamook County,057,OR,41,4328.21,4328.21,4328.21,2026-08-14T00:00:00.000Z,2026-08-14T00:00:00.000Z,0,1071421,278456,2026-08-15T15:26:12.016Z,826445b26793a858a2c0d8028683a7d039621cc4,2026-04-07,2026-08-14,2026-08-14,2026-08-15T15:26:12Z,2026,04,2,2026,2026,129,0,true,Oregon,10,Region 10 — Bothell,Bothell,"AK,ID,OR,WA",41,057,41057,Management Costs,false,false,true,false,false,false,false,false,false,false,Severe storm,false,false,false,false,false,false,false,false,true,false,false,100.00,0.00,false,false,false,false,true,false,true,under_10k,https://www.fema.gov/api/open/v2/PublicAssistanceFundedProjectsDetails,https://www.fema.gov/openfema-data-page/public-assistance-funded-projects-details-v2,2026-08-17T06:23:38Z
4906,2026-04-07T00:00:00.000Z,Severe Storm(s),1,Management Costs,000-U8SDO-00,Z,Management Costs,Eligible,Obligated,Small,Statewide,053,WA,53,1046377.16,1046377.16,1046377.16,2026-06-29T00:00:00.000Z,2026-06-29T00:00:00.000Z,0,1067862,278218,2026-07-23T18:44:06.680Z,c6046ddc6558a4a558bf12e63892b66d86a26733,2026-04-07,2026-06-29,2026-06-29,2026-07-23T18:44:06Z,2026,04,2,2026,2026,83,0,true,Washington,10,Region 10 — Bothell,Bothell,"AK,ID,OR,WA",53,053,53053,Management Costs,false,false,true,false,false,false,false,false,false,false,Severe storm,false,false,false,false,false,false,false,false,true,false,false,100.00,0.00,false,false,false,false,true,false,true,1m_to_10m,https://www.fema.gov/api/open/v2/PublicAssistanceFundedProjectsDetails,https://www.fema.gov/openfema-data-page/public-assistance-funded-projects-details-v2,2026-08-17T06:23:38Z
4906,2026-04-07T00:00:00.000Z,Severe Storm(s),4,North County – Flood Emergency Measures,061-UTM56-00,B,Emergency Protective Measures,Eligible,Obligated,Small,Snohomish County,061,WA,53,7667.72,5750.79,5750.79,2026-08-11T00:00:00.000Z,2026-08-11T00:00:00.000Z,0,1068157,278359,2026-08-12T15:21:33.184Z,763d11ce2997cb98cc5775dba94a69873d4f912d,2026-04-07,2026-08-11,2026-08-11,2026-08-12T15:21:33Z,2026,04,2,2026,2026,126,0,true,Washington,10,Region 10 — Bothell,Bothell,"AK,ID,OR,WA",53,061,53061,Emergency Work,true,false,false,false,true,false,false,false,false,false,Severe storm,false,false,false,false,false,false,false,false,true,false,false,75.00,0.00,false,false,false,false,true,false,true,under_10k,https://www.fema.gov/api/open/v2/PublicAssistanceFundedProjectsDetails,https://www.fema.gov/openfema-data-page/public-assistance-funded-projects-details-v2,2026-08-17T06:23:38Z
4906,2026-04-07T00:00:00.000Z,Severe Storm(s),9,Flood Protective Measures Temporary Berm,007-10495-00,B,Emergency Protective Measures,Eligible,Obligated,Small,Chelan County,007,WA,53,35967.56,26975.67,26975.67,2026-07-17T00:00:00.000Z,2026-07-17T00:00:00.000Z,0,1068312,278510,2026-07-23T18:44:06.680Z,5992d00fc564eb163ccc54feccf799ace2997d79,2026-04-07,2026-07-17,2026-07-17,2026-07-23T18:44:06Z,2026,04,2,2026,2026,101,0,true,Washington,10,Region 10 — Bothell,Bothell,"AK,ID,OR,WA",53,007,53007,Emergency Work,true,false,false,false,true,false,false,false,false,false,Severe storm,false,false,false,false,false,false,false,false,true,false,false,75.00,0.00,false,false,false,false,true,false,true,10k_to_100k,https://www.fema.gov/api/open/v2/PublicAssistanceFundedProjectsDetails,https://www.fema.gov/openfema-data-page/public-assistance-funded-projects-details-v2,2026-08-17T06:23:38Z
4906,2026-04-07T00:00:00.000Z,Severe Storm(s),10,Emergency Work Fire Department Equipment,007-UE44H-00,B,Emergency Protective Measures,Eligible,Obligated,Small,Chelan County,007,WA,53,10603.78,7952.84,7952.84,2026-08-14T00:00:00.000Z,2026-07-17T00:00:00.000Z,0,1068328,278220,2026-08-15T15:26:12.016Z,b5c6a1b10dac5568f126c2ec3ec8b4952eb337b6,2026-04-07,2026-07-17,2026-08-14,2026-08-15T15:26:12Z,2026,04,2,2026,2026,101,28,false,Washington,10,Region 10 — Bothell,Bothell,"AK,ID,OR,WA",53,007,53007,Emergency Work,true,false,false,false,true,false,false,false,false,false,Severe storm,false,false,false,false,false,false,false,false,true,false,false,75.00,0.00,false,false,false,false,true,false,true,under_10k,https://www.fema.gov/api/open/v2/PublicAssistanceFundedProjectsDetails,https://www.fema.gov/openfema-data-page/public-assistance-funded-projects-details-v2,2026-08-17T06:23:38Z
4906,2026-04-07T00:00:00.000Z,Severe Storm(s),15,Lewis County Fire District #14 Response Activities,041-UNGX2-00,B,Emergency Protective Measures,Eligible,Obligated,Small,Lewis County,041,WA,53,9087.39,6815.55,6815.55,2026-08-11T00:00:00.000Z,2026-08-11T00:00:00.000Z,0,1068372,278280,2026-08-12T15:21:33.184Z,adde7ac72b3f34e67656c957f54069bf822be3e2,2026-04-07,2026-08-11,2026-08-11,2026-08-12T15:21:33Z,2026,04,2,2026,2026,126,0,true,Washington,10,Region 10 — Bothell,Bothell,"AK,ID,OR,WA",53,041,53041,Emergency Work,true,false,false,false,true,false,false,false,false,false,Severe storm,false,false,false,false,false,false,false,false,true,false,false,75.00,0.00,false,false,false,false,true,false,true,under_10k,https://www.fema.gov/api/open/v2/PublicAssistanceFundedProjectsDetails,https://www.fema.gov/openfema-data-page/public-assistance-funded-projects-details-v2,2026-08-17T06:23:38Z
4906,2026-04-07T00:00:00.000Z,Severe Storm(s),17,Sewer Force Main Joint Failure,073-UZIPQ-00,F,Utilities,Eligible,Obligated,Small,Whatcom County,073,WA,53,62057.25,46542.94,46542.94,2026-07-07T00:00:00.000Z,2026-07-07T00:00:00.000Z,0,1068385,278429,2026-07-23T18:44:06.680Z,c803045587e3ed8bf255badbec61955c1fcf5b72,2026-04-07,2026-07-07,2026-07-07,2026-07-23T18:44:06Z,2026,04,2,2026,2026,91,0,true,Washington,10,Region 10 — Bothell,Bothell,"AK,ID,OR,WA",53,073,53073,Permanent Work,false,true,false,false,false,false,false,false,true,false,Severe storm,false,false,false,false,false,false,false,false,true,false,false,75.00,0.00,false,false,false,false,true,false,true,10k_to_100k,https://www.fema.gov/api/open/v2/PublicAssistanceFundedProjectsDetails,https://www.fema.gov/openfema-data-page/public-assistance-funded-projects-details-v2,2026-08-17T06:23:38Z
4906,2026-04-07T00:00:00.000Z,Severe Storm(s),36,Pierce County-EM-Emergency Protective Measures,053-UMKHD-00,B,Emergency Protective Measures,Eligible,Obligated,Small,Pierce County,053,WA,53,74329.29,55746.97,55746.97,2026-08-10T00:00:00.000Z,2026-08-10T00:00:00.000Z,0,1068537,278427,2026-08-12T15:21:33.184Z,1c20c78d1b594bbaab4cfc144fd6ae88416c26e5,2026-04-07,2026-08-10,2026-08-10,2026-08-12T15:21:33Z,2026,04,2,2026,2026,125,0,true,Washington,10,Region 10 — Bothell,Bothell,"AK,ID,OR,WA",53,053,53053,Emergency Work,true,false,false,false,true,false,false,false,false,false,Severe storm,false,false,false,false,false,false,false,false,true,false,false,75.00,0.00,false,false,false,false,true,false,true,10k_to_100k,https://www.fema.gov/api/open/v2/PublicAssistanceFundedProjectsDetails,https://www.fema.gov/openfema-data-page/public-assistance-funded-projects-details-v2,2026-08-17T06:23:38Z
4906,2026-04-07T00:00:00.000Z,Severe Storm(s),37,Emergency Protective Measures,033-UEQ5V-00,B,Emergency Protective Measures,Eligible,Obligated,Small,King County,033,WA,53,88078.18,66058.64,66058.64,2026-07-31T00:00:00.000Z,2026-07-31T00:00:00.000Z,0,1068541,278258,2026-08-04T05:07:51.090Z,c2102881140762869d24bec859f67b304d0e53d4,2026-04-07,2026-07-31,2026-07-31,2026-08-04T05:07:51Z,2026,04,2,2026,2026,115,0,true,Washington,10,Region 10 — Bothell,Bothell,"AK,ID,OR,WA",53,033,53033,Emergency Work,true,false,false,false,true,false,false,false,false,false,Severe storm,false,false,false,false,false,false,false,false,true,false,false,75.00,0.00,false,false,false,false,true,false,true,10k_to_100k,https://www.fema.gov/api/open/v2/PublicAssistanceFundedProjectsDetails,https://www.fema.gov/openfema-data-page/public-assistance-funded-projects-details-v2,2026-08-17T06:23:38Z
4906,2026-04-07T00:00:00.000Z,Severe Storm(s),41,Klickitat County EPM,039-99039-00,B,Emergency Protective Measures,Eligible,Obligated,Small,Klickitat County,039,WA,53,7067,5300.25,5300.25,2026-08-14T00:00:00.000Z,2026-08-14T00:00:00.000Z,0,1068608,278260,2026-08-15T15:26:12.016Z,3b5a02c1e216400fcee762ac01e774a6eac8419d,2026-04-07,2026-08-14,2026-08-14,2026-08-15T15:26:12Z,2026,04,2,2026,2026,129,0,true,Washington,10,Region 10 — Bothell,Bothell,"AK,ID,OR,WA",53,039,53039,Emergency Work,true,false,false,false,true,false,false,false,false,false,Severe storm,false,false,false,false,false,false,false,false,true,false,false,75.00,0.00,false,false,false,false,true,false,true,under_10k,https://www.fema.gov/api/open/v2/PublicAssistanceFundedProjectsDetails,https://www.fema.gov/openfema-data-page/public-assistance-funded-projects-details-v2,2026-08-17T06:23:38Z
4906,2026-04-07T00:00:00.000Z,Severe Storm(s),66,Cowlitz County PUD Countywide Electrical Distribution Line Vegetative Debris,015-U04P3-00,A,Debris Removal,Eligible,Obligated,Small,Cowlitz County,015,WA,53,17982.04,13486.53,13486.53,2026-08-14T00:00:00.000Z,2026-08-14T00:00:00.000Z,0,1068735,278303,2026-08-15T15:26:12.016Z,2d8841d5d4a3c91342722ef4f7406865e1480a44,2026-04-07,2026-08-14,2026-08-14,2026-08-15T15:26:12Z,2026,04,2,2026,2026,129,0,true,Washington,10,Region 10 — Bothell,Bothell,"AK,ID,OR,WA",53,015,53015,Emergency Work,true,false,false,true,false,false,false,false,false,false,Severe storm,false,false,false,false,false,false,false,false,true,false,false,75.00,0.00,false,false,false,false,true,false,true,10k_to_100k,https://www.fema.gov/api/open/v2/PublicAssistanceFundedProjectsDetails,https://www.fema.gov/openfema-data-page/public-assistance-funded-projects-details-v2,2026-08-17T06:23:38Z
4906,2026-04-07T00:00:00.000Z,Severe Storm(s),88,County Roads Work Completed,039-99039-00,C,Roads and Bridges,Eligible,Obligated,Small,Klickitat County,039,WA,53,17651.2,13238.4,13238.4,2026-08-14T00:00:00.000Z,2026-08-14T00:00:00.000Z,0,1068949,278260,2026-08-15T15:26:12.016Z,fe69ed0d9025e9586e5915deedc7d1d9470809aa,2026-04-07,2026-08-14,2026-08-14,2026-08-15T15:26:12Z,2026,04,2,2026,2026,129,0,true,Washington,10,Region 10 — Bothell,Bothell,"AK,ID,OR,WA",53,039,53039,Permanent Work,false,true,false,false,false,true,false,false,false,false,Severe storm,false,false,false,false,false,false,false,false,true,false,false,75.00,0.00,false,false,false,false,true,false,true,10k_to_100k,https://www.fema.gov/api/open/v2/PublicAssistanceFundedProjectsDetails,https://www.fema.gov/openfema-data-page/public-assistance-funded-projects-details-v2,2026-08-17T06:23:38Z
4906,2026-04-07T00:00:00.000Z,Severe Storm(s),93,CDID #1 Emergency Pumping,015-UZ4NM-00,B,Emergency Protective Measures,Eligible,Obligated,Small,Cowlitz County,015,WA,53,123253.65,92440.24,92440.24,2026-08-14T00:00:00.000Z,2026-08-14T00:00:00.000Z,0,1068971,278509,2026-08-15T15:26:12.016Z,92343e53dd52eb3e16693e2c96964d52c9f2effb,2026-04-07,2026-08-14,2026-08-14,2026-08-15T15:26:12Z,2026,04,2,2026,2026,129,0,true,Washington,10,Region 10 — Bothell,Bothell,"AK,ID,OR,WA",53,015,53015,Emergency Work,true,false,false,false,true,false,false,false,false,false,Severe storm,false,false,false,false,false,false,false,false,true,false,false,75.00,0.00,false,false,false,false,true,false,true,10k_to_100k,https://www.fema.gov/api/open/v2/PublicAssistanceFundedProjectsDetails,https://www.fema.gov/openfema-data-page/public-assistance-funded-projects-details-v2,2026-08-17T06:23:38Z
4906,2026-04-07T00:00:00.000Z,Severe Storm(s),110,Emergency Protective Measures,057-63175-00,B,Emergency Protective Measures,Eligible,Obligated,Small,Skagit County,057,WA,53,57492.31,43119.24,43119.24,2026-08-11T00:00:00.000Z,2026-08-11T00:00:00.000Z,0,1069022,278441,2026-08-12T15:21:33.184Z,07f3fb3beb89aa4ba1142ce86d9c5bc86e71e5ae,2026-04-07,2026-08-11,2026-08-11,2026-08-12T15:21:33Z,2026,04,2,2026,2026,126,0,true,Washington,10,Region 10 — Bothell,Bothell,"AK,ID,OR,WA",53,057,53057,Emergency Work,true,false,false,false,true,false,false,false,false,false,Severe storm,false,false,false,false,false,false,false,false,true,false,false,75.00,0.00,false,false,false,false,true,false,true,10k_to_100k,https://www.fema.gov/api/open/v2/PublicAssistanceFundedProjectsDetails,https://www.fema.gov/openfema-data-page/public-assistance-funded-projects-details-v2,2026-08-17T06:23:38Z
4906,2026-04-07T00:00:00.000Z,Severe Storm(s),131,Fire District #5 EPM,041-UDJKY-00,B,Emergency Protective Measures,Eligible,Obligated,Small,Lewis County,041,WA,53,7254.32,5440.74,5440.74,2026-08-10T00:00:00.000Z,2026-08-10T00:00:00.000Z,0,1069097,278340,2026-08-12T15:21:33.184Z,d98a2a1db5a89f0e7095f0e06f2dd59b4a5098d5,2026-04-07,2026-08-10,2026-08-10,2026-08-12T15:21:33Z,2026,04,2,2026,2026,125,0,true,Washington,10,Region 10 — Bothell,Bothell,"AK,ID,OR,WA",53,041,53041,Emergency Work,true,false,false,false,true,false,false,false,false,false,Severe storm,false,false,false,false,false,false,false,false,true,false,false,75.00,0.00,false,false,false,false,true,false,true,under_10k,https://www.fema.gov/api/open/v2/PublicAssistanceFundedProjectsDetails,https://www.fema.gov/openfema-data-page/public-assistance-funded-projects-details-v2,2026-08-17T06:23:38Z
4906,2026-04-07T00:00:00.000Z,Severe Storm(s),136,Debris removal from ditches,057-UDGZY-00,A,Debris Removal,Eligible,Obligated,Small,Skagit County,057,WA,53,5495.36,4121.52,4121.52,2026-08-11T00:00:00.000Z,2026-08-11T00:00:00.000Z,0,1069112,278565,2026-08-12T15:21:33.184Z,f4a675a524b540f43cec4ddde641b0d880619cd1,2026-04-07,2026-08-11,2026-08-11,2026-08-12T15:21:33Z,2026,04,2,2026,2026,126,0,true,Washington,10,Region 10 — Bothell,Bothell,"AK,ID,OR,WA",53,057,53057,Emergency Work,true,false,false,true,false,false,false,false,false,false,Severe storm,false,false,false,false,false,false,false,false,true,false,false,75.00,0.00,false,false,false,false,true,false,true,under_10k,https://www.fema.gov/api/open/v2/PublicAssistanceFundedProjectsDetails,https://www.fema.gov/openfema-data-page/public-assistance-funded-projects-details-v2,2026-08-17T06:23:38Z
4906,2026-04-07T00:00:00.000Z,Severe Storm(s),139,Dept. of Public Health EPM (Medic One),033-99033-00,B,Emergency Protective Measures,Eligible,Obligated,Small,King County,033,WA,53,23371.49,17528.62,17528.62,2026-08-10T00:00:00.000Z,2026-08-10T00:00:00.000Z,0,1069118,278241,2026-08-12T15:21:33.184Z,ce68f31cbea1061b7244092d0149862f3991a748,2026-04-07,2026-08-10,2026-08-10,2026-08-12T15:21:33Z,2026,04,2,2026,2026,125,0,true,Washington,10,Region 10 — Bothell,Bothell,"AK,ID,OR,WA",53,033,53033,Emergency Work,true,false,false,false,true,false,false,false,false,false,Severe storm,false,false,false,false,false,false,false,false,true,false,false,75.00,0.00,false,false,false,false,true,false,true,10k_to_100k,https://www.fema.gov/api/open/v2/PublicAssistanceFundedProjectsDetails,https://www.fema.gov/openfema-data-page/public-assistance-funded-projects-details-v2,2026-08-17T06:23:38Z
4906,2026-04-07T00:00:00.000Z,Severe Storm(s),282,Town of Hamilton Emergency Protective Measures,057-29255-00,B,Emergency Protective Measures,Eligible,Obligated,Small,Skagit County,057,WA,53,8070.45,6052.84,6052.84,2026-08-14T00:00:00.000Z,2026-08-14T00:00:00.000Z,0,1069587,278468,2026-08-15T15:26:12.016Z,5e797d485fcb6abbde9c8d1dda492124af26d244,2026-04-07,2026-08-14,2026-08-14,2026-08-15T15:26:12Z,2026,04,2,2026,2026,129,0,true,Washington,10,Region 10 — Bothell,Bothell,"AK,ID,OR,WA",53,057,53057,Emergency Work,true,false,false,false,true,false,false,false,false,false,Severe storm,false,false,false,false,false,false,false,false,true,false,false,75.00,0.00,false,false,false,false,true,false,true,under_10k,https://www.fema.gov/api/open/v2/PublicAssistanceFundedProjectsDetails,https://www.fema.gov/openfema-data-page/public-assistance-funded-projects-details-v2,2026-08-17T06:23:38Z
4906,2026-04-07T00:00:00.000Z,Severe Storm(s),321,2025 Flood,061-03775-00,B,Emergency Protective Measures,Eligible,Obligated,Small,Snohomish County,061,WA,53,25646.55,19234.92,19234.92,2026-08-11T00:00:00.000Z,2026-08-11T00:00:00.000Z,0,1069765,278253,2026-08-12T15:21:33.184Z,cc05de912153a778cb62961193881ef154b932a8,2026-04-07,2026-08-11,2026-08-11,2026-08-12T15:21:33Z,2026,04,2,2026,2026,126,0,true,Washington,10,Region 10 — Bothell,Bothell,"AK,ID,OR,WA",53,061,53061,Emergency Work,true,false,false,false,true,false,false,false,false,false,Severe storm,false,false,false,false,false,false,false,false,true,false,false,75.00,0.00,false,false,false,false,true,false,true,10k_to_100k,https://www.fema.gov/api/open/v2/PublicAssistanceFundedProjectsDetails,https://www.fema.gov/openfema-data-page/public-assistance-funded-projects-details-v2,2026-08-17T06:23:38Z
4906,2026-04-07T00:00:00.000Z,Severe Storm(s),434,Emergency Medical Services,073-99073-00,B,Emergency Protective Measures,Eligible,Obligated,Small,Whatcom County,073,WA,53,15486.02,11614.52,11614.52,2026-08-14T00:00:00.000Z,2026-08-14T00:00:00.000Z,0,1070325,278471,2026-08-15T15:26:12.016Z,1982931431bdf16224bfd82c22f79bd166687544,2026-04-07,2026-08-14,2026-08-14,2026-08-15T15:26:12Z,2026,04,2,2026,2026,129,0,true,Washington,10,Region 10 — Bothell,Bothell,"AK,ID,OR,WA",53,073,53073,Emergency Work,true,false,false,false,true,false,false,false,false,false,Severe storm,false,false,false,false,false,false,false,false,true,false,false,75.00,0.00,false,false,false,false,true,false,true,10k_to_100k,https://www.fema.gov/api/open/v2/PublicAssistanceFundedProjectsDetails,https://www.fema.gov/openfema-data-page/public-assistance-funded-projects-details-v2,2026-08-17T06:23:38Z
4905,2026-04-07T00:00:00.000Z,Severe Storm(s),2,Management Costs,000-UECRR-00,Z,Management Costs,Eligible,Obligated,Small,Statewide,001,ID,16,249750.6,249750.6,249750.6,2026-06-12T00:00:00.000Z,2026-06-12T00:00:00.000Z,0,1066751,278256,2026-07-23T18:44:06.680Z,b7dbbe03b6e80f3719aeab03e1a1b9e393d7037d,2026-04-07,2026-06-12,2026-06-12,2026-07-23T18:44:06Z,2026,04,2,2026,2026,66,0,true,Idaho,10,Region 10 — Bothell,Bothell,"AK,ID,OR,WA",16,001,16001,Management Costs,false,false,true,false,false,false,false,false,false,false,Severe storm,false,false,false,false,false,false,false,false,true,false,false,100.00,0.00,false,false,false,false,true,false,true,100k_to_1m,https://www.fema.gov/api/open/v2/PublicAssistanceFundedProjectsDetails,https://www.fema.gov/openfema-data-page/public-assistance-funded-projects-details-v2,2026-08-17T06:23:38Z
4905,2026-04-07T00:00:00.000Z,Severe Storm(s),3,Countywide Debris Removal,021-99021-00,A,Debris Removal,Eligible,Obligated,Small,Boundary County,021,ID,16,27163.67,20372.76,20372.76,2026-07-27T00:00:00.000Z,2026-07-27T00:00:00.000Z,0,1068168,278607,2026-07-28T15:17:24.735Z,3fcaf9eff969e6b4559a991f7122ebe182997b65,2026-04-07,2026-07-27,2026-07-27,2026-07-28T15:17:24Z,2026,04,2,2026,2026,111,0,true,Idaho,10,Region 10 — Bothell,Bothell,"AK,ID,OR,WA",16,021,16021,Emergency Work,true,false,false,true,false,false,false,false,false,false,Severe storm,false,false,false,false,false,false,false,false,true,false,false,75.00,0.00,false,false,false,false,true,false,true,10k_to_100k,https://www.fema.gov/api/open/v2/PublicAssistanceFundedProjectsDetails,https://www.fema.gov/openfema-data-page/public-assistance-funded-projects-details-v2,2026-08-17T06:23:38Z
4905,2026-04-07T00:00:00.000Z,Severe Storm(s),6,Storm Damage Tree Removal,069-46540-00,A,Debris Removal,Eligible,Obligated,Small,Nez Perce County,069,ID,16,36500,27375,27375,2026-07-10T00:00:00.000Z,2026-07-10T00:00:00.000Z,0,1068324,278612,2026-07-23T18:44:06.680Z,34010747b7940931ef16293d5f29e3a2715adad6,2026-04-07,2026-07-10,2026-07-10,2026-07-23T18:44:06Z,2026,04,2,2026,2026,94,0,true,Idaho,10,Region 10 — Bothell,Bothell,"AK,ID,OR,WA",16,069,16069,Emergency Work,true,false,false,true,false,false,false,false,false,false,Severe storm,false,false,false,false,false,false,false,false,true,false,false,75.00,0.00,false,false,false,false,true,false,true,10k_to_100k,https://www.fema.gov/api/open/v2/PublicAssistanceFundedProjectsDetails,https://www.fema.gov/openfema-data-page/public-assistance-funded-projects-details-v2,2026-08-17T06:23:38Z
4905,2026-04-07T00:00:00.000Z,Severe Storm(s),12,Lift Station (18) Operations,009-99009-00,B,Emergency Protective Measures,Eligible,Obligated,Small,Benewah County,009,ID,16,4977.92,3733.44,3733.44,2026-07-27T00:00:00.000Z,2026-07-27T00:00:00.000Z,0,1068697,278483,2026-07-28T15:17:24.735Z,84c5c7273497266134bd47f8a659ea1b40c60a50,2026-04-07,2026-07-27,2026-07-27,2026-07-28T15:17:24Z,2026,04,2,2026,2026,111,0,true,Idaho,10,Region 10 — Bothell,Bothell,"AK,ID,OR,WA",16,009,16009,Emergency Work,true,false,false,false,true,false,false,false,false,false,Severe storm,false,false,false,false,false,false,false,false,true,false,false,75.00,0.00,false,false,false,false,true,false,true,under_10k,https://www.fema.gov/api/open/v2/PublicAssistanceFundedProjectsDetails,https://www.fema.gov/openfema-data-page/public-assistance-funded-projects-details-v2,2026-08-17T06:23:38Z
4905,2026-04-07T00:00:00.000Z,Severe Storm(s),19,Airport - West Terminal Building Doors,069-46585-00,E,Buildings and Equipment,Eligible,Obligated,Small,Nez Perce County,069,ID,16,11530.6,8647.95,8647.95,2026-07-08T00:00:00.000Z,2026-07-08T00:00:00.000Z,1530.6,1068757,278691,2026-07-23T18:44:06.680Z,afc5653e88a93ff1c9297d766ff13c0569f0573f,2026-04-07,2026-07-08,2026-07-08,2026-07-23T18:44:06Z,2026,04,2,2026,2026,92,0,true,Idaho,10,Region 10 — Bothell,Bothell,"AK,ID,OR,WA",16,069,16069,Permanent Work,false,true,false,false,false,false,false,true,false,false,Severe storm,false,false,false,false,false,false,false,false,true,false,false,75.00,13.27,true,false,false,false,true,false,true,under_10k,https://www.fema.gov/api/open/v2/PublicAssistanceFundedProjectsDetails,https://www.fema.gov/openfema-data-page/public-assistance-funded-projects-details-v2,2026-08-17T06:23:38Z
4903,2026-04-07T00:00:00.000Z,Severe Storm(s),1,State Management Costs,000-UQTJ7-00,Z,Management Costs,Eligible,Obligated,Small,Statewide,065,SD,46,120409.38,120409.38,120409.38,2026-06-08T00:00:00.000Z,2026-06-08T00:00:00.000Z,0,1067015,278233,2026-07-23T18:44:06.680Z,2633e6014ee8a926e728aa7911a97ca126827a9e,2026-04-07,2026-06-08,2026-06-08,2026-07-23T18:44:06Z,2026,04,2,2026,2026,62,0,true,South Dakota,8,Region 8 — Denver,Denver,"CO,MT,ND,SD,UT,WY",46,065,46065,Management Costs,false,false,true,false,false,false,false,false,false,false,Severe storm,false,false,false,false,false,false,false,false,true,false,false,100.00,0.00,false,false,false,false,true,false,true,100k_to_1m,https://www.fema.gov/api/open/v2/PublicAssistanceFundedProjectsDetails,https://www.fema.gov/openfema-data-page/public-assistance-funded-projects-details-v2,2026-08-17T06:23:38Z
4903,2026-04-07T00:00:00.000Z,Severe Storm(s),2,Jurisdiction-Wide Pole Damage,000-UM9IF-00,F,Utilities,Eligible,Project Closed Out,Small,Pennington County,103,SD,46,23998.26,17998.7,17998.7,2026-07-02T00:00:00.000Z,2026-07-02T00:00:00.000Z,0,1067450,278314,2026-07-23T18:44:06.680Z,d7c8f7aeb879ece444f374557c69561e52a383d5,2026-04-07,2026-07-02,2026-07-02,2026-07-23T18:44:06Z,2026,04,2,2026,2026,86,0,true,South Dakota,8,Region 8 — Denver,Denver,"CO,MT,ND,SD,UT,WY",46,103,46103,Permanent Work,false,true,false,false,false,false,false,false,true,false,Severe storm,false,false,false,false,false,false,false,false,true,false,false,75.00,0.00,false,false,false,false,true,true,true,10k_to_100k,https://www.fema.gov/api/open/v2/PublicAssistanceFundedProjectsDetails,https://www.fema.gov/openfema-data-page/public-assistance-funded-projects-details-v2,2026-08-17T06:23:38Z
4903,2026-04-07T00:00:00.000Z,Severe Storm(s),3,BHEC Electric Infrastructure Damage - Custer County,033-00024-00,F,Utilities,Eligible,Project Closed Out,Small,Custer County,033,SD,46,355500.49,266625.37,266625.37,2026-06-29T00:00:00.000Z,2026-06-29T00:00:00.000Z,0,1067558,278331,2026-07-23T18:44:06.680Z,40bed146a93115d00305fe1e233d833e2a6d5a9e,2026-04-07,2026-06-29,2026-06-29,2026-07-23T18:44:06Z,2026,04,2,2026,2026,83,0,true,South Dakota,8,Region 8 — Denver,Denver,"CO,MT,ND,SD,UT,WY",46,033,46033,Permanent Work,false,true,false,false,false,false,false,false,true,false,Severe storm,false,false,false,false,false,false,false,false,true,false,false,75.00,0.00,false,false,false,false,true,true,true,100k_to_1m,https://www.fema.gov/api/open/v2/PublicAssistanceFundedProjectsDetails,https://www.fema.gov/openfema-data-page/public-assistance-funded-projects-details-v2,2026-08-17T06:23:38Z
4903,2026-04-07T00:00:00.000Z,Severe Storm(s),4,BHEC Electric Infrastructure Damage - Pennington County,033-00024-00,F,Utilities,Eligible,Project Closed Out,Small,Custer County,033,SD,46,830089.39,622567.05,622567.05,2026-06-29T00:00:00.000Z,2026-06-29T00:00:00.000Z,0,1067559,278331,2026-07-23T18:44:06.680Z,fad7f5ab7604ebc37cd3e17304dc8859b998988a,2026-04-07,2026-06-29,2026-06-29,2026-07-23T18:44:06Z,2026,04,2,2026,2026,83,0,true,South Dakota,8,Region 8 — Denver,Denver,"CO,MT,ND,SD,UT,WY",46,033,46033,Permanent Work,false,true,false,false,false,false,false,false,true,false,Severe storm,false,false,false,false,false,false,false,false,true,false,false,75.00,0.00,false,false,false,false,true,true,true,100k_to_1m,https://www.fema.gov/api/open/v2/PublicAssistanceFundedProjectsDetails,https://www.fema.gov/openfema-data-page/public-assistance-funded-projects-details-v2,2026-08-17T06:23:38Z
4903,2026-04-07T00:00:00.000Z,Severe Storm(s),5,BHEC Electric Infrastructure Damage - Fall River County,033-00024-00,F,Utilities,Eligible,Project Closed Out,Small,Custer County,033,SD,46,43585.27,32688.96,32688.96,2026-06-29T00:00:00.000Z,2026-06-29T00:00:00.000Z,0,1067560,278331,2026-07-23T18:44:06.680Z,d89ec31483bbb4e01845a8074e51bcdfc26493c8,2026-04-07,2026-06-29,2026-06-29,2026-07-23T18:44:06Z,2026,04,2,2026,2026,83,0,true,South Dakota,8,Region 8 — Denver,Denver,"CO,MT,ND,SD,UT,WY",46,033,46033,Permanent Work,false,true,false,false,false,false,false,false,true,false,Severe storm,false,false,false,false,false,false,false,false,true,false,false,75.00,0.00,false,false,false,false,true,true,true,10k_to_100k,https://www.fema.gov/api/open/v2/PublicAssistanceFundedProjectsDetails,https://www.fema.gov/openfema-data-page/public-assistance-funded-projects-details-v2,2026-08-17T06:23:38Z
4903,2026-04-07T00:00:00.000Z,Severe Storm(s),8,Jurisdiction-wide Debris Removal,103-52980-00,A,Debris Removal,Eligible,Obligated,Small,Pennington County,103,SD,46,463791.3,347843.48,347843.48,2026-07-17T00:00:00.000Z,2026-07-17T00:00:00.000Z,0,1067681,278298,2026-07-23T18:44:06.680Z,d99adb2eeeb16af8fd6295b2cea2d71018181233,2026-04-07,2026-07-17,2026-07-17,2026-07-23T18:44:06Z,2026,04,2,2026,2026,101,0,true,South Dakota,8,Region 8 — Denver,Denver,"CO,MT,ND,SD,UT,WY",46,103,46103,Emergency Work,true,false,false,true,false,false,false,false,false,false,Severe storm,false,false,false,false,false,false,false,false,true,false,false,75.00,0.00,false,false,false,false,true,false,true,100k_to_1m,https://www.fema.gov/api/open/v2/PublicAssistanceFundedProjectsDetails,https://www.fema.gov/openfema-data-page/public-assistance-funded-projects-details-v2,2026-08-17T06:23:38Z
4903,2026-04-07T00:00:00.000Z,Severe Storm(s),9,Rapid City EPM,103-52980-00,B,Emergency Protective Measures,Eligible,Pending Closeout Completion,Small,Pennington County,103,SD,46,29829.4,22372.05,22372.05,2026-08-04T00:00:00.000Z,2026-08-04T00:00:00.000Z,0,1067683,278298,2026-08-14T15:18:32.006Z,341f421ee8d720ea1b16063306bd351adad4e862,2026-04-07,2026-08-04,2026-08-04,2026-08-14T15:18:32Z,2026,04,2,2026,2026,119,0,true,South Dakota,8,Region 8 — Denver,Denver,"CO,MT,ND,SD,UT,WY",46,103,46103,Emergency Work,true,false,false,false,true,false,false,false,false,false,Severe storm,false,false,false,false,false,false,false,false,true,false,false,75.00,0.00,false,false,false,false,true,false,true,10k_to_100k,https://www.fema.gov/api/open/v2/PublicAssistanceFundedProjectsDetails,https://www.fema.gov/openfema-data-page/public-assistance-funded-projects-details-v2,2026-08-17T06:23:38Z
4903,2026-04-07T00:00:00.000Z,Severe Storm(s),11,City-wide Debris Removal,033-15140-00,A,Debris Removal,Eligible,Obligated,Small,Custer County,033,SD,46,82424.69,61818.52,61818.52,2026-08-12T00:00:00.000Z,2026-08-12T00:00:00.000Z,0,1067686,278324,2026-08-12T15:21:33.184Z,d91a5d6eebad927f198286b178cca453c001c277,2026-04-07,2026-08-12,2026-08-12,2026-08-12T15:21:33Z,2026,04,2,2026,2026,127,0,true,South Dakota,8,Region 8 — Denver,Denver,"CO,MT,ND,SD,UT,WY",46,033,46033,Emergency Work,true,false,false,true,false,false,false,false,false,false,Severe storm,false,false,false,false,false,false,false,false,true,false,false,75.00,0.00,false,false,false,false,true,false,true,10k_to_100k,https://www.fema.gov/api/open/v2/PublicAssistanceFundedProjectsDetails,https://www.fema.gov/openfema-data-page/public-assistance-funded-projects-details-v2,2026-08-17T06:23:38Z
4903,2026-04-07T00:00:00.000Z,Severe Storm(s),12,Water facility and cemetery fence damage,033-15140-00,E,Buildings and Equipment,Eligible,Obligated,Small,Custer County,033,SD,46,4129.9,3097.43,3097.43,2026-08-12T00:00:00.000Z,2026-08-12T00:00:00.000Z,0,1067687,278324,2026-08-12T15:21:33.184Z,70f6fc1b87c33321945456a48c2b4f3f237cc4f5,2026-04-07,2026-08-12,2026-08-12,2026-08-12T15:21:33Z,2026,04,2,2026,2026,127,0,true,South Dakota,8,Region 8 — Denver,Denver,"CO,MT,ND,SD,UT,WY",46,033,46033,Permanent Work,false,true,false,false,false,false,false,true,false,false,Severe storm,false,false,false,false,false,false,false,false,true,false,false,75.00,0.00,false,false,false,false,true,false,true,under_10k,https://www.fema.gov/api/open/v2/PublicAssistanceFundedProjectsDetails,https://www.fema.gov/openfema-data-page/public-assistance-funded-projects-details-v2,2026-08-17T06:23:38Z
4903,2026-04-07T00:00:00.000Z,Severe Storm(s),15,Jurisdiction-wide Debris,033-99033-00,B,Emergency Protective Measures,Eligible,Obligated,Small,Custer County,033,SD,46,5903.11,4427.34,4427.34,2026-07-16T00:00:00.000Z,2026-07-16T00:00:00.000Z,0,1067700,278327,2026-07-23T18:44:06.680Z,e8a8a7690308570b0f82c57082b7378c45aa1e27,2026-04-07,2026-07-16,2026-07-16,2026-07-23T18:44:06Z,2026,04,2,2026,2026,100,0,true,South Dakota,8,Region 8 — Denver,Denver,"CO,MT,ND,SD,UT,WY",46,033,46033,Emergency Work,true,false,false,false,true,false,false,false,false,false,Severe storm,false,false,false,false,false,false,false,false,true,false,false,75.00,0.00,false,false,false,false,true,false,true,under_10k,https://www.fema.gov/api/open/v2/PublicAssistanceFundedProjectsDetails,https://www.fema.gov/openfema-data-page/public-assistance-funded-projects-details-v2,2026-08-17T06:23:38Z
4903,2026-04-07T00:00:00.000Z,Severe Storm(s),17,Citywide Debris Removal,047-30220-00,A,Debris Removal,Eligible,Project Closed Out,Small,Fall River County,047,SD,46,74954.83,56216.13,56216.13,2026-07-15T00:00:00.000Z,2026-07-15T00:00:00.000Z,0,1067708,278313,2026-07-23T18:44:06.680Z,024672fc0050a9706b307aa215f33b927d7d912e,2026-04-07,2026-07-15,2026-07-15,2026-07-23T18:44:06Z,2026,04,2,2026,2026,99,0,true,South Dakota,8,Region 8 — Denver,Denver,"CO,MT,ND,SD,UT,WY",46,047,46047,Emergency Work,true,false,false,true,false,false,false,false,false,false,Severe storm,false,false,false,false,false,false,false,false,true,false,false,75.00,0.00,false,false,false,false,true,true,true,10k_to_100k,https://www.fema.gov/api/open/v2/PublicAssistanceFundedProjectsDetails,https://www.fema.gov/openfema-data-page/public-assistance-funded-projects-details-v2,2026-08-17T06:23:38Z
4903,2026-04-07T00:00:00.000Z,Severe Storm(s),24,Jurisdiction wide debris removal,103-29100-00,A,Debris Removal,Eligible,Project Closed Out,Small,Pennington County,103,SD,46,19427.45,14570.59,14570.59,2026-08-12T00:00:00.000Z,2026-08-12T00:00:00.000Z,0,1067828,278301,2026-08-14T15:18:32.006Z,98146aa1eb50fa7d75d6c3c59a5f04cabee6d22f,2026-04-07,2026-08-12,2026-08-12,2026-08-14T15:18:32Z,2026,04,2,2026,2026,127,0,true,South Dakota,8,Region 8 — Denver,Denver,"CO,MT,ND,SD,UT,WY",46,103,46103,Emergency Work,true,false,false,true,false,false,false,false,false,false,Severe storm,false,false,false,false,false,false,false,false,true,false,false,75.00,0.00,false,false,false,false,true,true,true,10k_to_100k,https://www.fema.gov/api/open/v2/PublicAssistanceFundedProjectsDetails,https://www.fema.gov/openfema-data-page/public-assistance-funded-projects-details-v2,2026-08-17T06:23:38Z
4903,2026-04-07T00:00:00.000Z,Severe Storm(s),38,County-wide Debris Removal,047-99047-00,A,Debris Removal,Eligible,Project Closed Out,Small,Fall River County,047,SD,46,7632.38,5724.29,5724.29,2026-08-04T00:00:00.000Z,2026-08-04T00:00:00.000Z,0,1069756,278317,2026-08-12T15:21:33.184Z,8f6b4d4104b071b335186bfd2f1a8d5f13ffd267,2026-04-07,2026-08-04,2026-08-04,2026-08-12T15:21:33Z,2026,04,2,2026,2026,119,0,true,South Dakota,8,Region 8 — Denver,Denver,"CO,MT,ND,SD,UT,WY",46,047,46047,Emergency Work,true,false,false,true,false,false,false,false,false,false,Severe storm,false,false,false,false,false,false,false,false,true,false,false,75.00,0.00,false,false,false,false,true,true,true,under_10k,https://www.fema.gov/api/open/v2/PublicAssistanceFundedProjectsDetails,https://www.fema.gov/openfema-data-page/public-assistance-funded-projects-details-v2,2026-08-17T06:23:38Z
4903,2026-04-07T00:00:00.000Z,Severe Storm(s),39,WREA Management Costs,000-UM9IF-00,Z,Management Costs,Eligible,Project Closed Out,Small,Pennington County,103,SD,46,1199.91,1199.91,1199.91,2026-07-15T00:00:00.000Z,2026-07-15T00:00:00.000Z,0,1069918,278314,2026-07-23T18:44:06.680Z,5380a0a5b4f10e2053d505d260c6277046e99918,2026-04-07,2026-07-15,2026-07-15,2026-07-23T18:44:06Z,2026,04,2,2026,2026,99,0,true,South Dakota,8,Region 8 — Denver,Denver,"CO,MT,ND,SD,UT,WY",46,103,46103,Management Costs,false,false,true,false,false,false,false,false,false,false,Severe storm,false,false,false,false,false,false,false,false,true,false,false,100.00,0.00,false,false,false,false,true,true,true,under_10k,https://www.fema.gov/api/open/v2/PublicAssistanceFundedProjectsDetails,https://www.fema.gov/openfema-data-page/public-assistance-funded-projects-details-v2,2026-08-17T06:23:38Z
4903,2026-04-07T00:00:00.000Z,Severe Storm(s),41,City of Hot Springs - Management Costs,047-30220-00,Z,Management Costs,Eligible,Project Closed Out,Small,Fall River County,047,SD,46,966.78,966.78,966.78,2026-08-04T00:00:00.000Z,2026-08-04T00:00:00.000Z,0,1070803,278313,2026-08-06T15:19:50.545Z,de4223d458c610dbb38e6a57b0c4b75c5d673c8c,2026-04-07,2026-08-04,2026-08-04,2026-08-06T15:19:50Z,2026,04,2,2026,2026,119,0,true,South Dakota,8,Region 8 — Denver,Denver,"CO,MT,ND,SD,UT,WY",46,047,46047,Management Costs,false,false,true,false,false,false,false,false,false,false,Severe storm,false,false,false,false,false,false,false,false,true,false,false,100.00,0.00,false,false,false,false,true,true,true,under_10k,https://www.fema.gov/api/open/v2/PublicAssistanceFundedProjectsDetails,https://www.fema.gov/openfema-data-page/public-assistance-funded-projects-details-v2,2026-08-17T06:23:38Z
4902,2026-04-07T00:00:00.000Z,Severe Storm(s),1,Management Costs,000-U5057-00,Z,Management Costs,Eligible,Obligated,Small,Statewide,049,MT,30,147237.76,147237.76,147237.76,2026-05-15T00:00:00.000Z,2026-05-15T00:00:00.000Z,0,1066719,278234,2026-07-23T18:44:06.680Z,6e4285f3a76741c9a23f1bec056903585a88155c,2026-04-07,2026-05-15,2026-05-15,2026-07-23T18:44:06Z,2026,04,2,2026,2026,38,0,true,Montana,8,Region 8 — Denver,Denver,"CO,MT,ND,SD,UT,WY",30,049,30049,Management Costs,false,false,true,false,false,false,false,false,false,false,Severe storm,false,false,false,false,false,false,false,false,true,false,false,100.00,0.00,false,false,false,false,true,false,true,100k_to_1m,https://www.fema.gov/api/open/v2/PublicAssistanceFundedProjectsDetails,https://www.fema.gov/openfema-data-page/public-assistance-funded-projects-details-v2,2026-08-17T06:23:38Z
4902,2026-04-07T00:00:00.000Z,Severe Storm(s),5,Electric Utilities,053-UKW7A-00,F,Utilities,Eligible,Obligated,Small,Lincoln County,053,MT,30,27342.16,20506.62,20506.62,2026-07-14T00:00:00.000Z,2026-07-14T00:00:00.000Z,0,1067192,278272,2026-07-23T18:44:06.680Z,5006ba8375e1cbcf620d83e9b884dc55826ee3bd,2026-04-07,2026-07-14,2026-07-14,2026-07-23T18:44:06Z,2026,04,2,2026,2026,98,0,true,Montana,8,Region 8 — Denver,Denver,"CO,MT,ND,SD,UT,WY",30,053,30053,Permanent Work,false,true,false,false,false,false,false,false,true,false,Severe storm,false,false,false,false,false,false,false,false,true,false,false,75.00,0.00,false,false,false,false,true,false,true,10k_to_100k,https://www.fema.gov/api/open/v2/PublicAssistanceFundedProjectsDetails,https://www.fema.gov/openfema-data-page/public-assistance-funded-projects-details-v2,2026-08-17T06:23:38Z
4902,2026-04-07T00:00:00.000Z,Severe Storm(s),13,Gold Creek Tower and Antennas,081-99081-00,F,Utilities,Eligible,Obligated,Small,Ravalli County,081,MT,30,17905.03,13428.78,13428.78,2026-07-08T00:00:00.000Z,2026-07-08T00:00:00.000Z,0,1067887,278305,2026-07-23T18:44:06.680Z,d11b401a139033c5cad281d9c3f93ecbb440f69d,2026-04-07,2026-07-08,2026-07-08,2026-07-23T18:44:06Z,2026,04,2,2026,2026,92,0,true,Montana,8,Region 8 — Denver,Denver,"CO,MT,ND,SD,UT,WY",30,081,30081,Permanent Work,false,true,false,false,false,false,false,false,true,false,Severe storm,false,false,false,false,false,false,false,false,true,false,false,75.00,0.00,false,false,false,false,true,false,true,10k_to_100k,https://www.fema.gov/api/open/v2/PublicAssistanceFundedProjectsDetails,https://www.fema.gov/openfema-data-page/public-assistance-funded-projects-details-v2,2026-08-17T06:23:38Z
4902,2026-04-07T00:00:00.000Z,Severe Storm(s),15,Transmission and Distribution Repairs in Valley County Service Area,000-U8ILJ-00,F,Utilities,Eligible,Obligated,Small,Statewide,105,MT,30,46721.48,35041.11,35041.11,2026-08-13T00:00:00.000Z,2026-08-13T00:00:00.000Z,0,1067966,278312,2026-08-14T15:18:32.006Z,b7fb6c452c9955dd666d75d964da153f1dee4b2f,2026-04-07,2026-08-13,2026-08-13,2026-08-14T15:18:32Z,2026,04,2,2026,2026,128,0,true,Montana,8,Region 8 — Denver,Denver,"CO,MT,ND,SD,UT,WY",30,105,30105,Permanent Work,false,true,false,false,false,false,false,false,true,false,Severe storm,false,false,false,false,false,false,false,false,true,false,false,75.00,0.00,false,false,false,false,true,false,true,10k_to_100k,https://www.fema.gov/api/open/v2/PublicAssistanceFundedProjectsDetails,https://www.fema.gov/openfema-data-page/public-assistance-funded-projects-details-v2,2026-08-17T06:23:38Z
4902,2026-04-07T00:00:00.000Z,Severe Storm(s),16,Marias River Electric Coop Facility,101-00047-00,F,Utilities,Eligible,Obligated,Small,Toole County,101,MT,30,6607.99,4956,4956,2026-06-23T00:00:00.000Z,2026-06-23T00:00:00.000Z,0,1067973,278321,2026-07-23T18:44:06.680Z,7c798647b7a4ccd609bc40a4502077387d39f7bc,2026-04-07,2026-06-23,2026-06-23,2026-07-23T18:44:06Z,2026,04,2,2026,2026,77,0,true,Montana,8,Region 8 — Denver,Denver,"CO,MT,ND,SD,UT,WY",30,101,30101,Permanent Work,false,true,false,false,false,false,false,false,true,false,Severe storm,false,false,false,false,false,false,false,false,true,false,false,75.00,0.00,false,false,false,false,true,false,true,under_10k,https://www.fema.gov/api/open/v2/PublicAssistanceFundedProjectsDetails,https://www.fema.gov/openfema-data-page/public-assistance-funded-projects-details-v2,2026-08-17T06:23:38Z
4902,2026-04-07T00:00:00.000Z,Severe Storm(s),21,Hill County Electrical Coop Facility,000-U2KB6-00,F,Utilities,Eligible,Obligated,Small,Statewide,041,MT,30,24420.13,18315.1,18315.1,2026-06-30T00:00:00.000Z,2026-06-30T00:00:00.000Z,0,1067986,278334,2026-07-23T18:44:06.680Z,31c844082b5c15068e3b76696b5a32290fb65df9,2026-04-07,2026-06-30,2026-06-30,2026-07-23T18:44:06Z,2026,04,2,2026,2026,84,0,true,Montana,8,Region 8 — Denver,Denver,"CO,MT,ND,SD,UT,WY",30,041,30041,Permanent Work,false,true,false,false,false,false,false,false,true,false,Severe storm,false,false,false,false,false,false,false,false,true,false,false,75.00,0.00,false,false,false,false,true,false,true,10k_to_100k,https://www.fema.gov/api/open/v2/PublicAssistanceFundedProjectsDetails,https://www.fema.gov/openfema-data-page/public-assistance-funded-projects-details-v2,2026-08-17T06:23:38Z
4902,2026-04-07T00:00:00.000Z,Severe Storm(s),23,Transmission and Distribution Repairs in Phillips & Blaine County Service Areas,071-00028-00,F,Utilities,Eligible,Obligated,Small,Phillips County,071,MT,30,67763.43,50822.58,50822.58,2026-07-14T00:00:00.000Z,2026-07-14T00:00:00.000Z,0,1068010,278336,2026-07-23T18:44:06.680Z,c5cd7d9ca88fdf3aa0b051f9f9d36fe5f3517d63,2026-04-07,2026-07-14,2026-07-14,2026-07-23T18:44:06Z,2026,04,2,2026,2026,98,0,true,Montana,8,Region 8 — Denver,Denver,"CO,MT,ND,SD,UT,WY",30,071,30071,Permanent Work,false,true,false,false,false,false,false,false,true,false,Severe storm,false,false,false,false,false,false,false,false,true,false,false,75.00,0.00,false,false,false,false,true,false,true,10k_to_100k,https://www.fema.gov/api/open/v2/PublicAssistanceFundedProjectsDetails,https://www.fema.gov/openfema-data-page/public-assistance-funded-projects-details-v2,2026-08-17T06:23:38Z
4902,2026-04-07T00:00:00.000Z,Severe Storm(s),25,Northern Lights - EPMs Debris Clearance and Emergency Work,017-UPHJ9-00,B,Emergency Protective Measures,Eligible,Obligated,Small,Bonner County,017,MT,30,108719.09,81539.32,81539.32,2026-06-16T00:00:00.000Z,2026-06-16T00:00:00.000Z,0,1068134,278311,2026-07-23T18:44:06.680Z,27f79f8b68015fc41149359aa9ababee082a6d82,2026-04-07,2026-06-16,2026-06-16,2026-07-23T18:44:06Z,2026,04,2,2026,2026,70,0,true,Montana,8,Region 8 — Denver,Denver,"CO,MT,ND,SD,UT,WY",30,017,30017,Emergency Work,true,false,false,false,true,false,false,false,false,false,Severe storm,false,false,false,false,false,false,false,false,true,false,false,75.00,0.00,false,false,false,false,true,false,true,10k_to_100k,https://www.fema.gov/api/open/v2/PublicAssistanceFundedProjectsDetails,https://www.fema.gov/openfema-data-page/public-assistance-funded-projects-details-v2,2026-08-17T06:23:38Z
4902,2026-04-07T00:00:00.000Z,Severe Storm(s),29,City Sidewalk and Cemetery Damages,081-33775-00,G,"Parks, Recreational Facilities, and Other Items",Eligible,Obligated,Small,Ravalli County,081,MT,30,4492.92,3369.69,3369.69,2026-08-13T00:00:00.000Z,2026-08-13T00:00:00.000Z,0,1068173,278416,2026-08-14T15:18:32.006Z,db7444114ca985a4b1341f35ca4ea118a5770a27,2026-04-07,2026-08-13,2026-08-13,2026-08-14T15:18:32Z,2026,04,2,2026,2026,128,0,true,Montana,8,Region 8 — Denver,Denver,"CO,MT,ND,SD,UT,WY",30,081,30081,Permanent Work,false,true,false,false,false,false,false,false,false,true,Severe storm,false,false,false,false,false,false,false,false,true,false,false,75.00,0.00,false,false,false,false,true,false,true,under_10k,https://www.fema.gov/api/open/v2/PublicAssistanceFundedProjectsDetails,https://www.fema.gov/openfema-data-page/public-assistance-funded-projects-details-v2,2026-08-17T06:23:38Z
4902,2026-04-07T00:00:00.000Z,Severe Storm(s),30,Emergency Protection Measures - EOC & Call Center,063-0294F-00,B,Emergency Protective Measures,Eligible,Obligated,Small,Missoula County,063,MT,30,9413.61,7060.21,7060.21,2026-06-23T00:00:00.000Z,2026-06-23T00:00:00.000Z,0,1068174,278295,2026-07-23T18:44:06.680Z,891014fefb81ebba0c12fb809a3d8f3961d706af,2026-04-07,2026-06-23,2026-06-23,2026-07-23T18:44:06Z,2026,04,2,2026,2026,77,0,true,Montana,8,Region 8 — Denver,Denver,"CO,MT,ND,SD,UT,WY",30,063,30063,Emergency Work,true,false,false,false,true,false,false,false,false,false,Severe storm,false,false,false,false,false,false,false,false,true,false,false,75.00,0.00,false,false,false,false,true,false,true,under_10k,https://www.fema.gov/api/open/v2/PublicAssistanceFundedProjectsDetails,https://www.fema.gov/openfema-data-page/public-assistance-funded-projects-details-v2,2026-08-17T06:23:38Z
4902,2026-04-07T00:00:00.000Z,Severe Storm(s),33,Sun River REC Utility Poles,000-UUI1A-00,F,Utilities,Eligible,Obligated,Small,Statewide,099,MT,30,43124.4,32343.3,32343.3,2026-07-02T00:00:00.000Z,2026-07-02T00:00:00.000Z,0,1068329,278323,2026-07-23T18:44:06.680Z,3ce99bb9693e684a292bf385e6f90336c6a4d7c3,2026-04-07,2026-07-02,2026-07-02,2026-07-23T18:44:06Z,2026,04,2,2026,2026,86,0,true,Montana,8,Region 8 — Denver,Denver,"CO,MT,ND,SD,UT,WY",30,099,30099,Permanent Work,false,true,false,false,false,false,false,false,true,false,Severe storm,false,false,false,false,false,false,false,false,true,false,false,75.00,0.00,false,false,false,false,true,false,true,10k_to_100k,https://www.fema.gov/api/open/v2/PublicAssistanceFundedProjectsDetails,https://www.fema.gov/openfema-data-page/public-assistance-funded-projects-details-v2,2026-08-17T06:23:38Z
4902,2026-04-07T00:00:00.000Z,Severe Storm(s),34,Fergus Electric Coop Utility Poles,000-U1HN4-00,F,Utilities,Eligible,Obligated,Small,Statewide,027,MT,30,117188.49,87891.37,87891.37,2026-08-13T00:00:00.000Z,2026-08-13T00:00:00.000Z,57213,1068330,278339,2026-08-14T15:18:32.006Z,205f15040c3ab5fbf527b2cf97186e2ec8afd21c,2026-04-07,2026-08-13,2026-08-13,2026-08-14T15:18:32Z,2026,04,2,2026,2026,128,0,true,Montana,8,Region 8 — Denver,Denver,"CO,MT,ND,SD,UT,WY",30,027,30027,Permanent Work,false,true,false,false,false,false,false,false,true,false,Severe storm,false,false,false,false,false,false,false,false,true,false,false,75.00,48.82,true,false,false,false,true,false,true,10k_to_100k,https://www.fema.gov/api/open/v2/PublicAssistanceFundedProjectsDetails,https://www.fema.gov/openfema-data-page/public-assistance-funded-projects-details-v2,2026-08-17T06:23:38Z
4902,2026-04-07T00:00:00.000Z,Severe Storm(s),46,Management Costs,000-UUI1A-00,Z,Management Costs,Eligible,Obligated,Small,Statewide,099,MT,30,2156.22,2156.22,2156.22,2026-07-28T00:00:00.000Z,2026-07-28T00:00:00.000Z,0,1069963,278323,2026-07-30T15:10:03.208Z,c54fb40b844c0a3a1a15a56d8bbd9e4de0f24b11,2026-04-07,2026-07-28,2026-07-28,2026-07-30T15:10:03Z,2026,04,2,2026,2026,112,0,true,Montana,8,Region 8 — Denver,Denver,"CO,MT,ND,SD,UT,WY",30,099,30099,Management Costs,false,false,true,false,false,false,false,false,false,false,Severe storm,false,false,false,false,false,false,false,false,true,false,false,100.00,0.00,false,false,false,false,true,false,true,under_10k,https://www.fema.gov/api/open/v2/PublicAssistanceFundedProjectsDetails,https://www.fema.gov/openfema-data-page/public-assistance-funded-projects-details-v2,2026-08-17T06:23:38Z
4902,2026-04-07T00:00:00.000Z,Severe Storm(s),51,Big Flat Electric Management Costs,071-00028-00,Z,Management Costs,Eligible,Obligated,Small,Phillips County,071,MT,30,3388.18,3388.18,3388.18,2026-07-22T00:00:00.000Z,2026-07-22T00:00:00.000Z,0,1070263,278336,2026-07-23T18:44:06.680Z,080a56756522e5c16c7c49e89a90a8e089bd4d98,2026-04-07,2026-07-22,2026-07-22,2026-07-23T18:44:06Z,2026,04,2,2026,2026,106,0,true,Montana,8,Region 8 — Denver,Denver,"CO,MT,ND,SD,UT,WY",30,071,30071,Management Costs,false,false,true,false,false,false,false,false,false,false,Severe storm,false,false,false,false,false,false,false,false,true,false,false,100.00,0.00,false,false,false,false,true,false,true,under_10k,https://www.fema.gov/api/open/v2/PublicAssistanceFundedProjectsDetails,https://www.fema.gov/openfema-data-page/public-assistance-funded-projects-details-v2,2026-08-17T06:23:38Z
4901,2026-04-07T00:00:00.000Z,Severe Storm(s),1,Management Costs,000-U5057-00,Z,Management Costs,Eligible,Obligated,Small,Statewide,049,MT,30,147237.76,147237.76,147237.76,2026-05-15T00:00:00.000Z,2026-05-15T00:00:00.000Z,0,1066480,278232,2026-07-23T18:44:06.680Z,9541e7c70e321081506321eb44bf08f175960f7e,2026-04-07,2026-05-15,2026-05-15,2026-07-23T18:44:06Z,2026,04,2,2026,2026,38,0,true,Montana,8,Region 8 — Denver,Denver,"CO,MT,ND,SD,UT,WY",30,049,30049,Management Costs,false,false,true,false,false,false,false,false,false,false,Severe storm,false,false,false,false,false,false,false,false,true,false,false,100.00,0.00,false,false,false,false,true,false,true,100k_to_1m,https://www.fema.gov/api/open/v2/PublicAssistanceFundedProjectsDetails,https://www.fema.gov/openfema-data-page/public-assistance-funded-projects-details-v2,2026-08-17T06:23:38Z
4901,2026-04-07T00:00:00.000Z,Severe Storm(s),10,Northern Lights - Power Transmission System,017-UPHJ9-00,F,Utilities,Eligible,Obligated,Small,Bonner County,017,MT,30,68924.59,51693.45,51693.45,2026-06-09T00:00:00.000Z,2026-06-09T00:00:00.000Z,0,1067931,278310,2026-07-23T18:44:06.680Z,57d6420ade43ede6f1b21d058e2a289a117d3051,2026-04-07,2026-06-09,2026-06-09,2026-07-23T18:44:06Z,2026,04,2,2026,2026,63,0,true,Montana,8,Region 8 — Denver,Denver,"CO,MT,ND,SD,UT,WY",30,017,30017,Permanent Work,false,true,false,false,false,false,false,false,true,false,Severe storm,false,false,false,false,false,false,false,false,true,false,false,75.00,0.00,false,false,false,false,true,false,true,10k_to_100k,https://www.fema.gov/api/open/v2/PublicAssistanceFundedProjectsDetails,https://www.fema.gov/openfema-data-page/public-assistance-funded-projects-details-v2,2026-08-17T06:23:38Z
4901,2026-04-07T00:00:00.000Z,Severe Storm(s),13,LFCR Main Access Road - Emergency Repairs,053-UDCTG-00,B,Emergency Protective Measures,Eligible,Obligated,Small,Lincoln County,053,MT,30,81949.52,61462.14,61462.14,2026-07-14T00:00:00.000Z,2026-07-14T00:00:00.000Z,0,1067962,278269,2026-07-23T18:44:06.680Z,0766a30810382aa894b4fa385c4e17ebfc023364,2026-04-07,2026-07-14,2026-07-14,2026-07-23T18:44:06Z,2026,04,2,2026,2026,98,0,true,Montana,8,Region 8 — Denver,Denver,"CO,MT,ND,SD,UT,WY",30,053,30053,Emergency Work,true,false,false,false,true,false,false,false,false,false,Severe storm,false,false,false,false,false,false,false,false,true,false,false,75.00,0.00,false,false,false,false,true,false,true,10k_to_100k,https://www.fema.gov/api/open/v2/PublicAssistanceFundedProjectsDetails,https://www.fema.gov/openfema-data-page/public-assistance-funded-projects-details-v2,2026-08-17T06:23:38Z
4901,2026-04-07T00:00:00.000Z,Severe Storm(s),14,LFCR Secondary Access Road - Emergency Access,053-UDCTG-00,B,Emergency Protective Measures,Eligible,Obligated,Small,Lincoln County,053,MT,30,117989.29,88491.97,88491.97,2026-07-22T00:00:00.000Z,2026-07-22T00:00:00.000Z,0,1067963,278269,2026-07-23T18:44:06.680Z,4002c88f32653794d51d6b697d2fe04d12b71319,2026-04-07,2026-07-22,2026-07-22,2026-07-23T18:44:06Z,2026,04,2,2026,2026,106,0,true,Montana,8,Region 8 — Denver,Denver,"CO,MT,ND,SD,UT,WY",30,053,30053,Emergency Work,true,false,false,false,true,false,false,false,false,false,Severe storm,false,false,false,false,false,false,false,false,true,false,false,75.00,0.00,false,false,false,false,true,false,true,10k_to_100k,https://www.fema.gov/api/open/v2/PublicAssistanceFundedProjectsDetails,https://www.fema.gov/openfema-data-page/public-assistance-funded-projects-details-v2,2026-08-17T06:23:38Z
4901,2026-04-07T00:00:00.000Z,Severe Storm(s),15,Cabinet Heights Road - Temporary Repairs,053-UDCTG-00,B,Emergency Protective Measures,Eligible,Obligated,Small,Lincoln County,053,MT,30,44036.78,33027.59,33027.59,2026-08-13T00:00:00.000Z,2026-08-13T00:00:00.000Z,0,1067965,278269,2026-08-14T15:18:32.006Z,8412168d827c6f4538b4e4a86d28c973f7d27240,2026-04-07,2026-08-13,2026-08-13,2026-08-14T15:18:32Z,2026,04,2,2026,2026,128,0,true,Montana,8,Region 8 — Denver,Denver,"CO,MT,ND,SD,UT,WY",30,053,30053,Emergency Work,true,false,false,false,true,false,false,false,false,false,Severe storm,false,false,false,false,false,false,false,false,true,false,false,75.00,0.00,false,false,false,false,true,false,true,10k_to_100k,https://www.fema.gov/api/open/v2/PublicAssistanceFundedProjectsDetails,https://www.fema.gov/openfema-data-page/public-assistance-funded-projects-details-v2,2026-08-17T06:23:38Z
4901,2026-04-07T00:00:00.000Z,Severe Storm(s),36,LCPA - East Walking Path,053-UBHIK-00,G,"Parks, Recreational Facilities, and Other Items",Eligible,Obligated,Small,Lincoln County,053,MT,30,52915.29,39686.47,39686.47,2026-08-04T00:00:00.000Z,2026-08-04T00:00:00.000Z,0,1068146,278270,2026-08-05T15:29:35.787Z,69583c478cc2ae4c676d040ad205e41ea03600cd,2026-04-07,2026-08-04,2026-08-04,2026-08-05T15:29:35Z,2026,04,2,2026,2026,119,0,true,Montana,8,Region 8 — Denver,Denver,"CO,MT,ND,SD,UT,WY",30,053,30053,Permanent Work,false,true,false,false,false,false,false,false,false,true,Severe storm,false,false,false,false,false,false,false,false,true,false,false,75.00,0.00,false,false,false,false,true,false,true,10k_to_100k,https://www.fema.gov/api/open/v2/PublicAssistanceFundedProjectsDetails,https://www.fema.gov/openfema-data-page/public-assistance-funded-projects-details-v2,2026-08-17T06:23:38Z
4900,2026-02-18T00:00:00.000Z,Winter Storm,3,CAT B Emergency Protective Measures Parish Wide,073-UHSU5-00,B,Emergency Protective Measures,Eligible,Obligated,Small,Ouachita Parish,073,LA,22,175494.82,131621.12,131621.12,2026-07-08T00:00:00.000Z,2026-07-08T00:00:00.000Z,0,1065717,277815,2026-07-23T18:44:06.680Z,fe91ef4c8fb6980f89b70c717b983e0e63d77da6,2026-02-18,2026-07-08,2026-07-08,2026-07-23T18:44:06Z,2026,02,1,2026,2026,140,0,true,Louisiana,6,Region 6 — Denton,Denton,"AR,LA,NM,OK,TX",22,073,22073,Emergency Work,true,false,false,false,true,false,false,false,false,false,Winter weather,false,false,false,false,false,false,false,true,false,false,false,75.00,0.00,false,false,false,false,true,false,true,100k_to_1m,https://www.fema.gov/api/open/v2/PublicAssistanceFundedProjectsDetails,https://www.fema.gov/openfema-data-page/public-assistance-funded-projects-details-v2,2026-08-17T06:23:38Z
4900,2026-02-18T00:00:00.000Z,Winter Storm,6,BPSO - Emergency Protective Measures,013-02190-00,B,Emergency Protective Measures,Eligible,Pending Closeout Completion,Small,Bienville Parish,013,LA,22,26514.89,19886.17,19886.17,2026-05-12T00:00:00.000Z,2026-05-12T00:00:00.000Z,0,1065826,277770,2026-07-23T18:44:06.680Z,545dc4cdbec900c8d1d96d5492508cbd8e8e2573,2026-02-18,2026-05-12,2026-05-12,2026-07-23T18:44:06Z,2026,02,1,2026,2026,83,0,true,Louisiana,6,Region 6 — Denton,Denton,"AR,LA,NM,OK,TX",22,013,22013,Emergency Work,true,false,false,false,true,false,false,false,false,false,Winter weather,false,false,false,false,false,false,false,true,false,false,false,75.00,0.00,false,false,false,false,true,false,true,10k_to_100k,https://www.fema.gov/api/open/v2/PublicAssistanceFundedProjectsDetails,https://www.fema.gov/openfema-data-page/public-assistance-funded-projects-details-v2,2026-08-17T06:23:38Z
4900,2026-02-18T00:00:00.000Z,Winter Storm,7,Richland Parish - ROW Debris Removal,083-99083-00,A,Debris Removal,Eligible,Pending Final FEMA Review,Large,Richland Parish,083,LA,22,6502396.55,4876797.42,4876797.42,2026-07-17T00:00:00.000Z,2026-07-17T00:00:00.000Z,0,1065931,277690,2026-08-14T15:18:32.006Z,58d6faa57687b7e003b969cb10bf38cd6c1a2a80,2026-02-18,2026-07-17,2026-07-17,2026-08-14T15:18:32Z,2026,02,1,2026,2026,149,0,true,Louisiana,6,Region 6 — Denton,Denton,"AR,LA,NM,OK,TX",22,083,22083,Emergency Work,true,false,false,true,false,false,false,false,false,false,Winter weather,false,false,false,false,false,false,false,true,false,false,false,75.00,0.00,false,false,false,true,false,false,true,1m_to_10m,https://www.fema.gov/api/open/v2/PublicAssistanceFundedProjectsDetails,https://www.fema.gov/openfema-data-page/public-assistance-funded-projects-details-v2,2026-08-17T06:23:38Z
4900,2026-02-18T00:00:00.000Z,Winter Storm,9,"Jonesville, Cat B EPM",025-38775-00,B,Emergency Protective Measures,Eligible,Obligated,Small,Catahoula Parish,025,LA,22,6155.54,4616.66,4616.66,2026-06-17T00:00:00.000Z,2026-06-17T00:00:00.000Z,0,1065937,278117,2026-07-23T18:44:06.680Z,9a4b669a906ab1d85f2070845e23644655fd06f9,2026-02-18,2026-06-17,2026-06-17,2026-07-23T18:44:06Z,2026,02,1,2026,2026,119,0,true,Louisiana,6,Region 6 — Denton,Denton,"AR,LA,NM,OK,TX",22,025,22025,Emergency Work,true,false,false,false,true,false,false,false,false,false,Winter weather,false,false,false,false,false,false,false,true,false,false,false,75.00,0.00,false,false,false,false,true,false,true,under_10k,https://www.fema.gov/api/open/v2/PublicAssistanceFundedProjectsDetails,https://www.fema.gov/openfema-data-page/public-assistance-funded-projects-details-v2,2026-08-17T06:23:38Z
4900,2026-02-18T00:00:00.000Z,Winter Storm,11,Downsville Community Charter School Buildings,111-USS4U-00,E,Buildings and Equipment,Eligible,Obligated,Small,Union Parish,111,LA,22,10000,7500,7500,2026-07-11T00:00:00.000Z,2026-07-11T00:00:00.000Z,0,1065942,278104,2026-07-23T18:44:06.680Z,104a188659ad804281fb89ece59e73e990f638e5,2026-02-18,2026-07-11,2026-07-11,2026-07-23T18:44:06Z,2026,02,1,2026,2026,143,0,true,Louisiana,6,Region 6 — Denton,Denton,"AR,LA,NM,OK,TX",22,111,22111,Permanent Work,false,true,false,false,false,false,false,true,false,false,Winter weather,false,false,false,false,false,false,false,true,false,false,false,75.00,0.00,false,false,false,false,true,false,true,under_10k,https://www.fema.gov/api/open/v2/PublicAssistanceFundedProjectsDetails,https://www.fema.gov/openfema-data-page/public-assistance-funded-projects-details-v2,2026-08-17T06:23:38Z
4900,2026-02-18T00:00:00.000Z,Winter Storm,13,Union Parish High School Building & Canopies,111-05886-00,E,Buildings and Equipment,Eligible,Obligated,Small,Union Parish,111,LA,22,108475.51,81356.64,81356.64,2026-06-25T00:00:00.000Z,2026-06-25T00:00:00.000Z,8475.51,1065956,278119,2026-07-23T18:44:06.680Z,6a047257d7ecef61294b2493d3fa64aa80f6a39b,2026-02-18,2026-06-25,2026-06-25,2026-07-23T18:44:06Z,2026,02,1,2026,2026,127,0,true,Louisiana,6,Region 6 — Denton,Denton,"AR,LA,NM,OK,TX",22,111,22111,Permanent Work,false,true,false,false,false,false,false,true,false,false,Winter weather,false,false,false,false,false,false,false,true,false,false,false,75.00,7.81,true,false,false,false,true,false,true,10k_to_100k,https://www.fema.gov/api/open/v2/PublicAssistanceFundedProjectsDetails,https://www.fema.gov/openfema-data-page/public-assistance-funded-projects-details-v2,2026-08-17T06:23:38Z
4900,2026-02-18T00:00:00.000Z,Winter Storm,14,Emergency Protective Measures,065-74690-00,B,Emergency Protective Measures,Eligible,Obligated,Small,Madison Parish,065,LA,22,12287.38,9215.54,9215.54,2026-05-12T00:00:00.000Z,2026-05-12T00:00:00.000Z,0,1065974,278103,2026-07-23T18:44:06.680Z,6b4f8efc4ed995015636a185a31aaa0a4cc09e3d,2026-02-18,2026-05-12,2026-05-12,2026-07-23T18:44:06Z,2026,02,1,2026,2026,83,0,true,Louisiana,6,Region 6 — Denton,Denton,"AR,LA,NM,OK,TX",22,065,22065,Emergency Work,true,false,false,false,true,false,false,false,false,false,Winter weather,false,false,false,false,false,false,false,true,false,false,false,75.00,0.00,false,false,false,false,true,false,true,under_10k,https://www.fema.gov/api/open/v2/PublicAssistanceFundedProjectsDetails,https://www.fema.gov/openfema-data-page/public-assistance-funded-projects-details-v2,2026-08-17T06:23:38Z
4900,2026-02-18T00:00:00.000Z,Winter Storm,15,Waste Water Treatment Plant - City of Tallulah,065-74690-00,F,Utilities,Eligible,Obligated,Small,Madison Parish,065,LA,22,21878.11,16408.59,16408.59,2026-06-17T00:00:00.000Z,2026-05-12T00:00:00.000Z,2109.99,1065976,278103,2026-07-23T18:44:06.680Z,e961275b7c3a34255185517a53911afa4b559062,2026-02-18,2026-05-12,2026-06-17,2026-07-23T18:44:06Z,2026,02,1,2026,2026,83,36,false,Louisiana,6,Region 6 — Denton,Denton,"AR,LA,NM,OK,TX",22,065,22065,Permanent Work,false,true,false,false,false,false,false,false,true,false,Winter weather,false,false,false,false,false,false,false,true,false,false,false,75.00,9.64,true,false,false,false,true,false,true,10k_to_100k,https://www.fema.gov/api/open/v2/PublicAssistanceFundedProjectsDetails,https://www.fema.gov/openfema-data-page/public-assistance-funded-projects-details-v2,2026-08-17T06:23:38Z
4900,2026-02-18T00:00:00.000Z,Winter Storm,17,Madison Parish - Debris Removal,065-99065-00,A,Debris Removal,Eligible,Obligated,Small,Madison Parish,065,LA,22,167530.27,125647.71,125647.71,2026-06-08T00:00:00.000Z,2026-06-08T00:00:00.000Z,0,1066015,278110,2026-07-23T18:44:06.680Z,2fbe000994a70a95f538192fb7e5a85d36d61671,2026-02-18,2026-06-08,2026-06-08,2026-07-23T18:44:06Z,2026,02,1,2026,2026,110,0,true,Louisiana,6,Region 6 — Denton,Denton,"AR,LA,NM,OK,TX",22,065,22065,Emergency Work,true,false,false,true,false,false,false,false,false,false,Winter weather,false,false,false,false,false,false,false,true,false,false,false,75.00,0.00,false,false,false,false,true,false,true,100k_to_1m,https://www.fema.gov/api/open/v2/PublicAssistanceFundedProjectsDetails,https://www.fema.gov/openfema-data-page/public-assistance-funded-projects-details-v2,2026-08-17T06:23:38Z
4900,2026-02-18T00:00:00.000Z,Winter Storm,19,Emergency Protective Measures - Madison Sheriff's Office,065-03BE2-00,B,Emergency Protective Measures,Eligible,Obligated,Small,Madison Parish,065,LA,22,71387.22,53540.42,53540.42,2026-05-13T00:00:00.000Z,2026-05-13T00:00:00.000Z,0,1066017,278111,2026-07-23T18:44:06.680Z,c4dc98f6e264f7cad1f49b6be5a39ce0eb23c7af,2026-02-18,2026-05-13,2026-05-13,2026-07-23T18:44:06Z,2026,02,1,2026,2026,84,0,true,Louisiana,6,Region 6 — Denton,Denton,"AR,LA,NM,OK,TX",22,065,22065,Emergency Work,true,false,false,false,true,false,false,false,false,false,Winter weather,false,false,false,false,false,false,false,true,false,false,false,75.00,0.00,false,false,false,false,true,false,true,10k_to_100k,https://www.fema.gov/api/open/v2/PublicAssistanceFundedProjectsDetails,https://www.fema.gov/openfema-data-page/public-assistance-funded-projects-details-v2,2026-08-17T06:23:38Z
4900,2026-02-18T00:00:00.000Z,Winter Storm,20,Donated Resources - Madison Sheriff's Office,065-03BE2-00,B,Emergency Work Donated Resources,Eligible,Obligated,Small,Madison Parish,065,LA,22,8110.47,6082.86,6082.86,2026-05-27T00:00:00.000Z,2026-05-27T00:00:00.000Z,0,1066018,278111,2026-07-23T18:44:06.680Z,82c64877b4acad61621931eb17365dcc92e0258b,2026-02-18,2026-05-27,2026-05-27,2026-07-23T18:44:06Z,2026,02,1,2026,2026,98,0,true,Louisiana,6,Region 6 — Denton,Denton,"AR,LA,NM,OK,TX",22,065,22065,Emergency Work,true,false,false,false,true,false,false,false,false,false,Winter weather,false,false,false,false,false,false,false,true,false,false,false,75.00,0.00,false,false,false,false,true,false,true,under_10k,https://www.fema.gov/api/open/v2/PublicAssistanceFundedProjectsDetails,https://www.fema.gov/openfema-data-page/public-assistance-funded-projects-details-v2,2026-08-17T06:23:38Z
4900,2026-02-18T00:00:00.000Z,Winter Storm,21,Richmond ROW Debris Removal,065-64590-00,A,Debris Removal,Eligible,Obligated,Small,Madison Parish,065,LA,22,31859.9,23894.93,23894.93,2026-07-03T00:00:00.000Z,2026-07-03T00:00:00.000Z,0,1066019,278125,2026-07-23T18:44:06.680Z,93a27769678341616106d89b1c1043b4a1389b33,2026-02-18,2026-07-03,2026-07-03,2026-07-23T18:44:06Z,2026,02,1,2026,2026,135,0,true,Louisiana,6,Region 6 — Denton,Denton,"AR,LA,NM,OK,TX",22,065,22065,Emergency Work,true,false,false,true,false,false,false,false,false,false,Winter weather,false,false,false,false,false,false,false,true,false,false,false,75.00,0.00,false,false,false,false,true,false,true,10k_to_100k,https://www.fema.gov/api/open/v2/PublicAssistanceFundedProjectsDetails,https://www.fema.gov/openfema-data-page/public-assistance-funded-projects-details-v2,2026-08-17T06:23:38Z
4900,2026-02-18T00:00:00.000Z,Winter Storm,22,Emergency Protective Measures - RICHMOND,065-64590-00,B,Emergency Protective Measures,Eligible,Obligated,Small,Madison Parish,065,LA,22,8971.53,6728.65,6728.65,2026-05-22T00:00:00.000Z,2026-05-22T00:00:00.000Z,0,1066020,278125,2026-07-23T18:44:06.680Z,0cf88bdc5f68d4c284355eb0a6745c14f16443fd,2026-02-18,2026-05-22,2026-05-22,2026-07-23T18:44:06Z,2026,02,1,2026,2026,93,0,true,Louisiana,6,Region 6 — Denton,Denton,"AR,LA,NM,OK,TX",22,065,22065,Emergency Work,true,false,false,false,true,false,false,false,false,false,Winter weather,false,false,false,false,false,false,false,true,false,false,false,75.00,0.00,false,false,false,false,true,false,true,under_10k,https://www.fema.gov/api/open/v2/PublicAssistanceFundedProjectsDetails,https://www.fema.gov/openfema-data-page/public-assistance-funded-projects-details-v2,2026-08-17T06:23:38Z
4900,2026-02-18T00:00:00.000Z,Winter Storm,24,Franklin Parish SO Cat B EPM,041-UV9CZ-00,B,Emergency Protective Measures,Eligible,Obligated,Small,Franklin Parish,041,LA,22,21545.61,16159.21,16159.21,2026-06-01T00:00:00.000Z,2026-06-01T00:00:00.000Z,0,1066053,277680,2026-07-23T18:44:06.680Z,19d00514aa4f571e0249b30352f4e3aef3d4a03d,2026-02-18,2026-06-01,2026-06-01,2026-07-23T18:44:06Z,2026,02,1,2026,2026,103,0,true,Louisiana,6,Region 6 — Denton,Denton,"AR,LA,NM,OK,TX",22,041,22041,Emergency Work,true,false,false,false,true,false,false,false,false,false,Winter weather,false,false,false,false,false,false,false,true,false,false,false,75.00,0.00,false,false,false,false,true,false,true,10k_to_100k,https://www.fema.gov/api/open/v2/PublicAssistanceFundedProjectsDetails,https://www.fema.gov/openfema-data-page/public-assistance-funded-projects-details-v2,2026-08-17T06:23:38Z
4900,2026-02-18T00:00:00.000Z,Winter Storm,25,Tensas Parish Cat B EPM,107-99107-00,B,Emergency Protective Measures,Eligible,Obligated,Small,Tensas Parish,107,LA,22,29501.17,22125.88,22125.88,2026-05-29T00:00:00.000Z,2026-05-29T00:00:00.000Z,0,1066054,277679,2026-07-23T18:44:06.680Z,16cfab9453c54c256a1a717f3492594e79717d0b,2026-02-18,2026-05-29,2026-05-29,2026-07-23T18:44:06Z,2026,02,1,2026,2026,100,0,true,Louisiana,6,Region 6 — Denton,Denton,"AR,LA,NM,OK,TX",22,107,22107,Emergency Work,true,false,false,false,true,false,false,false,false,false,Winter weather,false,false,false,false,false,false,false,true,false,false,false,75.00,0.00,false,false,false,false,true,false,true,10k_to_100k,https://www.fema.gov/api/open/v2/PublicAssistanceFundedProjectsDetails,https://www.fema.gov/openfema-data-page/public-assistance-funded-projects-details-v2,2026-08-17T06:23:38Z
4900,2026-02-18T00:00:00.000Z,Winter Storm,28,Gilbert ROW Debris,041-28940-00,A,Debris Removal,Eligible,Obligated,Small,Franklin Parish,041,LA,22,15301.94,11476.46,11476.46,2026-06-16T00:00:00.000Z,2026-06-16T00:00:00.000Z,0,1066097,278130,2026-07-23T18:44:06.680Z,ab33a21e095d0b88593da0fd63054af7b8d302ad,2026-02-18,2026-06-16,2026-06-16,2026-07-23T18:44:06Z,2026,02,1,2026,2026,118,0,true,Louisiana,6,Region 6 — Denton,Denton,"AR,LA,NM,OK,TX",22,041,22041,Emergency Work,true,false,false,true,false,false,false,false,false,false,Winter weather,false,false,false,false,false,false,false,true,false,false,false,75.00,0.00,false,false,false,false,true,false,true,10k_to_100k,https://www.fema.gov/api/open/v2/PublicAssistanceFundedProjectsDetails,https://www.fema.gov/openfema-data-page/public-assistance-funded-projects-details-v2,2026-08-17T06:23:38Z
4900,2026-02-18T00:00:00.000Z,Winter Storm,30,Rayville Townwide Emergency Protective Measures,083-63680-00,B,Emergency Protective Measures,Eligible,Obligated,Small,Richland Parish,083,LA,22,29350.77,22013.08,22013.08,2026-08-11T00:00:00.000Z,2026-08-11T00:00:00.000Z,0,1066102,277830,2026-08-12T15:21:33.184Z,5418f62630b6d3c102b6c4801e0c4d73abeb9b62,2026-02-18,2026-08-11,2026-08-11,2026-08-12T15:21:33Z,2026,02,1,2026,2026,174,0,true,Louisiana,6,Region 6 — Denton,Denton,"AR,LA,NM,OK,TX",22,083,22083,Emergency Work,true,false,false,false,true,false,false,false,false,false,Winter weather,false,false,false,false,false,false,false,true,false,false,false,75.00,0.00,false,false,false,false,true,false,true,10k_to_100k,https://www.fema.gov/api/open/v2/PublicAssistanceFundedProjectsDetails,https://www.fema.gov/openfema-data-page/public-assistance-funded-projects-details-v2,2026-08-17T06:23:38Z
4900,2026-02-18T00:00:00.000Z,Winter Storm,31,Oak Ridge - Debris Removal ROW,067-57205-00,A,Debris Removal,Eligible,Obligated,Small,Morehouse Parish,067,LA,22,20001.3,15000.98,15000.98,2026-06-12T00:00:00.000Z,2026-06-12T00:00:00.000Z,0,1066119,277667,2026-07-23T18:44:06.680Z,7fef6eed08947b5f1c2181bee857f47b58d62b7a,2026-02-18,2026-06-12,2026-06-12,2026-07-23T18:44:06Z,2026,02,1,2026,2026,114,0,true,Louisiana,6,Region 6 — Denton,Denton,"AR,LA,NM,OK,TX",22,067,22067,Emergency Work,true,false,false,true,false,false,false,false,false,false,Winter weather,false,false,false,false,false,false,false,true,false,false,false,75.00,0.00,false,false,false,false,true,false,true,10k_to_100k,https://www.fema.gov/api/open/v2/PublicAssistanceFundedProjectsDetails,https://www.fema.gov/openfema-data-page/public-assistance-funded-projects-details-v2,2026-08-17T06:23:38Z
4900,2026-02-18T00:00:00.000Z,Winter Storm,32,Jackson Parish Sheriff's Office EPM Veg debris cut and toss,049-US0D5-00,B,Emergency Protective Measures,Eligible,Obligated,Small,Jackson Parish,049,LA,22,50497.98,37873.49,37873.49,2026-05-29T00:00:00.000Z,2026-05-29T00:00:00.000Z,0,1066132,278106,2026-07-23T18:44:06.680Z,4b2d9f34354d5ba6c4215df9e93da442e46a71c5,2026-02-18,2026-05-29,2026-05-29,2026-07-23T18:44:06Z,2026,02,1,2026,2026,100,0,true,Louisiana,6,Region 6 — Denton,Denton,"AR,LA,NM,OK,TX",22,049,22049,Emergency Work,true,false,false,false,true,false,false,false,false,false,Winter weather,false,false,false,false,false,false,false,true,false,false,false,75.00,0.00,false,false,false,false,true,false,true,10k_to_100k,https://www.fema.gov/api/open/v2/PublicAssistanceFundedProjectsDetails,https://www.fema.gov/openfema-data-page/public-assistance-funded-projects-details-v2,2026-08-17T06:23:38Z
4900,2026-02-18T00:00:00.000Z,Winter Storm,33,"Minden, City of - Emergency Protective Measures",119-50885-00,B,Emergency Protective Measures,Eligible,Obligated,Small,Webster Parish,119,LA,22,33888.52,25416.39,25416.39,2026-05-13T00:00:00.000Z,2026-05-13T00:00:00.000Z,0,1066133,278101,2026-07-23T18:44:06.680Z,daf93c05a6d283bba3b3fed62de1ff0558df1db6,2026-02-18,2026-05-13,2026-05-13,2026-07-23T18:44:06Z,2026,02,1,2026,2026,84,0,true,Louisiana,6,Region 6 — Denton,Denton,"AR,LA,NM,OK,TX",22,119,22119,Emergency Work,true,false,false,false,true,false,false,false,false,false,Winter weather,false,false,false,false,false,false,false,true,false,false,false,75.00,0.00,false,false,false,false,true,false,true,10k_to_100k,https://www.fema.gov/api/open/v2/PublicAssistanceFundedProjectsDetails,https://www.fema.gov/openfema-data-page/public-assistance-funded-projects-details-v2,2026-08-17T06:23:38Z
4900,2026-02-18T00:00:00.000Z,Winter Storm,34,Quitman Fire Protection District #1 EPM ROW Veg Debris Cut and Toss Equipment,049-UAOBP-00,B,Emergency Protective Measures,Eligible,Obligated,Small,Jackson Parish,049,LA,22,45546.23,34159.68,34159.68,2026-06-25T00:00:00.000Z,2026-06-25T00:00:00.000Z,0,1066139,278113,2026-07-23T18:44:06.680Z,32bc8c36716b750c427a149cc583fa079587e6cb,2026-02-18,2026-06-25,2026-06-25,2026-07-23T18:44:06Z,2026,02,1,2026,2026,127,0,true,Louisiana,6,Region 6 — Denton,Denton,"AR,LA,NM,OK,TX",22,049,22049,Emergency Work,true,false,false,false,true,false,false,false,false,false,Winter weather,false,false,false,false,false,false,false,true,false,false,false,75.00,0.00,false,false,false,false,true,false,true,10k_to_100k,https://www.fema.gov/api/open/v2/PublicAssistanceFundedProjectsDetails,https://www.fema.gov/openfema-data-page/public-assistance-funded-projects-details-v2,2026-08-17T06:23:38Z
4900,2026-02-18T00:00:00.000Z,Winter Storm,36,Emergency Protective Measures - West Carroll Police Jury,123-059BB-00,B,Emergency Protective Measures,Eligible,Obligated,Small,West Carroll Parish,123,LA,22,47300.4,35475.3,35475.3,2026-06-24T00:00:00.000Z,2026-06-24T00:00:00.000Z,0,1066159,277835,2026-07-23T18:44:06.680Z,2ffc300e1dd1e9ff0c977937da0958b4a947192a,2026-02-18,2026-06-24,2026-06-24,2026-07-23T18:44:06Z,2026,02,1,2026,2026,126,0,true,Louisiana,6,Region 6 — Denton,Denton,"AR,LA,NM,OK,TX",22,123,22123,Emergency Work,true,false,false,false,true,false,false,false,false,false,Winter weather,false,false,false,false,false,false,false,true,false,false,false,75.00,0.00,false,false,false,false,true,false,true,10k_to_100k,https://www.fema.gov/api/open/v2/PublicAssistanceFundedProjectsDetails,https://www.fema.gov/openfema-data-page/public-assistance-funded-projects-details-v2,2026-08-17T06:23:38Z
4900,2026-02-18T00:00:00.000Z,Winter Storm,38,Emergency Protective Measures - West Carroll Sheriff's Office,123-059A5-00,B,Emergency Protective Measures,Eligible,Obligated,Small,West Carroll Parish,123,LA,22,22329.66,16747.25,16747.25,2026-06-02T00:00:00.000Z,2026-06-02T00:00:00.000Z,0,1066162,277838,2026-07-23T18:44:06.680Z,0f4d8693ad02bf1af8d98b21c12dc82e2f343237,2026-02-18,2026-06-02,2026-06-02,2026-07-23T18:44:06Z,2026,02,1,2026,2026,104,0,true,Louisiana,6,Region 6 — Denton,Denton,"AR,LA,NM,OK,TX",22,123,22123,Emergency Work,true,false,false,false,true,false,false,false,false,false,Winter weather,false,false,false,false,false,false,false,true,false,false,false,75.00,0.00,false,false,false,false,true,false,true,10k_to_100k,https://www.fema.gov/api/open/v2/PublicAssistanceFundedProjectsDetails,https://www.fema.gov/openfema-data-page/public-assistance-funded-projects-details-v2,2026-08-17T06:23:38Z
4900,2026-02-18T00:00:00.000Z,Winter Storm,41,Caldwell Parish Police Jury ROW Debris,021-05E33-00,A,Debris Removal,Eligible,Obligated,Small,Caldwell Parish,021,LA,22,212877.9,159658.43,159658.43,2026-07-08T00:00:00.000Z,2026-07-08T00:00:00.000Z,0,1066206,278089,2026-07-23T18:44:06.680Z,cd06f21aaead189c53fa5702515629f92b87dcab,2026-02-18,2026-07-08,2026-07-08,2026-07-23T18:44:06Z,2026,02,1,2026,2026,140,0,true,Louisiana,6,Region 6 — Denton,Denton,"AR,LA,NM,OK,TX",22,021,22021,Emergency Work,true,false,false,true,false,false,false,false,false,false,Winter weather,false,false,false,false,false,false,false,true,false,false,false,75.00,0.00,false,false,false,false,true,false,true,100k_to_1m,https://www.fema.gov/api/open/v2/PublicAssistanceFundedProjectsDetails,https://www.fema.gov/openfema-data-page/public-assistance-funded-projects-details-v2,2026-08-17T06:23:38Z
4900,2026-02-18T00:00:00.000Z,Winter Storm,43,Quitman Fire Protection District #1 EPM ROW Veg Debris Cut and Toss Donated Resources,049-UAOBP-00,B,Emergency Work Donated Resources,Eligible,Obligated,Small,Jackson Parish,049,LA,22,15182.07,11386.56,11386.56,2026-07-03T00:00:00.000Z,2026-07-03T00:00:00.000Z,0,1066217,278113,2026-07-23T18:44:06.680Z,031cb4c57ff7169d37556a6dbbd72c440e57808c,2026-02-18,2026-07-03,2026-07-03,2026-07-23T18:44:06Z,2026,02,1,2026,2026,135,0,true,Louisiana,6,Region 6 — Denton,Denton,"AR,LA,NM,OK,TX",22,049,22049,Emergency Work,true,false,false,false,true,false,false,false,false,false,Winter weather,false,false,false,false,false,false,false,true,false,false,false,75.00,0.00,false,false,false,false,true,false,true,10k_to_100k,https://www.fema.gov/api/open/v2/PublicAssistanceFundedProjectsDetails,https://www.fema.gov/openfema-data-page/public-assistance-funded-projects-details-v2,2026-08-17T06:23:38Z
4900,2026-02-18T00:00:00.000Z,Winter Storm,51,Emergency Protective Measures - Town of Lake Providence,035-41400-00,B,Emergency Protective Measures,Eligible,Obligated,Small,East Carroll Parish,035,LA,22,37083.65,27812.74,27812.74,2026-07-03T00:00:00.000Z,2026-07-03T00:00:00.000Z,0,1066255,277650,2026-07-23T18:44:06.680Z,84463f1c372ba465f53af4cf8bb15abf655fe643,2026-02-18,2026-07-03,2026-07-03,2026-07-23T18:44:06Z,2026,02,1,2026,2026,135,0,true,Louisiana,6,Region 6 — Denton,Denton,"AR,LA,NM,OK,TX",22,035,22035,Emergency Work,true,false,false,false,true,false,false,false,false,false,Winter weather,false,false,false,false,false,false,false,true,false,false,false,75.00,0.00,false,false,false,false,true,false,true,10k_to_100k,https://www.fema.gov/api/open/v2/PublicAssistanceFundedProjectsDetails,https://www.fema.gov/openfema-data-page/public-assistance-funded-projects-details-v2,2026-08-17T06:23:38Z
4900,2026-02-18T00:00:00.000Z,Winter Storm,52,The Lake Providence Cemetery - Town of Lake Providence,035-41400-00,G,"Parks, Recreational Facilities, and Other Items",Eligible,Obligated,Small,East Carroll Parish,035,LA,22,10475,7856.25,7856.25,2026-06-04T00:00:00.000Z,2026-06-04T00:00:00.000Z,0,1066256,277650,2026-07-23T18:44:06.680Z,57341cb14c6f95ad92996c99a5fb1f38fcb0b0fc,2026-02-18,2026-06-04,2026-06-04,2026-07-23T18:44:06Z,2026,02,1,2026,2026,106,0,true,Louisiana,6,Region 6 — Denton,Denton,"AR,LA,NM,OK,TX",22,035,22035,Permanent Work,false,true,false,false,false,false,false,false,false,true,Winter weather,false,false,false,false,false,false,false,true,false,false,false,75.00,0.00,false,false,false,false,true,false,true,under_10k,https://www.fema.gov/api/open/v2/PublicAssistanceFundedProjectsDetails,https://www.fema.gov/openfema-data-page/public-assistance-funded-projects-details-v2,2026-08-17T06:23:38Z
4900,2026-02-18T00:00:00.000Z,Winter Storm,53,Water Mains - Mt Zion,061-U04D9-00,F,Utilities,Eligible,Obligated,Small,Lincoln Parish,061,LA,22,33645.5,25234.13,25234.13,2026-05-19T00:00:00.000Z,2026-05-19T00:00:00.000Z,0,1066267,278112,2026-07-23T18:44:06.680Z,e37408d7ab327b93c7d74a5065b8f4f9540e1764,2026-02-18,2026-05-19,2026-05-19,2026-07-23T18:44:06Z,2026,02,1,2026,2026,90,0,true,Louisiana,6,Region 6 — Denton,Denton,"AR,LA,NM,OK,TX",22,061,22061,Permanent Work,false,true,false,false,false,false,false,false,true,false,Winter weather,false,false,false,false,false,false,false,true,false,false,false,75.00,0.00,false,false,false,false,true,false,true,10k_to_100k,https://www.fema.gov/api/open/v2/PublicAssistanceFundedProjectsDetails,https://www.fema.gov/openfema-data-page/public-assistance-funded-projects-details-v2,2026-08-17T06:23:38Z
4900,2026-02-18T00:00:00.000Z,Winter Storm,56,Village of Hodge ROW Debris,049-35100-00,A,Debris Removal,Eligible,Obligated,Small,Jackson Parish,049,LA,22,59346.48,44509.86,44509.86,2026-06-12T00:00:00.000Z,2026-06-12T00:00:00.000Z,0,1066297,278124,2026-07-23T18:44:06.680Z,60b27864b886ce75db227571f6238db0a9e95267,2026-02-18,2026-06-12,2026-06-12,2026-07-23T18:44:06Z,2026,02,1,2026,2026,114,0,true,Louisiana,6,Region 6 — Denton,Denton,"AR,LA,NM,OK,TX",22,049,22049,Emergency Work,true,false,false,true,false,false,false,false,false,false,Winter weather,false,false,false,false,false,false,false,true,false,false,false,75.00,0.00,false,false,false,false,true,false,true,10k_to_100k,https://www.fema.gov/api/open/v2/PublicAssistanceFundedProjectsDetails,https://www.fema.gov/openfema-data-page/public-assistance-funded-projects-details-v2,2026-08-17T06:23:38Z
4900,2026-02-18T00:00:00.000Z,Winter Storm,59,Franciscan Ministries of Our Lady Health System - ROW Debris,033-ULO2E-00,A,Debris Removal,Eligible,Obligated,Small,East Baton Rouge Parish,033,LA,22,37175,27881.25,27881.25,2026-06-22T00:00:00.000Z,2026-06-22T00:00:00.000Z,0,1066305,278060,2026-07-23T18:44:06.680Z,6487cc346d8dd1a2d713e7ecae5a466e0d07e322,2026-02-18,2026-06-22,2026-06-22,2026-07-23T18:44:06Z,2026,02,1,2026,2026,124,0,true,Louisiana,6,Region 6 — Denton,Denton,"AR,LA,NM,OK,TX",22,033,22033,Emergency Work,true,false,false,true,false,false,false,false,false,false,Winter weather,false,false,false,false,false,false,false,true,false,false,false,75.00,0.00,false,false,false,false,true,false,true,10k_to_100k,https://www.fema.gov/api/open/v2/PublicAssistanceFundedProjectsDetails,https://www.fema.gov/openfema-data-page/public-assistance-funded-projects-details-v2,2026-08-17T06:23:38Z
4900,2026-02-18T00:00:00.000Z,Winter Storm,65,"Southwest Ouachita Waterworks, Inc EPM",073-U6YBX-00,B,Emergency Protective Measures,Eligible,Obligated,Small,Ouachita Parish,073,LA,22,58154.11,43615.59,43615.59,2026-07-20T00:00:00.000Z,2026-07-20T00:00:00.000Z,0,1066326,277910,2026-07-23T18:44:06.680Z,42b3c032ed49c9bfa97f75e3d269c57e7ccbc0ba,2026-02-18,2026-07-20,2026-07-20,2026-07-23T18:44:06Z,2026,02,1,2026,2026,152,0,true,Louisiana,6,Region 6 — Denton,Denton,"AR,LA,NM,OK,TX",22,073,22073,Emergency Work,true,false,false,false,true,false,false,false,false,false,Winter weather,false,false,false,false,false,false,false,true,false,false,false,75.00,0.00,false,false,false,false,true,false,true,10k_to_100k,https://www.fema.gov/api/open/v2/PublicAssistanceFundedProjectsDetails,https://www.fema.gov/openfema-data-page/public-assistance-funded-projects-details-v2,2026-08-17T06:23:38Z
4900,2026-02-18T00:00:00.000Z,Winter Storm,66,Emergency Power Restoration,049-35100-00,B,Emergency Protective Measures,Eligible,Obligated,Small,Jackson Parish,049,LA,22,55280.07,41460.06,41460.06,2026-06-24T00:00:00.000Z,2026-06-24T00:00:00.000Z,0,1066327,278124,2026-07-23T18:44:06.680Z,230bae27d91367325b1cb0667622adb3bc9d3e65,2026-02-18,2026-06-24,2026-06-24,2026-07-23T18:44:06Z,2026,02,1,2026,2026,126,0,true,Louisiana,6,Region 6 — Denton,Denton,"AR,LA,NM,OK,TX",22,049,22049,Emergency Work,true,false,false,false,true,false,false,false,false,false,Winter weather,false,false,false,false,false,false,false,true,false,false,false,75.00,0.00,false,false,false,false,true,false,true,10k_to_100k,https://www.fema.gov/api/open/v2/PublicAssistanceFundedProjectsDetails,https://www.fema.gov/openfema-data-page/public-assistance-funded-projects-details-v2,2026-08-17T06:23:38Z
4900,2026-02-18T00:00:00.000Z,Winter Storm,67,Panola Harrison Electric Cooperative Inc Power restoration,000-U3GNB-00,F,Utilities,Eligible,Obligated,Small,De Soto Parish,031,LA,22,536435.38,402326.54,402326.54,2026-06-29T00:00:00.000Z,2026-06-29T00:00:00.000Z,0,1066337,277902,2026-07-23T18:44:06.680Z,6ae4b29c0c9fd79d123fd75b0448831ae64b09b9,2026-02-18,2026-06-29,2026-06-29,2026-07-23T18:44:06Z,2026,02,1,2026,2026,131,0,true,Louisiana,6,Region 6 — Denton,Denton,"AR,LA,NM,OK,TX",22,031,22031,Permanent Work,false,true,false,false,false,false,false,false,true,false,Winter weather,false,false,false,false,false,false,false,true,false,false,false,75.00,0.00,false,false,false,false,true,false,true,100k_to_1m,https://www.fema.gov/api/open/v2/PublicAssistanceFundedProjectsDetails,https://www.fema.gov/openfema-data-page/public-assistance-funded-projects-details-v2,2026-08-17T06:23:38Z
4900,2026-02-18T00:00:00.000Z,Winter Storm,68,Jackson Parish Police Jury EPM- Jackson Parish,049-99049-00,B,Emergency Protective Measures,Eligible,Obligated,Small,Jackson Parish,049,LA,22,10125,7593.75,7593.75,2026-06-05T00:00:00.000Z,2026-06-05T00:00:00.000Z,0,1066340,278105,2026-07-23T18:44:06.680Z,44ff3808e131b97bb403fbb3d9e9d4155092d0cd,2026-02-18,2026-06-05,2026-06-05,2026-07-23T18:44:06Z,2026,02,1,2026,2026,107,0,true,Louisiana,6,Region 6 — Denton,Denton,"AR,LA,NM,OK,TX",22,049,22049,Emergency Work,true,false,false,false,true,false,false,false,false,false,Winter weather,false,false,false,false,false,false,false,true,false,false,false,75.00,0.00,false,false,false,false,true,false,true,under_10k,https://www.fema.gov/api/open/v2/PublicAssistanceFundedProjectsDetails,https://www.fema.gov/openfema-data-page/public-assistance-funded-projects-details-v2,2026-08-17T06:23:38Z
4900,2026-02-18T00:00:00.000Z,Winter Storm,71,Town of Jonesboro EPM Winter Storm Fern,049-38670-00,B,Emergency Protective Measures,Eligible,Obligated,Small,Jackson Parish,049,LA,22,31516.47,23637.36,23637.36,2026-06-16T00:00:00.000Z,2026-06-16T00:00:00.000Z,0,1066361,278116,2026-07-23T18:44:06.680Z,723042f8240beb26bb6418b4ef721ccc4ab4ac61,2026-02-18,2026-06-16,2026-06-16,2026-07-23T18:44:06Z,2026,02,1,2026,2026,118,0,true,Louisiana,6,Region 6 — Denton,Denton,"AR,LA,NM,OK,TX",22,049,22049,Emergency Work,true,false,false,false,true,false,false,false,false,false,Winter weather,false,false,false,false,false,false,false,true,false,false,false,75.00,0.00,false,false,false,false,true,false,true,10k_to_100k,https://www.fema.gov/api/open/v2/PublicAssistanceFundedProjectsDetails,https://www.fema.gov/openfema-data-page/public-assistance-funded-projects-details-v2,2026-08-17T06:23:38Z
4900,2026-02-18T00:00:00.000Z,Winter Storm,72,Jackson Parish Police Jury ROW Debris,049-99049-00,A,Debris Removal,Eligible,Obligated,Small,Jackson Parish,049,LA,22,403390.5,302542.88,302542.88,2026-06-12T00:00:00.000Z,2026-06-12T00:00:00.000Z,0,1066370,278105,2026-07-23T18:44:06.680Z,68756835ec13d645835d3e9b36e39f44c625c6ff,2026-02-18,2026-06-12,2026-06-12,2026-07-23T18:44:06Z,2026,02,1,2026,2026,114,0,true,Louisiana,6,Region 6 — Denton,Denton,"AR,LA,NM,OK,TX",22,049,22049,Emergency Work,true,false,false,true,false,false,false,false,false,false,Winter weather,false,false,false,false,false,false,false,true,false,false,false,75.00,0.00,false,false,false,false,true,false,true,100k_to_1m,https://www.fema.gov/api/open/v2/PublicAssistanceFundedProjectsDetails,https://www.fema.gov/openfema-data-page/public-assistance-funded-projects-details-v2,2026-08-17T06:23:38Z
4900,2026-02-18T00:00:00.000Z,Winter Storm,73,Monticello Water System - Monticello Water System,035-05C0D-00,F,Utilities,Eligible,Obligated,Small,East Carroll Parish,035,LA,22,12445.57,9334.18,9334.18,2026-06-24T00:00:00.000Z,2026-06-24T00:00:00.000Z,0,1066372,277809,2026-07-23T18:44:06.680Z,6b6a024cee324972161434e63ed8d6503851939b,2026-02-18,2026-06-24,2026-06-24,2026-07-23T18:44:06Z,2026,02,1,2026,2026,126,0,true,Louisiana,6,Region 6 — Denton,Denton,"AR,LA,NM,OK,TX",22,035,22035,Permanent Work,false,true,false,false,false,false,false,false,true,false,Winter weather,false,false,false,false,false,false,false,true,false,false,false,75.00,0.00,false,false,false,false,true,false,true,under_10k,https://www.fema.gov/api/open/v2/PublicAssistanceFundedProjectsDetails,https://www.fema.gov/openfema-data-page/public-assistance-funded-projects-details-v2,2026-08-17T06:23:38Z
4900,2026-02-18T00:00:00.000Z,Winter Storm,74,Emergency Protective Measures - Monticello Water System,035-05C0D-00,B,Emergency Protective Measures,Eligible,Obligated,Small,East Carroll Parish,035,LA,22,11461.82,8596.37,8596.37,2026-05-27T00:00:00.000Z,2026-05-27T00:00:00.000Z,0,1066373,277809,2026-07-23T18:44:06.680Z,9df969ed12bba39ea02d75ed427cc56913049585,2026-02-18,2026-05-27,2026-05-27,2026-07-23T18:44:06Z,2026,02,1,2026,2026,98,0,true,Louisiana,6,Region 6 — Denton,Denton,"AR,LA,NM,OK,TX",22,035,22035,Emergency Work,true,false,false,false,true,false,false,false,false,false,Winter weather,false,false,false,false,false,false,false,true,false,false,false,75.00,0.00,false,false,false,false,true,false,true,under_10k,https://www.fema.gov/api/open/v2/PublicAssistanceFundedProjectsDetails,https://www.fema.gov/openfema-data-page/public-assistance-funded-projects-details-v2,2026-08-17T06:23:38Z
4900,2026-02-18T00:00:00.000Z,Winter Storm,78,Morehouse Police Jury ROW Debris,067-05609-00,A,Debris Removal,Eligible,Obligated,Small,Morehouse Parish,067,LA,22,204395.94,153296.96,153296.96,2026-06-29T00:00:00.000Z,2026-06-29T00:00:00.000Z,0,1066394,277875,2026-07-23T18:44:06.680Z,a3a4033446f3e9dd34996533cdc26fa8f1e1b55e,2026-02-18,2026-06-29,2026-06-29,2026-07-23T18:44:06Z,2026,02,1,2026,2026,131,0,true,Louisiana,6,Region 6 — Denton,Denton,"AR,LA,NM,OK,TX",22,067,22067,Emergency Work,true,false,false,true,false,false,false,false,false,false,Winter weather,false,false,false,false,false,false,false,true,false,false,false,75.00,0.00,false,false,false,false,true,false,true,100k_to_1m,https://www.fema.gov/api/open/v2/PublicAssistanceFundedProjectsDetails,https://www.fema.gov/openfema-data-page/public-assistance-funded-projects-details-v2,2026-08-17T06:23:38Z
4900,2026-02-18T00:00:00.000Z,Winter Storm,79,Donated Resource - Village of Oak Ridge,067-57205-00,B,Emergency Work Donated Resources,Eligible,Obligated,Small,Morehouse Parish,067,LA,22,6050.9,4538.18,4538.18,2026-08-13T00:00:00.000Z,2026-08-13T00:00:00.000Z,0,1066399,277667,2026-08-14T15:18:32.006Z,73d27f8497e9f7b3b2e3ea6a30a80e15f57c8db6,2026-02-18,2026-08-13,2026-08-13,2026-08-14T15:18:32Z,2026,02,1,2026,2026,176,0,true,Louisiana,6,Region 6 — Denton,Denton,"AR,LA,NM,OK,TX",22,067,22067,Emergency Work,true,false,false,false,true,false,false,false,false,false,Winter weather,false,false,false,false,false,false,false,true,false,false,false,75.00,0.00,false,false,false,false,true,false,true,under_10k,https://www.fema.gov/api/open/v2/PublicAssistanceFundedProjectsDetails,https://www.fema.gov/openfema-data-page/public-assistance-funded-projects-details-v2,2026-08-17T06:23:38Z
4900,2026-02-18T00:00:00.000Z,Winter Storm,82,2 Sewer Pumps,061-70630-00,F,Utilities,Eligible,Obligated,Small,Lincoln Parish,061,LA,22,23369.71,17527.29,17527.29,2026-05-14T00:00:00.000Z,2026-05-14T00:00:00.000Z,0,1066406,278126,2026-07-23T18:44:06.680Z,24b5a0ee9644dfa929140168329cb644a230e6ad,2026-02-18,2026-05-14,2026-05-14,2026-07-23T18:44:06Z,2026,02,1,2026,2026,85,0,true,Louisiana,6,Region 6 — Denton,Denton,"AR,LA,NM,OK,TX",22,061,22061,Permanent Work,false,true,false,false,false,false,false,false,true,false,Winter weather,false,false,false,false,false,false,false,true,false,false,false,75.00,0.00,false,false,false,false,true,false,true,10k_to_100k,https://www.fema.gov/api/open/v2/PublicAssistanceFundedProjectsDetails,https://www.fema.gov/openfema-data-page/public-assistance-funded-projects-details-v2,2026-08-17T06:23:38Z
4900,2026-02-18T00:00:00.000Z,Winter Storm,86,East Carroll Parish Hospital - EAST CARROLL PARISH HOSPITAL,035-UO7P7-00,E,Buildings and Equipment,Eligible,Obligated,Small,East Carroll Parish,035,LA,22,10000,7500,7500,2026-05-29T00:00:00.000Z,2026-05-29T00:00:00.000Z,0,1066425,277833,2026-07-23T18:44:06.680Z,dcc49c009fdf52192e5bf662cb8557039e85db64,2026-02-18,2026-05-29,2026-05-29,2026-07-23T18:44:06Z,2026,02,1,2026,2026,100,0,true,Louisiana,6,Region 6 — Denton,Denton,"AR,LA,NM,OK,TX",22,035,22035,Permanent Work,false,true,false,false,false,false,false,true,false,false,Winter weather,false,false,false,false,false,false,false,true,false,false,false,75.00,0.00,false,false,false,false,true,false,true,under_10k,https://www.fema.gov/api/open/v2/PublicAssistanceFundedProjectsDetails,https://www.fema.gov/openfema-data-page/public-assistance-funded-projects-details-v2,2026-08-17T06:23:38Z
4900,2026-02-18T00:00:00.000Z,Winter Storm,91,Emergency Protective Measures - East Carroll Parish Sheriff's,035-05C2E-00,B,Emergency Protective Measures,Eligible,Obligated,Small,East Carroll Parish,035,LA,22,75515.34,56636.51,56636.51,2026-07-23T00:00:00.000Z,2026-07-23T00:00:00.000Z,0,1066430,277773,2026-07-24T15:07:02.020Z,fc5a45fcded8199548c93bf1d50bad3fb6350d0b,2026-02-18,2026-07-23,2026-07-23,2026-07-24T15:07:02Z,2026,02,1,2026,2026,155,0,true,Louisiana,6,Region 6 — Denton,Denton,"AR,LA,NM,OK,TX",22,035,22035,Emergency Work,true,false,false,false,true,false,false,false,false,false,Winter weather,false,false,false,false,false,false,false,true,false,false,false,75.00,0.00,false,false,false,false,true,false,true,10k_to_100k,https://www.fema.gov/api/open/v2/PublicAssistanceFundedProjectsDetails,https://www.fema.gov/openfema-data-page/public-assistance-funded-projects-details-v2,2026-08-17T06:23:38Z
4900,2026-02-18T00:00:00.000Z,Winter Storm,93,Emergency Protective Measures - City of Ruston,061-66655-00,B,Emergency Protective Measures,Eligible,Obligated,Small,Lincoln Parish,061,LA,22,25134.61,18850.96,18850.96,2026-06-03T00:00:00.000Z,2026-06-03T00:00:00.000Z,0,1066443,278102,2026-07-23T18:44:06.680Z,4591977847b6331758c90a4c317fbe51e21c89f5,2026-02-18,2026-06-03,2026-06-03,2026-07-23T18:44:06Z,2026,02,1,2026,2026,105,0,true,Louisiana,6,Region 6 — Denton,Denton,"AR,LA,NM,OK,TX",22,061,22061,Emergency Work,true,false,false,false,true,false,false,false,false,false,Winter weather,false,false,false,false,false,false,false,true,false,false,false,75.00,0.00,false,false,false,false,true,false,true,10k_to_100k,https://www.fema.gov/api/open/v2/PublicAssistanceFundedProjectsDetails,https://www.fema.gov/openfema-data-page/public-assistance-funded-projects-details-v2,2026-08-17T06:23:38Z
4900,2026-02-18T00:00:00.000Z,Winter Storm,94,Sports Complex,061-66655-00,E,Buildings and Equipment,Eligible,Obligated,Small,Lincoln Parish,061,LA,22,9430,7072.5,7072.5,2026-07-08T00:00:00.000Z,2026-07-08T00:00:00.000Z,0,1066445,278102,2026-07-23T18:44:06.680Z,72ab5571cf56a54b3e87c7bd97fde0b514a66e9c,2026-02-18,2026-07-08,2026-07-08,2026-07-23T18:44:06Z,2026,02,1,2026,2026,140,0,true,Louisiana,6,Region 6 — Denton,Denton,"AR,LA,NM,OK,TX",22,061,22061,Permanent Work,false,true,false,false,false,false,false,true,false,false,Winter weather,false,false,false,false,false,false,false,true,false,false,false,75.00,0.00,false,false,false,false,true,false,true,under_10k,https://www.fema.gov/api/open/v2/PublicAssistanceFundedProjectsDetails,https://www.fema.gov/openfema-data-page/public-assistance-funded-projects-details-v2,2026-08-17T06:23:38Z
4900,2026-02-18T00:00:00.000Z,Winter Storm,96,Emergency Protective Measures,067-0560A-00,B,Emergency Protective Measures,Eligible,Obligated,Small,Morehouse Parish,067,LA,22,9749.4,7312.05,7312.05,2026-06-22T00:00:00.000Z,2026-06-22T00:00:00.000Z,0,1066462,277810,2026-07-23T18:44:06.680Z,e84bed61a0afffb0248c9cdca9a6045ab8d4c621,2026-02-18,2026-06-22,2026-06-22,2026-07-23T18:44:06Z,2026,02,1,2026,2026,124,0,true,Louisiana,6,Region 6 — Denton,Denton,"AR,LA,NM,OK,TX",22,067,22067,Emergency Work,true,false,false,false,true,false,false,false,false,false,Winter weather,false,false,false,false,false,false,false,true,false,false,false,75.00,0.00,false,false,false,false,true,false,true,under_10k,https://www.fema.gov/api/open/v2/PublicAssistanceFundedProjectsDetails,https://www.fema.gov/openfema-data-page/public-assistance-funded-projects-details-v2,2026-08-17T06:23:38Z
4900,2026-02-18T00:00:00.000Z,Winter Storm,97,Mansfield Winter Storm Emergency Operations,031-48365-00,B,Emergency Protective Measures,Eligible,Obligated,Small,De Soto Parish,031,LA,22,59356.07,44517.06,44517.06,2026-08-07T00:00:00.000Z,2026-08-07T00:00:00.000Z,0,1066464,278063,2026-08-12T15:21:33.184Z,3383cb17a2de1fee333c02229ac9ca4fc5f2fcd0,2026-02-18,2026-08-07,2026-08-07,2026-08-12T15:21:33Z,2026,02,1,2026,2026,170,0,true,Louisiana,6,Region 6 — Denton,Denton,"AR,LA,NM,OK,TX",22,031,22031,Emergency Work,true,false,false,false,true,false,false,false,false,false,Winter weather,false,false,false,false,false,false,false,true,false,false,false,75.00,0.00,false,false,false,false,true,false,true,10k_to_100k,https://www.fema.gov/api/open/v2/PublicAssistanceFundedProjectsDetails,https://www.fema.gov/openfema-data-page/public-assistance-funded-projects-details-v2,2026-08-17T06:23:38Z
4900,2026-02-18T00:00:00.000Z,Winter Storm,101,Emergency Protective Measures - Lincoln Parish Sheriff,061-UBPYY-00,B,Emergency Protective Measures,Eligible,Obligated,Small,Lincoln Parish,061,LA,22,65526.22,49144.67,49144.67,2026-05-20T00:00:00.000Z,2026-05-20T00:00:00.000Z,0,1066500,278109,2026-07-23T18:44:06.680Z,6354c90180934b252ec47d06254abd17b9d851e9,2026-02-18,2026-05-20,2026-05-20,2026-07-23T18:44:06Z,2026,02,1,2026,2026,91,0,true,Louisiana,6,Region 6 — Denton,Denton,"AR,LA,NM,OK,TX",22,061,22061,Emergency Work,true,false,false,false,true,false,false,false,false,false,Winter weather,false,false,false,false,false,false,false,true,false,false,false,75.00,0.00,false,false,false,false,true,false,true,10k_to_100k,https://www.fema.gov/api/open/v2/PublicAssistanceFundedProjectsDetails,https://www.fema.gov/openfema-data-page/public-assistance-funded-projects-details-v2,2026-08-17T06:23:38Z
4900,2026-02-18T00:00:00.000Z,Winter Storm,103,Shooting Range Bldg,061-UBPYY-00,E,Buildings and Equipment,Eligible,Obligated,Small,Lincoln Parish,061,LA,22,18482.88,13862.16,13862.16,2026-06-05T00:00:00.000Z,2026-06-05T00:00:00.000Z,12407.15,1066508,278109,2026-07-23T18:44:06.680Z,c8daaa2535ddcf1e11b5262545c85a1ea24a3a55,2026-02-18,2026-06-05,2026-06-05,2026-07-23T18:44:06Z,2026,02,1,2026,2026,107,0,true,Louisiana,6,Region 6 — Denton,Denton,"AR,LA,NM,OK,TX",22,061,22061,Permanent Work,false,true,false,false,false,false,false,true,false,false,Winter weather,false,false,false,false,false,false,false,true,false,false,false,75.00,67.13,true,false,false,false,true,false,true,10k_to_100k,https://www.fema.gov/api/open/v2/PublicAssistanceFundedProjectsDetails,https://www.fema.gov/openfema-data-page/public-assistance-funded-projects-details-v2,2026-08-17T06:23:38Z
4900,2026-02-18T00:00:00.000Z,Winter Storm,105,Emergency Protective Measures - EAST CARROLL PARISH HOSPITAL,035-UO7P7-00,B,Emergency Protective Measures,Eligible,Obligated,Small,East Carroll Parish,035,LA,22,14355.6,10766.7,10766.7,2026-05-14T00:00:00.000Z,2026-05-14T00:00:00.000Z,0,1066512,277833,2026-07-23T18:44:06.680Z,744d8fb2ef56452305043beaedaa08081890a6cf,2026-02-18,2026-05-14,2026-05-14,2026-07-23T18:44:06Z,2026,02,1,2026,2026,85,0,true,Louisiana,6,Region 6 — Denton,Denton,"AR,LA,NM,OK,TX",22,035,22035,Emergency Work,true,false,false,false,true,false,false,false,false,false,Winter weather,false,false,false,false,false,false,false,true,false,false,false,75.00,0.00,false,false,false,false,true,false,true,10k_to_100k,https://www.fema.gov/api/open/v2/PublicAssistanceFundedProjectsDetails,https://www.fema.gov/openfema-data-page/public-assistance-funded-projects-details-v2,2026-08-17T06:23:38Z
4900,2026-02-18T00:00:00.000Z,Winter Storm,108,Multiple Buildings in Lincoln Parish,061-99061-00,E,Buildings and Equipment,Eligible,Obligated,Small,Lincoln Parish,061,LA,22,24731.47,18548.61,18548.61,2026-07-09T00:00:00.000Z,2026-07-09T00:00:00.000Z,14731.47,1066535,278107,2026-07-23T18:44:06.680Z,3d5fc8724b7bd31c2b756b8a26e876d38761d3fb,2026-02-18,2026-07-09,2026-07-09,2026-07-23T18:44:06Z,2026,02,1,2026,2026,141,0,true,Louisiana,6,Region 6 — Denton,Denton,"AR,LA,NM,OK,TX",22,061,22061,Permanent Work,false,true,false,false,false,false,false,true,false,false,Winter weather,false,false,false,false,false,false,false,true,false,false,false,75.00,59.57,true,false,false,false,true,false,true,10k_to_100k,https://www.fema.gov/api/open/v2/PublicAssistanceFundedProjectsDetails,https://www.fema.gov/openfema-data-page/public-assistance-funded-projects-details-v2,2026-08-17T06:23:38Z
4900,2026-02-18T00:00:00.000Z,Winter Storm,110,ROW Debris Removal,049-38670-00,A,Debris Removal,Eligible,Obligated,Small,Jackson Parish,049,LA,22,94502.83,70877.13,70877.13,2026-06-11T00:00:00.000Z,2026-06-11T00:00:00.000Z,0,1066548,278116,2026-07-23T18:44:06.680Z,156ccb7d42ff6ceacfbf705d8421ac9809aa7301,2026-02-18,2026-06-11,2026-06-11,2026-07-23T18:44:06Z,2026,02,1,2026,2026,113,0,true,Louisiana,6,Region 6 — Denton,Denton,"AR,LA,NM,OK,TX",22,049,22049,Emergency Work,true,false,false,true,false,false,false,false,false,false,Winter weather,false,false,false,false,false,false,false,true,false,false,false,75.00,0.00,false,false,false,false,true,false,true,10k_to_100k,https://www.fema.gov/api/open/v2/PublicAssistanceFundedProjectsDetails,https://www.fema.gov/openfema-data-page/public-assistance-funded-projects-details-v2,2026-08-17T06:23:38Z
4900,2026-02-18T00:00:00.000Z,Winter Storm,113,Briarfield Academy Campuswide Debris Removal,035-UWWYN-00,A,Debris Removal,Eligible,Obligated,Small,East Carroll Parish,035,LA,22,4500,3375,3375,2026-08-11T00:00:00.000Z,2026-08-11T00:00:00.000Z,0,1066620,278190,2026-08-12T15:21:33.184Z,01edbec798c612b2d8db4a3bce06d22a3659d785,2026-02-18,2026-08-11,2026-08-11,2026-08-12T15:21:33Z,2026,02,1,2026,2026,174,0,true,Louisiana,6,Region 6 — Denton,Denton,"AR,LA,NM,OK,TX",22,035,22035,Emergency Work,true,false,false,true,false,false,false,false,false,false,Winter weather,false,false,false,false,false,false,false,true,false,false,false,75.00,0.00,false,false,false,false,true,false,true,under_10k,https://www.fema.gov/api/open/v2/PublicAssistanceFundedProjectsDetails,https://www.fema.gov/openfema-data-page/public-assistance-funded-projects-details-v2,2026-08-17T06:23:38Z
4900,2026-02-18T00:00:00.000Z,Winter Storm,114,Town of Columbia ROW Debris Removal,021-16830-00,A,Debris Removal,Eligible,Obligated,Small,Caldwell Parish,021,LA,22,29292.97,21969.73,21969.73,2026-08-11T00:00:00.000Z,2026-08-11T00:00:00.000Z,0,1066627,278114,2026-08-12T15:21:33.184Z,fdfe0c3a494d88f04b9191e9a96354d5ac53b1b6,2026-02-18,2026-08-11,2026-08-11,2026-08-12T15:21:33Z,2026,02,1,2026,2026,174,0,true,Louisiana,6,Region 6 — Denton,Denton,"AR,LA,NM,OK,TX",22,021,22021,Emergency Work,true,false,false,true,false,false,false,false,false,false,Winter weather,false,false,false,false,false,false,false,true,false,false,false,75.00,0.00,false,false,false,false,true,false,true,10k_to_100k,https://www.fema.gov/api/open/v2/PublicAssistanceFundedProjectsDetails,https://www.fema.gov/openfema-data-page/public-assistance-funded-projects-details-v2,2026-08-17T06:23:38Z
4900,2026-02-18T00:00:00.000Z,Winter Storm,116,Town of Richwood Debris Removal,073-64660-00,A,Debris Removal,Eligible,Obligated,Small,Ouachita Parish,073,LA,22,63349.47,47512.11,47512.11,2026-07-11T00:00:00.000Z,2026-07-11T00:00:00.000Z,0,1066704,278024,2026-07-23T18:44:06.680Z,fe179187d76ba4ce70c2f1fede66d28799047771,2026-02-18,2026-07-11,2026-07-11,2026-07-23T18:44:06Z,2026,02,1,2026,2026,143,0,true,Louisiana,6,Region 6 — Denton,Denton,"AR,LA,NM,OK,TX",22,073,22073,Emergency Work,true,false,false,true,false,false,false,false,false,false,Winter weather,false,false,false,false,false,false,false,true,false,false,false,75.00,0.00,false,false,false,false,true,false,true,10k_to_100k,https://www.fema.gov/api/open/v2/PublicAssistanceFundedProjectsDetails,https://www.fema.gov/openfema-data-page/public-assistance-funded-projects-details-v2,2026-08-17T06:23:38Z
4900,2026-02-18T00:00:00.000Z,Winter Storm,120,Winter Storm Emergency Response,021-05E33-00,B,Emergency Protective Measures,Eligible,Obligated,Small,Caldwell Parish,021,LA,22,9559.36,7169.52,7169.52,2026-06-05T00:00:00.000Z,2026-06-05T00:00:00.000Z,0,1066745,278089,2026-07-23T18:44:06.680Z,f3ba8c9d297eb5cbe5e708caff1479bb40daae01,2026-02-18,2026-06-05,2026-06-05,2026-07-23T18:44:06Z,2026,02,1,2026,2026,107,0,true,Louisiana,6,Region 6 — Denton,Denton,"AR,LA,NM,OK,TX",22,021,22021,Emergency Work,true,false,false,false,true,false,false,false,false,false,Winter weather,false,false,false,false,false,false,false,true,false,false,false,75.00,0.00,false,false,false,false,true,false,true,under_10k,https://www.fema.gov/api/open/v2/PublicAssistanceFundedProjectsDetails,https://www.fema.gov/openfema-data-page/public-assistance-funded-projects-details-v2,2026-08-17T06:23:38Z
4900,2026-02-18T00:00:00.000Z,Winter Storm,121,DR4900-LA Town of Jonesville CAT F,025-38775-00,F,Utilities,Eligible,Obligated,Small,Catahoula Parish,025,LA,22,49850.38,37387.79,37387.79,2026-08-05T00:00:00.000Z,2026-08-05T00:00:00.000Z,0,1066752,278117,2026-08-06T15:19:50.545Z,97b4df1b8ef1d2f2215b7cee1e0cf5f457a0ccef,2026-02-18,2026-08-05,2026-08-05,2026-08-06T15:19:50Z,2026,02,1,2026,2026,168,0,true,Louisiana,6,Region 6 — Denton,Denton,"AR,LA,NM,OK,TX",22,025,22025,Permanent Work,false,true,false,false,false,false,false,false,true,false,Winter weather,false,false,false,false,false,false,false,true,false,false,false,75.00,0.00,false,false,false,false,true,false,true,10k_to_100k,https://www.fema.gov/api/open/v2/PublicAssistanceFundedProjectsDetails,https://www.fema.gov/openfema-data-page/public-assistance-funded-projects-details-v2,2026-08-17T06:23:38Z
4900,2026-02-18T00:00:00.000Z,Winter Storm,126,City of Bastrop -  Learning Center,067-04685-00,E,Buildings and Equipment,Eligible,Obligated,Small,Morehouse Parish,067,LA,22,10000,7500,7500,2026-06-16T00:00:00.000Z,2026-06-16T00:00:00.000Z,0,1066805,277798,2026-07-23T18:44:06.680Z,542ca5894c302ef850b0ab7f3df40f4f00696bf9,2026-02-18,2026-06-16,2026-06-16,2026-07-23T18:44:06Z,2026,02,1,2026,2026,118,0,true,Louisiana,6,Region 6 — Denton,Denton,"AR,LA,NM,OK,TX",22,067,22067,Permanent Work,false,true,false,false,false,false,false,true,false,false,Winter weather,false,false,false,false,false,false,false,true,false,false,false,75.00,0.00,false,false,false,false,true,false,true,under_10k,https://www.fema.gov/api/open/v2/PublicAssistanceFundedProjectsDetails,https://www.fema.gov/openfema-data-page/public-assistance-funded-projects-details-v2,2026-08-17T06:23:38Z
4900,2026-02-18T00:00:00.000Z,Winter Storm,128,Emergency Protective Measures,031-060F9-00,B,Emergency Protective Measures,Eligible,Obligated,Small,De Soto Parish,031,LA,22,183808.01,137856.01,137856.01,2026-07-17T00:00:00.000Z,2026-07-17T00:00:00.000Z,0,1066840,277808,2026-07-23T18:44:06.680Z,0637b4dc2ef46a20e5a411cb16eddbd56b93457b,2026-02-18,2026-07-17,2026-07-17,2026-07-23T18:44:06Z,2026,02,1,2026,2026,149,0,true,Louisiana,6,Region 6 — Denton,Denton,"AR,LA,NM,OK,TX",22,031,22031,Emergency Work,true,false,false,false,true,false,false,false,false,false,Winter weather,false,false,false,false,false,false,false,true,false,false,false,75.00,0.00,false,false,false,false,true,false,true,100k_to_1m,https://www.fema.gov/api/open/v2/PublicAssistanceFundedProjectsDetails,https://www.fema.gov/openfema-data-page/public-assistance-funded-projects-details-v2,2026-08-17T06:23:38Z
4900,2026-02-18T00:00:00.000Z,Winter Storm,129,BPSB Arcadia School Complex,013-012DE-00,E,Buildings and Equipment,Eligible,Obligated,Small,Bienville Parish,013,LA,22,14091.92,10568.94,10568.94,2026-07-08T00:00:00.000Z,2026-07-08T00:00:00.000Z,0,1066853,277771,2026-07-23T18:44:06.680Z,59ae2ac1d85ce8d4099e66093ab1b3bba48fa32f,2026-02-18,2026-07-08,2026-07-08,2026-07-23T18:44:06Z,2026,02,1,2026,2026,140,0,true,Louisiana,6,Region 6 — Denton,Denton,"AR,LA,NM,OK,TX",22,013,22013,Permanent Work,false,true,false,false,false,false,false,true,false,false,Winter weather,false,false,false,false,false,false,false,true,false,false,false,75.00,0.00,false,false,false,false,true,false,true,10k_to_100k,https://www.fema.gov/api/open/v2/PublicAssistanceFundedProjectsDetails,https://www.fema.gov/openfema-data-page/public-assistance-funded-projects-details-v2,2026-08-17T06:23:38Z
4900,2026-02-18T00:00:00.000Z,Winter Storm,130,Emergency Protective Measures,083-03BD8-00,B,Emergency Protective Measures,Eligible,Obligated,Small,Richland Parish,083,LA,22,51136.58,38352.44,38352.44,2026-06-03T00:00:00.000Z,2026-06-03T00:00:00.000Z,0,1066859,277654,2026-07-23T18:44:06.680Z,4ab58d503c2d8f06baff8ed18540eef3de5cfa32,2026-02-18,2026-06-03,2026-06-03,2026-07-23T18:44:06Z,2026,02,1,2026,2026,105,0,true,Louisiana,6,Region 6 — Denton,Denton,"AR,LA,NM,OK,TX",22,083,22083,Emergency Work,true,false,false,false,true,false,false,false,false,false,Winter weather,false,false,false,false,false,false,false,true,false,false,false,75.00,0.00,false,false,false,false,true,false,true,10k_to_100k,https://www.fema.gov/api/open/v2/PublicAssistanceFundedProjectsDetails,https://www.fema.gov/openfema-data-page/public-assistance-funded-projects-details-v2,2026-08-17T06:23:38Z
4900,2026-02-18T00:00:00.000Z,Winter Storm,131,Detention Center Carport-Shed,083-03BD8-00,E,Buildings and Equipment,Eligible,Obligated,Small,Richland Parish,083,LA,22,159577.77,119683.33,119683.33,2026-06-29T00:00:00.000Z,2026-06-29T00:00:00.000Z,0,1066860,277654,2026-07-23T18:44:06.680Z,dad659463d08bb6dfd464d4915771f77113cbb13,2026-02-18,2026-06-29,2026-06-29,2026-07-23T18:44:06Z,2026,02,1,2026,2026,131,0,true,Louisiana,6,Region 6 — Denton,Denton,"AR,LA,NM,OK,TX",22,083,22083,Permanent Work,false,true,false,false,false,false,false,true,false,false,Winter weather,false,false,false,false,false,false,false,true,false,false,false,75.00,0.00,false,false,false,false,true,false,true,100k_to_1m,https://www.fema.gov/api/open/v2/PublicAssistanceFundedProjectsDetails,https://www.fema.gov/openfema-data-page/public-assistance-funded-projects-details-v2,2026-08-17T06:23:38Z
4900,2026-02-18T00:00:00.000Z,Winter Storm,136,Emergency Work Donated Resources - Sheriff's Office,083-03BD8-00,B,Emergency Work Donated Resources,Eligible,Obligated,Small,Richland Parish,083,LA,22,8605.62,6454.22,6454.22,2026-06-11T00:00:00.000Z,2026-06-11T00:00:00.000Z,0,1066874,277654,2026-07-23T18:44:06.680Z,77d1651b1faa3ab84e0eab4249816f08aaf9e884,2026-02-18,2026-06-11,2026-06-11,2026-07-23T18:44:06Z,2026,02,1,2026,2026,113,0,true,Louisiana,6,Region 6 — Denton,Denton,"AR,LA,NM,OK,TX",22,083,22083,Emergency Work,true,false,false,false,true,false,false,false,false,false,Winter weather,false,false,false,false,false,false,false,true,false,false,false,75.00,0.00,false,false,false,false,true,false,true,under_10k,https://www.fema.gov/api/open/v2/PublicAssistanceFundedProjectsDetails,https://www.fema.gov/openfema-data-page/public-assistance-funded-projects-details-v2,2026-08-17T06:23:38Z
4900,2026-02-18T00:00:00.000Z,Winter Storm,138,Beekman Alumni and Friends Inc.-Campus,067-017EF-00,E,Buildings and Equipment,Eligible,Obligated,Small,Morehouse Parish,067,LA,22,29419.63,22064.73,22064.73,2026-07-11T00:00:00.000Z,2026-07-11T00:00:00.000Z,616.85,1066909,278215,2026-07-23T18:44:06.680Z,c24228a40f6698d5ccec7f0fad7dc7b2fb94ce1d,2026-02-18,2026-07-11,2026-07-11,2026-07-23T18:44:06Z,2026,02,1,2026,2026,143,0,true,Louisiana,6,Region 6 — Denton,Denton,"AR,LA,NM,OK,TX",22,067,22067,Permanent Work,false,true,false,false,false,false,false,true,false,false,Winter weather,false,false,false,false,false,false,false,true,false,false,false,75.00,2.10,true,false,false,false,true,false,true,10k_to_100k,https://www.fema.gov/api/open/v2/PublicAssistanceFundedProjectsDetails,https://www.fema.gov/openfema-data-page/public-assistance-funded-projects-details-v2,2026-08-17T06:23:38Z
4900,2026-02-18T00:00:00.000Z,Winter Storm,141,Football Stadium/Elementary School Cameras -Beekman Alumni and Friends Inc.,067-017EF-00,E,Buildings and Equipment,Eligible,Obligated,Small,Morehouse Parish,067,LA,22,5543.79,4157.85,4157.85,2026-06-12T00:00:00.000Z,2026-06-12T00:00:00.000Z,0,1066913,278215,2026-07-23T18:44:06.680Z,e611bafdc9d6eec089f35a34d631dd35132f559a,2026-02-18,2026-06-12,2026-06-12,2026-07-23T18:44:06Z,2026,02,1,2026,2026,114,0,true,Louisiana,6,Region 6 — Denton,Denton,"AR,LA,NM,OK,TX",22,067,22067,Permanent Work,false,true,false,false,false,false,false,true,false,false,Winter weather,false,false,false,false,false,false,false,true,false,false,false,75.00,0.00,false,false,false,false,true,false,true,under_10k,https://www.fema.gov/api/open/v2/PublicAssistanceFundedProjectsDetails,https://www.fema.gov/openfema-data-page/public-assistance-funded-projects-details-v2,2026-08-17T06:23:38Z
4900,2026-02-18T00:00:00.000Z,Winter Storm,145,Village of Grayson ROW Debris,021-31250-00,A,Debris Removal,Eligible,Obligated,Small,Caldwell Parish,021,LA,22,8134.74,6101.06,6101.06,2026-08-07T00:00:00.000Z,2026-08-07T00:00:00.000Z,0,1066976,278122,2026-08-12T15:21:33.184Z,51dab6c2c3981da26a353bcb50c9f2b6c285b2ee,2026-02-18,2026-08-07,2026-08-07,2026-08-12T15:21:33Z,2026,02,1,2026,2026,170,0,true,Louisiana,6,Region 6 — Denton,Denton,"AR,LA,NM,OK,TX",22,021,22021,Emergency Work,true,false,false,true,false,false,false,false,false,false,Winter weather,false,false,false,false,false,false,false,true,false,false,false,75.00,0.00,false,false,false,false,true,false,true,under_10k,https://www.fema.gov/api/open/v2/PublicAssistanceFundedProjectsDetails,https://www.fema.gov/openfema-data-page/public-assistance-funded-projects-details-v2,2026-08-17T06:23:38Z
4900,2026-02-18T00:00:00.000Z,Winter Storm,147,ULM - ROW Debris Removal,000-U6HEG-00,A,Debris Removal,Eligible,Obligated,Small,Statewide,073,LA,22,57821.41,43366.06,43366.06,2026-07-29T00:00:00.000Z,2026-07-29T00:00:00.000Z,0,1066998,277672,2026-07-30T15:10:03.208Z,35b4386f27ab3dad2428922a9cd4d34717929fcf,2026-02-18,2026-07-29,2026-07-29,2026-07-30T15:10:03Z,2026,02,1,2026,2026,161,0,true,Louisiana,6,Region 6 — Denton,Denton,"AR,LA,NM,OK,TX",22,073,22073,Emergency Work,true,false,false,true,false,false,false,false,false,false,Winter weather,false,false,false,false,false,false,false,true,false,false,false,75.00,0.00,false,false,false,false,true,false,true,10k_to_100k,https://www.fema.gov/api/open/v2/PublicAssistanceFundedProjectsDetails,https://www.fema.gov/openfema-data-page/public-assistance-funded-projects-details-v2,2026-08-17T06:23:38Z
4900,2026-02-18T00:00:00.000Z,Winter Storm,148,Emergency Response Operations,021-02895-00,B,Emergency Protective Measures,Eligible,Obligated,Small,Caldwell Parish,021,LA,22,45051.59,33788.7,33788.7,2026-06-22T00:00:00.000Z,2026-06-22T00:00:00.000Z,0,1067030,278098,2026-07-23T18:44:06.680Z,d9627619dd944a66a9a90fd7a55ecc203473e262,2026-02-18,2026-06-22,2026-06-22,2026-07-23T18:44:06Z,2026,02,1,2026,2026,124,0,true,Louisiana,6,Region 6 — Denton,Denton,"AR,LA,NM,OK,TX",22,021,22021,Emergency Work,true,false,false,false,true,false,false,false,false,false,Winter weather,false,false,false,false,false,false,false,true,false,false,false,75.00,0.00,false,false,false,false,true,false,true,10k_to_100k,https://www.fema.gov/api/open/v2/PublicAssistanceFundedProjectsDetails,https://www.fema.gov/openfema-data-page/public-assistance-funded-projects-details-v2,2026-08-17T06:23:38Z
4900,2026-02-18T00:00:00.000Z,Winter Storm,153,CAT B City-Wide,073-51410-00,B,Emergency Protective Measures,Eligible,Obligated,Small,Ouachita Parish,073,LA,22,9994.24,7495.68,7495.68,2026-07-03T00:00:00.000Z,2026-07-03T00:00:00.000Z,0,1067227,277799,2026-07-23T18:44:06.680Z,56bce0fcfbce85699cce836edc53211a9d747b84,2026-02-18,2026-07-03,2026-07-03,2026-07-23T18:44:06Z,2026,02,1,2026,2026,135,0,true,Louisiana,6,Region 6 — Denton,Denton,"AR,LA,NM,OK,TX",22,073,22073,Emergency Work,true,false,false,false,true,false,false,false,false,false,Winter weather,false,false,false,false,false,false,false,true,false,false,false,75.00,0.00,false,false,false,false,true,false,true,under_10k,https://www.fema.gov/api/open/v2/PublicAssistanceFundedProjectsDetails,https://www.fema.gov/openfema-data-page/public-assistance-funded-projects-details-v2,2026-08-17T06:23:38Z
4900,2026-02-18T00:00:00.000Z,Winter Storm,154,Franciscan Ministries of Our Lady Health System Building Damages,033-ULO2E-00,E,Buildings and Equipment,Eligible,Obligated,Small,East Baton Rouge Parish,033,LA,22,19629.13,14721.85,14721.85,2026-07-03T00:00:00.000Z,2026-07-03T00:00:00.000Z,0,1067383,278060,2026-07-23T18:44:06.680Z,54c5f22f82e11cc420a2e52116617bc6ed13c7f7,2026-02-18,2026-07-03,2026-07-03,2026-07-23T18:44:06Z,2026,02,1,2026,2026,135,0,true,Louisiana,6,Region 6 — Denton,Denton,"AR,LA,NM,OK,TX",22,033,22033,Permanent Work,false,true,false,false,false,false,false,true,false,false,Winter weather,false,false,false,false,false,false,false,true,false,false,false,75.00,0.00,false,false,false,false,true,false,true,10k_to_100k,https://www.fema.gov/api/open/v2/PublicAssistanceFundedProjectsDetails,https://www.fema.gov/openfema-data-page/public-assistance-funded-projects-details-v2,2026-08-17T06:23:38Z
4900,2026-02-18T00:00:00.000Z,Winter Storm,157,University of Louisiana at Monroe sheltering operation,000-UOMDV-00,B,Emergency Protective Measures,Eligible,Obligated,Small,Statewide,033,LA,22,4356.9,3267.68,3267.68,2026-06-16T00:00:00.000Z,2026-06-16T00:00:00.000Z,0,1067509,277899,2026-07-23T18:44:06.680Z,29556adcd133c7973fccb4ad1b72948ca79a11a5,2026-02-18,2026-06-16,2026-06-16,2026-07-23T18:44:06Z,2026,02,1,2026,2026,118,0,true,Louisiana,6,Region 6 — Denton,Denton,"AR,LA,NM,OK,TX",22,033,22033,Emergency Work,true,false,false,false,true,false,false,false,false,false,Winter weather,false,false,false,false,false,false,false,true,false,false,false,75.00,0.00,false,false,false,false,true,false,true,under_10k,https://www.fema.gov/api/open/v2/PublicAssistanceFundedProjectsDetails,https://www.fema.gov/openfema-data-page/public-assistance-funded-projects-details-v2,2026-08-17T06:23:38Z
4900,2026-02-18T00:00:00.000Z,Winter Storm,159,Statewide Water Remediation,000-UOMDV-00,B,Emergency Protective Measures,Eligible,Obligated,Small,Statewide,033,LA,22,123475.88,92606.91,92606.91,2026-06-24T00:00:00.000Z,2026-06-24T00:00:00.000Z,0,1067514,277899,2026-07-23T18:44:06.680Z,43b949543883cd9247494265ddfe3b99eca60a88,2026-02-18,2026-06-24,2026-06-24,2026-07-23T18:44:06Z,2026,02,1,2026,2026,126,0,true,Louisiana,6,Region 6 — Denton,Denton,"AR,LA,NM,OK,TX",22,033,22033,Emergency Work,true,false,false,false,true,false,false,false,false,false,Winter weather,false,false,false,false,false,false,false,true,false,false,false,75.00,0.00,false,false,false,false,true,false,true,10k_to_100k,https://www.fema.gov/api/open/v2/PublicAssistanceFundedProjectsDetails,https://www.fema.gov/openfema-data-page/public-assistance-funded-projects-details-v2,2026-08-17T06:23:38Z
4900,2026-02-18T00:00:00.000Z,Winter Storm,160,Emergency Protective Measures,021-16830-00,B,Emergency Protective Measures,Eligible,Obligated,Small,Caldwell Parish,021,LA,22,14899.2,11174.4,11174.4,2026-06-01T00:00:00.000Z,2026-06-01T00:00:00.000Z,0,1067617,278114,2026-07-23T18:44:06.680Z,38778defd5f7c6e2e95b8f0c58c1c7130fd6532d,2026-02-18,2026-06-01,2026-06-01,2026-07-23T18:44:06Z,2026,02,1,2026,2026,103,0,true,Louisiana,6,Region 6 — Denton,Denton,"AR,LA,NM,OK,TX",22,021,22021,Emergency Work,true,false,false,false,true,false,false,false,false,false,Winter weather,false,false,false,false,false,false,false,true,false,false,false,75.00,0.00,false,false,false,false,true,false,true,10k_to_100k,https://www.fema.gov/api/open/v2/PublicAssistanceFundedProjectsDetails,https://www.fema.gov/openfema-data-page/public-assistance-funded-projects-details-v2,2026-08-17T06:23:38Z
4900,2026-02-18T00:00:00.000Z,Winter Storm,162,DR-4900-LA City of Tallulah Management Costs,065-74690-00,Z,Management Costs,Eligible,Obligated,Small,Madison Parish,065,LA,22,1708.28,1708.28,1708.28,2026-06-22T00:00:00.000Z,2026-06-22T00:00:00.000Z,0,1067661,278103,2026-07-23T18:44:06.680Z,dee6bffa3036b1542757370385eee5ad8244b234,2026-02-18,2026-06-22,2026-06-22,2026-07-23T18:44:06Z,2026,02,1,2026,2026,124,0,true,Louisiana,6,Region 6 — Denton,Denton,"AR,LA,NM,OK,TX",22,065,22065,Management Costs,false,false,true,false,false,false,false,false,false,false,Winter weather,false,false,false,false,false,false,false,true,false,false,false,100.00,0.00,false,false,false,false,true,false,true,under_10k,https://www.fema.gov/api/open/v2/PublicAssistanceFundedProjectsDetails,https://www.fema.gov/openfema-data-page/public-assistance-funded-projects-details-v2,2026-08-17T06:23:38Z
4900,2026-02-18T00:00:00.000Z,Winter Storm,167,Management Costs,061-70630-00,Z,Management Costs,Eligible,Obligated,Small,Lincoln Parish,061,LA,22,1168.49,1168.49,1168.49,2026-05-20T00:00:00.000Z,2026-05-20T00:00:00.000Z,0,1067851,278126,2026-07-23T18:44:06.680Z,15aca58a78baef2ef6a94a57c77fda50e4af4538,2026-02-18,2026-05-20,2026-05-20,2026-07-23T18:44:06Z,2026,02,1,2026,2026,91,0,true,Louisiana,6,Region 6 — Denton,Denton,"AR,LA,NM,OK,TX",22,061,22061,Management Costs,false,false,true,false,false,false,false,false,false,false,Winter weather,false,false,false,false,false,false,false,true,false,false,false,100.00,0.00,false,false,false,false,true,false,true,under_10k,https://www.fema.gov/api/open/v2/PublicAssistanceFundedProjectsDetails,https://www.fema.gov/openfema-data-page/public-assistance-funded-projects-details-v2,2026-08-17T06:23:38Z
4900,2026-02-18T00:00:00.000Z,Winter Storm,172,Morehouse Magnet School Campus,067-01811-00,E,Buildings and Equipment,Eligible,Obligated,Small,Morehouse Parish,067,LA,22,8551.06,6413.3,6413.3,2026-07-11T00:00:00.000Z,2026-07-11T00:00:00.000Z,0,1067899,277813,2026-07-23T18:44:06.680Z,23711d48f54788a1a6a1cd2f6a5016358b2581ae,2026-02-18,2026-07-11,2026-07-11,2026-07-23T18:44:06Z,2026,02,1,2026,2026,143,0,true,Louisiana,6,Region 6 — Denton,Denton,"AR,LA,NM,OK,TX",22,067,22067,Permanent Work,false,true,false,false,false,false,false,true,false,false,Winter weather,false,false,false,false,false,false,false,true,false,false,false,75.00,0.00,false,false,false,false,true,false,true,under_10k,https://www.fema.gov/api/open/v2/PublicAssistanceFundedProjectsDetails,https://www.fema.gov/openfema-data-page/public-assistance-funded-projects-details-v2,2026-08-17T06:23:38Z
4900,2026-02-18T00:00:00.000Z,Winter Storm,173,Delta Elementary School Campus,067-01811-00,E,Buildings and Equipment,Eligible,Obligated,Small,Morehouse Parish,067,LA,22,60779.46,45584.6,45584.6,2026-07-27T00:00:00.000Z,2026-07-27T00:00:00.000Z,4123.56,1067916,277813,2026-07-28T15:17:24.735Z,ffaff471c5a33d237e64ab927d82f6e57607d0f2,2026-02-18,2026-07-27,2026-07-27,2026-07-28T15:17:24Z,2026,02,1,2026,2026,159,0,true,Louisiana,6,Region 6 — Denton,Denton,"AR,LA,NM,OK,TX",22,067,22067,Permanent Work,false,true,false,false,false,false,false,true,false,false,Winter weather,false,false,false,false,false,false,false,true,false,false,false,75.00,6.78,true,false,false,false,true,false,true,10k_to_100k,https://www.fema.gov/api/open/v2/PublicAssistanceFundedProjectsDetails,https://www.fema.gov/openfema-data-page/public-assistance-funded-projects-details-v2,2026-08-17T06:23:38Z
4900,2026-02-18T00:00:00.000Z,Winter Storm,174,Morehouse Elementary School Campus,067-01811-00,E,Buildings and Equipment,Eligible,Obligated,Small,Morehouse Parish,067,LA,22,29672,22254,22254,2026-07-27T00:00:00.000Z,2026-07-27T00:00:00.000Z,3282.47,1067923,277813,2026-07-28T15:17:24.735Z,473b6420f41c05aefe1fb8099018318f9469e5d8,2026-02-18,2026-07-27,2026-07-27,2026-07-28T15:17:24Z,2026,02,1,2026,2026,159,0,true,Louisiana,6,Region 6 — Denton,Denton,"AR,LA,NM,OK,TX",22,067,22067,Permanent Work,false,true,false,false,false,false,false,true,false,false,Winter weather,false,false,false,false,false,false,false,true,false,false,false,75.00,11.06,true,false,false,false,true,false,true,10k_to_100k,https://www.fema.gov/api/open/v2/PublicAssistanceFundedProjectsDetails,https://www.fema.gov/openfema-data-page/public-assistance-funded-projects-details-v2,2026-08-17T06:23:38Z
4900,2026-02-18T00:00:00.000Z,Winter Storm,178,Management Costs,061-U04D9-00,Z,Management Costs,Eligible,Obligated,Small,Lincoln Parish,061,LA,22,1682.28,1682.28,1682.28,2026-05-26T00:00:00.000Z,2026-05-26T00:00:00.000Z,0,1068047,278112,2026-07-23T18:44:06.680Z,ab951839fa7f1cb5a51b78a24851de062f50f7ee,2026-02-18,2026-05-26,2026-05-26,2026-07-23T18:44:06Z,2026,02,1,2026,2026,97,0,true,Louisiana,6,Region 6 — Denton,Denton,"AR,LA,NM,OK,TX",22,061,22061,Management Costs,false,false,true,false,false,false,false,false,false,false,Winter weather,false,false,false,false,false,false,false,true,false,false,false,100.00,0.00,false,false,false,false,true,false,true,under_10k,https://www.fema.gov/api/open/v2/PublicAssistanceFundedProjectsDetails,https://www.fema.gov/openfema-data-page/public-assistance-funded-projects-details-v2,2026-08-17T06:23:38Z
4900,2026-02-18T00:00:00.000Z,Winter Storm,184,SOWI CHLORINATION EQUIPMENT,073-U6YBX-00,F,Utilities,Eligible,Obligated,Small,Ouachita Parish,073,LA,22,10964.7,8223.53,8223.53,2026-07-18T00:00:00.000Z,2026-07-18T00:00:00.000Z,0,1068113,277910,2026-07-23T18:44:06.680Z,8e71dfe199e8e1761297dd95a9ccedd39632655a,2026-02-18,2026-07-18,2026-07-18,2026-07-23T18:44:06Z,2026,02,1,2026,2026,150,0,true,Louisiana,6,Region 6 — Denton,Denton,"AR,LA,NM,OK,TX",22,073,22073,Permanent Work,false,true,false,false,false,false,false,false,true,false,Winter weather,false,false,false,false,false,false,false,true,false,false,false,75.00,0.00,false,false,false,false,true,false,true,under_10k,https://www.fema.gov/api/open/v2/PublicAssistanceFundedProjectsDetails,https://www.fema.gov/openfema-data-page/public-assistance-funded-projects-details-v2,2026-08-17T06:23:38Z
4900,2026-02-18T00:00:00.000Z,Winter Storm,186,Monroe City Vehicle- Ford Explorer,073-51410-00,E,Buildings and Equipment,Eligible,Obligated,Small,Ouachita Parish,073,LA,22,10245.22,7683.92,7683.92,2026-06-24T00:00:00.000Z,2026-06-24T00:00:00.000Z,0,1068216,277799,2026-07-23T18:44:06.680Z,cc33fb59d1a9cd29d0210ea0394848773ef145e2,2026-02-18,2026-06-24,2026-06-24,2026-07-23T18:44:06Z,2026,02,1,2026,2026,126,0,true,Louisiana,6,Region 6 — Denton,Denton,"AR,LA,NM,OK,TX",22,073,22073,Permanent Work,false,true,false,false,false,false,false,true,false,false,Winter weather,false,false,false,false,false,false,false,true,false,false,false,75.00,0.00,false,false,false,false,true,false,true,under_10k,https://www.fema.gov/api/open/v2/PublicAssistanceFundedProjectsDetails,https://www.fema.gov/openfema-data-page/public-assistance-funded-projects-details-v2,2026-08-17T06:23:38Z
4900,2026-02-18T00:00:00.000Z,Winter Storm,187,Monroe Water Treatment Plant,073-51410-00,F,Utilities,Eligible,Obligated,Small,Ouachita Parish,073,LA,22,47412,35559,35559,2026-07-18T00:00:00.000Z,2026-07-18T00:00:00.000Z,0,1068225,277799,2026-07-23T18:44:06.680Z,a8e9c05b5cd8386a2984225c0fc7bbff1eee5657,2026-02-18,2026-07-18,2026-07-18,2026-07-23T18:44:06Z,2026,02,1,2026,2026,150,0,true,Louisiana,6,Region 6 — Denton,Denton,"AR,LA,NM,OK,TX",22,073,22073,Permanent Work,false,true,false,false,false,false,false,false,true,false,Winter weather,false,false,false,false,false,false,false,true,false,false,false,75.00,0.00,false,false,false,false,true,false,true,10k_to_100k,https://www.fema.gov/api/open/v2/PublicAssistanceFundedProjectsDetails,https://www.fema.gov/openfema-data-page/public-assistance-funded-projects-details-v2,2026-08-17T06:23:38Z
4900,2026-02-18T00:00:00.000Z,Winter Storm,188,Monroe Water Pollution Control Center Admin. Building,073-51410-00,E,Buildings and Equipment,Eligible,Obligated,Small,Ouachita Parish,073,LA,22,8775,6581.25,6581.25,2026-07-29T00:00:00.000Z,2026-07-29T00:00:00.000Z,0,1068226,277799,2026-07-30T15:10:03.208Z,0e00d021d4df455bb3eca658b1129cd036a953da,2026-02-18,2026-07-29,2026-07-29,2026-07-30T15:10:03Z,2026,02,1,2026,2026,161,0,true,Louisiana,6,Region 6 — Denton,Denton,"AR,LA,NM,OK,TX",22,073,22073,Permanent Work,false,true,false,false,false,false,false,true,false,false,Winter weather,false,false,false,false,false,false,false,true,false,false,false,75.00,0.00,false,false,false,false,true,false,true,under_10k,https://www.fema.gov/api/open/v2/PublicAssistanceFundedProjectsDetails,https://www.fema.gov/openfema-data-page/public-assistance-funded-projects-details-v2,2026-08-17T06:23:38Z
4900,2026-02-18T00:00:00.000Z,Winter Storm,190,DR-4900-LA Madison Sheriff's Office Management Costs,065-03BE2-00,Z,Management Costs,Eligible,Obligated,Small,Madison Parish,065,LA,22,3569.36,3569.36,3569.36,2026-05-28T00:00:00.000Z,2026-05-28T00:00:00.000Z,0,1068233,278111,2026-07-23T18:44:06.680Z,9843805a6b705251ba1f899d177183f89cef671a,2026-02-18,2026-05-28,2026-05-28,2026-07-23T18:44:06Z,2026,02,1,2026,2026,99,0,true,Louisiana,6,Region 6 — Denton,Denton,"AR,LA,NM,OK,TX",22,065,22065,Management Costs,false,false,true,false,false,false,false,false,false,false,Winter weather,false,false,false,false,false,false,false,true,false,false,false,100.00,0.00,false,false,false,false,true,false,true,under_10k,https://www.fema.gov/api/open/v2/PublicAssistanceFundedProjectsDetails,https://www.fema.gov/openfema-data-page/public-assistance-funded-projects-details-v2,2026-08-17T06:23:38Z
4900,2026-02-18T00:00:00.000Z,Winter Storm,198,Airport Building,061-66655-00,E,Buildings and Equipment,Eligible,Obligated,Small,Lincoln Parish,061,LA,22,4200,3150,3150,2026-06-12T00:00:00.000Z,2026-06-12T00:00:00.000Z,0,1068363,278102,2026-07-23T18:44:06.680Z,778f2721b363abcf27a9ea4888ed949a69ca2f1b,2026-02-18,2026-06-12,2026-06-12,2026-07-23T18:44:06Z,2026,02,1,2026,2026,114,0,true,Louisiana,6,Region 6 — Denton,Denton,"AR,LA,NM,OK,TX",22,061,22061,Permanent Work,false,true,false,false,false,false,false,true,false,false,Winter weather,false,false,false,false,false,false,false,true,false,false,false,75.00,0.00,false,false,false,false,true,false,true,under_10k,https://www.fema.gov/api/open/v2/PublicAssistanceFundedProjectsDetails,https://www.fema.gov/openfema-data-page/public-assistance-funded-projects-details-v2,2026-08-17T06:23:38Z
4900,2026-02-18T00:00:00.000Z,Winter Storm,199,Morehouse Sheriff's Office Donated Resources,067-0560A-00,B,Emergency Work Donated Resources,Eligible,Obligated,Small,Morehouse Parish,067,LA,22,3249.8,2437.35,2437.35,2026-06-23T00:00:00.000Z,2026-06-23T00:00:00.000Z,0,1068398,277810,2026-07-23T18:44:06.680Z,a716c9036052612ce7d82df7684b3b816bc4f138,2026-02-18,2026-06-23,2026-06-23,2026-07-23T18:44:06Z,2026,02,1,2026,2026,125,0,true,Louisiana,6,Region 6 — Denton,Denton,"AR,LA,NM,OK,TX",22,067,22067,Emergency Work,true,false,false,false,true,false,false,false,false,false,Winter weather,false,false,false,false,false,false,false,true,false,false,false,75.00,0.00,false,false,false,false,true,false,true,under_10k,https://www.fema.gov/api/open/v2/PublicAssistanceFundedProjectsDetails,https://www.fema.gov/openfema-data-page/public-assistance-funded-projects-details-v2,2026-08-17T06:23:38Z
4900,2026-02-18T00:00:00.000Z,Winter Storm,200,Management Costs,107-99107-00,Z,Management Costs,Eligible,Obligated,Small,Tensas Parish,107,LA,22,1475.06,1475.06,1475.06,2026-06-08T00:00:00.000Z,2026-06-08T00:00:00.000Z,0,1068401,277679,2026-07-23T18:44:06.680Z,86a40e59b7670248848f78194f83c958fe7a044f,2026-02-18,2026-06-08,2026-06-08,2026-07-23T18:44:06Z,2026,02,1,2026,2026,110,0,true,Louisiana,6,Region 6 — Denton,Denton,"AR,LA,NM,OK,TX",22,107,22107,Management Costs,false,false,true,false,false,false,false,false,false,false,Winter weather,false,false,false,false,false,false,false,true,false,false,false,100.00,0.00,false,false,false,false,true,false,true,under_10k,https://www.fema.gov/api/open/v2/PublicAssistanceFundedProjectsDetails,https://www.fema.gov/openfema-data-page/public-assistance-funded-projects-details-v2,2026-08-17T06:23:38Z
4900,2026-02-18T00:00:00.000Z,Winter Storm,201,Management Costs - EAST CARROLL PARISH HOSPITAL,035-UO7P7-00,Z,Management Costs,Eligible,Obligated,Small,East Carroll Parish,035,LA,22,1217.78,1217.78,1217.78,2026-06-04T00:00:00.000Z,2026-06-04T00:00:00.000Z,0,1068411,277833,2026-07-23T18:44:06.680Z,6a409a6b6ecb487b9a1315c0807043b81cbce017,2026-02-18,2026-06-04,2026-06-04,2026-07-23T18:44:06Z,2026,02,1,2026,2026,106,0,true,Louisiana,6,Region 6 — Denton,Denton,"AR,LA,NM,OK,TX",22,035,22035,Management Costs,false,false,true,false,false,false,false,false,false,false,Winter weather,false,false,false,false,false,false,false,true,false,false,false,100.00,0.00,false,false,false,false,true,false,true,under_10k,https://www.fema.gov/api/open/v2/PublicAssistanceFundedProjectsDetails,https://www.fema.gov/openfema-data-page/public-assistance-funded-projects-details-v2,2026-08-17T06:23:38Z
4900,2026-02-18T00:00:00.000Z,Winter Storm,202,Management Costs- Jackson Sheriffs Office,049-US0D5-00,Z,Management Costs,Eligible,Obligated,Small,Jackson Parish,049,LA,22,2524.89,2524.89,2524.89,2026-06-04T00:00:00.000Z,2026-06-04T00:00:00.000Z,0,1068424,278106,2026-07-23T18:44:06.680Z,3dcb9c6ad5d2c1e08078f6b94bcb626ef7be0e51,2026-02-18,2026-06-04,2026-06-04,2026-07-23T18:44:06Z,2026,02,1,2026,2026,106,0,true,Louisiana,6,Region 6 — Denton,Denton,"AR,LA,NM,OK,TX",22,049,22049,Management Costs,false,false,true,false,false,false,false,false,false,false,Winter weather,false,false,false,false,false,false,false,true,false,false,false,100.00,0.00,false,false,false,false,true,false,true,under_10k,https://www.fema.gov/api/open/v2/PublicAssistanceFundedProjectsDetails,https://www.fema.gov/openfema-data-page/public-assistance-funded-projects-details-v2,2026-08-17T06:23:38Z
4900,2026-02-18T00:00:00.000Z,Winter Storm,203,Management Costs,041-UV9CZ-00,Z,Management Costs,Eligible,Obligated,Small,Franklin Parish,041,LA,22,1077.29,1077.29,1077.29,2026-06-05T00:00:00.000Z,2026-06-05T00:00:00.000Z,0,1068459,277680,2026-07-23T18:44:06.680Z,44934720afa2f23309b73f9ed93067827d4941eb,2026-02-18,2026-06-05,2026-06-05,2026-07-23T18:44:06Z,2026,02,1,2026,2026,107,0,true,Louisiana,6,Region 6 — Denton,Denton,"AR,LA,NM,OK,TX",22,041,22041,Management Costs,false,false,true,false,false,false,false,false,false,false,Winter weather,false,false,false,false,false,false,false,true,false,false,false,100.00,0.00,false,false,false,false,true,false,true,under_10k,https://www.fema.gov/api/open/v2/PublicAssistanceFundedProjectsDetails,https://www.fema.gov/openfema-data-page/public-assistance-funded-projects-details-v2,2026-08-17T06:23:38Z
4900,2026-02-18T00:00:00.000Z,Winter Storm,218,Lenwil Elementary School,073-0174E-00,E,Buildings and Equipment,Eligible,Obligated,Small,Ouachita Parish,073,LA,22,11542.59,8656.95,8656.95,2026-08-07T00:00:00.000Z,2026-08-07T00:00:00.000Z,37.92,1068495,277828,2026-08-12T15:21:33.184Z,c32fcb9d80120149fcfa5bfa44f7cdcd1880d1fa,2026-02-18,2026-08-07,2026-08-07,2026-08-12T15:21:33Z,2026,02,1,2026,2026,170,0,true,Louisiana,6,Region 6 — Denton,Denton,"AR,LA,NM,OK,TX",22,073,22073,Permanent Work,false,true,false,false,false,false,false,true,false,false,Winter weather,false,false,false,false,false,false,false,true,false,false,false,75.00,0.33,true,false,false,false,true,false,true,under_10k,https://www.fema.gov/api/open/v2/PublicAssistanceFundedProjectsDetails,https://www.fema.gov/openfema-data-page/public-assistance-funded-projects-details-v2,2026-08-17T06:23:38Z
4900,2026-02-18T00:00:00.000Z,Winter Storm,239,Management Costs,123-059A5-00,Z,Management Costs,Eligible,Obligated,Small,West Carroll Parish,123,LA,22,1116.49,1116.49,1116.49,2026-06-04T00:00:00.000Z,2026-06-04T00:00:00.000Z,0,1068562,277838,2026-07-23T18:44:06.680Z,76dffc82e9ff6aa9054e353b9c5143380f0160cc,2026-02-18,2026-06-04,2026-06-04,2026-07-23T18:44:06Z,2026,02,1,2026,2026,106,0,true,Louisiana,6,Region 6 — Denton,Denton,"AR,LA,NM,OK,TX",22,123,22123,Management Costs,false,false,true,false,false,false,false,false,false,false,Winter weather,false,false,false,false,false,false,false,true,false,false,false,100.00,0.00,false,false,false,false,true,false,true,under_10k,https://www.fema.gov/api/open/v2/PublicAssistanceFundedProjectsDetails,https://www.fema.gov/openfema-data-page/public-assistance-funded-projects-details-v2,2026-08-17T06:23:38Z
4900,2026-02-18T00:00:00.000Z,Winter Storm,240,Beekman -Main Building,067-017EF-00,E,Buildings and Equipment,Eligible,Obligated,Small,Morehouse Parish,067,LA,22,12253.95,9190.47,9190.47,2026-07-11T00:00:00.000Z,2026-07-11T00:00:00.000Z,12253.95,1068566,278215,2026-07-23T18:44:06.680Z,2e1bbae726ebd96433a026a670396dfb80cc6ce8,2026-02-18,2026-07-11,2026-07-11,2026-07-23T18:44:06Z,2026,02,1,2026,2026,143,0,true,Louisiana,6,Region 6 — Denton,Denton,"AR,LA,NM,OK,TX",22,067,22067,Permanent Work,false,true,false,false,false,false,false,true,false,false,Winter weather,false,false,false,false,false,false,false,true,false,false,false,75.00,100.00,true,false,false,false,true,false,true,under_10k,https://www.fema.gov/api/open/v2/PublicAssistanceFundedProjectsDetails,https://www.fema.gov/openfema-data-page/public-assistance-funded-projects-details-v2,2026-08-17T06:23:38Z
4900,2026-02-18T00:00:00.000Z,Winter Storm,243,Management Costs,061-UBPYY-00,Z,Management Costs,Eligible,Obligated,Small,Lincoln Parish,061,LA,22,4200.46,4200.46,4200.46,2026-06-11T00:00:00.000Z,2026-06-11T00:00:00.000Z,0,1068775,278109,2026-07-23T18:44:06.680Z,aa35f857896799f18ee3669a9301f17811e7982f,2026-02-18,2026-06-11,2026-06-11,2026-07-23T18:44:06Z,2026,02,1,2026,2026,113,0,true,Louisiana,6,Region 6 — Denton,Denton,"AR,LA,NM,OK,TX",22,061,22061,Management Costs,false,false,true,false,false,false,false,false,false,false,Winter weather,false,false,false,false,false,false,false,true,false,false,false,100.00,0.00,false,false,false,false,true,false,true,under_10k,https://www.fema.gov/api/open/v2/PublicAssistanceFundedProjectsDetails,https://www.fema.gov/openfema-data-page/public-assistance-funded-projects-details-v2,2026-08-17T06:23:38Z
4900,2026-02-18T00:00:00.000Z,Winter Storm,244,Madison Parish Management Costs,065-99065-00,Z,Management Costs,Eligible,Obligated,Small,Madison Parish,065,LA,22,8376.51,8376.51,8376.51,2026-06-10T00:00:00.000Z,2026-06-10T00:00:00.000Z,0,1068786,278110,2026-07-23T18:44:06.680Z,bd800af2e79e9531a02339117ad3a75eb76f98f9,2026-02-18,2026-06-10,2026-06-10,2026-07-23T18:44:06Z,2026,02,1,2026,2026,112,0,true,Louisiana,6,Region 6 — Denton,Denton,"AR,LA,NM,OK,TX",22,065,22065,Management Costs,false,false,true,false,false,false,false,false,false,false,Winter weather,false,false,false,false,false,false,false,true,false,false,false,100.00,0.00,false,false,false,false,true,false,true,under_10k,https://www.fema.gov/api/open/v2/PublicAssistanceFundedProjectsDetails,https://www.fema.gov/openfema-data-page/public-assistance-funded-projects-details-v2,2026-08-17T06:23:38Z
4900,2026-02-18T00:00:00.000Z,Winter Storm,250,Management Costs- Jackson Parish Police Jury,049-99049-00,Z,Management Costs,Eligible,Obligated,Small,Jackson Parish,049,LA,22,20675.77,20675.77,20675.77,2026-06-17T00:00:00.000Z,2026-06-17T00:00:00.000Z,0,1069048,278105,2026-07-23T18:44:06.680Z,f8b8ce1a55ddde371444589d0574e0cfc2f7cded,2026-02-18,2026-06-17,2026-06-17,2026-07-23T18:44:06Z,2026,02,1,2026,2026,119,0,true,Louisiana,6,Region 6 — Denton,Denton,"AR,LA,NM,OK,TX",22,049,22049,Management Costs,false,false,true,false,false,false,false,false,false,false,Winter weather,false,false,false,false,false,false,false,true,false,false,false,100.00,0.00,false,false,false,false,true,false,true,10k_to_100k,https://www.fema.gov/api/open/v2/PublicAssistanceFundedProjectsDetails,https://www.fema.gov/openfema-data-page/public-assistance-funded-projects-details-v2,2026-08-17T06:23:38Z
4900,2026-02-18T00:00:00.000Z,Winter Storm,251,Management Costs,067-57205-00,Z,Management Costs,Eligible,Obligated,Small,Morehouse Parish,067,LA,22,1000.07,1000.07,1000.07,2026-07-22T00:00:00.000Z,2026-07-22T00:00:00.000Z,0,1069167,277667,2026-07-23T18:44:06.680Z,e3b805a7c8e0f25c5cafcefa11198583e4f9c539,2026-02-18,2026-07-22,2026-07-22,2026-07-23T18:44:06Z,2026,02,1,2026,2026,154,0,true,Louisiana,6,Region 6 — Denton,Denton,"AR,LA,NM,OK,TX",22,067,22067,Management Costs,false,false,true,false,false,false,false,false,false,false,Winter weather,false,false,false,false,false,false,false,true,false,false,false,100.00,0.00,false,false,false,false,true,false,true,under_10k,https://www.fema.gov/api/open/v2/PublicAssistanceFundedProjectsDetails,https://www.fema.gov/openfema-data-page/public-assistance-funded-projects-details-v2,2026-08-17T06:23:38Z
4900,2026-02-18T00:00:00.000Z,Winter Storm,252,Management Costs- Jonesboro,049-38670-00,Z,Management Costs,Eligible,Obligated,Small,Jackson Parish,049,LA,22,6300.97,6300.97,6300.97,2026-06-23T00:00:00.000Z,2026-06-23T00:00:00.000Z,0,1069180,278116,2026-07-23T18:44:06.680Z,c3f79f8045dc4645e81c8264a714d835c9b7a2ac,2026-02-18,2026-06-23,2026-06-23,2026-07-23T18:44:06Z,2026,02,1,2026,2026,125,0,true,Louisiana,6,Region 6 — Denton,Denton,"AR,LA,NM,OK,TX",22,049,22049,Management Costs,false,false,true,false,false,false,false,false,false,false,Winter weather,false,false,false,false,false,false,false,true,false,false,false,100.00,0.00,false,false,false,false,true,false,true,under_10k,https://www.fema.gov/api/open/v2/PublicAssistanceFundedProjectsDetails,https://www.fema.gov/openfema-data-page/public-assistance-funded-projects-details-v2,2026-08-17T06:23:38Z
4900,2026-02-18T00:00:00.000Z,Winter Storm,253,Management Costs,041-28940-00,Z,Management Costs,Eligible,Obligated,Small,Franklin Parish,041,LA,22,765.1,765.1,765.1,2026-06-25T00:00:00.000Z,2026-06-25T00:00:00.000Z,0,1069182,278130,2026-07-23T18:44:06.680Z,6b6962e3cfadaa445bae5ec8fc12c150055e0edc,2026-02-18,2026-06-25,2026-06-25,2026-07-23T18:44:06Z,2026,02,1,2026,2026,127,0,true,Louisiana,6,Region 6 — Denton,Denton,"AR,LA,NM,OK,TX",22,041,22041,Management Costs,false,false,true,false,false,false,false,false,false,false,Winter weather,false,false,false,false,false,false,false,true,false,false,false,100.00,0.00,false,false,false,false,true,false,true,under_10k,https://www.fema.gov/api/open/v2/PublicAssistanceFundedProjectsDetails,https://www.fema.gov/openfema-data-page/public-assistance-funded-projects-details-v2,2026-08-17T06:23:38Z
4900,2026-02-18T00:00:00.000Z,Winter Storm,254,Management Costs,067-0560A-00,Z,Management Costs,Eligible,Obligated,Small,Morehouse Parish,067,LA,22,487.47,487.47,487.47,2026-06-25T00:00:00.000Z,2026-06-25T00:00:00.000Z,0,1069355,277810,2026-07-23T18:44:06.680Z,8b50cb11b181ce0eab92af9177917a94926b3fa3,2026-02-18,2026-06-25,2026-06-25,2026-07-23T18:44:06Z,2026,02,1,2026,2026,127,0,true,Louisiana,6,Region 6 — Denton,Denton,"AR,LA,NM,OK,TX",22,067,22067,Management Costs,false,false,true,false,false,false,false,false,false,false,Winter weather,false,false,false,false,false,false,false,true,false,false,false,100.00,0.00,false,false,false,false,true,false,true,under_10k,https://www.fema.gov/api/open/v2/PublicAssistanceFundedProjectsDetails,https://www.fema.gov/openfema-data-page/public-assistance-funded-projects-details-v2,2026-08-17T06:23:38Z
4900,2026-02-18T00:00:00.000Z,Winter Storm,255,Management Costs,021-02895-00,Z,Management Costs,Eligible,Obligated,Small,Caldwell Parish,021,LA,22,2252.58,2252.58,2252.58,2026-06-30T00:00:00.000Z,2026-06-30T00:00:00.000Z,0,1069377,278098,2026-07-23T18:44:06.680Z,810c704f9c090350361b569325385b0cd0697228,2026-02-18,2026-06-30,2026-06-30,2026-07-23T18:44:06Z,2026,02,1,2026,2026,132,0,true,Louisiana,6,Region 6 — Denton,Denton,"AR,LA,NM,OK,TX",22,021,22021,Management Costs,false,false,true,false,false,false,false,false,false,false,Winter weather,false,false,false,false,false,false,false,true,false,false,false,100.00,0.00,false,false,false,false,true,false,true,under_10k,https://www.fema.gov/api/open/v2/PublicAssistanceFundedProjectsDetails,https://www.fema.gov/openfema-data-page/public-assistance-funded-projects-details-v2,2026-08-17T06:23:38Z
4900,2026-02-18T00:00:00.000Z,Winter Storm,256,Management Costs,035-05C0D-00,Z,Management Costs,Eligible,Obligated,Small,East Carroll Parish,035,LA,22,1195.37,1195.37,1195.37,2026-06-30T00:00:00.000Z,2026-06-30T00:00:00.000Z,0,1069461,277809,2026-07-23T18:44:06.680Z,c81a306fb0759d8219e447a4757cf183f99b96b5,2026-02-18,2026-06-30,2026-06-30,2026-07-23T18:44:06Z,2026,02,1,2026,2026,132,0,true,Louisiana,6,Region 6 — Denton,Denton,"AR,LA,NM,OK,TX",22,035,22035,Management Costs,false,false,true,false,false,false,false,false,false,false,Winter weather,false,false,false,false,false,false,false,true,false,false,false,100.00,0.00,false,false,false,false,true,false,true,under_10k,https://www.fema.gov/api/open/v2/PublicAssistanceFundedProjectsDetails,https://www.fema.gov/openfema-data-page/public-assistance-funded-projects-details-v2,2026-08-17T06:23:38Z
4900,2026-02-18T00:00:00.000Z,Winter Storm,257,Management Costs,049-35100-00,Z,Management Costs,Eligible,Obligated,Small,Jackson Parish,049,LA,22,5731.33,5731.33,5731.33,2026-07-08T00:00:00.000Z,2026-07-08T00:00:00.000Z,0,1069464,278124,2026-07-23T18:44:06.680Z,ea3f1111d0ea72b90b305060136c0c7ea8864d2e,2026-02-18,2026-07-08,2026-07-08,2026-07-23T18:44:06Z,2026,02,1,2026,2026,140,0,true,Louisiana,6,Region 6 — Denton,Denton,"AR,LA,NM,OK,TX",22,049,22049,Management Costs,false,false,true,false,false,false,false,false,false,false,Winter weather,false,false,false,false,false,false,false,true,false,false,false,100.00,0.00,false,false,false,false,true,false,true,under_10k,https://www.fema.gov/api/open/v2/PublicAssistanceFundedProjectsDetails,https://www.fema.gov/openfema-data-page/public-assistance-funded-projects-details-v2,2026-08-17T06:23:38Z
4900,2026-02-18T00:00:00.000Z,Winter Storm,258,Management Costs,111-05886-00,Z,Management Costs,Eligible,Obligated,Small,Union Parish,111,LA,22,5423.78,5423.78,5423.78,2026-06-30T00:00:00.000Z,2026-06-30T00:00:00.000Z,0,1069534,278119,2026-07-23T18:44:06.680Z,bda4151ff0826a1e8148c67f514d8681b19acf74,2026-02-18,2026-06-30,2026-06-30,2026-07-23T18:44:06Z,2026,02,1,2026,2026,132,0,true,Louisiana,6,Region 6 — Denton,Denton,"AR,LA,NM,OK,TX",22,111,22111,Management Costs,false,false,true,false,false,false,false,false,false,false,Winter weather,false,false,false,false,false,false,false,true,false,false,false,100.00,0.00,false,false,false,false,true,false,true,under_10k,https://www.fema.gov/api/open/v2/PublicAssistanceFundedProjectsDetails,https://www.fema.gov/openfema-data-page/public-assistance-funded-projects-details-v2,2026-08-17T06:23:38Z
4900,2026-02-18T00:00:00.000Z,Winter Storm,259,Management Costs,067-05609-00,Z,Management Costs,Eligible,Obligated,Small,Morehouse Parish,067,LA,22,10219.8,10219.8,10219.8,2026-07-08T00:00:00.000Z,2026-07-08T00:00:00.000Z,0,1069668,277875,2026-07-23T18:44:06.680Z,1b39dadd404873b1cbb74746db5eba49965b2bb2,2026-02-18,2026-07-08,2026-07-08,2026-07-23T18:44:06Z,2026,02,1,2026,2026,140,0,true,Louisiana,6,Region 6 — Denton,Denton,"AR,LA,NM,OK,TX",22,067,22067,Management Costs,false,false,true,false,false,false,false,false,false,false,Winter weather,false,false,false,false,false,false,false,true,false,false,false,100.00,0.00,false,false,false,false,true,false,true,10k_to_100k,https://www.fema.gov/api/open/v2/PublicAssistanceFundedProjectsDetails,https://www.fema.gov/openfema-data-page/public-assistance-funded-projects-details-v2,2026-08-17T06:23:38Z
4900,2026-02-18T00:00:00.000Z,Winter Storm,260,Management Costs-Quitman Fire Protection District #1,049-UAOBP-00,Z,Management Costs,Eligible,Obligated,Small,Jackson Parish,049,LA,22,2277,2277,2277,2026-07-09T00:00:00.000Z,2026-07-09T00:00:00.000Z,0,1069890,278113,2026-07-23T18:44:06.680Z,4a36ba354d23bec06012fe61df6bd72cfd6bb46d,2026-02-18,2026-07-09,2026-07-09,2026-07-23T18:44:06Z,2026,02,1,2026,2026,141,0,true,Louisiana,6,Region 6 — Denton,Denton,"AR,LA,NM,OK,TX",22,049,22049,Management Costs,false,false,true,false,false,false,false,false,false,false,Winter weather,false,false,false,false,false,false,false,true,false,false,false,100.00,0.00,false,false,false,false,true,false,true,under_10k,https://www.fema.gov/api/open/v2/PublicAssistanceFundedProjectsDetails,https://www.fema.gov/openfema-data-page/public-assistance-funded-projects-details-v2,2026-08-17T06:23:38Z
4900,2026-02-18T00:00:00.000Z,Winter Storm,261,Richmond Management Costs,065-64590-00,Z,Management Costs,Eligible,Obligated,Small,Madison Parish,065,LA,22,2041.57,2041.57,2041.57,2026-07-08T00:00:00.000Z,2026-07-08T00:00:00.000Z,0,1069892,278125,2026-07-23T18:44:06.680Z,57a701cedc51a21e1a63d5ec2926b898e13481dd,2026-02-18,2026-07-08,2026-07-08,2026-07-23T18:44:06Z,2026,02,1,2026,2026,140,0,true,Louisiana,6,Region 6 — Denton,Denton,"AR,LA,NM,OK,TX",22,065,22065,Management Costs,false,false,true,false,false,false,false,false,false,false,Winter weather,false,false,false,false,false,false,false,true,false,false,false,100.00,0.00,false,false,false,false,true,false,true,under_10k,https://www.fema.gov/api/open/v2/PublicAssistanceFundedProjectsDetails,https://www.fema.gov/openfema-data-page/public-assistance-funded-projects-details-v2,2026-08-17T06:23:38Z
4900,2026-02-18T00:00:00.000Z,Winter Storm,262,Richland Parish Sheriff's Office Management Costs,083-03BD8-00,Z,Management Costs,Eligible,Obligated,Small,Richland Parish,083,LA,22,10535.72,10535.72,10535.72,2026-07-09T00:00:00.000Z,2026-07-09T00:00:00.000Z,0,1069923,277654,2026-07-23T18:44:06.680Z,473901fc83e85bc79a689bbd71518deaae411001,2026-02-18,2026-07-09,2026-07-09,2026-07-23T18:44:06Z,2026,02,1,2026,2026,141,0,true,Louisiana,6,Region 6 — Denton,Denton,"AR,LA,NM,OK,TX",22,083,22083,Management Costs,false,false,true,false,false,false,false,false,false,false,Winter weather,false,false,false,false,false,false,false,true,false,false,false,100.00,0.00,false,false,false,false,true,false,true,10k_to_100k,https://www.fema.gov/api/open/v2/PublicAssistanceFundedProjectsDetails,https://www.fema.gov/openfema-data-page/public-assistance-funded-projects-details-v2,2026-08-17T06:23:38Z
4900,2026-02-18T00:00:00.000Z,Winter Storm,264,Downsville Community Charter School -Management Costs,111-USS4U-00,Z,Management Costs,Eligible,Obligated,Small,Union Parish,111,LA,22,500,500,500,2026-07-18T00:00:00.000Z,2026-07-18T00:00:00.000Z,0,1070176,278104,2026-07-23T18:44:06.680Z,d6ae9fa0c0a089920029889f5f255af112ad7101,2026-02-18,2026-07-18,2026-07-18,2026-07-23T18:44:06Z,2026,02,1,2026,2026,150,0,true,Louisiana,6,Region 6 — Denton,Denton,"AR,LA,NM,OK,TX",22,111,22111,Management Costs,false,false,true,false,false,false,false,false,false,false,Winter weather,false,false,false,false,false,false,false,true,false,false,false,100.00,0.00,false,false,false,false,true,false,true,under_10k,https://www.fema.gov/api/open/v2/PublicAssistanceFundedProjectsDetails,https://www.fema.gov/openfema-data-page/public-assistance-funded-projects-details-v2,2026-08-17T06:23:38Z
4900,2026-02-18T00:00:00.000Z,Winter Storm,265,"Beekman Alumni and Friends, Inc-Management Costs",067-017EF-00,Z,Management Costs,Eligible,Obligated,Small,Morehouse Parish,067,LA,22,2360.87,2360.87,2360.87,2026-07-21T00:00:00.000Z,2026-07-21T00:00:00.000Z,0,1070181,278215,2026-07-23T18:44:06.680Z,ec2279cded43cecbab2c1a6111d2e80e9af6c123,2026-02-18,2026-07-21,2026-07-21,2026-07-23T18:44:06Z,2026,02,1,2026,2026,153,0,true,Louisiana,6,Region 6 — Denton,Denton,"AR,LA,NM,OK,TX",22,067,22067,Management Costs,false,false,true,false,false,false,false,false,false,false,Winter weather,false,false,false,false,false,false,false,true,false,false,false,100.00,0.00,false,false,false,false,true,false,true,under_10k,https://www.fema.gov/api/open/v2/PublicAssistanceFundedProjectsDetails,https://www.fema.gov/openfema-data-page/public-assistance-funded-projects-details-v2,2026-08-17T06:23:38Z
4900,2026-02-18T00:00:00.000Z,Winter Storm,266,City of Monroe Louisiana Purchase Gardens & Zoo,073-51410-00,G,"Parks, Recreational Facilities, and Other Items",Eligible,Obligated,Small,Ouachita Parish,073,LA,22,7234.33,5425.75,5425.75,2026-08-03T00:00:00.000Z,2026-08-03T00:00:00.000Z,0,1070182,277799,2026-08-04T15:17:13.615Z,cfe3c372aa0391b7ad42f5e8e0582e30f3d06073,2026-02-18,2026-08-03,2026-08-03,2026-08-04T15:17:13Z,2026,02,1,2026,2026,166,0,true,Louisiana,6,Region 6 — Denton,Denton,"AR,LA,NM,OK,TX",22,073,22073,Permanent Work,false,true,false,false,false,false,false,false,false,true,Winter weather,false,false,false,false,false,false,false,true,false,false,false,75.00,0.00,false,false,false,false,true,false,true,under_10k,https://www.fema.gov/api/open/v2/PublicAssistanceFundedProjectsDetails,https://www.fema.gov/openfema-data-page/public-assistance-funded-projects-details-v2,2026-08-17T06:23:38Z
4900,2026-02-18T00:00:00.000Z,Winter Storm,267,City of Monroe Citywide Parks Project,073-51410-00,G,"Parks, Recreational Facilities, and Other Items",Eligible,Obligated,Small,Ouachita Parish,073,LA,22,4917.96,3688.47,3688.47,2026-07-29T00:00:00.000Z,2026-07-29T00:00:00.000Z,0,1070184,277799,2026-07-30T15:10:03.208Z,c44d792948732a0eeba3af3d6b534b8432101042,2026-02-18,2026-07-29,2026-07-29,2026-07-30T15:10:03Z,2026,02,1,2026,2026,161,0,true,Louisiana,6,Region 6 — Denton,Denton,"AR,LA,NM,OK,TX",22,073,22073,Permanent Work,false,true,false,false,false,false,false,false,false,true,Winter weather,false,false,false,false,false,false,false,true,false,false,false,75.00,0.00,false,false,false,false,true,false,true,under_10k,https://www.fema.gov/api/open/v2/PublicAssistanceFundedProjectsDetails,https://www.fema.gov/openfema-data-page/public-assistance-funded-projects-details-v2,2026-08-17T06:23:38Z
4900,2026-02-18T00:00:00.000Z,Winter Storm,268,Monroe City Buildings,073-51410-00,E,Buildings and Equipment,Eligible,Obligated,Small,Ouachita Parish,073,LA,22,4797.28,3597.96,3597.96,2026-07-22T00:00:00.000Z,2026-07-22T00:00:00.000Z,0,1070185,277799,2026-07-23T18:44:06.680Z,54e68cb64e5a60b5bc6ffbe5218a2276081e3087,2026-02-18,2026-07-22,2026-07-22,2026-07-23T18:44:06Z,2026,02,1,2026,2026,154,0,true,Louisiana,6,Region 6 — Denton,Denton,"AR,LA,NM,OK,TX",22,073,22073,Permanent Work,false,true,false,false,false,false,false,true,false,false,Winter weather,false,false,false,false,false,false,false,true,false,false,false,75.00,0.00,false,false,false,false,true,false,true,under_10k,https://www.fema.gov/api/open/v2/PublicAssistanceFundedProjectsDetails,https://www.fema.gov/openfema-data-page/public-assistance-funded-projects-details-v2,2026-08-17T06:23:38Z
4900,2026-02-18T00:00:00.000Z,Winter Storm,269,Richwood Town of Debris Removal Management Costs,073-64660-00,Z,Management Costs,Eligible,Obligated,Small,Ouachita Parish,073,LA,22,3167.47,3167.47,3167.47,2026-07-27T00:00:00.000Z,2026-07-27T00:00:00.000Z,0,1070193,278024,2026-07-28T15:17:24.735Z,4c581b00dfceb32a8ac6aa20792c7e89773315b0,2026-02-18,2026-07-27,2026-07-27,2026-07-28T15:17:24Z,2026,02,1,2026,2026,159,0,true,Louisiana,6,Region 6 — Denton,Denton,"AR,LA,NM,OK,TX",22,073,22073,Management Costs,false,false,true,false,false,false,false,false,false,false,Winter weather,false,false,false,false,false,false,false,true,false,false,false,100.00,0.00,false,false,false,false,true,false,true,under_10k,https://www.fema.gov/api/open/v2/PublicAssistanceFundedProjectsDetails,https://www.fema.gov/openfema-data-page/public-assistance-funded-projects-details-v2,2026-08-17T06:23:38Z
4900,2026-02-18T00:00:00.000Z,Winter Storm,270,Management Costs,021-05E33-00,Z,Management Costs,Eligible,Obligated,Small,Caldwell Parish,021,LA,22,11121.87,11121.87,11121.87,2026-07-20T00:00:00.000Z,2026-07-20T00:00:00.000Z,0,1070198,278089,2026-07-23T18:44:06.680Z,29b5f3f70f9a133891d7fb0d884e067a152a5618,2026-02-18,2026-07-20,2026-07-20,2026-07-23T18:44:06Z,2026,02,1,2026,2026,152,0,true,Louisiana,6,Region 6 — Denton,Denton,"AR,LA,NM,OK,TX",22,021,22021,Management Costs,false,false,true,false,false,false,false,false,false,false,Winter weather,false,false,false,false,false,false,false,true,false,false,false,100.00,0.00,false,false,false,false,true,false,true,10k_to_100k,https://www.fema.gov/api/open/v2/PublicAssistanceFundedProjectsDetails,https://www.fema.gov/openfema-data-page/public-assistance-funded-projects-details-v2,2026-08-17T06:23:38Z
4900,2026-02-18T00:00:00.000Z,Winter Storm,271,Bastrop High School Campus-Morehouse,067-01811-00,E,Buildings and Equipment,Eligible,Obligated,Small,Morehouse Parish,067,LA,22,8476.31,6357.24,6357.24,2026-08-07T00:00:00.000Z,2026-08-07T00:00:00.000Z,72.8,1070273,277813,2026-08-12T15:21:33.184Z,7017dd3f7b433e6238bebaf8b8891f803359d1b0,2026-02-18,2026-08-07,2026-08-07,2026-08-12T15:21:33Z,2026,02,1,2026,2026,170,0,true,Louisiana,6,Region 6 — Denton,Denton,"AR,LA,NM,OK,TX",22,067,22067,Permanent Work,false,true,false,false,false,false,false,true,false,false,Winter weather,false,false,false,false,false,false,false,true,false,false,false,75.00,0.86,true,false,false,false,true,false,true,under_10k,https://www.fema.gov/api/open/v2/PublicAssistanceFundedProjectsDetails,https://www.fema.gov/openfema-data-page/public-assistance-funded-projects-details-v2,2026-08-17T06:23:38Z
4900,2026-02-18T00:00:00.000Z,Winter Storm,272,Lincoln Parish - Management Costs,061-99061-00,Z,Management Costs,Eligible,Obligated,Small,Lincoln Parish,061,LA,22,1236.58,1236.58,1236.58,2026-07-20T00:00:00.000Z,2026-07-20T00:00:00.000Z,0,1070384,278107,2026-07-23T18:44:06.680Z,2202fdf7812b7f416882e0522b8d682c0bf4480d,2026-02-18,2026-07-20,2026-07-20,2026-07-23T18:44:06Z,2026,02,1,2026,2026,152,0,true,Louisiana,6,Region 6 — Denton,Denton,"AR,LA,NM,OK,TX",22,061,22061,Management Costs,false,false,true,false,false,false,false,false,false,false,Winter weather,false,false,false,false,false,false,false,true,false,false,false,100.00,0.00,false,false,false,false,true,false,true,under_10k,https://www.fema.gov/api/open/v2/PublicAssistanceFundedProjectsDetails,https://www.fema.gov/openfema-data-page/public-assistance-funded-projects-details-v2,2026-08-17T06:23:38Z
4900,2026-02-18T00:00:00.000Z,Winter Storm,275,Mansfield Public Safety Generator Repairs,031-48365-00,E,Buildings and Equipment,Eligible,Obligated,Small,De Soto Parish,031,LA,22,4207,3155.25,3155.25,2026-08-07T00:00:00.000Z,2026-08-07T00:00:00.000Z,0,1070651,278063,2026-08-12T15:21:33.184Z,bb00da6ff15cb7585b517e579e5335f1ebfcbef9,2026-02-18,2026-08-07,2026-08-07,2026-08-12T15:21:33Z,2026,02,1,2026,2026,170,0,true,Louisiana,6,Region 6 — Denton,Denton,"AR,LA,NM,OK,TX",22,031,22031,Permanent Work,false,true,false,false,false,false,false,true,false,false,Winter weather,false,false,false,false,false,false,false,true,false,false,false,75.00,0.00,false,false,false,false,true,false,true,under_10k,https://www.fema.gov/api/open/v2/PublicAssistanceFundedProjectsDetails,https://www.fema.gov/openfema-data-page/public-assistance-funded-projects-details-v2,2026-08-17T06:23:38Z
4900,2026-02-18T00:00:00.000Z,Winter Storm,276,Management Costs,073-U6YBX-00,Z,Management Costs,Eligible,Obligated,Small,Ouachita Parish,073,LA,22,3455.94,3455.94,3455.94,2026-08-03T00:00:00.000Z,2026-08-03T00:00:00.000Z,0,1070653,277910,2026-08-04T15:17:13.615Z,dae439e4facd0f5abe2bd43535077a501043fd98,2026-02-18,2026-08-03,2026-08-03,2026-08-04T15:17:13Z,2026,02,1,2026,2026,166,0,true,Louisiana,6,Region 6 — Denton,Denton,"AR,LA,NM,OK,TX",22,073,22073,Management Costs,false,false,true,false,false,false,false,false,false,false,Winter weather,false,false,false,false,false,false,false,true,false,false,false,100.00,0.00,false,false,false,false,true,false,true,under_10k,https://www.fema.gov/api/open/v2/PublicAssistanceFundedProjectsDetails,https://www.fema.gov/openfema-data-page/public-assistance-funded-projects-details-v2,2026-08-17T06:23:38Z
4900,2026-02-18T00:00:00.000Z,Winter Storm,278,Management Costs,035-05C2E-00,Z,Management Costs,Eligible,Obligated,Small,East Carroll Parish,035,LA,22,3775.77,3775.77,3775.77,2026-08-03T00:00:00.000Z,2026-08-03T00:00:00.000Z,0,1070891,277773,2026-08-04T15:17:13.615Z,f4199e128c6314b4a12afa9a96a10a03db36ee97,2026-02-18,2026-08-03,2026-08-03,2026-08-04T15:17:13Z,2026,02,1,2026,2026,166,0,true,Louisiana,6,Region 6 — Denton,Denton,"AR,LA,NM,OK,TX",22,035,22035,Management Costs,false,false,true,false,false,false,false,false,false,false,Winter weather,false,false,false,false,false,false,false,true,false,false,false,100.00,0.00,false,false,false,false,true,false,true,under_10k,https://www.fema.gov/api/open/v2/PublicAssistanceFundedProjectsDetails,https://www.fema.gov/openfema-data-page/public-assistance-funded-projects-details-v2,2026-08-17T06:23:38Z
4900,2026-02-18T00:00:00.000Z,Winter Storm,284,"EPM - West Monroe, City of - CITY WIDE 2",073-80955-00,B,Emergency Protective Measures,Eligible,Obligated,Small,Ouachita Parish,073,LA,22,19042.14,14281.61,14281.61,2026-08-11T00:00:00.000Z,2026-08-11T00:00:00.000Z,0,1071379,277800,2026-08-12T15:21:33.184Z,d1bb81a9b7dbb9a7679908e58fd1d17abede4bbc,2026-02-18,2026-08-11,2026-08-11,2026-08-12T15:21:33Z,2026,02,1,2026,2026,174,0,true,Louisiana,6,Region 6 — Denton,Denton,"AR,LA,NM,OK,TX",22,073,22073,Emergency Work,true,false,false,false,true,false,false,false,false,false,Winter weather,false,false,false,false,false,false,false,true,false,false,false,75.00,0.00,false,false,false,false,true,false,true,10k_to_100k,https://www.fema.gov/api/open/v2/PublicAssistanceFundedProjectsDetails,https://www.fema.gov/openfema-data-page/public-assistance-funded-projects-details-v2,2026-08-17T06:23:38Z
4900,2026-02-18T00:00:00.000Z,Winter Storm,285,Management Costs,021-31250-00,Z,Management Costs,Eligible,Obligated,Small,Caldwell Parish,021,LA,22,406.74,406.74,406.74,2026-08-13T00:00:00.000Z,2026-08-13T00:00:00.000Z,0,1071484,278122,2026-08-14T15:18:32.006Z,925c32e3ba901b3bc761bf2021856fdb63598ce1,2026-02-18,2026-08-13,2026-08-13,2026-08-14T15:18:32Z,2026,02,1,2026,2026,176,0,true,Louisiana,6,Region 6 — Denton,Denton,"AR,LA,NM,OK,TX",22,021,22021,Management Costs,false,false,true,false,false,false,false,false,false,false,Winter weather,false,false,false,false,false,false,false,true,false,false,false,100.00,0.00,false,false,false,false,true,false,true,under_10k,https://www.fema.gov/api/open/v2/PublicAssistanceFundedProjectsDetails,https://www.fema.gov/openfema-data-page/public-assistance-funded-projects-details-v2,2026-08-17T06:23:38Z
4899,2026-02-06T00:00:00.000Z,Winter Storm,1,DR4899MS- Oxford City- Building Generators,071-54840-00,B,Emergency Protective Measures,Eligible,Obligated,Small,Lafayette County,071,MS,28,36615.54,27461.66,27461.66,2026-03-12T00:00:00.000Z,2026-03-12T00:00:00.000Z,0,1065494,277559,2026-07-23T18:44:06.680Z,02ae98d98f7528608b81417bf636e4dd8e572061,2026-02-06,2026-03-12,2026-03-12,2026-07-23T18:44:06Z,2026,02,1,2026,2026,34,0,true,Mississippi,4,Region 4 — Atlanta,Atlanta,"AL,FL,GA,KY,MS,NC,SC,TN",28,071,28071,Emergency Work,true,false,false,false,true,false,false,false,false,false,Winter weather,false,false,false,false,false,false,false,true,false,false,false,75.00,0.00,false,false,false,false,true,false,true,10k_to_100k,https://www.fema.gov/api/open/v2/PublicAssistanceFundedProjectsDetails,https://www.fema.gov/openfema-data-page/public-assistance-funded-projects-details-v2,2026-08-17T06:23:38Z
4899,2026-02-06T00:00:00.000Z,Winter Storm,2,DR4899MS- Oxford City- Contract Cut and Push- Work Completed,071-54840-00,B,Emergency Protective Measures,Eligible,Obligated,Small,Lafayette County,071,MS,28,184875,138656.25,138656.25,2026-04-20T00:00:00.000Z,2026-04-20T00:00:00.000Z,0,1065495,277559,2026-07-23T18:44:06.680Z,daa128ca933d57932e3577265b30bfc68ffa2102,2026-02-06,2026-04-20,2026-04-20,2026-07-23T18:44:06Z,2026,02,1,2026,2026,73,0,true,Mississippi,4,Region 4 — Atlanta,Atlanta,"AL,FL,GA,KY,MS,NC,SC,TN",28,071,28071,Emergency Work,true,false,false,false,true,false,false,false,false,false,Winter weather,false,false,false,false,false,false,false,true,false,false,false,75.00,0.00,false,false,false,false,true,false,true,100k_to_1m,https://www.fema.gov/api/open/v2/PublicAssistanceFundedProjectsDetails,https://www.fema.gov/openfema-data-page/public-assistance-funded-projects-details-v2,2026-08-17T06:23:38Z
4899,2026-02-06T00:00:00.000Z,Winter Storm,3,DR4899MS- Oxford City- Debris Contract Work Completed thru 2/28/26,071-54840-00,A,Debris Removal,Eligible,Project Closed Out,Large,Lafayette County,071,MS,28,6285085.81,4713814.36,4713814.36,2026-04-25T00:00:00.000Z,2026-04-25T00:00:00.000Z,0,1065496,277559,2026-08-04T06:55:09.142Z,98e7d15dd34acebf03aa1b6382bf9d48b5e2816e,2026-02-06,2026-04-25,2026-04-25,2026-08-04T06:55:09Z,2026,02,1,2026,2026,78,0,true,Mississippi,4,Region 4 — Atlanta,Atlanta,"AL,FL,GA,KY,MS,NC,SC,TN",28,071,28071,Emergency Work,true,false,false,true,false,false,false,false,false,false,Winter weather,false,false,false,false,false,false,false,true,false,false,false,75.00,0.00,false,false,false,true,false,true,true,1m_to_10m,https://www.fema.gov/api/open/v2/PublicAssistanceFundedProjectsDetails,https://www.fema.gov/openfema-data-page/public-assistance-funded-projects-details-v2,2026-08-17T06:23:38Z
4899,2026-02-06T00:00:00.000Z,Winter Storm,5,4899 Batesville Fixed/Owned Generators,107-03620-00,B,Emergency Protective Measures,Eligible,Obligated,Small,Panola County,107,MS,28,200571.29,150428.47,150428.47,2026-04-20T00:00:00.000Z,2026-04-20T00:00:00.000Z,0,1065505,277628,2026-07-23T18:44:06.680Z,ec16765dee53f7ef6cb0eaa6e394224158ca993c,2026-02-06,2026-04-20,2026-04-20,2026-07-23T18:44:06Z,2026,02,1,2026,2026,73,0,true,Mississippi,4,Region 4 — Atlanta,Atlanta,"AL,FL,GA,KY,MS,NC,SC,TN",28,107,28107,Emergency Work,true,false,false,false,true,false,false,false,false,false,Winter weather,false,false,false,false,false,false,false,true,false,false,false,75.00,0.00,false,false,false,false,true,false,true,100k_to_1m,https://www.fema.gov/api/open/v2/PublicAssistanceFundedProjectsDetails,https://www.fema.gov/openfema-data-page/public-assistance-funded-projects-details-v2,2026-08-17T06:23:38Z
4899,2026-02-06T00:00:00.000Z,Winter Storm,6,EPM Generators,145-UFB3B-00,B,Emergency Protective Measures,Eligible,Obligated,Small,Union County,145,MS,28,6695.91,5021.94,5021.94,2026-03-12T00:00:00.000Z,2026-03-12T00:00:00.000Z,0,1065514,277660,2026-07-23T18:44:06.680Z,b050a91f3cc97ddb080d832c56f700b1213d97f9,2026-02-06,2026-03-12,2026-03-12,2026-07-23T18:44:06Z,2026,02,1,2026,2026,34,0,true,Mississippi,4,Region 4 — Atlanta,Atlanta,"AL,FL,GA,KY,MS,NC,SC,TN",28,145,28145,Emergency Work,true,false,false,false,true,false,false,false,false,false,Winter weather,false,false,false,false,false,false,false,true,false,false,false,75.00,0.00,false,false,false,false,true,false,true,under_10k,https://www.fema.gov/api/open/v2/PublicAssistanceFundedProjectsDetails,https://www.fema.gov/openfema-data-page/public-assistance-funded-projects-details-v2,2026-08-17T06:23:38Z
4899,2026-02-06T00:00:00.000Z,Winter Storm,7,4899 - Alcorn County - CAT A - Contract Debris Removal Thru 2/28/2026,003-99003-00,A,Debris Removal,Eligible,Obligated,Large,Alcorn County,003,MS,28,6346421.68,4759816.26,4759816.26,2026-07-17T00:00:00.000Z,2026-07-17T00:00:00.000Z,0,1065516,277618,2026-07-23T18:44:06.680Z,f0c7685868e58a38693ba081915a929ad0d31ff1,2026-02-06,2026-07-17,2026-07-17,2026-07-23T18:44:06Z,2026,02,1,2026,2026,161,0,true,Mississippi,4,Region 4 — Atlanta,Atlanta,"AL,FL,GA,KY,MS,NC,SC,TN",28,003,28003,Emergency Work,true,false,false,true,false,false,false,false,false,false,Winter weather,false,false,false,false,false,false,false,true,false,false,false,75.00,0.00,false,false,false,true,false,false,true,1m_to_10m,https://www.fema.gov/api/open/v2/PublicAssistanceFundedProjectsDetails,https://www.fema.gov/openfema-data-page/public-assistance-funded-projects-details-v2,2026-08-17T06:23:38Z
4899,2026-02-06T00:00:00.000Z,Winter Storm,8,4899 Alcorn County Generators (Work Completed),003-99003-00,B,Emergency Protective Measures,Eligible,Obligated,Small,Alcorn County,003,MS,28,12006,9004.5,9004.5,2026-03-30T00:00:00.000Z,2026-03-30T00:00:00.000Z,0,1065517,277618,2026-07-23T18:44:06.680Z,66764f8bc46d280ad13b774e7d5912262304afb9,2026-02-06,2026-03-30,2026-03-30,2026-07-23T18:44:06Z,2026,02,1,2026,2026,52,0,true,Mississippi,4,Region 4 — Atlanta,Atlanta,"AL,FL,GA,KY,MS,NC,SC,TN",28,003,28003,Emergency Work,true,false,false,false,true,false,false,false,false,false,Winter weather,false,false,false,false,false,false,false,true,false,false,false,75.00,0.00,false,false,false,false,true,false,true,under_10k,https://www.fema.gov/api/open/v2/PublicAssistanceFundedProjectsDetails,https://www.fema.gov/openfema-data-page/public-assistance-funded-projects-details-v2,2026-08-17T06:23:38Z
4899,2026-02-06T00:00:00.000Z,Winter Storm,9,Yalobusha County - WC Debris Removal thru 02-28-26,161-99161-00,A,Debris Removal,Eligible,Obligated,Large,Yalobusha County,161,MS,28,2583395.51,1937546.64,1937546.64,2026-04-17T00:00:00.000Z,2026-04-17T00:00:00.000Z,0,1065523,277590,2026-07-23T18:44:06.680Z,4ec7a6a6e88fb90d50ac9ea544e60c1ef378f6e0,2026-02-06,2026-04-17,2026-04-17,2026-07-23T18:44:06Z,2026,02,1,2026,2026,70,0,true,Mississippi,4,Region 4 — Atlanta,Atlanta,"AL,FL,GA,KY,MS,NC,SC,TN",28,161,28161,Emergency Work,true,false,false,true,false,false,false,false,false,false,Winter weather,false,false,false,false,false,false,false,true,false,false,false,75.00,0.00,false,false,false,true,false,false,true,1m_to_10m,https://www.fema.gov/api/open/v2/PublicAssistanceFundedProjectsDetails,https://www.fema.gov/openfema-data-page/public-assistance-funded-projects-details-v2,2026-08-17T06:23:38Z
4899,2026-02-06T00:00:00.000Z,Winter Storm,10,DR4899MS- Oxford City- EPM Shelter Contract Costs (Cotton)- Work Completed,071-54840-00,B,Emergency Protective Measures,Eligible,Obligated,Small,Lafayette County,071,MS,28,161398,121048.5,121048.5,2026-04-20T00:00:00.000Z,2026-04-20T00:00:00.000Z,0,1065524,277559,2026-07-23T18:44:06.680Z,40b3bf8dd706517e48878d7441f37153545063d3,2026-02-06,2026-04-20,2026-04-20,2026-07-23T18:44:06Z,2026,02,1,2026,2026,73,0,true,Mississippi,4,Region 4 — Atlanta,Atlanta,"AL,FL,GA,KY,MS,NC,SC,TN",28,071,28071,Emergency Work,true,false,false,false,true,false,false,false,false,false,Winter weather,false,false,false,false,false,false,false,true,false,false,false,75.00,0.00,false,false,false,false,true,false,true,100k_to_1m,https://www.fema.gov/api/open/v2/PublicAssistanceFundedProjectsDetails,https://www.fema.gov/openfema-data-page/public-assistance-funded-projects-details-v2,2026-08-17T06:23:38Z
4899,2026-02-06T00:00:00.000Z,Winter Storm,12,DR4899MS- Oxford Utilities- Generators- Work Completed,071-013C6-00,B,Emergency Protective Measures,Eligible,Pending Closeout Completion,Small,Lafayette County,071,MS,28,266174.47,199630.86,199630.86,2026-04-20T00:00:00.000Z,2026-04-20T00:00:00.000Z,0,1065528,277649,2026-07-23T18:44:06.680Z,fac02770f3c9af6cf1a617ac359734548e263677,2026-02-06,2026-04-20,2026-04-20,2026-07-23T18:44:06Z,2026,02,1,2026,2026,73,0,true,Mississippi,4,Region 4 — Atlanta,Atlanta,"AL,FL,GA,KY,MS,NC,SC,TN",28,071,28071,Emergency Work,true,false,false,false,true,false,false,false,false,false,Winter weather,false,false,false,false,false,false,false,true,false,false,false,75.00,0.00,false,false,false,false,true,false,true,100k_to_1m,https://www.fema.gov/api/open/v2/PublicAssistanceFundedProjectsDetails,https://www.fema.gov/openfema-data-page/public-assistance-funded-projects-details-v2,2026-08-17T06:23:38Z
4899,2026-02-06T00:00:00.000Z,Winter Storm,13,CAT A Debris / 100% Work Completed 2/01/2026 thru 3/7/2026,071-99071-00,A,Debris Removal,Eligible,Project Closed Out,Large,Lafayette County,071,MS,28,17135665.55,12851749.17,12851749.17,2026-06-29T00:00:00.000Z,2026-06-29T00:00:00.000Z,0,1065529,277558,2026-08-04T05:07:51.090Z,44a056944a6edc99e3ca7c59697e4a14fcba839f,2026-02-06,2026-06-29,2026-06-29,2026-08-04T05:07:51Z,2026,02,1,2026,2026,143,0,true,Mississippi,4,Region 4 — Atlanta,Atlanta,"AL,FL,GA,KY,MS,NC,SC,TN",28,071,28071,Emergency Work,true,false,false,true,false,false,false,false,false,false,Winter weather,false,false,false,false,false,false,false,true,false,false,false,75.00,0.00,false,false,false,true,false,true,true,10m_plus,https://www.fema.gov/api/open/v2/PublicAssistanceFundedProjectsDetails,https://www.fema.gov/openfema-data-page/public-assistance-funded-projects-details-v2,2026-08-17T06:23:38Z
4899,2026-02-06T00:00:00.000Z,Winter Storm,14,DR4899MS-Yalobusha County-Generators,161-99161-00,B,Emergency Protective Measures,Eligible,Obligated,Small,Yalobusha County,161,MS,28,98626.56,73969.92,73969.92,2026-03-23T00:00:00.000Z,2026-03-23T00:00:00.000Z,0,1065531,277590,2026-07-23T18:44:06.680Z,6d456bd264ccc63472c45b151be3e4627ca39f71,2026-02-06,2026-03-23,2026-03-23,2026-07-23T18:44:06Z,2026,02,1,2026,2026,45,0,true,Mississippi,4,Region 4 — Atlanta,Atlanta,"AL,FL,GA,KY,MS,NC,SC,TN",28,161,28161,Emergency Work,true,false,false,false,true,false,false,false,false,false,Winter weather,false,false,false,false,false,false,false,true,false,false,false,75.00,0.00,false,false,false,false,true,false,true,10k_to_100k,https://www.fema.gov/api/open/v2/PublicAssistanceFundedProjectsDetails,https://www.fema.gov/openfema-data-page/public-assistance-funded-projects-details-v2,2026-08-17T06:23:38Z
4899,2026-02-06T00:00:00.000Z,Winter Storm,15,City of Corinth Generators,003-15700-00,B,Emergency Protective Measures,Eligible,Obligated,Small,Alcorn County,003,MS,28,67282.78,50462.09,50462.09,2026-03-18T00:00:00.000Z,2026-03-18T00:00:00.000Z,0,1065537,277582,2026-07-23T18:44:06.680Z,7bb7026503e21b86144a1047d14adcad675e870e,2026-02-06,2026-03-18,2026-03-18,2026-07-23T18:44:06Z,2026,02,1,2026,2026,40,0,true,Mississippi,4,Region 4 — Atlanta,Atlanta,"AL,FL,GA,KY,MS,NC,SC,TN",28,003,28003,Emergency Work,true,false,false,false,true,false,false,false,false,false,Winter weather,false,false,false,false,false,false,false,true,false,false,false,75.00,0.00,false,false,false,false,true,false,true,10k_to_100k,https://www.fema.gov/api/open/v2/PublicAssistanceFundedProjectsDetails,https://www.fema.gov/openfema-data-page/public-assistance-funded-projects-details-v2,2026-08-17T06:23:38Z
4899,2026-02-06T00:00:00.000Z,Winter Storm,16,Magnolia Regional Health Center Generators,003-0415C-00,B,Emergency Protective Measures,Eligible,Obligated,Small,Alcorn County,003,MS,28,57651.45,43238.59,43238.59,2026-03-16T00:00:00.000Z,2026-03-16T00:00:00.000Z,0,1065538,277739,2026-07-23T18:44:06.680Z,ff59e0a5da571af8560e853834d6c9e80f7d0aa5,2026-02-06,2026-03-16,2026-03-16,2026-07-23T18:44:06Z,2026,02,1,2026,2026,38,0,true,Mississippi,4,Region 4 — Atlanta,Atlanta,"AL,FL,GA,KY,MS,NC,SC,TN",28,003,28003,Emergency Work,true,false,false,false,true,false,false,false,false,false,Winter weather,false,false,false,false,false,false,false,true,false,false,false,75.00,0.00,false,false,false,false,true,false,true,10k_to_100k,https://www.fema.gov/api/open/v2/PublicAssistanceFundedProjectsDetails,https://www.fema.gov/openfema-data-page/public-assistance-funded-projects-details-v2,2026-08-17T06:23:38Z
4899,2026-02-06T00:00:00.000Z,Winter Storm,17,Debris Removal Village Wide - WC 2/21/26 thru 4/2/26,135-27660-00,A,Debris Removal,Eligible,Obligated,Small,Tallahatchie County,135,MS,28,45250.77,33938.08,33938.08,2026-05-13T00:00:00.000Z,2026-05-13T00:00:00.000Z,0,1065539,277615,2026-07-23T18:44:06.680Z,4555b3a49fe77941ad84c8a09067cd8816892857,2026-02-06,2026-05-13,2026-05-13,2026-07-23T18:44:06Z,2026,02,1,2026,2026,96,0,true,Mississippi,4,Region 4 — Atlanta,Atlanta,"AL,FL,GA,KY,MS,NC,SC,TN",28,135,28135,Emergency Work,true,false,false,true,false,false,false,false,false,false,Winter weather,false,false,false,false,false,false,false,true,false,false,false,75.00,0.00,false,false,false,false,true,false,true,10k_to_100k,https://www.fema.gov/api/open/v2/PublicAssistanceFundedProjectsDetails,https://www.fema.gov/openfema-data-page/public-assistance-funded-projects-details-v2,2026-08-17T06:23:38Z
4899,2026-02-06T00:00:00.000Z,Winter Storm,18,4899 City of Iuka Cat B Generators,141-35300-00,B,Emergency Protective Measures,Eligible,Obligated,Small,Tishomingo County,141,MS,28,9988.74,7491.56,7491.56,2026-03-16T00:00:00.000Z,2026-03-16T00:00:00.000Z,0,1065540,277853,2026-07-23T18:44:06.680Z,f8c1a62581d65493c951bca1185fa46bf1dd1a1f,2026-02-06,2026-03-16,2026-03-16,2026-07-23T18:44:06Z,2026,02,1,2026,2026,38,0,true,Mississippi,4,Region 4 — Atlanta,Atlanta,"AL,FL,GA,KY,MS,NC,SC,TN",28,141,28141,Emergency Work,true,false,false,false,true,false,false,false,false,false,Winter weather,false,false,false,false,false,false,false,true,false,false,false,75.00,0.00,false,false,false,false,true,false,true,under_10k,https://www.fema.gov/api/open/v2/PublicAssistanceFundedProjectsDetails,https://www.fema.gov/openfema-data-page/public-assistance-funded-projects-details-v2,2026-08-17T06:23:38Z
4899,2026-02-06T00:00:00.000Z,Winter Storm,20,4899 Panola Cat A Debris Contractor for 1st time period (thru 2/28/2026),107-99107-00,A,Debris Removal,Eligible,Pending Closeout Completion,Large,Panola County,107,MS,28,7046947.87,5285210.91,5285210.91,2026-06-29T00:00:00.000Z,2026-06-29T00:00:00.000Z,0,1065542,277561,2026-07-30T15:10:03.208Z,ee4795d47bb759d6f6497d5fd309b07df2447247,2026-02-06,2026-06-29,2026-06-29,2026-07-30T15:10:03Z,2026,02,1,2026,2026,143,0,true,Mississippi,4,Region 4 — Atlanta,Atlanta,"AL,FL,GA,KY,MS,NC,SC,TN",28,107,28107,Emergency Work,true,false,false,true,false,false,false,false,false,false,Winter weather,false,false,false,false,false,false,false,true,false,false,false,75.00,0.00,false,false,false,true,false,false,true,1m_to_10m,https://www.fema.gov/api/open/v2/PublicAssistanceFundedProjectsDetails,https://www.fema.gov/openfema-data-page/public-assistance-funded-projects-details-v2,2026-08-17T06:23:38Z
4899,2026-02-06T00:00:00.000Z,Winter Storm,21,EPM - Generators,145-UMX5T-00,B,Emergency Protective Measures,Eligible,Obligated,Small,Union County,145,MS,28,63095.43,47321.58,47321.58,2026-03-16T00:00:00.000Z,2026-03-16T00:00:00.000Z,0,1065543,277645,2026-07-23T18:44:06.680Z,87381dafdbce37e2308c40bc9cbc2c7d31138796,2026-02-06,2026-03-16,2026-03-16,2026-07-23T18:44:06Z,2026,02,1,2026,2026,38,0,true,Mississippi,4,Region 4 — Atlanta,Atlanta,"AL,FL,GA,KY,MS,NC,SC,TN",28,145,28145,Emergency Work,true,false,false,false,true,false,false,false,false,false,Winter weather,false,false,false,false,false,false,false,true,false,false,false,75.00,0.00,false,false,false,false,true,false,true,10k_to_100k,https://www.fema.gov/api/open/v2/PublicAssistanceFundedProjectsDetails,https://www.fema.gov/openfema-data-page/public-assistance-funded-projects-details-v2,2026-08-17T06:23:38Z
4899,2026-02-06T00:00:00.000Z,Winter Storm,22,Contract WC Debris Removal from 2/16/26 to 3/28/26,145-UMX5T-00,A,Debris Removal,Eligible,Obligated,Large,Union County,145,MS,28,1800033.66,1350025.25,1350025.25,2026-07-08T00:00:00.000Z,2026-07-08T00:00:00.000Z,0,1065544,277645,2026-07-23T18:44:06.680Z,8efd91f9f16d8f305ec6de041f6c17b588c5e4d0,2026-02-06,2026-07-08,2026-07-08,2026-07-23T18:44:06Z,2026,02,1,2026,2026,152,0,true,Mississippi,4,Region 4 — Atlanta,Atlanta,"AL,FL,GA,KY,MS,NC,SC,TN",28,145,28145,Emergency Work,true,false,false,true,false,false,false,false,false,false,Winter weather,false,false,false,false,false,false,false,true,false,false,false,75.00,0.00,false,false,false,true,false,false,true,1m_to_10m,https://www.fema.gov/api/open/v2/PublicAssistanceFundedProjectsDetails,https://www.fema.gov/openfema-data-page/public-assistance-funded-projects-details-v2,2026-08-17T06:23:38Z
4899,2026-02-06T00:00:00.000Z,Winter Storm,23,4899 Charleston Generators Usage,135-12900-00,B,Emergency Protective Measures,Eligible,Obligated,Small,Tallahatchie County,135,MS,28,44693.92,33520.44,33520.44,2026-03-23T00:00:00.000Z,2026-03-23T00:00:00.000Z,0,1065545,277629,2026-07-23T18:44:06.680Z,1449853d4de28b7eeee968a89163606d8a0bed95,2026-02-06,2026-03-23,2026-03-23,2026-07-23T18:44:06Z,2026,02,1,2026,2026,45,0,true,Mississippi,4,Region 4 — Atlanta,Atlanta,"AL,FL,GA,KY,MS,NC,SC,TN",28,135,28135,Emergency Work,true,false,false,false,true,false,false,false,false,false,Winter weather,false,false,false,false,false,false,false,true,false,false,false,75.00,0.00,false,false,false,false,true,false,true,10k_to_100k,https://www.fema.gov/api/open/v2/PublicAssistanceFundedProjectsDetails,https://www.fema.gov/openfema-data-page/public-assistance-funded-projects-details-v2,2026-08-17T06:23:38Z
4899,2026-02-06T00:00:00.000Z,Winter Storm,24,4899 Panola County Generators on Public Property,107-99107-00,B,Emergency Protective Measures,Eligible,Obligated,Small,Panola County,107,MS,28,46117.64,34588.23,34588.23,2026-04-01T00:00:00.000Z,2026-04-01T00:00:00.000Z,0,1065546,277561,2026-07-23T18:44:06.680Z,a716690a52075cfbd76027e91487031852d1489a,2026-02-06,2026-04-01,2026-04-01,2026-07-23T18:44:06Z,2026,02,1,2026,2026,54,0,true,Mississippi,4,Region 4 — Atlanta,Atlanta,"AL,FL,GA,KY,MS,NC,SC,TN",28,107,28107,Emergency Work,true,false,false,false,true,false,false,false,false,false,Winter weather,false,false,false,false,false,false,false,true,false,false,false,75.00,0.00,false,false,false,false,true,false,true,10k_to_100k,https://www.fema.gov/api/open/v2/PublicAssistanceFundedProjectsDetails,https://www.fema.gov/openfema-data-page/public-assistance-funded-projects-details-v2,2026-08-17T06:23:38Z
4899,2026-02-06T00:00:00.000Z,Winter Storm,25,4899 South Lake Water Association Generator Run Time,000-U9X8T-00,B,Emergency Protective Measures,Eligible,Obligated,Small,Quitman County,119,MS,28,12912.64,9684.48,9684.48,2026-03-18T00:00:00.000Z,2026-03-18T00:00:00.000Z,0,1065547,277911,2026-07-23T18:44:06.680Z,d6dd1d97f481df53d1c82e7d17dd90db39e2dea6,2026-02-06,2026-03-18,2026-03-18,2026-07-23T18:44:06Z,2026,02,1,2026,2026,40,0,true,Mississippi,4,Region 4 — Atlanta,Atlanta,"AL,FL,GA,KY,MS,NC,SC,TN",28,119,28119,Emergency Work,true,false,false,false,true,false,false,false,false,false,Winter weather,false,false,false,false,false,false,false,true,false,false,false,75.00,0.00,false,false,false,false,true,false,true,under_10k,https://www.fema.gov/api/open/v2/PublicAssistanceFundedProjectsDetails,https://www.fema.gov/openfema-data-page/public-assistance-funded-projects-details-v2,2026-08-17T06:23:38Z
4899,2026-02-06T00:00:00.000Z,Winter Storm,26,DR4899MS- Oxford City - Contract Debris Operations 03/01/26 - 03/06/26 (end of Emergency Procurement time period)- Work Completed,071-54840-00,A,Debris Removal,Eligible,Obligated,Small,Lafayette County,071,MS,28,969973.06,727479.8,727479.8,2026-06-29T00:00:00.000Z,2026-06-29T00:00:00.000Z,0,1065548,277559,2026-07-23T18:44:06.680Z,ab2843ba05b708e9df3250f2744506f161eed4d8,2026-02-06,2026-06-29,2026-06-29,2026-07-23T18:44:06Z,2026,02,1,2026,2026,143,0,true,Mississippi,4,Region 4 — Atlanta,Atlanta,"AL,FL,GA,KY,MS,NC,SC,TN",28,071,28071,Emergency Work,true,false,false,true,false,false,false,false,false,false,Winter weather,false,false,false,false,false,false,false,true,false,false,false,75.00,0.00,false,false,false,false,true,false,true,100k_to_1m,https://www.fema.gov/api/open/v2/PublicAssistanceFundedProjectsDetails,https://www.fema.gov/openfema-data-page/public-assistance-funded-projects-details-v2,2026-08-17T06:23:38Z
4899,2026-02-06T00:00:00.000Z,Winter Storm,27,Cat B EPM Cut and Toss County Owned Roads,071-99071-00,B,Emergency Protective Measures,Eligible,Obligated,Small,Lafayette County,071,MS,28,439525,329643.75,329643.75,2026-04-20T00:00:00.000Z,2026-04-20T00:00:00.000Z,0,1065558,277558,2026-07-23T18:44:06.680Z,802b86393b644f8da62f1981bae7fec58c111534,2026-02-06,2026-04-20,2026-04-20,2026-07-23T18:44:06Z,2026,02,1,2026,2026,73,0,true,Mississippi,4,Region 4 — Atlanta,Atlanta,"AL,FL,GA,KY,MS,NC,SC,TN",28,071,28071,Emergency Work,true,false,false,false,true,false,false,false,false,false,Winter weather,false,false,false,false,false,false,false,true,false,false,false,75.00,0.00,false,false,false,false,true,false,true,100k_to_1m,https://www.fema.gov/api/open/v2/PublicAssistanceFundedProjectsDetails,https://www.fema.gov/openfema-data-page/public-assistance-funded-projects-details-v2,2026-08-17T06:23:38Z
4899,2026-02-06T00:00:00.000Z,Winter Storm,28,Water Valley Generators,161-78000-00,B,Emergency Protective Measures,Eligible,Obligated,Small,Yalobusha County,161,MS,28,23853.4,17890.05,17890.05,2026-03-18T00:00:00.000Z,2026-03-18T00:00:00.000Z,0,1065578,277584,2026-07-23T18:44:06.680Z,5e5d1b6c9901bc6fca382b2e026828f572fa1752,2026-02-06,2026-03-18,2026-03-18,2026-07-23T18:44:06Z,2026,02,1,2026,2026,40,0,true,Mississippi,4,Region 4 — Atlanta,Atlanta,"AL,FL,GA,KY,MS,NC,SC,TN",28,161,28161,Emergency Work,true,false,false,false,true,false,false,false,false,false,Winter weather,false,false,false,false,false,false,false,true,false,false,false,75.00,0.00,false,false,false,false,true,false,true,10k_to_100k,https://www.fema.gov/api/open/v2/PublicAssistanceFundedProjectsDetails,https://www.fema.gov/openfema-data-page/public-assistance-funded-projects-details-v2,2026-08-17T06:23:38Z
4899,2026-02-06T00:00:00.000Z,Winter Storm,30,Tate County - Generator Project,137-99137-00,B,Emergency Protective Measures,Eligible,Obligated,Small,Tate County,137,MS,28,22256,16692,16692,2026-05-28T00:00:00.000Z,2026-05-28T00:00:00.000Z,0,1065581,277636,2026-07-23T18:44:06.680Z,0d6b6c4cb97d68261cc147ba8b78264e817d844d,2026-02-06,2026-05-28,2026-05-28,2026-07-23T18:44:06Z,2026,02,1,2026,2026,111,0,true,Mississippi,4,Region 4 — Atlanta,Atlanta,"AL,FL,GA,KY,MS,NC,SC,TN",28,137,28137,Emergency Work,true,false,false,false,true,false,false,false,false,false,Winter weather,false,false,false,false,false,false,false,true,false,false,false,75.00,0.00,false,false,false,false,true,false,true,10k_to_100k,https://www.fema.gov/api/open/v2/PublicAssistanceFundedProjectsDetails,https://www.fema.gov/openfema-data-page/public-assistance-funded-projects-details-v2,2026-08-17T06:23:38Z
4899,2026-02-06T00:00:00.000Z,Winter Storm,31,EPM - Winter Storm January 2026,007-99007-00,B,Emergency Protective Measures,Eligible,Obligated,Small,Attala County,007,MS,28,10272.03,7704.03,7704.03,2026-06-02T00:00:00.000Z,2026-06-02T00:00:00.000Z,0,1065582,277786,2026-07-23T18:44:06.680Z,009fe6687e93d476af3b8057c9edea2116d5507a,2026-02-06,2026-06-02,2026-06-02,2026-07-23T18:44:06Z,2026,02,1,2026,2026,116,0,true,Mississippi,4,Region 4 — Atlanta,Atlanta,"AL,FL,GA,KY,MS,NC,SC,TN",28,007,28007,Emergency Work,true,false,false,false,true,false,false,false,false,false,Winter weather,false,false,false,false,false,false,false,true,false,false,false,75.00,0.00,false,false,false,false,true,false,true,under_10k,https://www.fema.gov/api/open/v2/PublicAssistanceFundedProjectsDetails,https://www.fema.gov/openfema-data-page/public-assistance-funded-projects-details-v2,2026-08-17T06:23:38Z
4899,2026-02-06T00:00:00.000Z,Winter Storm,33,EPM - Generator & Well Valve,013-18940-00,B,Emergency Protective Measures,Eligible,Obligated,Small,Calhoun County,013,MS,28,12411.69,9308.77,9308.77,2026-05-13T00:00:00.000Z,2026-05-13T00:00:00.000Z,0,1065586,277884,2026-07-23T18:44:06.680Z,67e028fcd7d1463a356f70fd20bd07c27750b5fa,2026-02-06,2026-05-13,2026-05-13,2026-07-23T18:44:06Z,2026,02,1,2026,2026,96,0,true,Mississippi,4,Region 4 — Atlanta,Atlanta,"AL,FL,GA,KY,MS,NC,SC,TN",28,013,28013,Emergency Work,true,false,false,false,true,false,false,false,false,false,Winter weather,false,false,false,false,false,false,false,true,false,false,false,75.00,0.00,false,false,false,false,true,false,true,under_10k,https://www.fema.gov/api/open/v2/PublicAssistanceFundedProjectsDetails,https://www.fema.gov/openfema-data-page/public-assistance-funded-projects-details-v2,2026-08-17T06:23:38Z
4899,2026-02-06T00:00:00.000Z,Winter Storm,34,City of Corinth Emergency Protective Measures,003-15700-00,B,Emergency Protective Measures,Eligible,Obligated,Small,Alcorn County,003,MS,28,98967.01,74225.26,74225.26,2026-06-23T00:00:00.000Z,2026-06-23T00:00:00.000Z,0,1065594,277582,2026-07-23T18:44:06.680Z,bacf64611f635cc7601794fe9defb4d853547206,2026-02-06,2026-06-23,2026-06-23,2026-07-23T18:44:06Z,2026,02,1,2026,2026,137,0,true,Mississippi,4,Region 4 — Atlanta,Atlanta,"AL,FL,GA,KY,MS,NC,SC,TN",28,003,28003,Emergency Work,true,false,false,false,true,false,false,false,false,false,Winter weather,false,false,false,false,false,false,false,true,false,false,false,75.00,0.00,false,false,false,false,true,false,true,10k_to_100k,https://www.fema.gov/api/open/v2/PublicAssistanceFundedProjectsDetails,https://www.fema.gov/openfema-data-page/public-assistance-funded-projects-details-v2,2026-08-17T06:23:38Z
4899,2026-02-06T00:00:00.000Z,Winter Storm,35,4899 - Corinth - Contract WC Debris Removal thru 02-14-26,003-15700-00,A,Debris Removal,Eligible,Obligated,Small,Alcorn County,003,MS,28,809867.06,607400.3,607400.3,2026-05-15T00:00:00.000Z,2026-05-15T00:00:00.000Z,0,1065595,277582,2026-07-23T18:44:06.680Z,4e6dff4788ea442b5f06b3ddc3eb934983ac210b,2026-02-06,2026-05-15,2026-05-15,2026-07-23T18:44:06Z,2026,02,1,2026,2026,98,0,true,Mississippi,4,Region 4 — Atlanta,Atlanta,"AL,FL,GA,KY,MS,NC,SC,TN",28,003,28003,Emergency Work,true,false,false,true,false,false,false,false,false,false,Winter weather,false,false,false,false,false,false,false,true,false,false,false,75.00,0.00,false,false,false,false,true,false,true,100k_to_1m,https://www.fema.gov/api/open/v2/PublicAssistanceFundedProjectsDetails,https://www.fema.gov/openfema-data-page/public-assistance-funded-projects-details-v2,2026-08-17T06:23:38Z
4899,2026-02-06T00:00:00.000Z,Winter Storm,37,4899-Batesvile-Cat B EPM,107-03620-00,B,Emergency Protective Measures,Eligible,Obligated,Small,Panola County,107,MS,28,113632.73,85224.55,85224.55,2026-07-09T00:00:00.000Z,2026-07-09T00:00:00.000Z,0,1065601,277628,2026-07-23T18:44:06.680Z,edb92a8f897b4a3876be189f27c6456090a9eace,2026-02-06,2026-07-09,2026-07-09,2026-07-23T18:44:06Z,2026,02,1,2026,2026,153,0,true,Mississippi,4,Region 4 — Atlanta,Atlanta,"AL,FL,GA,KY,MS,NC,SC,TN",28,107,28107,Emergency Work,true,false,false,false,true,false,false,false,false,false,Winter weather,false,false,false,false,false,false,false,true,false,false,false,75.00,0.00,false,false,false,false,true,false,true,10k_to_100k,https://www.fema.gov/api/open/v2/PublicAssistanceFundedProjectsDetails,https://www.fema.gov/openfema-data-page/public-assistance-funded-projects-details-v2,2026-08-17T06:23:38Z
4899,2026-02-06T00:00:00.000Z,Winter Storm,38,4899 Charleston Cat B Cut/Push,135-12900-00,B,Emergency Protective Measures,Eligible,Obligated,Small,Tallahatchie County,135,MS,28,30013,22509.75,22509.75,2026-04-22T00:00:00.000Z,2026-04-22T00:00:00.000Z,0,1065602,277629,2026-07-23T18:44:06.680Z,5ae1d224ac9de27cb72ce8a883e4bec51e47e272,2026-02-06,2026-04-22,2026-04-22,2026-07-23T18:44:06Z,2026,02,1,2026,2026,75,0,true,Mississippi,4,Region 4 — Atlanta,Atlanta,"AL,FL,GA,KY,MS,NC,SC,TN",28,135,28135,Emergency Work,true,false,false,false,true,false,false,false,false,false,Winter weather,false,false,false,false,false,false,false,true,false,false,false,75.00,0.00,false,false,false,false,true,false,true,10k_to_100k,https://www.fema.gov/api/open/v2/PublicAssistanceFundedProjectsDetails,https://www.fema.gov/openfema-data-page/public-assistance-funded-projects-details-v2,2026-08-17T06:23:38Z
4899,2026-02-06T00:00:00.000Z,Winter Storm,39,Cat B - EPM,093-99093-00,B,Emergency Protective Measures,Eligible,Obligated,Small,Marshall County,093,MS,28,15589.82,11692.37,11692.37,2026-08-10T00:00:00.000Z,2026-08-10T00:00:00.000Z,0,1065603,277653,2026-08-12T15:21:33.184Z,31a6b51816f174594b6396e918a9c51929c10dbe,2026-02-06,2026-08-10,2026-08-10,2026-08-12T15:21:33Z,2026,02,1,2026,2026,185,0,true,Mississippi,4,Region 4 — Atlanta,Atlanta,"AL,FL,GA,KY,MS,NC,SC,TN",28,093,28093,Emergency Work,true,false,false,false,true,false,false,false,false,false,Winter weather,false,false,false,false,false,false,false,true,false,false,false,75.00,0.00,false,false,false,false,true,false,true,10k_to_100k,https://www.fema.gov/api/open/v2/PublicAssistanceFundedProjectsDetails,https://www.fema.gov/openfema-data-page/public-assistance-funded-projects-details-v2,2026-08-17T06:23:38Z
4899,2026-02-06T00:00:00.000Z,Winter Storm,41,DR4899MS- Holly Springs Utility Department- CAT B - Generators- Work Completed,000-UJ5I9-00,B,Emergency Protective Measures,Eligible,Obligated,Small,Statewide,093,MS,28,4206.16,3154.62,3154.62,2026-04-03T00:00:00.000Z,2026-04-03T00:00:00.000Z,0,1065605,277926,2026-07-23T18:44:06.680Z,5802ad351aa06f3592a0bcd3baa5a909cf37a2ce,2026-02-06,2026-04-03,2026-04-03,2026-07-23T18:44:06Z,2026,02,1,2026,2026,56,0,true,Mississippi,4,Region 4 — Atlanta,Atlanta,"AL,FL,GA,KY,MS,NC,SC,TN",28,093,28093,Emergency Work,true,false,false,false,true,false,false,false,false,false,Winter weather,false,false,false,false,false,false,false,true,false,false,false,75.00,0.00,false,false,false,false,true,false,true,under_10k,https://www.fema.gov/api/open/v2/PublicAssistanceFundedProjectsDetails,https://www.fema.gov/openfema-data-page/public-assistance-funded-projects-details-v2,2026-08-17T06:23:38Z
4899,2026-02-06T00:00:00.000Z,Winter Storm,43,4899 - CAT B - Potts Camp Generators - Work Completed,093-U76WV-00,B,Emergency Protective Measures,Eligible,Obligated,Small,Marshall County,093,MS,28,36057.22,27042.92,27042.92,2026-04-17T00:00:00.000Z,2026-04-17T00:00:00.000Z,0,1065613,277936,2026-07-23T18:44:06.680Z,be8f3c62fba13708ff038b42a96a7e4820975422,2026-02-06,2026-04-17,2026-04-17,2026-07-23T18:44:06Z,2026,02,1,2026,2026,70,0,true,Mississippi,4,Region 4 — Atlanta,Atlanta,"AL,FL,GA,KY,MS,NC,SC,TN",28,093,28093,Emergency Work,true,false,false,false,true,false,false,false,false,false,Winter weather,false,false,false,false,false,false,false,true,false,false,false,75.00,0.00,false,false,false,false,true,false,true,10k_to_100k,https://www.fema.gov/api/open/v2/PublicAssistanceFundedProjectsDetails,https://www.fema.gov/openfema-data-page/public-assistance-funded-projects-details-v2,2026-08-17T06:23:38Z
4899,2026-02-06T00:00:00.000Z,Winter Storm,45,County-wide Debris Removal - Adams County,001-99001-00,A,Debris Removal,Eligible,Obligated,Small,Adams County,001,MS,28,311610.13,233707.6,233707.6,2026-06-12T00:00:00.000Z,2026-06-12T00:00:00.000Z,0,1065623,277613,2026-07-23T18:44:06.680Z,2a85f14c1e102d311bb0df66ab33dc20c8af887a,2026-02-06,2026-06-12,2026-06-12,2026-07-23T18:44:06Z,2026,02,1,2026,2026,126,0,true,Mississippi,4,Region 4 — Atlanta,Atlanta,"AL,FL,GA,KY,MS,NC,SC,TN",28,001,28001,Emergency Work,true,false,false,true,false,false,false,false,false,false,Winter weather,false,false,false,false,false,false,false,true,false,false,false,75.00,0.00,false,false,false,false,true,false,true,100k_to_1m,https://www.fema.gov/api/open/v2/PublicAssistanceFundedProjectsDetails,https://www.fema.gov/openfema-data-page/public-assistance-funded-projects-details-v2,2026-08-17T06:23:38Z
4899,2026-02-06T00:00:00.000Z,Winter Storm,46,Emergency Protective Measures County-wide - Adams County,001-99001-00,B,Emergency Protective Measures,Eligible,Obligated,Small,Adams County,001,MS,28,30746.81,23060.11,23060.11,2026-05-19T00:00:00.000Z,2026-05-19T00:00:00.000Z,0,1065626,277613,2026-07-23T18:44:06.680Z,cf17a3909ce48b7fecb9bb879f49e77c1d933513,2026-02-06,2026-05-19,2026-05-19,2026-07-23T18:44:06Z,2026,02,1,2026,2026,102,0,true,Mississippi,4,Region 4 — Atlanta,Atlanta,"AL,FL,GA,KY,MS,NC,SC,TN",28,001,28001,Emergency Work,true,false,false,false,true,false,false,false,false,false,Winter weather,false,false,false,false,false,false,false,true,false,false,false,75.00,0.00,false,false,false,false,true,false,true,10k_to_100k,https://www.fema.gov/api/open/v2/PublicAssistanceFundedProjectsDetails,https://www.fema.gov/openfema-data-page/public-assistance-funded-projects-details-v2,2026-08-17T06:23:38Z
4899,2026-02-06T00:00:00.000Z,Winter Storm,48,Jefferson County Rural Hospital  Emergency Protective Measures,063-99063-00,B,Emergency Protective Measures,Eligible,Obligated,Small,Jefferson County,063,MS,28,12508.22,9381.17,9381.17,2026-08-11T00:00:00.000Z,2026-08-11T00:00:00.000Z,0,1065634,277626,2026-08-12T15:21:33.184Z,9d46cb9114680dbfd9199bb5691036bc43630e7b,2026-02-06,2026-08-11,2026-08-11,2026-08-12T15:21:33Z,2026,02,1,2026,2026,186,0,true,Mississippi,4,Region 4 — Atlanta,Atlanta,"AL,FL,GA,KY,MS,NC,SC,TN",28,063,28063,Emergency Work,true,false,false,false,true,false,false,false,false,false,Winter weather,false,false,false,false,false,false,false,true,false,false,false,75.00,0.00,false,false,false,false,true,false,true,under_10k,https://www.fema.gov/api/open/v2/PublicAssistanceFundedProjectsDetails,https://www.fema.gov/openfema-data-page/public-assistance-funded-projects-details-v2,2026-08-17T06:23:38Z
4899,2026-02-06T00:00:00.000Z,Winter Storm,49,EPM - Generator 1&2 Borrowed- Booster Pump,097-U50J0-00,B,Emergency Protective Measures,Eligible,Obligated,Small,Montgomery County,097,MS,28,8236.2,6177.15,6177.15,2026-04-25T00:00:00.000Z,2026-04-25T00:00:00.000Z,0,1065635,277903,2026-07-23T18:44:06.680Z,0f86d8bb3c3c5db4b8c733986232804ac9727b02,2026-02-06,2026-04-25,2026-04-25,2026-07-23T18:44:06Z,2026,02,1,2026,2026,78,0,true,Mississippi,4,Region 4 — Atlanta,Atlanta,"AL,FL,GA,KY,MS,NC,SC,TN",28,097,28097,Emergency Work,true,false,false,false,true,false,false,false,false,false,Winter weather,false,false,false,false,false,false,false,true,false,false,false,75.00,0.00,false,false,false,false,true,false,true,under_10k,https://www.fema.gov/api/open/v2/PublicAssistanceFundedProjectsDetails,https://www.fema.gov/openfema-data-page/public-assistance-funded-projects-details-v2,2026-08-17T06:23:38Z
4899,2026-02-06T00:00:00.000Z,Winter Storm,50,Corinth Gas & Water Debris Removal,003-UIV61-00,A,Debris Removal,Eligible,Obligated,Small,Alcorn County,003,MS,28,48811.72,36608.79,36608.79,2026-06-29T00:00:00.000Z,2026-06-29T00:00:00.000Z,0,1065636,277757,2026-07-23T18:44:06.680Z,c62f22239a39686f4b272afc9ad1736ba77c1381,2026-02-06,2026-06-29,2026-06-29,2026-07-23T18:44:06Z,2026,02,1,2026,2026,143,0,true,Mississippi,4,Region 4 — Atlanta,Atlanta,"AL,FL,GA,KY,MS,NC,SC,TN",28,003,28003,Emergency Work,true,false,false,true,false,false,false,false,false,false,Winter weather,false,false,false,false,false,false,false,true,false,false,false,75.00,0.00,false,false,false,false,true,false,true,10k_to_100k,https://www.fema.gov/api/open/v2/PublicAssistanceFundedProjectsDetails,https://www.fema.gov/openfema-data-page/public-assistance-funded-projects-details-v2,2026-08-17T06:23:38Z
4899,2026-02-06T00:00:00.000Z,Winter Storm,51,"DR4899MS- Oxford City- Fuel Truck (Incl. Mutual Aid, USACE/MEMA Generators, First Responders/Ambulance, Utility Crews)",071-54840-00,B,Emergency Protective Measures,Eligible,Pending Closeout Completion,Small,Lafayette County,071,MS,28,71021.65,53266.24,53266.24,2026-04-01T00:00:00.000Z,2026-04-01T00:00:00.000Z,0,1065637,277559,2026-07-23T18:44:06.680Z,313214606df8e0a1e4aab8a1ebaefe673ac470d1,2026-02-06,2026-04-01,2026-04-01,2026-07-23T18:44:06Z,2026,02,1,2026,2026,54,0,true,Mississippi,4,Region 4 — Atlanta,Atlanta,"AL,FL,GA,KY,MS,NC,SC,TN",28,071,28071,Emergency Work,true,false,false,false,true,false,false,false,false,false,Winter weather,false,false,false,false,false,false,false,true,false,false,false,75.00,0.00,false,false,false,false,true,false,true,10k_to_100k,https://www.fema.gov/api/open/v2/PublicAssistanceFundedProjectsDetails,https://www.fema.gov/openfema-data-page/public-assistance-funded-projects-details-v2,2026-08-17T06:23:38Z
4899,2026-02-06T00:00:00.000Z,Winter Storm,52,Emergency Protective Measure,003-UIV61-00,B,Emergency Protective Measures,Eligible,Obligated,Small,Alcorn County,003,MS,28,489047.91,366785.94,366785.94,2026-06-08T00:00:00.000Z,2026-06-08T00:00:00.000Z,0,1065638,277757,2026-07-23T18:44:06.680Z,74e5358009dfa2f5e34fb2037cffc5ce5125b3bd,2026-02-06,2026-06-08,2026-06-08,2026-07-23T18:44:06Z,2026,02,1,2026,2026,122,0,true,Mississippi,4,Region 4 — Atlanta,Atlanta,"AL,FL,GA,KY,MS,NC,SC,TN",28,003,28003,Emergency Work,true,false,false,false,true,false,false,false,false,false,Winter weather,false,false,false,false,false,false,false,true,false,false,false,75.00,0.00,false,false,false,false,true,false,true,100k_to_1m,https://www.fema.gov/api/open/v2/PublicAssistanceFundedProjectsDetails,https://www.fema.gov/openfema-data-page/public-assistance-funded-projects-details-v2,2026-08-17T06:23:38Z
4899,2026-02-06T00:00:00.000Z,Winter Storm,53,4899 - Batesville - CAT A - Contract WC Debris Removal Thru 2/7/2026,107-03620-00,A,Debris Removal,Eligible,Obligated,Small,Panola County,107,MS,28,299790.77,224843.08,224843.08,2026-04-20T00:00:00.000Z,2026-04-20T00:00:00.000Z,0,1065641,277628,2026-07-23T18:44:06.680Z,df56182587512560afe2d9f0f760aa4f051a2d1e,2026-02-06,2026-04-20,2026-04-20,2026-07-23T18:44:06Z,2026,02,1,2026,2026,73,0,true,Mississippi,4,Region 4 — Atlanta,Atlanta,"AL,FL,GA,KY,MS,NC,SC,TN",28,107,28107,Emergency Work,true,false,false,true,false,false,false,false,false,false,Winter weather,false,false,false,false,false,false,false,true,false,false,false,75.00,0.00,false,false,false,false,true,false,true,100k_to_1m,https://www.fema.gov/api/open/v2/PublicAssistanceFundedProjectsDetails,https://www.fema.gov/openfema-data-page/public-assistance-funded-projects-details-v2,2026-08-17T06:23:38Z
4899,2026-02-06T00:00:00.000Z,Winter Storm,54,Protective Measure,135-27660-00,B,Emergency Protective Measures,Eligible,Obligated,Small,Tallahatchie County,135,MS,28,29672.16,22254.12,22254.12,2026-06-22T00:00:00.000Z,2026-06-22T00:00:00.000Z,0,1065642,277615,2026-07-23T18:44:06.680Z,9792263a0d95afe1451ea668cc99e5ef1bcc1191,2026-02-06,2026-06-22,2026-06-22,2026-07-23T18:44:06Z,2026,02,1,2026,2026,136,0,true,Mississippi,4,Region 4 — Atlanta,Atlanta,"AL,FL,GA,KY,MS,NC,SC,TN",28,135,28135,Emergency Work,true,false,false,false,true,false,false,false,false,false,Winter weather,false,false,false,false,false,false,false,true,false,false,false,75.00,0.00,false,false,false,false,true,false,true,10k_to_100k,https://www.fema.gov/api/open/v2/PublicAssistanceFundedProjectsDetails,https://www.fema.gov/openfema-data-page/public-assistance-funded-projects-details-v2,2026-08-17T06:23:38Z
4899,2026-02-06T00:00:00.000Z,Winter Storm,56,Contract WC Debris Removal 02/12 thru 2/28/2026,135-12900-00,A,Debris Removal,Eligible,Obligated,Small,Tallahatchie County,135,MS,28,491078.89,368309.17,368309.17,2026-07-17T00:00:00.000Z,2026-07-17T00:00:00.000Z,0,1065644,277629,2026-07-23T18:44:06.680Z,c469eedae61be30df89feeaddb1cd0d5a7857a03,2026-02-06,2026-07-17,2026-07-17,2026-07-23T18:44:06Z,2026,02,1,2026,2026,161,0,true,Mississippi,4,Region 4 — Atlanta,Atlanta,"AL,FL,GA,KY,MS,NC,SC,TN",28,135,28135,Emergency Work,true,false,false,true,false,false,false,false,false,false,Winter weather,false,false,false,false,false,false,false,true,false,false,false,75.00,0.00,false,false,false,false,true,false,true,100k_to_1m,https://www.fema.gov/api/open/v2/PublicAssistanceFundedProjectsDetails,https://www.fema.gov/openfema-data-page/public-assistance-funded-projects-details-v2,2026-08-17T06:23:38Z
4899,2026-02-06T00:00:00.000Z,Winter Storm,59,CAT A Debris / WTBC 4/5/2026 thru 8/6/2026,071-99071-00,A,Debris Removal,Eligible,Obligated,Large,Lafayette County,071,MS,28,15075433.88,11306575.41,11306575.41,2026-06-12T00:00:00.000Z,2026-06-12T00:00:00.000Z,0,1065650,277558,2026-07-23T18:44:06.680Z,fa9f4180645ae7431e6886a862584290a46c424a,2026-02-06,2026-06-12,2026-06-12,2026-07-23T18:44:06Z,2026,02,1,2026,2026,126,0,true,Mississippi,4,Region 4 — Atlanta,Atlanta,"AL,FL,GA,KY,MS,NC,SC,TN",28,071,28071,Emergency Work,true,false,false,true,false,false,false,false,false,false,Winter weather,false,false,false,false,false,false,false,true,false,false,false,75.00,0.00,false,false,false,true,false,false,true,10m_plus,https://www.fema.gov/api/open/v2/PublicAssistanceFundedProjectsDetails,https://www.fema.gov/openfema-data-page/public-assistance-funded-projects-details-v2,2026-08-17T06:23:38Z
4899,2026-02-06T00:00:00.000Z,Winter Storm,62,CAT A - Debris Contract Work,055-99055-00,A,Debris Removal,Eligible,Obligated,Small,Issaquena County,055,MS,28,23100,17325,17325,2026-06-04T00:00:00.000Z,2026-06-04T00:00:00.000Z,0,1065658,277627,2026-07-23T18:44:06.680Z,05636770ee758b8b13449a10233aea926b74f338,2026-02-06,2026-06-04,2026-06-04,2026-07-23T18:44:06Z,2026,02,1,2026,2026,118,0,true,Mississippi,4,Region 4 — Atlanta,Atlanta,"AL,FL,GA,KY,MS,NC,SC,TN",28,055,28055,Emergency Work,true,false,false,true,false,false,false,false,false,false,Winter weather,false,false,false,false,false,false,false,true,false,false,false,75.00,0.00,false,false,false,false,true,false,true,10k_to_100k,https://www.fema.gov/api/open/v2/PublicAssistanceFundedProjectsDetails,https://www.fema.gov/openfema-data-page/public-assistance-funded-projects-details-v2,2026-08-17T06:23:38Z
4899,2026-02-06T00:00:00.000Z,Winter Storm,63,"CAT B - Generators, Materials & Contracts - Cut & Toss",055-99055-00,B,Emergency Protective Measures,Eligible,Obligated,Small,Issaquena County,055,MS,28,66886.6,50164.95,50164.95,2026-05-20T00:00:00.000Z,2026-05-20T00:00:00.000Z,0,1065659,277627,2026-07-23T18:44:06.680Z,ba6d1598bd0ea75d455fca38647a473d57463a16,2026-02-06,2026-05-20,2026-05-20,2026-07-23T18:44:06Z,2026,02,1,2026,2026,103,0,true,Mississippi,4,Region 4 — Atlanta,Atlanta,"AL,FL,GA,KY,MS,NC,SC,TN",28,055,28055,Emergency Work,true,false,false,false,true,false,false,false,false,false,Winter weather,false,false,false,false,false,false,false,true,false,false,false,75.00,0.00,false,false,false,false,true,false,true,10k_to_100k,https://www.fema.gov/api/open/v2/PublicAssistanceFundedProjectsDetails,https://www.fema.gov/openfema-data-page/public-assistance-funded-projects-details-v2,2026-08-17T06:23:38Z
4899,2026-02-06T00:00:00.000Z,Winter Storm,65,DR4899MS- Ole Miss- Contract- Debris Removal thru 3/7/26- Work Completed,000-U4PDT-00,A,Debris Removal,Eligible,Pending Closeout Completion,Large,Lafayette County,071,MS,28,6011152,4508364,4508364,2026-07-17T00:00:00.000Z,2026-07-17T00:00:00.000Z,0,1065663,277674,2026-08-05T15:29:35.787Z,52750a180ef8013b9b952c19e3347138731c642f,2026-02-06,2026-07-17,2026-07-17,2026-08-05T15:29:35Z,2026,02,1,2026,2026,161,0,true,Mississippi,4,Region 4 — Atlanta,Atlanta,"AL,FL,GA,KY,MS,NC,SC,TN",28,071,28071,Emergency Work,true,false,false,true,false,false,false,false,false,false,Winter weather,false,false,false,false,false,false,false,true,false,false,false,75.00,0.00,false,false,false,true,false,false,true,1m_to_10m,https://www.fema.gov/api/open/v2/PublicAssistanceFundedProjectsDetails,https://www.fema.gov/openfema-data-page/public-assistance-funded-projects-details-v2,2026-08-17T06:23:38Z
4899,2026-02-06T00:00:00.000Z,Winter Storm,70,Emergency Protective Measures -Myrtle MS,145-50280-00,B,Emergency Protective Measures,Eligible,Obligated,Small,Union County,145,MS,28,19265.07,14448.81,14448.81,2026-04-24T00:00:00.000Z,2026-04-24T00:00:00.000Z,0,1065685,277883,2026-07-23T18:44:06.680Z,d143ce3d780f3efe857b090bc426590ea11f765b,2026-02-06,2026-04-24,2026-04-24,2026-07-23T18:44:06Z,2026,02,1,2026,2026,77,0,true,Mississippi,4,Region 4 — Atlanta,Atlanta,"AL,FL,GA,KY,MS,NC,SC,TN",28,145,28145,Emergency Work,true,false,false,false,true,false,false,false,false,false,Winter weather,false,false,false,false,false,false,false,true,false,false,false,75.00,0.00,false,false,false,false,true,false,true,10k_to_100k,https://www.fema.gov/api/open/v2/PublicAssistanceFundedProjectsDetails,https://www.fema.gov/openfema-data-page/public-assistance-funded-projects-details-v2,2026-08-17T06:23:38Z
4899,2026-02-06T00:00:00.000Z,Winter Storm,72,Town Wide EPM,015-52400-00,B,Emergency Protective Measures,Eligible,Obligated,Small,Carroll County,015,MS,28,33335.8,25001.85,25001.85,2026-08-03T00:00:00.000Z,2026-08-03T00:00:00.000Z,0,1065687,277934,2026-08-04T15:17:13.615Z,3d8290317050955cd85a0506cfa8ba0d180d1fe1,2026-02-06,2026-08-03,2026-08-03,2026-08-04T15:17:13Z,2026,02,1,2026,2026,178,0,true,Mississippi,4,Region 4 — Atlanta,Atlanta,"AL,FL,GA,KY,MS,NC,SC,TN",28,015,28015,Emergency Work,true,false,false,false,true,false,false,false,false,false,Winter weather,false,false,false,false,false,false,false,true,false,false,false,75.00,0.00,false,false,false,false,true,false,true,10k_to_100k,https://www.fema.gov/api/open/v2/PublicAssistanceFundedProjectsDetails,https://www.fema.gov/openfema-data-page/public-assistance-funded-projects-details-v2,2026-08-17T06:23:38Z
4899,2026-02-06T00:00:00.000Z,Winter Storm,73,EPM - Cut & Toss,013-99013-00,B,Emergency Protective Measures,Eligible,Obligated,Small,Calhoun County,013,MS,28,57432.02,43074.02,43074.02,2026-07-09T00:00:00.000Z,2026-05-13T00:00:00.000Z,0,1065688,277658,2026-07-23T18:44:06.680Z,2df138e0d9d659e3df61f9b07927f3a469fff77c,2026-02-06,2026-05-13,2026-07-09,2026-07-23T18:44:06Z,2026,02,1,2026,2026,96,57,false,Mississippi,4,Region 4 — Atlanta,Atlanta,"AL,FL,GA,KY,MS,NC,SC,TN",28,013,28013,Emergency Work,true,false,false,false,true,false,false,false,false,false,Winter weather,false,false,false,false,false,false,false,true,false,false,false,75.00,0.00,false,false,false,false,true,false,true,10k_to_100k,https://www.fema.gov/api/open/v2/PublicAssistanceFundedProjectsDetails,https://www.fema.gov/openfema-data-page/public-assistance-funded-projects-details-v2,2026-08-17T06:23:38Z
4899,2026-02-06T00:00:00.000Z,Winter Storm,75,Debris Removal City-wide,001-50440-00,A,Debris Removal,Eligible,Obligated,Small,Adams County,001,MS,28,58985.92,44239.44,44239.44,2026-06-16T00:00:00.000Z,2026-06-16T00:00:00.000Z,0,1065690,277893,2026-07-23T18:44:06.680Z,30cd7230921fa9bc6ae81e679c92cd473a74941a,2026-02-06,2026-06-16,2026-06-16,2026-07-23T18:44:06Z,2026,02,1,2026,2026,130,0,true,Mississippi,4,Region 4 — Atlanta,Atlanta,"AL,FL,GA,KY,MS,NC,SC,TN",28,001,28001,Emergency Work,true,false,false,true,false,false,false,false,false,false,Winter weather,false,false,false,false,false,false,false,true,false,false,false,75.00,0.00,false,false,false,false,true,false,true,10k_to_100k,https://www.fema.gov/api/open/v2/PublicAssistanceFundedProjectsDetails,https://www.fema.gov/openfema-data-page/public-assistance-funded-projects-details-v2,2026-08-17T06:23:38Z
4899,2026-02-06T00:00:00.000Z,Winter Storm,76,County Wide EPM,015-99015-00,B,Emergency Protective Measures,Eligible,Obligated,Small,Carroll County,015,MS,28,413313.34,309985.01,309985.01,2026-07-08T00:00:00.000Z,2026-07-08T00:00:00.000Z,0,1065691,277634,2026-07-23T18:44:06.680Z,7863494df193a8d229f001dec4a4398984cc6f8f,2026-02-06,2026-07-08,2026-07-08,2026-07-23T18:44:06Z,2026,02,1,2026,2026,152,0,true,Mississippi,4,Region 4 — Atlanta,Atlanta,"AL,FL,GA,KY,MS,NC,SC,TN",28,015,28015,Emergency Work,true,false,false,false,true,false,false,false,false,false,Winter weather,false,false,false,false,false,false,false,true,false,false,false,75.00,0.00,false,false,false,false,true,false,true,100k_to_1m,https://www.fema.gov/api/open/v2/PublicAssistanceFundedProjectsDetails,https://www.fema.gov/openfema-data-page/public-assistance-funded-projects-details-v2,2026-08-17T06:23:38Z
4899,2026-02-06T00:00:00.000Z,Winter Storm,77,Emergency Removed Debris Roads -,097-99097-00,B,Emergency Protective Measures,Eligible,Obligated,Small,Montgomery County,097,MS,28,26240.16,19680.12,19680.12,2026-06-17T00:00:00.000Z,2026-06-17T00:00:00.000Z,0,1065692,277589,2026-07-23T18:44:06.680Z,15d7637f1810fc0f372facdb3eeade684d0ca28e,2026-02-06,2026-06-17,2026-06-17,2026-07-23T18:44:06Z,2026,02,1,2026,2026,131,0,true,Mississippi,4,Region 4 — Atlanta,Atlanta,"AL,FL,GA,KY,MS,NC,SC,TN",28,097,28097,Emergency Work,true,false,false,false,true,false,false,false,false,false,Winter weather,false,false,false,false,false,false,false,true,false,false,false,75.00,0.00,false,false,false,false,true,false,true,10k_to_100k,https://www.fema.gov/api/open/v2/PublicAssistanceFundedProjectsDetails,https://www.fema.gov/openfema-data-page/public-assistance-funded-projects-details-v2,2026-08-17T06:23:38Z
4899,2026-02-06T00:00:00.000Z,Winter Storm,78,EPM- Generator & Fire Hydrant,013-09180-00,B,Emergency Protective Measures,Eligible,Obligated,Small,Calhoun County,013,MS,28,17096.59,12822.45,12822.45,2026-05-19T00:00:00.000Z,2026-05-19T00:00:00.000Z,0,1065693,277851,2026-07-23T18:44:06.680Z,e0cacb740d692b4838d4b1add9d3ee1ce62e2832,2026-02-06,2026-05-19,2026-05-19,2026-07-23T18:44:06Z,2026,02,1,2026,2026,102,0,true,Mississippi,4,Region 4 — Atlanta,Atlanta,"AL,FL,GA,KY,MS,NC,SC,TN",28,013,28013,Emergency Work,true,false,false,false,true,false,false,false,false,false,Winter weather,false,false,false,false,false,false,false,true,false,false,false,75.00,0.00,false,false,false,false,true,false,true,10k_to_100k,https://www.fema.gov/api/open/v2/PublicAssistanceFundedProjectsDetails,https://www.fema.gov/openfema-data-page/public-assistance-funded-projects-details-v2,2026-08-17T06:23:38Z
4899,2026-02-06T00:00:00.000Z,Winter Storm,80,emergency protective measures,117-ULVEL-00,B,Emergency Protective Measures,Eligible,Pending Closeout Completion,Small,Prentiss County,117,MS,28,4536.58,3402.44,3402.44,2026-05-14T00:00:00.000Z,2026-05-14T00:00:00.000Z,0,1065698,277935,2026-08-07T15:23:14.370Z,07d4491df0986c2a7b1e2b2e571b093da10b8bbd,2026-02-06,2026-05-14,2026-05-14,2026-08-07T15:23:14Z,2026,02,1,2026,2026,97,0,true,Mississippi,4,Region 4 — Atlanta,Atlanta,"AL,FL,GA,KY,MS,NC,SC,TN",28,117,28117,Emergency Work,true,false,false,false,true,false,false,false,false,false,Winter weather,false,false,false,false,false,false,false,true,false,false,false,75.00,0.00,false,false,false,false,true,false,true,under_10k,https://www.fema.gov/api/open/v2/PublicAssistanceFundedProjectsDetails,https://www.fema.gov/openfema-data-page/public-assistance-funded-projects-details-v2,2026-08-17T06:23:38Z
4899,2026-02-06T00:00:00.000Z,Winter Storm,81,Operating of Generators  2 Water Wells,155-UNPZ2-00,B,Emergency Protective Measures,Eligible,Obligated,Small,Webster County,155,MS,28,9136.88,6852.66,6852.66,2026-07-11T00:00:00.000Z,2026-07-11T00:00:00.000Z,0,1065699,277965,2026-07-23T18:44:06.680Z,c1da531248fb0dd787cf5b0ef2c143aedd20ee92,2026-02-06,2026-07-11,2026-07-11,2026-07-23T18:44:06Z,2026,02,1,2026,2026,155,0,true,Mississippi,4,Region 4 — Atlanta,Atlanta,"AL,FL,GA,KY,MS,NC,SC,TN",28,155,28155,Emergency Work,true,false,false,false,true,false,false,false,false,false,Winter weather,false,false,false,false,false,false,false,true,false,false,false,75.00,0.00,false,false,false,false,true,false,true,under_10k,https://www.fema.gov/api/open/v2/PublicAssistanceFundedProjectsDetails,https://www.fema.gov/openfema-data-page/public-assistance-funded-projects-details-v2,2026-08-17T06:23:38Z
4899,2026-02-06T00:00:00.000Z,Winter Storm,82,Keownville Water Association Emergency Protective Measures,145-UIBYL-00,B,Emergency Protective Measures,Eligible,Obligated,Small,Union County,145,MS,28,81335.6,61001.7,61001.7,2026-05-19T00:00:00.000Z,2026-05-19T00:00:00.000Z,0,1065703,277855,2026-07-23T18:44:06.680Z,f3d2159c054b6ab8cb69edc65193304e70058f51,2026-02-06,2026-05-19,2026-05-19,2026-07-23T18:44:06Z,2026,02,1,2026,2026,102,0,true,Mississippi,4,Region 4 — Atlanta,Atlanta,"AL,FL,GA,KY,MS,NC,SC,TN",28,145,28145,Emergency Work,true,false,false,false,true,false,false,false,false,false,Winter weather,false,false,false,false,false,false,false,true,false,false,false,75.00,0.00,false,false,false,false,true,false,true,10k_to_100k,https://www.fema.gov/api/open/v2/PublicAssistanceFundedProjectsDetails,https://www.fema.gov/openfema-data-page/public-assistance-funded-projects-details-v2,2026-08-17T06:23:38Z
4899,2026-02-06T00:00:00.000Z,Winter Storm,83,Northeast Union Fire Department Emergency Protective Measures,145-UFT3X-00,B,Emergency Protective Measures,Eligible,Obligated,Small,Union County,145,MS,28,17978.96,13484.22,13484.22,2026-04-17T00:00:00.000Z,2026-04-17T00:00:00.000Z,0,1065704,277943,2026-07-23T18:44:06.680Z,c53a25dfc0493ce4acd01749b6fa8a9b497bd0a5,2026-02-06,2026-04-17,2026-04-17,2026-07-23T18:44:06Z,2026,02,1,2026,2026,70,0,true,Mississippi,4,Region 4 — Atlanta,Atlanta,"AL,FL,GA,KY,MS,NC,SC,TN",28,145,28145,Emergency Work,true,false,false,false,true,false,false,false,false,false,Winter weather,false,false,false,false,false,false,false,true,false,false,false,75.00,0.00,false,false,false,false,true,false,true,10k_to_100k,https://www.fema.gov/api/open/v2/PublicAssistanceFundedProjectsDetails,https://www.fema.gov/openfema-data-page/public-assistance-funded-projects-details-v2,2026-08-17T06:23:38Z
4899,2026-02-06T00:00:00.000Z,Winter Storm,84,EPM - Warming Center Generator/Cut & Toss,013-10580-00,B,Emergency Protective Measures,Eligible,Obligated,Small,Calhoun County,013,MS,28,22025.93,16519.45,16519.45,2026-06-22T00:00:00.000Z,2026-05-20T00:00:00.000Z,0,1065705,277984,2026-07-23T18:44:06.680Z,7fc79008cf8098ca29e283c4fd5ae876d76c707d,2026-02-06,2026-05-20,2026-06-22,2026-07-23T18:44:06Z,2026,02,1,2026,2026,103,33,false,Mississippi,4,Region 4 — Atlanta,Atlanta,"AL,FL,GA,KY,MS,NC,SC,TN",28,013,28013,Emergency Work,true,false,false,false,true,false,false,false,false,false,Winter weather,false,false,false,false,false,false,false,true,false,false,false,75.00,0.00,false,false,false,false,true,false,true,10k_to_100k,https://www.fema.gov/api/open/v2/PublicAssistanceFundedProjectsDetails,https://www.fema.gov/openfema-data-page/public-assistance-funded-projects-details-v2,2026-08-17T06:23:38Z
4899,2026-02-06T00:00:00.000Z,Winter Storm,85,Crossroads Regional Park Debris Removal,003-UVKD5-00,A,Debris Removal,Eligible,Obligated,Small,Alcorn County,003,MS,28,20279.18,15209.39,15209.39,2026-06-25T00:00:00.000Z,2026-06-25T00:00:00.000Z,0,1065706,277802,2026-07-23T18:44:06.680Z,5cb70ebe6414dbd482756f3ca30215e615dd34d6,2026-02-06,2026-06-25,2026-06-25,2026-07-23T18:44:06Z,2026,02,1,2026,2026,139,0,true,Mississippi,4,Region 4 — Atlanta,Atlanta,"AL,FL,GA,KY,MS,NC,SC,TN",28,003,28003,Emergency Work,true,false,false,true,false,false,false,false,false,false,Winter weather,false,false,false,false,false,false,false,true,false,false,false,75.00,0.00,false,false,false,false,true,false,true,10k_to_100k,https://www.fema.gov/api/open/v2/PublicAssistanceFundedProjectsDetails,https://www.fema.gov/openfema-data-page/public-assistance-funded-projects-details-v2,2026-08-17T06:23:38Z
4899,2026-02-06T00:00:00.000Z,Winter Storm,86,Emergency Protective Measure (Generator),097-UZR2S-00,B,Emergency Protective Measures,Eligible,Pending Closeout Completion,Small,Montgomery County,097,MS,28,6382.23,4786.68,4786.68,2026-05-19T00:00:00.000Z,2026-05-19T00:00:00.000Z,0,1065707,277868,2026-07-23T18:44:06.680Z,7c5c2728e0fcfcf2a6bb2cbbfa04db5c11de629c,2026-02-06,2026-05-19,2026-05-19,2026-07-23T18:44:06Z,2026,02,1,2026,2026,102,0,true,Mississippi,4,Region 4 — Atlanta,Atlanta,"AL,FL,GA,KY,MS,NC,SC,TN",28,097,28097,Emergency Work,true,false,false,false,true,false,false,false,false,false,Winter weather,false,false,false,false,false,false,false,true,false,false,false,75.00,0.00,false,false,false,false,true,false,true,under_10k,https://www.fema.gov/api/open/v2/PublicAssistanceFundedProjectsDetails,https://www.fema.gov/openfema-data-page/public-assistance-funded-projects-details-v2,2026-08-17T06:23:38Z
4899,2026-02-06T00:00:00.000Z,Winter Storm,87,City of New Albany - Contract WC Debris Removal thru 03-07-26,145-UFB3B-00,A,Debris Removal,Eligible,Obligated,Large,Union County,145,MS,28,1264306.87,948230.16,948230.16,2026-05-15T00:00:00.000Z,2026-05-15T00:00:00.000Z,0,1065710,277660,2026-07-23T18:44:06.680Z,3da6d67aeb00d6997fe144b87f31d5132b06cd57,2026-02-06,2026-05-15,2026-05-15,2026-07-23T18:44:06Z,2026,02,1,2026,2026,98,0,true,Mississippi,4,Region 4 — Atlanta,Atlanta,"AL,FL,GA,KY,MS,NC,SC,TN",28,145,28145,Emergency Work,true,false,false,true,false,false,false,false,false,false,Winter weather,false,false,false,false,false,false,false,true,false,false,false,75.00,0.00,false,false,false,true,false,false,true,100k_to_1m,https://www.fema.gov/api/open/v2/PublicAssistanceFundedProjectsDetails,https://www.fema.gov/openfema-data-page/public-assistance-funded-projects-details-v2,2026-08-17T06:23:38Z
4899,2026-02-06T00:00:00.000Z,Winter Storm,88,Emergency Protective Measures,125-11820-00,B,Emergency Protective Measures,Eligible,Obligated,Small,Sharkey County,125,MS,28,7276.64,5457.48,5457.48,2026-05-11T00:00:00.000Z,2026-05-11T00:00:00.000Z,0,1065715,277758,2026-07-23T18:44:06.680Z,2ab702e6ad51952880d431ae925d975bcb3e6b17,2026-02-06,2026-05-11,2026-05-11,2026-07-23T18:44:06Z,2026,02,1,2026,2026,94,0,true,Mississippi,4,Region 4 — Atlanta,Atlanta,"AL,FL,GA,KY,MS,NC,SC,TN",28,125,28125,Emergency Work,true,false,false,false,true,false,false,false,false,false,Winter weather,false,false,false,false,false,false,false,true,false,false,false,75.00,0.00,false,false,false,false,true,false,true,under_10k,https://www.fema.gov/api/open/v2/PublicAssistanceFundedProjectsDetails,https://www.fema.gov/openfema-data-page/public-assistance-funded-projects-details-v2,2026-08-17T06:23:38Z
4899,2026-02-06T00:00:00.000Z,Winter Storm,90,FEMA-DR4899MS-Northwest Mississippi Community College-Emergency Protective Measures,137-01201-00,B,Emergency Protective Measures,Eligible,Obligated,Small,Tate County,137,MS,28,38008.01,28506.01,28506.01,2026-04-24T00:00:00.000Z,2026-04-24T00:00:00.000Z,0,1065721,277788,2026-07-23T18:44:06.680Z,12ce032bc8c567cb4d1396d542536db80a197e58,2026-02-06,2026-04-24,2026-04-24,2026-07-23T18:44:06Z,2026,02,1,2026,2026,77,0,true,Mississippi,4,Region 4 — Atlanta,Atlanta,"AL,FL,GA,KY,MS,NC,SC,TN",28,137,28137,Emergency Work,true,false,false,false,true,false,false,false,false,false,Winter weather,false,false,false,false,false,false,false,true,false,false,false,75.00,0.00,false,false,false,false,true,false,true,10k_to_100k,https://www.fema.gov/api/open/v2/PublicAssistanceFundedProjectsDetails,https://www.fema.gov/openfema-data-page/public-assistance-funded-projects-details-v2,2026-08-17T06:23:38Z
4899,2026-02-06T00:00:00.000Z,Winter Storm,91,Emergency Protective Measures,117-U1JRS-00,B,Emergency Protective Measures,Eligible,Obligated,Small,Prentiss County,117,MS,28,31708.2,22348.8,22348.8,2026-05-18T00:00:00.000Z,2026-04-10T00:00:00.000Z,0,1065722,277877,2026-07-23T18:44:06.680Z,19e3240c3beb59d00e442696147d3027642fb191,2026-02-06,2026-04-10,2026-05-18,2026-07-23T18:44:06Z,2026,02,1,2026,2026,63,38,false,Mississippi,4,Region 4 — Atlanta,Atlanta,"AL,FL,GA,KY,MS,NC,SC,TN",28,117,28117,Emergency Work,true,false,false,false,true,false,false,false,false,false,Winter weather,false,false,false,false,false,false,false,true,false,false,false,70.48,0.00,false,false,false,false,true,false,true,10k_to_100k,https://www.fema.gov/api/open/v2/PublicAssistanceFundedProjectsDetails,https://www.fema.gov/openfema-data-page/public-assistance-funded-projects-details-v2,2026-08-17T06:23:38Z
4899,2026-02-06T00:00:00.000Z,Winter Storm,92,County Wide Debris Removal,151-99151-00,A,Debris Removal,Eligible,Obligated,Small,Washington County,151,MS,28,38899.42,29174.57,29174.57,2026-06-30T00:00:00.000Z,2026-06-30T00:00:00.000Z,0,1065723,277595,2026-07-23T18:44:06.680Z,f1099c132e53940f683eeb2d8ee1dcee7c1e3a2f,2026-02-06,2026-06-30,2026-06-30,2026-07-23T18:44:06Z,2026,02,1,2026,2026,144,0,true,Mississippi,4,Region 4 — Atlanta,Atlanta,"AL,FL,GA,KY,MS,NC,SC,TN",28,151,28151,Emergency Work,true,false,false,true,false,false,false,false,false,false,Winter weather,false,false,false,false,false,false,false,true,false,false,false,75.00,0.00,false,false,false,false,true,false,true,10k_to_100k,https://www.fema.gov/api/open/v2/PublicAssistanceFundedProjectsDetails,https://www.fema.gov/openfema-data-page/public-assistance-funded-projects-details-v2,2026-08-17T06:23:38Z
4899,2026-02-06T00:00:00.000Z,Winter Storm,93,4899-Batesvile-Cat B Police,107-03620-00,B,Emergency Protective Measures,Eligible,Obligated,Small,Panola County,107,MS,28,43590.7,32693.03,32693.03,2026-04-03T00:00:00.000Z,2026-04-03T00:00:00.000Z,0,1065725,277628,2026-07-23T18:44:06.680Z,421dc94142d77a65eb4caebac10816770b14d183,2026-02-06,2026-04-03,2026-04-03,2026-07-23T18:44:06Z,2026,02,1,2026,2026,56,0,true,Mississippi,4,Region 4 — Atlanta,Atlanta,"AL,FL,GA,KY,MS,NC,SC,TN",28,107,28107,Emergency Work,true,false,false,false,true,false,false,false,false,false,Winter weather,false,false,false,false,false,false,false,true,false,false,false,75.00,0.00,false,false,false,false,true,false,true,10k_to_100k,https://www.fema.gov/api/open/v2/PublicAssistanceFundedProjectsDetails,https://www.fema.gov/openfema-data-page/public-assistance-funded-projects-details-v2,2026-08-17T06:23:38Z
4899,2026-02-06T00:00:00.000Z,Winter Storm,94,Emergency Protective Measures (Countywide),151-99151-00,B,Emergency Protective Measures,Eligible,Obligated,Small,Washington County,151,MS,28,68563.46,51422.6,51422.6,2026-06-12T00:00:00.000Z,2026-06-12T00:00:00.000Z,0,1065726,277595,2026-07-23T18:44:06.680Z,2a5a391ef7814249e40c89a3ba7bc51d34a599cb,2026-02-06,2026-06-12,2026-06-12,2026-07-23T18:44:06Z,2026,02,1,2026,2026,126,0,true,Mississippi,4,Region 4 — Atlanta,Atlanta,"AL,FL,GA,KY,MS,NC,SC,TN",28,151,28151,Emergency Work,true,false,false,false,true,false,false,false,false,false,Winter weather,false,false,false,false,false,false,false,true,false,false,false,75.00,0.00,false,false,false,false,true,false,true,10k_to_100k,https://www.fema.gov/api/open/v2/PublicAssistanceFundedProjectsDetails,https://www.fema.gov/openfema-data-page/public-assistance-funded-projects-details-v2,2026-08-17T06:23:38Z
4899,2026-02-06T00:00:00.000Z,Winter Storm,95,Emergency Protective Measure,125-99125-00,B,Emergency Protective Measures,Eligible,Obligated,Small,Sharkey County,125,MS,28,12127.33,9095.5,9095.5,2026-05-23T00:00:00.000Z,2026-05-23T00:00:00.000Z,0,1065728,277579,2026-07-23T18:44:06.680Z,a9b1f394d39db5927eb1c9e4689db4f605761a19,2026-02-06,2026-05-23,2026-05-23,2026-07-23T18:44:06Z,2026,02,1,2026,2026,106,0,true,Mississippi,4,Region 4 — Atlanta,Atlanta,"AL,FL,GA,KY,MS,NC,SC,TN",28,125,28125,Emergency Work,true,false,false,false,true,false,false,false,false,false,Winter weather,false,false,false,false,false,false,false,true,false,false,false,75.00,0.00,false,false,false,false,true,false,true,under_10k,https://www.fema.gov/api/open/v2/PublicAssistanceFundedProjectsDetails,https://www.fema.gov/openfema-data-page/public-assistance-funded-projects-details-v2,2026-08-17T06:23:38Z
4899,2026-02-06T00:00:00.000Z,Winter Storm,96,New Albany LGW - FA EPM,145-UMX5T-00,B,Emergency Protective Measures,Eligible,Obligated,Small,Union County,145,MS,28,205358.68,154019.01,154019.01,2026-06-29T00:00:00.000Z,2026-06-29T00:00:00.000Z,0,1065729,277645,2026-07-23T18:44:06.680Z,383d7b5e3f5e18eee1c9e22b7ef5b2a9e358bb4d,2026-02-06,2026-06-29,2026-06-29,2026-07-23T18:44:06Z,2026,02,1,2026,2026,143,0,true,Mississippi,4,Region 4 — Atlanta,Atlanta,"AL,FL,GA,KY,MS,NC,SC,TN",28,145,28145,Emergency Work,true,false,false,false,true,false,false,false,false,false,Winter weather,false,false,false,false,false,false,false,true,false,false,false,75.00,0.00,false,false,false,false,true,false,true,100k_to_1m,https://www.fema.gov/api/open/v2/PublicAssistanceFundedProjectsDetails,https://www.fema.gov/openfema-data-page/public-assistance-funded-projects-details-v2,2026-08-17T06:23:38Z
4899,2026-02-06T00:00:00.000Z,Winter Storm,97,4899 - Booneville - CAT B - Generators,117-07780-00,B,Emergency Protective Measures,Eligible,Obligated,Small,Prentiss County,117,MS,28,48076.32,36057.24,36057.24,2026-04-22T00:00:00.000Z,2026-04-22T00:00:00.000Z,0,1065730,277632,2026-07-23T18:44:06.680Z,2bfe186dc41e7a5ad64947fd16dd068e0b978c45,2026-02-06,2026-04-22,2026-04-22,2026-07-23T18:44:06Z,2026,02,1,2026,2026,75,0,true,Mississippi,4,Region 4 — Atlanta,Atlanta,"AL,FL,GA,KY,MS,NC,SC,TN",28,117,28117,Emergency Work,true,false,false,false,true,false,false,false,false,false,Winter weather,false,false,false,false,false,false,false,true,false,false,false,75.00,0.00,false,false,false,false,true,false,true,10k_to_100k,https://www.fema.gov/api/open/v2/PublicAssistanceFundedProjectsDetails,https://www.fema.gov/openfema-data-page/public-assistance-funded-projects-details-v2,2026-08-17T06:23:38Z
4899,2026-02-06T00:00:00.000Z,Winter Storm,100,DR4899MS- Holly Springs City- Contract- Debris Removal- Under Normal Procurement (5/10-5/23/26)- Work Completed,093-33100-00,A,Debris Removal,Eligible,Obligated,Small,Marshall County,093,MS,28,37491.24,28118.43,28118.43,2026-07-21T00:00:00.000Z,2026-07-21T00:00:00.000Z,0,1065733,277945,2026-07-23T18:44:06.680Z,e953142049df338cd3cad92298f5ef19bb90abd7,2026-02-06,2026-07-21,2026-07-21,2026-07-23T18:44:06Z,2026,02,1,2026,2026,165,0,true,Mississippi,4,Region 4 — Atlanta,Atlanta,"AL,FL,GA,KY,MS,NC,SC,TN",28,093,28093,Emergency Work,true,false,false,true,false,false,false,false,false,false,Winter weather,false,false,false,false,false,false,false,true,false,false,false,75.00,0.00,false,false,false,false,true,false,true,10k_to_100k,https://www.fema.gov/api/open/v2/PublicAssistanceFundedProjectsDetails,https://www.fema.gov/openfema-data-page/public-assistance-funded-projects-details-v2,2026-08-17T06:23:38Z
4899,2026-02-06T00:00:00.000Z,Winter Storm,101,Contract WC Debris Removal thru 3/07/2026,093-99093-00,A,Debris Removal,Eligible,Obligated,Small,Marshall County,093,MS,28,700527.43,525395.58,525395.58,2026-05-15T00:00:00.000Z,2026-05-15T00:00:00.000Z,0,1065734,277653,2026-07-23T18:44:06.680Z,745f712f5ca3d233c29ab9c230f2c4ab38864d35,2026-02-06,2026-05-15,2026-05-15,2026-07-23T18:44:06Z,2026,02,1,2026,2026,98,0,true,Mississippi,4,Region 4 — Atlanta,Atlanta,"AL,FL,GA,KY,MS,NC,SC,TN",28,093,28093,Emergency Work,true,false,false,true,false,false,false,false,false,false,Winter weather,false,false,false,false,false,false,false,true,false,false,false,75.00,0.00,false,false,false,false,true,false,true,100k_to_1m,https://www.fema.gov/api/open/v2/PublicAssistanceFundedProjectsDetails,https://www.fema.gov/openfema-data-page/public-assistance-funded-projects-details-v2,2026-08-17T06:23:38Z
4899,2026-02-06T00:00:00.000Z,Winter Storm,104,"Water Valley, City of- Contract WC Debris Removal 2/1/26 thru 3/21/2026",161-78000-00,A,Debris Removal,Eligible,Obligated,Small,Yalobusha County,161,MS,28,937137.3,702852.98,702852.98,2026-06-29T00:00:00.000Z,2026-06-29T00:00:00.000Z,0,1065737,277584,2026-07-23T18:44:06.680Z,157dd411ce24275f43d1b640c959bd6b6b835d06,2026-02-06,2026-06-29,2026-06-29,2026-07-23T18:44:06Z,2026,02,1,2026,2026,143,0,true,Mississippi,4,Region 4 — Atlanta,Atlanta,"AL,FL,GA,KY,MS,NC,SC,TN",28,161,28161,Emergency Work,true,false,false,true,false,false,false,false,false,false,Winter weather,false,false,false,false,false,false,false,true,false,false,false,75.00,0.00,false,false,false,false,true,false,true,100k_to_1m,https://www.fema.gov/api/open/v2/PublicAssistanceFundedProjectsDetails,https://www.fema.gov/openfema-data-page/public-assistance-funded-projects-details-v2,2026-08-17T06:23:38Z
4899,2026-02-06T00:00:00.000Z,Winter Storm,105,Contract Debris Removal 2/3 thru 3/14/26,161-04659-00,A,Debris Removal,Eligible,Obligated,Small,Yalobusha County,161,MS,28,59319.57,44489.68,44489.68,2026-05-04T00:00:00.000Z,2026-05-04T00:00:00.000Z,0,1065738,277966,2026-07-23T18:44:06.680Z,30133d9cda0edf6fc82e37f67c86736d0c532b43,2026-02-06,2026-05-04,2026-05-04,2026-07-23T18:44:06Z,2026,02,1,2026,2026,87,0,true,Mississippi,4,Region 4 — Atlanta,Atlanta,"AL,FL,GA,KY,MS,NC,SC,TN",28,161,28161,Emergency Work,true,false,false,true,false,false,false,false,false,false,Winter weather,false,false,false,false,false,false,false,true,false,false,false,75.00,0.00,false,false,false,false,true,false,true,10k_to_100k,https://www.fema.gov/api/open/v2/PublicAssistanceFundedProjectsDetails,https://www.fema.gov/openfema-data-page/public-assistance-funded-projects-details-v2,2026-08-17T06:23:38Z
4899,2026-02-06T00:00:00.000Z,Winter Storm,106,4899MS - Union County - CAT A - Contract Debris Removal WC thru 3/07/26,145-99145-00,A,Debris Removal,Eligible,Obligated,Large,Union County,145,MS,28,4834585.17,3625938.88,3625938.88,2026-04-24T00:00:00.000Z,2026-04-24T00:00:00.000Z,0,1065739,277557,2026-07-23T18:44:06.680Z,12ad2bb2fe846eb0b6ca61e20ab183e52e42b459,2026-02-06,2026-04-24,2026-04-24,2026-07-23T18:44:06Z,2026,02,1,2026,2026,77,0,true,Mississippi,4,Region 4 — Atlanta,Atlanta,"AL,FL,GA,KY,MS,NC,SC,TN",28,145,28145,Emergency Work,true,false,false,true,false,false,false,false,false,false,Winter weather,false,false,false,false,false,false,false,true,false,false,false,75.00,0.00,false,false,false,true,false,false,true,1m_to_10m,https://www.fema.gov/api/open/v2/PublicAssistanceFundedProjectsDetails,https://www.fema.gov/openfema-data-page/public-assistance-funded-projects-details-v2,2026-08-17T06:23:38Z
4899,2026-02-06T00:00:00.000Z,Winter Storm,107,Generator Project,135-99135-00,B,Emergency Protective Measures,Eligible,Pending Closeout Completion,Small,Tallahatchie County,135,MS,28,65487.76,49115.82,49115.82,2026-04-22T00:00:00.000Z,2026-04-22T00:00:00.000Z,0,1065740,277573,2026-08-07T15:23:14.370Z,e9b5f365aced628c281006eaf8c1d9f8fe3cb6ec,2026-02-06,2026-04-22,2026-04-22,2026-08-07T15:23:14Z,2026,02,1,2026,2026,75,0,true,Mississippi,4,Region 4 — Atlanta,Atlanta,"AL,FL,GA,KY,MS,NC,SC,TN",28,135,28135,Emergency Work,true,false,false,false,true,false,false,false,false,false,Winter weather,false,false,false,false,false,false,false,true,false,false,false,75.00,0.00,false,false,false,false,true,false,true,10k_to_100k,https://www.fema.gov/api/open/v2/PublicAssistanceFundedProjectsDetails,https://www.fema.gov/openfema-data-page/public-assistance-funded-projects-details-v2,2026-08-17T06:23:38Z
4899,2026-02-06T00:00:00.000Z,Winter Storm,108,4899 - Prentiss County - CAT B - Generators,117-99117-00,B,Emergency Protective Measures,Eligible,Obligated,Small,Prentiss County,117,MS,28,20378.88,15284.16,15284.16,2026-04-15T00:00:00.000Z,2026-04-15T00:00:00.000Z,0,1065741,277592,2026-07-23T18:44:06.680Z,7a87c01403b08aeead50fdb0d8980ad163f9c384,2026-02-06,2026-04-15,2026-04-15,2026-07-23T18:44:06Z,2026,02,1,2026,2026,68,0,true,Mississippi,4,Region 4 — Atlanta,Atlanta,"AL,FL,GA,KY,MS,NC,SC,TN",28,117,28117,Emergency Work,true,false,false,false,true,false,false,false,false,false,Winter weather,false,false,false,false,false,false,false,true,false,false,false,75.00,0.00,false,false,false,false,true,false,true,10k_to_100k,https://www.fema.gov/api/open/v2/PublicAssistanceFundedProjectsDetails,https://www.fema.gov/openfema-data-page/public-assistance-funded-projects-details-v2,2026-08-17T06:23:38Z
4899,2026-02-06T00:00:00.000Z,Winter Storm,109,Generator Project,141-99141-00,B,Emergency Protective Measures,Eligible,Obligated,Small,Tishomingo County,141,MS,28,141608.69,106206.52,106206.52,2026-06-12T00:00:00.000Z,2026-06-12T00:00:00.000Z,0,1065742,277583,2026-07-23T18:44:06.680Z,3ab9caee209ffcb7f6653846a8a39240e9e2f01e,2026-02-06,2026-06-12,2026-06-12,2026-07-23T18:44:06Z,2026,02,1,2026,2026,126,0,true,Mississippi,4,Region 4 — Atlanta,Atlanta,"AL,FL,GA,KY,MS,NC,SC,TN",28,141,28141,Emergency Work,true,false,false,false,true,false,false,false,false,false,Winter weather,false,false,false,false,false,false,false,true,false,false,false,75.00,0.00,false,false,false,false,true,false,true,100k_to_1m,https://www.fema.gov/api/open/v2/PublicAssistanceFundedProjectsDetails,https://www.fema.gov/openfema-data-page/public-assistance-funded-projects-details-v2,2026-08-17T06:23:38Z
4899,2026-02-06T00:00:00.000Z,Winter Storm,110,Category B - Emergency Preparation Work,049-61160-00,B,Emergency Protective Measures,Eligible,Obligated,Small,Hinds County,049,MS,28,7373.53,5530.15,5530.15,2026-06-30T00:00:00.000Z,2026-06-30T00:00:00.000Z,0,1065743,277939,2026-07-23T18:44:06.680Z,ebeffc86a3fad1fafd6cdd05b636de8f6d8236ae,2026-02-06,2026-06-30,2026-06-30,2026-07-23T18:44:06Z,2026,02,1,2026,2026,144,0,true,Mississippi,4,Region 4 — Atlanta,Atlanta,"AL,FL,GA,KY,MS,NC,SC,TN",28,049,28049,Emergency Work,true,false,false,false,true,false,false,false,false,false,Winter weather,false,false,false,false,false,false,false,true,false,false,false,75.00,0.00,false,false,false,false,true,false,true,under_10k,https://www.fema.gov/api/open/v2/PublicAssistanceFundedProjectsDetails,https://www.fema.gov/openfema-data-page/public-assistance-funded-projects-details-v2,2026-08-17T06:23:38Z
4899,2026-02-06T00:00:00.000Z,Winter Storm,114,Emergency Preparation,049-0518E-00,B,Emergency Protective Measures,Eligible,Pending Closeout Completion,Small,Hinds County,049,MS,28,8163.34,6122.51,6122.51,2026-07-23T00:00:00.000Z,2026-07-23T00:00:00.000Z,0,1065747,277644,2026-08-12T15:21:33.184Z,159ed938d5d564820183b7a7a4cc01e138556de3,2026-02-06,2026-07-23,2026-07-23,2026-08-12T15:21:33Z,2026,02,1,2026,2026,167,0,true,Mississippi,4,Region 4 — Atlanta,Atlanta,"AL,FL,GA,KY,MS,NC,SC,TN",28,049,28049,Emergency Work,true,false,false,false,true,false,false,false,false,false,Winter weather,false,false,false,false,false,false,false,true,false,false,false,75.00,0.00,false,false,false,false,true,false,true,under_10k,https://www.fema.gov/api/open/v2/PublicAssistanceFundedProjectsDetails,https://www.fema.gov/openfema-data-page/public-assistance-funded-projects-details-v2,2026-08-17T06:23:38Z
4899,2026-02-06T00:00:00.000Z,Winter Storm,117,"4899 Winona EPM including  Police, Fire",097-80760-00,B,Emergency Protective Measures,Eligible,Obligated,Small,Montgomery County,097,MS,28,140941.19,105705.9,105705.9,2026-06-08T00:00:00.000Z,2026-06-08T00:00:00.000Z,0,1065756,277746,2026-07-23T18:44:06.680Z,76174ca00294400a1c9228abb3b78ace0f65b091,2026-02-06,2026-06-08,2026-06-08,2026-07-23T18:44:06Z,2026,02,1,2026,2026,122,0,true,Mississippi,4,Region 4 — Atlanta,Atlanta,"AL,FL,GA,KY,MS,NC,SC,TN",28,097,28097,Emergency Work,true,false,false,false,true,false,false,false,false,false,Winter weather,false,false,false,false,false,false,false,true,false,false,false,75.00,0.00,false,false,false,false,true,false,true,100k_to_1m,https://www.fema.gov/api/open/v2/PublicAssistanceFundedProjectsDetails,https://www.fema.gov/openfema-data-page/public-assistance-funded-projects-details-v2,2026-08-17T06:23:38Z
4899,2026-02-06T00:00:00.000Z,Winter Storm,118,4899 Winona Generator Run Time,097-80760-00,B,Emergency Protective Measures,Eligible,Obligated,Small,Montgomery County,097,MS,28,57829.32,43371.99,43371.99,2026-05-20T00:00:00.000Z,2026-05-20T00:00:00.000Z,0,1065757,277746,2026-07-23T18:44:06.680Z,e2e651ffa050e4e40bdb8a2c79a95af7bf997270,2026-02-06,2026-05-20,2026-05-20,2026-07-23T18:44:06Z,2026,02,1,2026,2026,103,0,true,Mississippi,4,Region 4 — Atlanta,Atlanta,"AL,FL,GA,KY,MS,NC,SC,TN",28,097,28097,Emergency Work,true,false,false,false,true,false,false,false,false,false,Winter weather,false,false,false,false,false,false,false,true,false,false,false,75.00,0.00,false,false,false,false,true,false,true,10k_to_100k,https://www.fema.gov/api/open/v2/PublicAssistanceFundedProjectsDetails,https://www.fema.gov/openfema-data-page/public-assistance-funded-projects-details-v2,2026-08-17T06:23:38Z
4899,2026-02-06T00:00:00.000Z,Winter Storm,119,New Albany LGW - Mutual Aid Group 1,145-UMX5T-00,B,Emergency Protective Measures,Eligible,Obligated,Small,Union County,145,MS,28,829657.06,622242.8,622242.8,2026-07-17T00:00:00.000Z,2026-07-17T00:00:00.000Z,0,1065758,277645,2026-07-23T18:44:06.680Z,f13ae58b797bdb17ac5635020189cb5e6787115d,2026-02-06,2026-07-17,2026-07-17,2026-07-23T18:44:06Z,2026,02,1,2026,2026,161,0,true,Mississippi,4,Region 4 — Atlanta,Atlanta,"AL,FL,GA,KY,MS,NC,SC,TN",28,145,28145,Emergency Work,true,false,false,false,true,false,false,false,false,false,Winter weather,false,false,false,false,false,false,false,true,false,false,false,75.00,0.00,false,false,false,false,true,false,true,100k_to_1m,https://www.fema.gov/api/open/v2/PublicAssistanceFundedProjectsDetails,https://www.fema.gov/openfema-data-page/public-assistance-funded-projects-details-v2,2026-08-17T06:23:38Z
4899,2026-02-06T00:00:00.000Z,Winter Storm,121,Emergency Protective Measures,000-U2A57-00,B,Emergency Protective Measures,Eligible,Obligated,Small,Statewide,063,MS,28,24182.02,18136.52,18136.52,2026-05-14T00:00:00.000Z,2026-05-14T00:00:00.000Z,0,1065761,277689,2026-07-23T18:44:06.680Z,304b92a73df47cad4505eda770df64e8ace54485,2026-02-06,2026-05-14,2026-05-14,2026-07-23T18:44:06Z,2026,02,1,2026,2026,97,0,true,Mississippi,4,Region 4 — Atlanta,Atlanta,"AL,FL,GA,KY,MS,NC,SC,TN",28,063,28063,Emergency Work,true,false,false,false,true,false,false,false,false,false,Winter weather,false,false,false,false,false,false,false,true,false,false,false,75.00,0.00,false,false,false,false,true,false,true,10k_to_100k,https://www.fema.gov/api/open/v2/PublicAssistanceFundedProjectsDetails,https://www.fema.gov/openfema-data-page/public-assistance-funded-projects-details-v2,2026-08-17T06:23:38Z
4899,2026-02-06T00:00:00.000Z,Winter Storm,122,Town of Vaiden Emergency Protective Measures,015-75880-00,B,Emergency Protective Measures,Eligible,Obligated,Small,Carroll County,015,MS,28,15835.64,11876.73,11876.73,2026-06-25T00:00:00.000Z,2026-06-25T00:00:00.000Z,0,1065762,277747,2026-07-23T18:44:06.680Z,c2b17f71962e82bbdf809701ed5daf579f39379d,2026-02-06,2026-06-25,2026-06-25,2026-07-23T18:44:06Z,2026,02,1,2026,2026,139,0,true,Mississippi,4,Region 4 — Atlanta,Atlanta,"AL,FL,GA,KY,MS,NC,SC,TN",28,015,28015,Emergency Work,true,false,false,false,true,false,false,false,false,false,Winter weather,false,false,false,false,false,false,false,true,false,false,false,75.00,0.00,false,false,false,false,true,false,true,10k_to_100k,https://www.fema.gov/api/open/v2/PublicAssistanceFundedProjectsDetails,https://www.fema.gov/openfema-data-page/public-assistance-funded-projects-details-v2,2026-08-17T06:23:38Z
4899,2026-02-06T00:00:00.000Z,Winter Storm,123,Emergency Protective Measures,117-01F61-00,B,Emergency Protective Measures,Eligible,Obligated,Small,Prentiss County,117,MS,28,4351.92,3263.94,3263.94,2026-04-24T00:00:00.000Z,2026-04-24T00:00:00.000Z,0,1065763,277957,2026-07-23T18:44:06.680Z,166d5fe0980c08aca874e5d1685f0f9ef39ad0f6,2026-02-06,2026-04-24,2026-04-24,2026-07-23T18:44:06Z,2026,02,1,2026,2026,77,0,true,Mississippi,4,Region 4 — Atlanta,Atlanta,"AL,FL,GA,KY,MS,NC,SC,TN",28,117,28117,Emergency Work,true,false,false,false,true,false,false,false,false,false,Winter weather,false,false,false,false,false,false,false,true,false,false,false,75.00,0.00,false,false,false,false,true,false,true,under_10k,https://www.fema.gov/api/open/v2/PublicAssistanceFundedProjectsDetails,https://www.fema.gov/openfema-data-page/public-assistance-funded-projects-details-v2,2026-08-17T06:23:38Z
4899,2026-02-06T00:00:00.000Z,Winter Storm,124,City Wide Debris Removal,151-32900-00,A,Debris Removal,Eligible,Obligated,Small,Washington County,151,MS,28,390516.5,292887.38,292887.38,2026-07-17T00:00:00.000Z,2026-07-17T00:00:00.000Z,0,1065764,277728,2026-07-23T18:44:06.680Z,19473bdd1c087bb7a1b203ab1572308620000601,2026-02-06,2026-07-17,2026-07-17,2026-07-23T18:44:06Z,2026,02,1,2026,2026,161,0,true,Mississippi,4,Region 4 — Atlanta,Atlanta,"AL,FL,GA,KY,MS,NC,SC,TN",28,151,28151,Emergency Work,true,false,false,true,false,false,false,false,false,false,Winter weather,false,false,false,false,false,false,false,true,false,false,false,75.00,0.00,false,false,false,false,true,false,true,100k_to_1m,https://www.fema.gov/api/open/v2/PublicAssistanceFundedProjectsDetails,https://www.fema.gov/openfema-data-page/public-assistance-funded-projects-details-v2,2026-08-17T06:23:38Z
4899,2026-02-06T00:00:00.000Z,Winter Storm,125,City Wide EPM,151-32900-00,B,Emergency Protective Measures,Eligible,Obligated,Small,Washington County,151,MS,28,22146.83,16610.13,16610.13,2026-06-25T00:00:00.000Z,2026-06-25T00:00:00.000Z,0,1065767,277728,2026-07-23T18:44:06.680Z,e5c07c3ab95bb54929c4ec37d39ccfe9cfa0a936,2026-02-06,2026-06-25,2026-06-25,2026-07-23T18:44:06Z,2026,02,1,2026,2026,139,0,true,Mississippi,4,Region 4 — Atlanta,Atlanta,"AL,FL,GA,KY,MS,NC,SC,TN",28,151,28151,Emergency Work,true,false,false,false,true,false,false,false,false,false,Winter weather,false,false,false,false,false,false,false,true,false,false,false,75.00,0.00,false,false,false,false,true,false,true,10k_to_100k,https://www.fema.gov/api/open/v2/PublicAssistanceFundedProjectsDetails,https://www.fema.gov/openfema-data-page/public-assistance-funded-projects-details-v2,2026-08-17T06:23:38Z
4899,2026-02-06T00:00:00.000Z,Winter Storm,126,FA WC Debris 01-26-26 thru 03-08-26,145-UMX5T-00,A,Debris Removal,Eligible,Obligated,Small,Union County,145,MS,28,455912.69,341934.52,341934.52,2026-06-08T00:00:00.000Z,2026-06-08T00:00:00.000Z,0,1065772,277645,2026-07-23T18:44:06.680Z,f0fb5c805bb3e86dcb787f2aa81311ca7287ab8d,2026-02-06,2026-06-08,2026-06-08,2026-07-23T18:44:06Z,2026,02,1,2026,2026,122,0,true,Mississippi,4,Region 4 — Atlanta,Atlanta,"AL,FL,GA,KY,MS,NC,SC,TN",28,145,28145,Emergency Work,true,false,false,true,false,false,false,false,false,false,Winter weather,false,false,false,false,false,false,false,true,false,false,false,75.00,0.00,false,false,false,false,true,false,true,100k_to_1m,https://www.fema.gov/api/open/v2/PublicAssistanceFundedProjectsDetails,https://www.fema.gov/openfema-data-page/public-assistance-funded-projects-details-v2,2026-08-17T06:23:38Z
4899,2026-02-06T00:00:00.000Z,Winter Storm,131,Debris Removal,163-81520-00,A,Debris Removal,Eligible,Obligated,Small,Yazoo County,163,MS,28,677581.55,508186.17,508186.17,2026-07-17T00:00:00.000Z,2026-07-17T00:00:00.000Z,0,1065781,277529,2026-07-23T18:44:06.680Z,06ea931a48d365b96cc7948f877b5fb3fe1de015,2026-02-06,2026-07-17,2026-07-17,2026-07-23T18:44:06Z,2026,02,1,2026,2026,161,0,true,Mississippi,4,Region 4 — Atlanta,Atlanta,"AL,FL,GA,KY,MS,NC,SC,TN",28,163,28163,Emergency Work,true,false,false,true,false,false,false,false,false,false,Winter weather,false,false,false,false,false,false,false,true,false,false,false,75.00,0.00,false,false,false,false,true,false,true,100k_to_1m,https://www.fema.gov/api/open/v2/PublicAssistanceFundedProjectsDetails,https://www.fema.gov/openfema-data-page/public-assistance-funded-projects-details-v2,2026-08-17T06:23:38Z
4899,2026-02-06T00:00:00.000Z,Winter Storm,139,Emergency Protective Measures,145-UL6DE-00,B,Emergency Protective Measures,Eligible,Obligated,Small,Union County,145,MS,28,25178.56,18883.92,18883.92,2026-04-15T00:00:00.000Z,2026-04-15T00:00:00.000Z,0,1065796,277895,2026-07-23T18:44:06.680Z,2009d83543023784f01e6c93b2ced0f628709879,2026-02-06,2026-04-15,2026-04-15,2026-07-23T18:44:06Z,2026,02,1,2026,2026,68,0,true,Mississippi,4,Region 4 — Atlanta,Atlanta,"AL,FL,GA,KY,MS,NC,SC,TN",28,145,28145,Emergency Work,true,false,false,false,true,false,false,false,false,false,Winter weather,false,false,false,false,false,false,false,true,false,false,false,75.00,0.00,false,false,false,false,true,false,true,10k_to_100k,https://www.fema.gov/api/open/v2/PublicAssistanceFundedProjectsDetails,https://www.fema.gov/openfema-data-page/public-assistance-funded-projects-details-v2,2026-08-17T06:23:38Z
4899,2026-02-06T00:00:00.000Z,Winter Storm,140,4899MS - Marshall County - Cat B - Generator Project,093-99093-00,B,Emergency Protective Measures,Eligible,Obligated,Small,Marshall County,093,MS,28,79747.38,59810.54,59810.54,2026-04-08T00:00:00.000Z,2026-04-08T00:00:00.000Z,0,1065797,277653,2026-07-23T18:44:06.680Z,19d26c1eafd55373bca6f110018a177b3e943f21,2026-02-06,2026-04-08,2026-04-08,2026-07-23T18:44:06Z,2026,02,1,2026,2026,61,0,true,Mississippi,4,Region 4 — Atlanta,Atlanta,"AL,FL,GA,KY,MS,NC,SC,TN",28,093,28093,Emergency Work,true,false,false,false,true,false,false,false,false,false,Winter weather,false,false,false,false,false,false,false,true,false,false,false,75.00,0.00,false,false,false,false,true,false,true,10k_to_100k,https://www.fema.gov/api/open/v2/PublicAssistanceFundedProjectsDetails,https://www.fema.gov/openfema-data-page/public-assistance-funded-projects-details-v2,2026-08-17T06:23:38Z
4899,2026-02-06T00:00:00.000Z,Winter Storm,141,Debris Removal (Countywide),011-99011-00,A,Debris Removal,Eligible,Obligated,Small,Bolivar County,011,MS,28,158799.25,119099.44,119099.44,2026-06-29T00:00:00.000Z,2026-06-29T00:00:00.000Z,0,1065798,277621,2026-07-23T18:44:06.680Z,74e1519e312f748cc55032b1df46f81eb1ec34f1,2026-02-06,2026-06-29,2026-06-29,2026-07-23T18:44:06Z,2026,02,1,2026,2026,143,0,true,Mississippi,4,Region 4 — Atlanta,Atlanta,"AL,FL,GA,KY,MS,NC,SC,TN",28,011,28011,Emergency Work,true,false,false,true,false,false,false,false,false,false,Winter weather,false,false,false,false,false,false,false,true,false,false,false,75.00,0.00,false,false,false,false,true,false,true,100k_to_1m,https://www.fema.gov/api/open/v2/PublicAssistanceFundedProjectsDetails,https://www.fema.gov/openfema-data-page/public-assistance-funded-projects-details-v2,2026-08-17T06:23:38Z
4899,2026-02-06T00:00:00.000Z,Winter Storm,142,DR4899MS-Bolivar County-EMP and Generators,011-99011-00,B,Emergency Protective Measures,Eligible,Obligated,Small,Bolivar County,011,MS,28,23144.08,17358.06,17358.06,2026-05-20T00:00:00.000Z,2026-05-20T00:00:00.000Z,0,1065799,277621,2026-07-23T18:44:06.680Z,4a3afe535ea1adaefa22f31a69d78734499ce9df,2026-02-06,2026-05-20,2026-05-20,2026-07-23T18:44:06Z,2026,02,1,2026,2026,103,0,true,Mississippi,4,Region 4 — Atlanta,Atlanta,"AL,FL,GA,KY,MS,NC,SC,TN",28,011,28011,Emergency Work,true,false,false,false,true,false,false,false,false,false,Winter weather,false,false,false,false,false,false,false,true,false,false,false,75.00,0.00,false,false,false,false,true,false,true,10k_to_100k,https://www.fema.gov/api/open/v2/PublicAssistanceFundedProjectsDetails,https://www.fema.gov/openfema-data-page/public-assistance-funded-projects-details-v2,2026-08-17T06:23:38Z
4899,2026-02-06T00:00:00.000Z,Winter Storm,144,Emergency Protective Measures,053-99053-00,B,Emergency Protective Measures,Eligible,Obligated,Small,Humphreys County,053,MS,28,503244.82,377433.62,377433.62,2026-07-17T00:00:00.000Z,2026-07-17T00:00:00.000Z,0,1065803,277591,2026-07-23T18:44:06.680Z,5f974b5a218ecdb0266ff066c9c23ab233d9bb56,2026-02-06,2026-07-17,2026-07-17,2026-07-23T18:44:06Z,2026,02,1,2026,2026,161,0,true,Mississippi,4,Region 4 — Atlanta,Atlanta,"AL,FL,GA,KY,MS,NC,SC,TN",28,053,28053,Emergency Work,true,false,false,false,true,false,false,false,false,false,Winter weather,false,false,false,false,false,false,false,true,false,false,false,75.00,0.00,false,false,false,false,true,false,true,100k_to_1m,https://www.fema.gov/api/open/v2/PublicAssistanceFundedProjectsDetails,https://www.fema.gov/openfema-data-page/public-assistance-funded-projects-details-v2,2026-08-17T06:23:38Z
4899,2026-02-06T00:00:00.000Z,Winter Storm,146,Emergency Protective Measures,125-63560-00,B,Emergency Protective Measures,Eligible,Obligated,Small,Sharkey County,125,MS,28,13289.76,9967.32,9967.32,2026-06-23T00:00:00.000Z,2026-06-23T00:00:00.000Z,0,1065805,277730,2026-07-23T18:44:06.680Z,f0b0622988dab9a73ec79b5b8f17fffe015e05a5,2026-02-06,2026-06-23,2026-06-23,2026-07-23T18:44:06Z,2026,02,1,2026,2026,137,0,true,Mississippi,4,Region 4 — Atlanta,Atlanta,"AL,FL,GA,KY,MS,NC,SC,TN",28,125,28125,Emergency Work,true,false,false,false,true,false,false,false,false,false,Winter weather,false,false,false,false,false,false,false,true,false,false,false,75.00,0.00,false,false,false,false,true,false,true,under_10k,https://www.fema.gov/api/open/v2/PublicAssistanceFundedProjectsDetails,https://www.fema.gov/openfema-data-page/public-assistance-funded-projects-details-v2,2026-08-17T06:23:38Z
4899,2026-02-06T00:00:00.000Z,Winter Storm,147,Debris Removal (Citywide),011-14260-00,A,Debris Removal,Eligible,Obligated,Small,Bolivar County,011,MS,28,707308.97,530481.73,530481.73,2026-07-08T00:00:00.000Z,2026-07-08T00:00:00.000Z,0,1065806,277638,2026-07-23T18:44:06.680Z,4108da1fa22f70fedb65d3bc9301583d567c4b9d,2026-02-06,2026-07-08,2026-07-08,2026-07-23T18:44:06Z,2026,02,1,2026,2026,152,0,true,Mississippi,4,Region 4 — Atlanta,Atlanta,"AL,FL,GA,KY,MS,NC,SC,TN",28,011,28011,Emergency Work,true,false,false,true,false,false,false,false,false,false,Winter weather,false,false,false,false,false,false,false,true,false,false,false,75.00,0.00,false,false,false,false,true,false,true,100k_to_1m,https://www.fema.gov/api/open/v2/PublicAssistanceFundedProjectsDetails,https://www.fema.gov/openfema-data-page/public-assistance-funded-projects-details-v2,2026-08-17T06:23:38Z
4899,2026-02-06T00:00:00.000Z,Winter Storm,148,"DR4899MS-Cleveland, City of-EMP",011-14260-00,B,Emergency Protective Measures,Eligible,Obligated,Small,Bolivar County,011,MS,28,39160.46,29370.35,29370.35,2026-06-04T00:00:00.000Z,2026-06-04T00:00:00.000Z,0,1065808,277638,2026-07-23T18:44:06.680Z,8b4fe37a764b4afe414408c271fc8afa30607098,2026-02-06,2026-06-04,2026-06-04,2026-07-23T18:44:06Z,2026,02,1,2026,2026,118,0,true,Mississippi,4,Region 4 — Atlanta,Atlanta,"AL,FL,GA,KY,MS,NC,SC,TN",28,011,28011,Emergency Work,true,false,false,false,true,false,false,false,false,false,Winter weather,false,false,false,false,false,false,false,true,false,false,false,75.00,0.00,false,false,false,false,true,false,true,10k_to_100k,https://www.fema.gov/api/open/v2/PublicAssistanceFundedProjectsDetails,https://www.fema.gov/openfema-data-page/public-assistance-funded-projects-details-v2,2026-08-17T06:23:38Z
4899,2026-02-06T00:00:00.000Z,Winter Storm,150,Leflore County - EPM Generators,083-99083-00,B,Emergency Protective Measures,Eligible,Obligated,Small,Leflore County,083,MS,28,71849.4,53887.05,53887.05,2026-05-11T00:00:00.000Z,2026-05-11T00:00:00.000Z,0,1065814,277598,2026-07-23T18:44:06.680Z,bf1248a4233efc83caeaf9149bbd9295e9b3e306,2026-02-06,2026-05-11,2026-05-11,2026-07-23T18:44:06Z,2026,02,1,2026,2026,94,0,true,Mississippi,4,Region 4 — Atlanta,Atlanta,"AL,FL,GA,KY,MS,NC,SC,TN",28,083,28083,Emergency Work,true,false,false,false,true,false,false,false,false,false,Winter weather,false,false,false,false,false,false,false,true,false,false,false,75.00,0.00,false,false,false,false,true,false,true,10k_to_100k,https://www.fema.gov/api/open/v2/PublicAssistanceFundedProjectsDetails,https://www.fema.gov/openfema-data-page/public-assistance-funded-projects-details-v2,2026-08-17T06:23:38Z
4899,2026-02-06T00:00:00.000Z,Winter Storm,151,Leflore County - Contract WC Debris Removal 02/20/26 thru 03/07/26,083-99083-00,A,Debris Removal,Eligible,Obligated,Small,Leflore County,083,MS,28,669495.3,502121.48,502121.48,2026-07-17T00:00:00.000Z,2026-07-17T00:00:00.000Z,0,1065816,277598,2026-07-23T18:44:06.680Z,2022b854e016e9af9741ed35ff99021ef0258bc2,2026-02-06,2026-07-17,2026-07-17,2026-07-23T18:44:06Z,2026,02,1,2026,2026,161,0,true,Mississippi,4,Region 4 — Atlanta,Atlanta,"AL,FL,GA,KY,MS,NC,SC,TN",28,083,28083,Emergency Work,true,false,false,true,false,false,false,false,false,false,Winter weather,false,false,false,false,false,false,false,true,false,false,false,75.00,0.00,false,false,false,false,true,false,true,100k_to_1m,https://www.fema.gov/api/open/v2/PublicAssistanceFundedProjectsDetails,https://www.fema.gov/openfema-data-page/public-assistance-funded-projects-details-v2,2026-08-17T06:23:38Z
4899,2026-02-06T00:00:00.000Z,Winter Storm,153,Leflore County - EPM,083-99083-00,B,Emergency Protective Measures,Eligible,Obligated,Small,Leflore County,083,MS,28,42529.29,31896.97,31896.97,2026-06-08T00:00:00.000Z,2026-06-08T00:00:00.000Z,0,1065818,277598,2026-07-23T18:44:06.680Z,f074de0d146fde34f56e728d4d71e493415bab88,2026-02-06,2026-06-08,2026-06-08,2026-07-23T18:44:06Z,2026,02,1,2026,2026,122,0,true,Mississippi,4,Region 4 — Atlanta,Atlanta,"AL,FL,GA,KY,MS,NC,SC,TN",28,083,28083,Emergency Work,true,false,false,false,true,false,false,false,false,false,Winter weather,false,false,false,false,false,false,false,true,false,false,false,75.00,0.00,false,false,false,false,true,false,true,10k_to_100k,https://www.fema.gov/api/open/v2/PublicAssistanceFundedProjectsDetails,https://www.fema.gov/openfema-data-page/public-assistance-funded-projects-details-v2,2026-08-17T06:23:38Z
4899,2026-02-06T00:00:00.000Z,Winter Storm,154,4899 Marshall - Cat B - Cut and Push,093-99093-00,B,Emergency Protective Measures,Eligible,Obligated,Small,Marshall County,093,MS,28,85725.16,64293.87,64293.87,2026-05-06T00:00:00.000Z,2026-05-06T00:00:00.000Z,0,1065819,277653,2026-07-23T18:44:06.680Z,6445aeaf1d6279a5dfd1dcbfd0c2df4e4de7a02a,2026-02-06,2026-05-06,2026-05-06,2026-07-23T18:44:06Z,2026,02,1,2026,2026,89,0,true,Mississippi,4,Region 4 — Atlanta,Atlanta,"AL,FL,GA,KY,MS,NC,SC,TN",28,093,28093,Emergency Work,true,false,false,false,true,false,false,false,false,false,Winter weather,false,false,false,false,false,false,false,true,false,false,false,75.00,0.00,false,false,false,false,true,false,true,10k_to_100k,https://www.fema.gov/api/open/v2/PublicAssistanceFundedProjectsDetails,https://www.fema.gov/openfema-data-page/public-assistance-funded-projects-details-v2,2026-08-17T06:23:38Z
4899,2026-02-06T00:00:00.000Z,Winter Storm,155,4899MS - Corinth - CAT B - Emergency Cut/Push,003-15700-00,B,Emergency Protective Measures,Eligible,Obligated,Small,Alcorn County,003,MS,28,183600,137700,137700,2026-04-20T00:00:00.000Z,2026-04-20T00:00:00.000Z,0,1065820,277582,2026-07-23T18:44:06.680Z,58714b51d7d25237e1d112929538e8bf86eb4e43,2026-02-06,2026-04-20,2026-04-20,2026-07-23T18:44:06Z,2026,02,1,2026,2026,73,0,true,Mississippi,4,Region 4 — Atlanta,Atlanta,"AL,FL,GA,KY,MS,NC,SC,TN",28,003,28003,Emergency Work,true,false,false,false,true,false,false,false,false,false,Winter weather,false,false,false,false,false,false,false,true,false,false,false,75.00,0.00,false,false,false,false,true,false,true,100k_to_1m,https://www.fema.gov/api/open/v2/PublicAssistanceFundedProjectsDetails,https://www.fema.gov/openfema-data-page/public-assistance-funded-projects-details-v2,2026-08-17T06:23:38Z
4899,2026-02-06T00:00:00.000Z,Winter Storm,156,4899MS - Alcorn County - CAT B - Emergency Cut and Push,003-99003-00,B,Emergency Protective Measures,Eligible,Obligated,Small,Alcorn County,003,MS,28,813060,609795,609795,2026-04-20T00:00:00.000Z,2026-04-20T00:00:00.000Z,0,1065822,277618,2026-07-23T18:44:06.680Z,1385557c115d6f582bfdb2909d1237728b55f70d,2026-02-06,2026-04-20,2026-04-20,2026-07-23T18:44:06Z,2026,02,1,2026,2026,73,0,true,Mississippi,4,Region 4 — Atlanta,Atlanta,"AL,FL,GA,KY,MS,NC,SC,TN",28,003,28003,Emergency Work,true,false,false,false,true,false,false,false,false,false,Winter weather,false,false,false,false,false,false,false,true,false,false,false,75.00,0.00,false,false,false,false,true,false,true,100k_to_1m,https://www.fema.gov/api/open/v2/PublicAssistanceFundedProjectsDetails,https://www.fema.gov/openfema-data-page/public-assistance-funded-projects-details-v2,2026-08-17T06:23:38Z
4899,2026-02-06T00:00:00.000Z,Winter Storm,163,Emergency Protective Measures - Countywide,021-99021-00,B,Emergency Protective Measures,Eligible,Obligated,Small,Claiborne County,021,MS,28,19922.47,14941.86,14941.86,2026-07-30T00:00:00.000Z,2026-07-30T00:00:00.000Z,0,1065831,277562,2026-07-31T15:06:08.793Z,29de85a7243e70255d75cb3079b836c8975ae8a5,2026-02-06,2026-07-30,2026-07-30,2026-07-31T15:06:08Z,2026,02,1,2026,2026,174,0,true,Mississippi,4,Region 4 — Atlanta,Atlanta,"AL,FL,GA,KY,MS,NC,SC,TN",28,021,28021,Emergency Work,true,false,false,false,true,false,false,false,false,false,Winter weather,false,false,false,false,false,false,false,true,false,false,false,75.00,0.00,false,false,false,false,true,false,true,10k_to_100k,https://www.fema.gov/api/open/v2/PublicAssistanceFundedProjectsDetails,https://www.fema.gov/openfema-data-page/public-assistance-funded-projects-details-v2,2026-08-17T06:23:38Z
4899,2026-02-06T00:00:00.000Z,Winter Storm,164,Tunica County Sheriff Dept Cat B  Emergency Protective Measures,143-99143-00,B,Emergency Protective Measures,Eligible,Obligated,Small,Tunica County,143,MS,28,40015.31,30011.49,30011.49,2026-07-18T00:00:00.000Z,2026-07-18T00:00:00.000Z,0,1065832,277797,2026-07-23T18:44:06.680Z,5231737d0b549c0aeda7ca798cad2449c90e0d69,2026-02-06,2026-07-18,2026-07-18,2026-07-23T18:44:06Z,2026,02,1,2026,2026,162,0,true,Mississippi,4,Region 4 — Atlanta,Atlanta,"AL,FL,GA,KY,MS,NC,SC,TN",28,143,28143,Emergency Work,true,false,false,false,true,false,false,false,false,false,Winter weather,false,false,false,false,false,false,false,true,false,false,false,75.00,0.00,false,false,false,false,true,false,true,10k_to_100k,https://www.fema.gov/api/open/v2/PublicAssistanceFundedProjectsDetails,https://www.fema.gov/openfema-data-page/public-assistance-funded-projects-details-v2,2026-08-17T06:23:38Z
4899,2026-02-06T00:00:00.000Z,Winter Storm,165,4899 - Batesville - CAT A - Contract WC Debris Removal 02-08-26 thru 02-21-26,107-03620-00,A,Debris Removal,Eligible,Obligated,Small,Panola County,107,MS,28,950579.04,712934.28,712934.28,2026-05-15T00:00:00.000Z,2026-05-15T00:00:00.000Z,0,1065833,277628,2026-07-23T18:44:06.680Z,d7cbdcd1ee11a53a35e2804a18b8199ce10615ac,2026-02-06,2026-05-15,2026-05-15,2026-07-23T18:44:06Z,2026,02,1,2026,2026,98,0,true,Mississippi,4,Region 4 — Atlanta,Atlanta,"AL,FL,GA,KY,MS,NC,SC,TN",28,107,28107,Emergency Work,true,false,false,true,false,false,false,false,false,false,Winter weather,false,false,false,false,false,false,false,true,false,false,false,75.00,0.00,false,false,false,false,true,false,true,100k_to_1m,https://www.fema.gov/api/open/v2/PublicAssistanceFundedProjectsDetails,https://www.fema.gov/openfema-data-page/public-assistance-funded-projects-details-v2,2026-08-17T06:23:38Z
4899,2026-02-06T00:00:00.000Z,Winter Storm,166,4899 - Batesville - CAT A - Contract WC Debris Removal 02-22-26 thru 03-07-26,107-03620-00,A,Debris Removal,Eligible,Obligated,Small,Panola County,107,MS,28,830212.36,622659.27,622659.27,2026-05-15T00:00:00.000Z,2026-05-15T00:00:00.000Z,0,1065834,277628,2026-07-23T18:44:06.680Z,4446a151696ccd0f3a7910469d571c6d1e0a8ea5,2026-02-06,2026-05-15,2026-05-15,2026-07-23T18:44:06Z,2026,02,1,2026,2026,98,0,true,Mississippi,4,Region 4 — Atlanta,Atlanta,"AL,FL,GA,KY,MS,NC,SC,TN",28,107,28107,Emergency Work,true,false,false,true,false,false,false,false,false,false,Winter weather,false,false,false,false,false,false,false,true,false,false,false,75.00,0.00,false,false,false,false,true,false,true,100k_to_1m,https://www.fema.gov/api/open/v2/PublicAssistanceFundedProjectsDetails,https://www.fema.gov/openfema-data-page/public-assistance-funded-projects-details-v2,2026-08-17T06:23:38Z
4899,2026-02-06T00:00:00.000Z,Winter Storm,167,Walnut CityWide Emergency Protective Measures,139-77480-00,B,Emergency Protective Measures,Eligible,Obligated,Small,Tippah County,139,MS,28,38517.63,28888.23,28888.23,2026-05-28T00:00:00.000Z,2026-05-28T00:00:00.000Z,0,1065835,277820,2026-07-23T18:44:06.680Z,da8d118842bbe6e12ef13f842f2165c5edf02d49,2026-02-06,2026-05-28,2026-05-28,2026-07-23T18:44:06Z,2026,02,1,2026,2026,111,0,true,Mississippi,4,Region 4 — Atlanta,Atlanta,"AL,FL,GA,KY,MS,NC,SC,TN",28,139,28139,Emergency Work,true,false,false,false,true,false,false,false,false,false,Winter weather,false,false,false,false,false,false,false,true,false,false,false,75.00,0.00,false,false,false,false,true,false,true,10k_to_100k,https://www.fema.gov/api/open/v2/PublicAssistanceFundedProjectsDetails,https://www.fema.gov/openfema-data-page/public-assistance-funded-projects-details-v2,2026-08-17T06:23:38Z
4899,2026-02-06T00:00:00.000Z,Winter Storm,168,Olive Branch-Emergency Protective Measures,033-54040-00,B,Emergency Protective Measures,Eligible,Obligated,Small,DeSoto County,033,MS,28,113417.22,85062.92,85062.92,2026-05-13T00:00:00.000Z,2026-05-13T00:00:00.000Z,0,1065836,277603,2026-07-23T18:44:06.680Z,e71c009c49ae4a4b76434321d394964b1f3d7359,2026-02-06,2026-05-13,2026-05-13,2026-07-23T18:44:06Z,2026,02,1,2026,2026,96,0,true,Mississippi,4,Region 4 — Atlanta,Atlanta,"AL,FL,GA,KY,MS,NC,SC,TN",28,033,28033,Emergency Work,true,false,false,false,true,false,false,false,false,false,Winter weather,false,false,false,false,false,false,false,true,false,false,false,75.00,0.00,false,false,false,false,true,false,true,10k_to_100k,https://www.fema.gov/api/open/v2/PublicAssistanceFundedProjectsDetails,https://www.fema.gov/openfema-data-page/public-assistance-funded-projects-details-v2,2026-08-17T06:23:38Z
4899,2026-02-06T00:00:00.000Z,Winter Storm,169,Public Service Commission of Yazoo City (EPM),163-U8MZE-00,B,Emergency Protective Measures,Eligible,Obligated,Small,Yazoo County,163,MS,28,14524.31,10893.24,10893.24,2026-06-12T00:00:00.000Z,2026-06-12T00:00:00.000Z,0,1065837,277803,2026-07-23T18:44:06.680Z,5400d5505599134458a9ad8a49e4cc4f37c1c8f3,2026-02-06,2026-06-12,2026-06-12,2026-07-23T18:44:06Z,2026,02,1,2026,2026,126,0,true,Mississippi,4,Region 4 — Atlanta,Atlanta,"AL,FL,GA,KY,MS,NC,SC,TN",28,163,28163,Emergency Work,true,false,false,false,true,false,false,false,false,false,Winter weather,false,false,false,false,false,false,false,true,false,false,false,75.00,0.00,false,false,false,false,true,false,true,10k_to_100k,https://www.fema.gov/api/open/v2/PublicAssistanceFundedProjectsDetails,https://www.fema.gov/openfema-data-page/public-assistance-funded-projects-details-v2,2026-08-17T06:23:38Z
4899,2026-02-06T00:00:00.000Z,Winter Storm,171,Town of Tchula - Emergency Protective Measure,051-72440-00,B,Emergency Protective Measures,Eligible,Obligated,Small,Holmes County,051,MS,28,21843.66,16382.75,16382.75,2026-06-22T00:00:00.000Z,2026-06-22T00:00:00.000Z,0,1065839,277767,2026-07-23T18:44:06.680Z,7211586e60cfa706b5453b6729d3c5d124284aaf,2026-02-06,2026-06-22,2026-06-22,2026-07-23T18:44:06Z,2026,02,1,2026,2026,136,0,true,Mississippi,4,Region 4 — Atlanta,Atlanta,"AL,FL,GA,KY,MS,NC,SC,TN",28,051,28051,Emergency Work,true,false,false,false,true,false,false,false,false,false,Winter weather,false,false,false,false,false,false,false,true,false,false,false,75.00,0.00,false,false,false,false,true,false,true,10k_to_100k,https://www.fema.gov/api/open/v2/PublicAssistanceFundedProjectsDetails,https://www.fema.gov/openfema-data-page/public-assistance-funded-projects-details-v2,2026-08-17T06:23:38Z
4899,2026-02-06T00:00:00.000Z,Winter Storm,172,4899MS - Panola County - CAT B - Emergency Cut and Push,107-99107-00,B,Emergency Protective Measures,Eligible,Obligated,Small,Panola County,107,MS,28,367115,275336.25,275336.25,2026-04-20T00:00:00.000Z,2026-04-20T00:00:00.000Z,0,1065840,277561,2026-07-23T18:44:06.680Z,69ee22f8282546ba6551b5b7c626ff7cfa80e27a,2026-02-06,2026-04-20,2026-04-20,2026-07-23T18:44:06Z,2026,02,1,2026,2026,73,0,true,Mississippi,4,Region 4 — Atlanta,Atlanta,"AL,FL,GA,KY,MS,NC,SC,TN",28,107,28107,Emergency Work,true,false,false,false,true,false,false,false,false,false,Winter weather,false,false,false,false,false,false,false,true,false,false,false,75.00,0.00,false,false,false,false,true,false,true,100k_to_1m,https://www.fema.gov/api/open/v2/PublicAssistanceFundedProjectsDetails,https://www.fema.gov/openfema-data-page/public-assistance-funded-projects-details-v2,2026-08-17T06:23:38Z
4899,2026-02-06T00:00:00.000Z,Winter Storm,175,4899 - Corinth - WC Contract Debris Removal 03/01/2026 thru 3/14/2026,003-15700-00,A,Debris Removal,Eligible,Obligated,Small,Alcorn County,003,MS,28,797177.86,597883.4,597883.4,2026-06-29T00:00:00.000Z,2026-06-29T00:00:00.000Z,0,1065847,277582,2026-07-23T18:44:06.680Z,b14650acc1b29e1964bb373896c0a19389cd30a0,2026-02-06,2026-06-29,2026-06-29,2026-07-23T18:44:06Z,2026,02,1,2026,2026,143,0,true,Mississippi,4,Region 4 — Atlanta,Atlanta,"AL,FL,GA,KY,MS,NC,SC,TN",28,003,28003,Emergency Work,true,false,false,true,false,false,false,false,false,false,Winter weather,false,false,false,false,false,false,false,true,false,false,false,75.00,0.00,false,false,false,false,true,false,true,100k_to_1m,https://www.fema.gov/api/open/v2/PublicAssistanceFundedProjectsDetails,https://www.fema.gov/openfema-data-page/public-assistance-funded-projects-details-v2,2026-08-17T06:23:38Z
4899,2026-02-06T00:00:00.000Z,Winter Storm,176,New Albany LGW - Contract EPM,145-UMX5T-00,B,Emergency Protective Measures,Eligible,Obligated,Large,Union County,145,MS,28,1384215.75,1038161.82,1038161.82,2026-06-08T00:00:00.000Z,2026-06-08T00:00:00.000Z,0,1065849,277645,2026-07-23T18:44:06.680Z,d7aa6f17e4ced7f1471764aa419fb3b1494eaec3,2026-02-06,2026-06-08,2026-06-08,2026-07-23T18:44:06Z,2026,02,1,2026,2026,122,0,true,Mississippi,4,Region 4 — Atlanta,Atlanta,"AL,FL,GA,KY,MS,NC,SC,TN",28,145,28145,Emergency Work,true,false,false,false,true,false,false,false,false,false,Winter weather,false,false,false,false,false,false,false,true,false,false,false,75.00,0.00,false,false,false,true,false,false,true,1m_to_10m,https://www.fema.gov/api/open/v2/PublicAssistanceFundedProjectsDetails,https://www.fema.gov/openfema-data-page/public-assistance-funded-projects-details-v2,2026-08-17T06:23:38Z
4899,2026-02-06T00:00:00.000Z,Winter Storm,178,Debris Removal (Town of Boyle),011-08180-00,A,Debris Removal,Eligible,Obligated,Small,Bolivar County,011,MS,28,28086.61,21064.96,21064.96,2026-06-23T00:00:00.000Z,2026-06-23T00:00:00.000Z,0,1065851,277687,2026-07-23T18:44:06.680Z,d84400421ae14996538790be834cb3dd89757b8f,2026-02-06,2026-06-23,2026-06-23,2026-07-23T18:44:06Z,2026,02,1,2026,2026,137,0,true,Mississippi,4,Region 4 — Atlanta,Atlanta,"AL,FL,GA,KY,MS,NC,SC,TN",28,011,28011,Emergency Work,true,false,false,true,false,false,false,false,false,false,Winter weather,false,false,false,false,false,false,false,true,false,false,false,75.00,0.00,false,false,false,false,true,false,true,10k_to_100k,https://www.fema.gov/api/open/v2/PublicAssistanceFundedProjectsDetails,https://www.fema.gov/openfema-data-page/public-assistance-funded-projects-details-v2,2026-08-17T06:23:38Z
4899,2026-02-06T00:00:00.000Z,Winter Storm,179,EPM - Generator WWTP,145-UMX5T-00,B,Emergency Protective Measures,Eligible,Obligated,Small,Union County,145,MS,28,47626.16,35719.62,35719.62,2026-05-19T00:00:00.000Z,2026-05-19T00:00:00.000Z,0,1065852,277645,2026-07-23T18:44:06.680Z,2fea4a0397f4a767b4f3e5ebb6775945bf28c746,2026-02-06,2026-05-19,2026-05-19,2026-07-23T18:44:06Z,2026,02,1,2026,2026,102,0,true,Mississippi,4,Region 4 — Atlanta,Atlanta,"AL,FL,GA,KY,MS,NC,SC,TN",28,145,28145,Emergency Work,true,false,false,false,true,false,false,false,false,false,Winter weather,false,false,false,false,false,false,false,true,false,false,false,75.00,0.00,false,false,false,false,true,false,true,10k_to_100k,https://www.fema.gov/api/open/v2/PublicAssistanceFundedProjectsDetails,https://www.fema.gov/openfema-data-page/public-assistance-funded-projects-details-v2,2026-08-17T06:23:38Z
4899,2026-02-06T00:00:00.000Z,Winter Storm,182,Emergency Protective Measures,117-07780-00,B,Emergency Protective Measures,Eligible,Obligated,Small,Prentiss County,117,MS,28,93457.26,70092.95,70092.95,2026-07-09T00:00:00.000Z,2026-07-09T00:00:00.000Z,0,1065858,277632,2026-07-23T18:44:06.680Z,8b35db9c6d2173dcde0df7ec8114177175a55ccf,2026-02-06,2026-07-09,2026-07-09,2026-07-23T18:44:06Z,2026,02,1,2026,2026,153,0,true,Mississippi,4,Region 4 — Atlanta,Atlanta,"AL,FL,GA,KY,MS,NC,SC,TN",28,117,28117,Emergency Work,true,false,false,false,true,false,false,false,false,false,Winter weather,false,false,false,false,false,false,false,true,false,false,false,75.00,0.00,false,false,false,false,true,false,true,10k_to_100k,https://www.fema.gov/api/open/v2/PublicAssistanceFundedProjectsDetails,https://www.fema.gov/openfema-data-page/public-assistance-funded-projects-details-v2,2026-08-17T06:23:38Z
4899,2026-02-06T00:00:00.000Z,Winter Storm,184,4899 Charleston EPM Police,135-12900-00,B,Emergency Protective Measures,Eligible,Obligated,Small,Tallahatchie County,135,MS,28,10167.81,7625.86,7625.86,2026-04-25T00:00:00.000Z,2026-04-25T00:00:00.000Z,0,1065861,277629,2026-07-23T18:44:06.680Z,1a9a26a723981fba5e9a5018d9e91f6ee3ab5dd1,2026-02-06,2026-04-25,2026-04-25,2026-07-23T18:44:06Z,2026,02,1,2026,2026,78,0,true,Mississippi,4,Region 4 — Atlanta,Atlanta,"AL,FL,GA,KY,MS,NC,SC,TN",28,135,28135,Emergency Work,true,false,false,false,true,false,false,false,false,false,Winter weather,false,false,false,false,false,false,false,true,false,false,false,75.00,0.00,false,false,false,false,true,false,true,under_10k,https://www.fema.gov/api/open/v2/PublicAssistanceFundedProjectsDetails,https://www.fema.gov/openfema-data-page/public-assistance-funded-projects-details-v2,2026-08-17T06:23:38Z
4899,2026-02-06T00:00:00.000Z,Winter Storm,186,New Albany EPM Police Fire Parks & Rec,145-UFB3B-00,B,Emergency Protective Measures,Eligible,Obligated,Small,Union County,145,MS,28,90608.77,67956.58,67956.58,2026-08-07T00:00:00.000Z,2026-08-07T00:00:00.000Z,0,1065863,277660,2026-08-12T15:21:33.184Z,0a6665a517e17ea5bccb16e7e71c8685018b6529,2026-02-06,2026-08-07,2026-08-07,2026-08-12T15:21:33Z,2026,02,1,2026,2026,182,0,true,Mississippi,4,Region 4 — Atlanta,Atlanta,"AL,FL,GA,KY,MS,NC,SC,TN",28,145,28145,Emergency Work,true,false,false,false,true,false,false,false,false,false,Winter weather,false,false,false,false,false,false,false,true,false,false,false,75.00,0.00,false,false,false,false,true,false,true,10k_to_100k,https://www.fema.gov/api/open/v2/PublicAssistanceFundedProjectsDetails,https://www.fema.gov/openfema-data-page/public-assistance-funded-projects-details-v2,2026-08-17T06:23:38Z
4899,2026-02-06T00:00:00.000Z,Winter Storm,188,4899 Water Valley EPM,161-78000-00,B,Emergency Protective Measures,Eligible,Obligated,Small,Yalobusha County,161,MS,28,34527.47,25895.61,25895.61,2026-08-06T00:00:00.000Z,2026-08-06T00:00:00.000Z,0,1065865,277584,2026-08-07T15:23:14.370Z,3f872959583a17b362624ee96904b9fe153a5311,2026-02-06,2026-08-06,2026-08-06,2026-08-07T15:23:14Z,2026,02,1,2026,2026,181,0,true,Mississippi,4,Region 4 — Atlanta,Atlanta,"AL,FL,GA,KY,MS,NC,SC,TN",28,161,28161,Emergency Work,true,false,false,false,true,false,false,false,false,false,Winter weather,false,false,false,false,false,false,false,true,false,false,false,75.00,0.00,false,false,false,false,true,false,true,10k_to_100k,https://www.fema.gov/api/open/v2/PublicAssistanceFundedProjectsDetails,https://www.fema.gov/openfema-data-page/public-assistance-funded-projects-details-v2,2026-08-17T06:23:38Z
4899,2026-02-06T00:00:00.000Z,Winter Storm,190,Yalobusha EPM EMA and Sheriff,161-99161-00,B,Emergency Protective Measures,Eligible,Obligated,Small,Yalobusha County,161,MS,28,47903.98,35927.99,35927.99,2026-08-06T00:00:00.000Z,2026-08-06T00:00:00.000Z,0,1065867,277590,2026-08-07T15:23:14.370Z,6e88142850fb39e8ca1914d76bc29153bd0bcd52,2026-02-06,2026-08-06,2026-08-06,2026-08-07T15:23:14Z,2026,02,1,2026,2026,181,0,true,Mississippi,4,Region 4 — Atlanta,Atlanta,"AL,FL,GA,KY,MS,NC,SC,TN",28,161,28161,Emergency Work,true,false,false,false,true,false,false,false,false,false,Winter weather,false,false,false,false,false,false,false,true,false,false,false,75.00,0.00,false,false,false,false,true,false,true,10k_to_100k,https://www.fema.gov/api/open/v2/PublicAssistanceFundedProjectsDetails,https://www.fema.gov/openfema-data-page/public-assistance-funded-projects-details-v2,2026-08-17T06:23:38Z
4899,2026-02-06T00:00:00.000Z,Winter Storm,191,Emergency Protective Measures,053-05140-00,B,Emergency Protective Measures,Eligible,Obligated,Small,Humphreys County,053,MS,28,27979.89,20984.92,20984.92,2026-07-21T00:00:00.000Z,2026-07-21T00:00:00.000Z,0,1065868,277657,2026-07-23T18:44:06.680Z,28e651cc2defadb66f519c776e78bcfdec9cbea3,2026-02-06,2026-07-21,2026-07-21,2026-07-23T18:44:06Z,2026,02,1,2026,2026,165,0,true,Mississippi,4,Region 4 — Atlanta,Atlanta,"AL,FL,GA,KY,MS,NC,SC,TN",28,053,28053,Emergency Work,true,false,false,false,true,false,false,false,false,false,Winter weather,false,false,false,false,false,false,false,true,false,false,false,75.00,0.00,false,false,false,false,true,false,true,10k_to_100k,https://www.fema.gov/api/open/v2/PublicAssistanceFundedProjectsDetails,https://www.fema.gov/openfema-data-page/public-assistance-funded-projects-details-v2,2026-08-17T06:23:38Z
4899,2026-02-06T00:00:00.000Z,Winter Storm,193,4899-Batesvile-Cat B Fire,107-03620-00,B,Emergency Protective Measures,Eligible,Obligated,Small,Panola County,107,MS,28,96078.84,72059.13,72059.13,2026-04-08T00:00:00.000Z,2026-04-08T00:00:00.000Z,0,1065871,277628,2026-07-23T18:44:06.680Z,32e10afb8d07847f8190c29258f261cd1f46120b,2026-02-06,2026-04-08,2026-04-08,2026-07-23T18:44:06Z,2026,02,1,2026,2026,61,0,true,Mississippi,4,Region 4 — Atlanta,Atlanta,"AL,FL,GA,KY,MS,NC,SC,TN",28,107,28107,Emergency Work,true,false,false,false,true,false,false,false,false,false,Winter weather,false,false,false,false,false,false,false,true,false,false,false,75.00,0.00,false,false,false,false,true,false,true,10k_to_100k,https://www.fema.gov/api/open/v2/PublicAssistanceFundedProjectsDetails,https://www.fema.gov/openfema-data-page/public-assistance-funded-projects-details-v2,2026-08-17T06:23:38Z
4899,2026-02-06T00:00:00.000Z,Winter Storm,194,Emergency Protective Measures,000-U00FA-00,B,Emergency Protective Measures,Eligible,Obligated,Large,Statewide,151,MS,28,1302784.25,977088.19,977088.19,2026-07-17T00:00:00.000Z,2026-07-17T00:00:00.000Z,0,1065873,277548,2026-07-23T18:44:06.680Z,36aa9c1cde0a119e19a7ddebbdc0a2414e70fc1a,2026-02-06,2026-07-17,2026-07-17,2026-07-23T18:44:06Z,2026,02,1,2026,2026,161,0,true,Mississippi,4,Region 4 — Atlanta,Atlanta,"AL,FL,GA,KY,MS,NC,SC,TN",28,151,28151,Emergency Work,true,false,false,false,true,false,false,false,false,false,Winter weather,false,false,false,false,false,false,false,true,false,false,false,75.00,0.00,false,false,false,true,false,false,true,100k_to_1m,https://www.fema.gov/api/open/v2/PublicAssistanceFundedProjectsDetails,https://www.fema.gov/openfema-data-page/public-assistance-funded-projects-details-v2,2026-08-17T06:23:38Z
4899,2026-02-06T00:00:00.000Z,Winter Storm,195,Emergency Protective Measures,125-01500-00,B,Emergency Protective Measures,Eligible,Obligated,Small,Sharkey County,125,MS,28,14000,10500,10500,2026-04-15T00:00:00.000Z,2026-04-15T00:00:00.000Z,0,1065874,277824,2026-07-23T18:44:06.680Z,5fe502640c55350e1bc7705efc33e83f258376e9,2026-02-06,2026-04-15,2026-04-15,2026-07-23T18:44:06Z,2026,02,1,2026,2026,68,0,true,Mississippi,4,Region 4 — Atlanta,Atlanta,"AL,FL,GA,KY,MS,NC,SC,TN",28,125,28125,Emergency Work,true,false,false,false,true,false,false,false,false,false,Winter weather,false,false,false,false,false,false,false,true,false,false,false,75.00,0.00,false,false,false,false,true,false,true,10k_to_100k,https://www.fema.gov/api/open/v2/PublicAssistanceFundedProjectsDetails,https://www.fema.gov/openfema-data-page/public-assistance-funded-projects-details-v2,2026-08-17T06:23:38Z
4899,2026-02-06T00:00:00.000Z,Winter Storm,198,Cat B - Emergency Protective Measures,149-76720-00,B,Emergency Protective Measures,Eligible,Obligated,Small,Warren County,149,MS,28,44119.17,33089.38,33089.38,2026-08-14T00:00:00.000Z,2026-08-14T00:00:00.000Z,0,1065877,277866,2026-08-15T15:26:12.016Z,188b26bfdcb01829de5916b47cf8414b2cb42e82,2026-02-06,2026-08-14,2026-08-14,2026-08-15T15:26:12Z,2026,02,1,2026,2026,189,0,true,Mississippi,4,Region 4 — Atlanta,Atlanta,"AL,FL,GA,KY,MS,NC,SC,TN",28,149,28149,Emergency Work,true,false,false,false,true,false,false,false,false,false,Winter weather,false,false,false,false,false,false,false,true,false,false,false,75.00,0.00,false,false,false,false,true,false,true,10k_to_100k,https://www.fema.gov/api/open/v2/PublicAssistanceFundedProjectsDetails,https://www.fema.gov/openfema-data-page/public-assistance-funded-projects-details-v2,2026-08-17T06:23:38Z
4899,2026-02-06T00:00:00.000Z,Winter Storm,200,Emergency Protective Measures,163-99163-00,B,Emergency Protective Measures,Eligible,Obligated,Small,Yazoo County,163,MS,28,104076.62,78057.47,78057.47,2026-06-12T00:00:00.000Z,2026-06-12T00:00:00.000Z,0,1065881,277576,2026-07-23T18:44:06.680Z,343c6ba6be35acac2392d3f1e463cf3d29d242af,2026-02-06,2026-06-12,2026-06-12,2026-07-23T18:44:06Z,2026,02,1,2026,2026,126,0,true,Mississippi,4,Region 4 — Atlanta,Atlanta,"AL,FL,GA,KY,MS,NC,SC,TN",28,163,28163,Emergency Work,true,false,false,false,true,false,false,false,false,false,Winter weather,false,false,false,false,false,false,false,true,false,false,false,75.00,0.00,false,false,false,false,true,false,true,10k_to_100k,https://www.fema.gov/api/open/v2/PublicAssistanceFundedProjectsDetails,https://www.fema.gov/openfema-data-page/public-assistance-funded-projects-details-v2,2026-08-17T06:23:38Z
4899,2026-02-06T00:00:00.000Z,Winter Storm,203,DR4899MS- Oxford Utilities- Mutual Aid Provided by City of Troy- Work Completed,071-013C6-00,B,Emergency Protective Measures,Eligible,Project Closed Out,Small,Lafayette County,071,MS,28,88904.93,66678.7,66678.7,2026-05-04T00:00:00.000Z,2026-05-04T00:00:00.000Z,0,1065889,277649,2026-07-23T18:44:06.680Z,33866c6f07ebae579d9d8ce8be30f7568e436a1f,2026-02-06,2026-05-04,2026-05-04,2026-07-23T18:44:06Z,2026,02,1,2026,2026,87,0,true,Mississippi,4,Region 4 — Atlanta,Atlanta,"AL,FL,GA,KY,MS,NC,SC,TN",28,071,28071,Emergency Work,true,false,false,false,true,false,false,false,false,false,Winter weather,false,false,false,false,false,false,false,true,false,false,false,75.00,0.00,false,false,false,false,true,true,true,10k_to_100k,https://www.fema.gov/api/open/v2/PublicAssistanceFundedProjectsDetails,https://www.fema.gov/openfema-data-page/public-assistance-funded-projects-details-v2,2026-08-17T06:23:38Z
4899,2026-02-06T00:00:00.000Z,Winter Storm,204,DR4899MS- Oxford Utilities- Mutual Aid Provided by Athens Utilities- Work Completed,071-013C6-00,B,Emergency Protective Measures,Eligible,Project Closed Out,Small,Lafayette County,071,MS,28,95326.8,71495.1,71495.1,2026-04-22T00:00:00.000Z,2026-04-22T00:00:00.000Z,0,1065890,277649,2026-07-23T18:44:06.680Z,8ba23da8f7db9a645b273afd3a273346e6fe3577,2026-02-06,2026-04-22,2026-04-22,2026-07-23T18:44:06Z,2026,02,1,2026,2026,75,0,true,Mississippi,4,Region 4 — Atlanta,Atlanta,"AL,FL,GA,KY,MS,NC,SC,TN",28,071,28071,Emergency Work,true,false,false,false,true,false,false,false,false,false,Winter weather,false,false,false,false,false,false,false,true,false,false,false,75.00,0.00,false,false,false,false,true,true,true,10k_to_100k,https://www.fema.gov/api/open/v2/PublicAssistanceFundedProjectsDetails,https://www.fema.gov/openfema-data-page/public-assistance-funded-projects-details-v2,2026-08-17T06:23:38Z
4899,2026-02-06T00:00:00.000Z,Winter Storm,205,"DR4899MS- Oxford Utilities- Mutual Aid Provided by Riviera Utilities, Desoto County Electric, and Service Electric Company- Work Completed",071-013C6-00,B,Emergency Protective Measures,Eligible,Pending Closeout Completion,Small,Lafayette County,071,MS,28,907270.47,680452.86,680452.86,2026-05-15T00:00:00.000Z,2026-05-15T00:00:00.000Z,0,1065891,277649,2026-07-23T18:44:06.680Z,5439a4343f66fee071b2e3bc302b9b0d7adcbd1b,2026-02-06,2026-05-15,2026-05-15,2026-07-23T18:44:06Z,2026,02,1,2026,2026,98,0,true,Mississippi,4,Region 4 — Atlanta,Atlanta,"AL,FL,GA,KY,MS,NC,SC,TN",28,071,28071,Emergency Work,true,false,false,false,true,false,false,false,false,false,Winter weather,false,false,false,false,false,false,false,true,false,false,false,75.00,0.00,false,false,false,false,true,false,true,100k_to_1m,https://www.fema.gov/api/open/v2/PublicAssistanceFundedProjectsDetails,https://www.fema.gov/openfema-data-page/public-assistance-funded-projects-details-v2,2026-08-17T06:23:38Z
4899,2026-02-06T00:00:00.000Z,Winter Storm,208,4899 City of Itta Bena Cat B EPM,083-35260-00,B,Emergency Protective Measures,Eligible,Obligated,Small,Leflore County,083,MS,28,61325.85,45994.39,45994.39,2026-07-09T00:00:00.000Z,2026-07-09T00:00:00.000Z,0,1065894,277606,2026-07-23T18:44:06.680Z,2b964a0cd375e81e69343d8cd54b33e10b5751f7,2026-02-06,2026-07-09,2026-07-09,2026-07-23T18:44:06Z,2026,02,1,2026,2026,153,0,true,Mississippi,4,Region 4 — Atlanta,Atlanta,"AL,FL,GA,KY,MS,NC,SC,TN",28,083,28083,Emergency Work,true,false,false,false,true,false,false,false,false,false,Winter weather,false,false,false,false,false,false,false,true,false,false,false,75.00,0.00,false,false,false,false,true,false,true,10k_to_100k,https://www.fema.gov/api/open/v2/PublicAssistanceFundedProjectsDetails,https://www.fema.gov/openfema-data-page/public-assistance-funded-projects-details-v2,2026-08-17T06:23:38Z
4899,2026-02-06T00:00:00.000Z,Winter Storm,209,4899 Union County Cat B EPM,145-99145-00,B,Emergency Protective Measures,Eligible,Obligated,Small,Union County,145,MS,28,43209.66,32407.25,32407.25,2026-07-30T00:00:00.000Z,2026-07-30T00:00:00.000Z,0,1065895,277557,2026-07-31T15:06:08.793Z,4b12a242ec952f4582ad4de4fd66ee065cd22bc5,2026-02-06,2026-07-30,2026-07-30,2026-07-31T15:06:08Z,2026,02,1,2026,2026,174,0,true,Mississippi,4,Region 4 — Atlanta,Atlanta,"AL,FL,GA,KY,MS,NC,SC,TN",28,145,28145,Emergency Work,true,false,false,false,true,false,false,false,false,false,Winter weather,false,false,false,false,false,false,false,true,false,false,false,75.00,0.00,false,false,false,false,true,false,true,10k_to_100k,https://www.fema.gov/api/open/v2/PublicAssistanceFundedProjectsDetails,https://www.fema.gov/openfema-data-page/public-assistance-funded-projects-details-v2,2026-08-17T06:23:38Z
4899,2026-02-06T00:00:00.000Z,Winter Storm,210,DR4899MS- Grenada County- District One- Emergency Protective Measures- Work Completed,043-99043-00,B,Emergency Protective Measures,Eligible,Obligated,Small,Grenada County,043,MS,28,30131.38,22598.54,22598.54,2026-05-19T00:00:00.000Z,2026-05-19T00:00:00.000Z,0,1065896,277581,2026-07-23T18:44:06.680Z,2b60e5c7355b8f98462169172dcb26c41d05d683,2026-02-06,2026-05-19,2026-05-19,2026-07-23T18:44:06Z,2026,02,1,2026,2026,102,0,true,Mississippi,4,Region 4 — Atlanta,Atlanta,"AL,FL,GA,KY,MS,NC,SC,TN",28,043,28043,Emergency Work,true,false,false,false,true,false,false,false,false,false,Winter weather,false,false,false,false,false,false,false,true,false,false,false,75.00,0.00,false,false,false,false,true,false,true,10k_to_100k,https://www.fema.gov/api/open/v2/PublicAssistanceFundedProjectsDetails,https://www.fema.gov/openfema-data-page/public-assistance-funded-projects-details-v2,2026-08-17T06:23:38Z
4899,2026-02-06T00:00:00.000Z,Winter Storm,211,Yalobusha County Contract WC Debris Removal 3/1 Thru 3/31/2026,161-99161-00,A,Debris Removal,Eligible,Obligated,Large,Yalobusha County,161,MS,28,3094963.89,2321222.92,2321222.92,2026-07-17T00:00:00.000Z,2026-07-17T00:00:00.000Z,0,1065897,277590,2026-07-23T18:44:06.680Z,d1c7ab159ff487cbc9824a921080c8b1f9955f01,2026-02-06,2026-07-17,2026-07-17,2026-07-23T18:44:06Z,2026,02,1,2026,2026,161,0,true,Mississippi,4,Region 4 — Atlanta,Atlanta,"AL,FL,GA,KY,MS,NC,SC,TN",28,161,28161,Emergency Work,true,false,false,true,false,false,false,false,false,false,Winter weather,false,false,false,false,false,false,false,true,false,false,false,75.00,0.00,false,false,false,true,false,false,true,1m_to_10m,https://www.fema.gov/api/open/v2/PublicAssistanceFundedProjectsDetails,https://www.fema.gov/openfema-data-page/public-assistance-funded-projects-details-v2,2026-08-17T06:23:38Z
4899,2026-02-06T00:00:00.000Z,Winter Storm,213,4899 City of Ripley Cat B Generator Run Time,139-62600-00,B,Emergency Protective Measures,Eligible,Obligated,Small,Tippah County,139,MS,28,100087.59,75065.7,75065.7,2026-04-22T00:00:00.000Z,2026-04-22T00:00:00.000Z,0,1065899,277625,2026-07-23T18:44:06.680Z,bf0212be1c254429acc179adad3b25671268013e,2026-02-06,2026-04-22,2026-04-22,2026-07-23T18:44:06Z,2026,02,1,2026,2026,75,0,true,Mississippi,4,Region 4 — Atlanta,Atlanta,"AL,FL,GA,KY,MS,NC,SC,TN",28,139,28139,Emergency Work,true,false,false,false,true,false,false,false,false,false,Winter weather,false,false,false,false,false,false,false,true,false,false,false,75.00,0.00,false,false,false,false,true,false,true,10k_to_100k,https://www.fema.gov/api/open/v2/PublicAssistanceFundedProjectsDetails,https://www.fema.gov/openfema-data-page/public-assistance-funded-projects-details-v2,2026-08-17T06:23:38Z
4899,2026-02-06T00:00:00.000Z,Winter Storm,214,4899 Union County Cat B Generator Run Time,145-99145-00,B,Emergency Protective Measures,Eligible,Obligated,Small,Union County,145,MS,28,194793.12,146094.84,146094.84,2026-05-15T00:00:00.000Z,2026-05-15T00:00:00.000Z,0,1065900,277557,2026-07-23T18:44:06.680Z,31246a6d0dac9333bcac844479c8a157dfe995a3,2026-02-06,2026-05-15,2026-05-15,2026-07-23T18:44:06Z,2026,02,1,2026,2026,98,0,true,Mississippi,4,Region 4 — Atlanta,Atlanta,"AL,FL,GA,KY,MS,NC,SC,TN",28,145,28145,Emergency Work,true,false,false,false,true,false,false,false,false,false,Winter weather,false,false,false,false,false,false,false,true,false,false,false,75.00,0.00,false,false,false,false,true,false,true,100k_to_1m,https://www.fema.gov/api/open/v2/PublicAssistanceFundedProjectsDetails,https://www.fema.gov/openfema-data-page/public-assistance-funded-projects-details-v2,2026-08-17T06:23:38Z
4899,2026-02-06T00:00:00.000Z,Winter Storm,217,Hernando- Emergency Protective Measures,033-31780-00,B,Emergency Protective Measures,Eligible,Obligated,Small,DeSoto County,033,MS,28,11017.84,8263.38,8263.38,2026-06-08T00:00:00.000Z,2026-06-08T00:00:00.000Z,0,1065909,277909,2026-07-23T18:44:06.680Z,d65eef2454e7883edc8f807f85400de5bc16a084,2026-02-06,2026-06-08,2026-06-08,2026-07-23T18:44:06Z,2026,02,1,2026,2026,122,0,true,Mississippi,4,Region 4 — Atlanta,Atlanta,"AL,FL,GA,KY,MS,NC,SC,TN",28,033,28033,Emergency Work,true,false,false,false,true,false,false,false,false,false,Winter weather,false,false,false,false,false,false,false,true,false,false,false,75.00,0.00,false,false,false,false,true,false,true,under_10k,https://www.fema.gov/api/open/v2/PublicAssistanceFundedProjectsDetails,https://www.fema.gov/openfema-data-page/public-assistance-funded-projects-details-v2,2026-08-17T06:23:38Z
4899,2026-02-06T00:00:00.000Z,Winter Storm,221,4899 Kossuth Water - Cat B - Generators,003-UM8T3-00,B,Emergency Protective Measures,Eligible,Obligated,Small,Alcorn County,003,MS,28,30851.36,23138.52,23138.52,2026-04-24T00:00:00.000Z,2026-04-24T00:00:00.000Z,0,1065913,277931,2026-07-23T18:44:06.680Z,852112a84d9068dc28c018f19efe1dd9218b699b,2026-02-06,2026-04-24,2026-04-24,2026-07-23T18:44:06Z,2026,02,1,2026,2026,77,0,true,Mississippi,4,Region 4 — Atlanta,Atlanta,"AL,FL,GA,KY,MS,NC,SC,TN",28,003,28003,Emergency Work,true,false,false,false,true,false,false,false,false,false,Winter weather,false,false,false,false,false,false,false,true,false,false,false,75.00,0.00,false,false,false,false,true,false,true,10k_to_100k,https://www.fema.gov/api/open/v2/PublicAssistanceFundedProjectsDetails,https://www.fema.gov/openfema-data-page/public-assistance-funded-projects-details-v2,2026-08-17T06:23:38Z
4899,2026-02-06T00:00:00.000Z,Winter Storm,222,Coahoma County-Emergency protective Measures,027-99027-00,B,Emergency Protective Measures,Eligible,Obligated,Small,Coahoma County,027,MS,28,12215.76,9161.82,9161.82,2026-06-18T00:00:00.000Z,2026-06-18T00:00:00.000Z,0,1065914,277792,2026-07-23T18:44:06.680Z,d603da64d6b97ee93a21fb75b8357916fea0c33b,2026-02-06,2026-06-18,2026-06-18,2026-07-23T18:44:06Z,2026,02,1,2026,2026,132,0,true,Mississippi,4,Region 4 — Atlanta,Atlanta,"AL,FL,GA,KY,MS,NC,SC,TN",28,027,28027,Emergency Work,true,false,false,false,true,false,false,false,false,false,Winter weather,false,false,false,false,false,false,false,true,false,false,false,75.00,0.00,false,false,false,false,true,false,true,under_10k,https://www.fema.gov/api/open/v2/PublicAssistanceFundedProjectsDetails,https://www.fema.gov/openfema-data-page/public-assistance-funded-projects-details-v2,2026-08-17T06:23:38Z
4899,2026-02-06T00:00:00.000Z,Winter Storm,223,Horn Lake -Emergency Protective Measures,033-33700-00,B,Emergency Protective Measures,Eligible,Obligated,Small,DeSoto County,033,MS,28,8995.16,6746.37,6746.37,2026-05-28T00:00:00.000Z,2026-05-28T00:00:00.000Z,0,1065915,277879,2026-07-23T18:44:06.680Z,030a8cf4ef0ff314abfa70e3a782fd690740e294,2026-02-06,2026-05-28,2026-05-28,2026-07-23T18:44:06Z,2026,02,1,2026,2026,111,0,true,Mississippi,4,Region 4 — Atlanta,Atlanta,"AL,FL,GA,KY,MS,NC,SC,TN",28,033,28033,Emergency Work,true,false,false,false,true,false,false,false,false,false,Winter weather,false,false,false,false,false,false,false,true,false,false,false,75.00,0.00,false,false,false,false,true,false,true,under_10k,https://www.fema.gov/api/open/v2/PublicAssistanceFundedProjectsDetails,https://www.fema.gov/openfema-data-page/public-assistance-funded-projects-details-v2,2026-08-17T06:23:38Z
4899,2026-02-06T00:00:00.000Z,Winter Storm,224,"Debris Removal (Ruleville, City)",133-64200-00,A,Debris Removal,Eligible,Obligated,Small,Sunflower County,133,MS,28,16648.48,12486.36,12486.36,2026-06-09T00:00:00.000Z,2026-06-09T00:00:00.000Z,0,1065918,277766,2026-07-23T18:44:06.680Z,68a38b5564b68b6729306442f0dd510b48557236,2026-02-06,2026-06-09,2026-06-09,2026-07-23T18:44:06Z,2026,02,1,2026,2026,123,0,true,Mississippi,4,Region 4 — Atlanta,Atlanta,"AL,FL,GA,KY,MS,NC,SC,TN",28,133,28133,Emergency Work,true,false,false,true,false,false,false,false,false,false,Winter weather,false,false,false,false,false,false,false,true,false,false,false,75.00,0.00,false,false,false,false,true,false,true,10k_to_100k,https://www.fema.gov/api/open/v2/PublicAssistanceFundedProjectsDetails,https://www.fema.gov/openfema-data-page/public-assistance-funded-projects-details-v2,2026-08-17T06:23:38Z
4899,2026-02-06T00:00:00.000Z,Winter Storm,225,4899 Kossuth Water - Cat B - Mutual Aid,003-UM8T3-00,B,Emergency Protective Measures,Eligible,Obligated,Small,Alcorn County,003,MS,28,5538.88,4154.16,4154.16,2026-05-18T00:00:00.000Z,2026-05-18T00:00:00.000Z,0,1065920,277931,2026-07-23T18:44:06.680Z,c5fd588579f046197c4fe25acbb8b4d708e4c69e,2026-02-06,2026-05-18,2026-05-18,2026-07-23T18:44:06Z,2026,02,1,2026,2026,101,0,true,Mississippi,4,Region 4 — Atlanta,Atlanta,"AL,FL,GA,KY,MS,NC,SC,TN",28,003,28003,Emergency Work,true,false,false,false,true,false,false,false,false,false,Winter weather,false,false,false,false,false,false,false,true,false,false,false,75.00,0.00,false,false,false,false,true,false,true,under_10k,https://www.fema.gov/api/open/v2/PublicAssistanceFundedProjectsDetails,https://www.fema.gov/openfema-data-page/public-assistance-funded-projects-details-v2,2026-08-17T06:23:38Z
4899,2026-02-06T00:00:00.000Z,Winter Storm,226,Health Systems EPM,151-UHITQ-00,B,Emergency Protective Measures,Eligible,Obligated,Small,Washington County,151,MS,28,4545.44,3409.08,3409.08,2026-06-09T00:00:00.000Z,2026-06-09T00:00:00.000Z,0,1065921,277804,2026-07-23T18:44:06.680Z,d2e8ad7b9903ef2918474b3010ec643756333630,2026-02-06,2026-06-09,2026-06-09,2026-07-23T18:44:06Z,2026,02,1,2026,2026,123,0,true,Mississippi,4,Region 4 — Atlanta,Atlanta,"AL,FL,GA,KY,MS,NC,SC,TN",28,151,28151,Emergency Work,true,false,false,false,true,false,false,false,false,false,Winter weather,false,false,false,false,false,false,false,true,false,false,false,75.00,0.00,false,false,false,false,true,false,true,under_10k,https://www.fema.gov/api/open/v2/PublicAssistanceFundedProjectsDetails,https://www.fema.gov/openfema-data-page/public-assistance-funded-projects-details-v2,2026-08-17T06:23:38Z
4899,2026-02-06T00:00:00.000Z,Winter Storm,227,4899 Iuka Cat A Force Account,141-35300-00,A,Debris Removal,Eligible,Obligated,Small,Tishomingo County,141,MS,28,143989.67,107992.26,107992.26,2026-05-15T00:00:00.000Z,2026-05-15T00:00:00.000Z,0,1065928,277853,2026-07-23T18:44:06.680Z,2ec57d191eec879df4289fbbd062dbe24c4d7fd7,2026-02-06,2026-05-15,2026-05-15,2026-07-23T18:44:06Z,2026,02,1,2026,2026,98,0,true,Mississippi,4,Region 4 — Atlanta,Atlanta,"AL,FL,GA,KY,MS,NC,SC,TN",28,141,28141,Emergency Work,true,false,false,true,false,false,false,false,false,false,Winter weather,false,false,false,false,false,false,false,true,false,false,false,75.00,0.00,false,false,false,false,true,false,true,100k_to_1m,https://www.fema.gov/api/open/v2/PublicAssistanceFundedProjectsDetails,https://www.fema.gov/openfema-data-page/public-assistance-funded-projects-details-v2,2026-08-17T06:23:38Z
4899,2026-02-06T00:00:00.000Z,Winter Storm,229,Blue Mountain 10 days Debris Removal Town Wide,139-07060-00,A,Debris Removal,Eligible,Obligated,Small,Tippah County,139,MS,28,52525,39393.75,39393.75,2026-04-24T00:00:00.000Z,2026-04-24T00:00:00.000Z,0,1065936,277729,2026-07-23T18:44:06.680Z,f93fb6e0e61a46ffc39ffa03268cc509d424b45b,2026-02-06,2026-04-24,2026-04-24,2026-07-23T18:44:06Z,2026,02,1,2026,2026,77,0,true,Mississippi,4,Region 4 — Atlanta,Atlanta,"AL,FL,GA,KY,MS,NC,SC,TN",28,139,28139,Emergency Work,true,false,false,true,false,false,false,false,false,false,Winter weather,false,false,false,false,false,false,false,true,false,false,false,75.00,0.00,false,false,false,false,true,false,true,10k_to_100k,https://www.fema.gov/api/open/v2/PublicAssistanceFundedProjectsDetails,https://www.fema.gov/openfema-data-page/public-assistance-funded-projects-details-v2,2026-08-17T06:23:38Z
4899,2026-02-06T00:00:00.000Z,Winter Storm,230,City Wide EPM,151-29180-00,B,Emergency Protective Measures,Eligible,Obligated,Small,Washington County,151,MS,28,51331.08,38498.31,38498.31,2026-07-29T00:00:00.000Z,2026-07-29T00:00:00.000Z,0,1065939,277864,2026-07-30T15:10:03.208Z,6796f91a7acdea3757d49f4f66943fc5cbdae601,2026-02-06,2026-07-29,2026-07-29,2026-07-30T15:10:03Z,2026,02,1,2026,2026,173,0,true,Mississippi,4,Region 4 — Atlanta,Atlanta,"AL,FL,GA,KY,MS,NC,SC,TN",28,151,28151,Emergency Work,true,false,false,false,true,false,false,false,false,false,Winter weather,false,false,false,false,false,false,false,true,false,false,false,75.00,0.00,false,false,false,false,true,false,true,10k_to_100k,https://www.fema.gov/api/open/v2/PublicAssistanceFundedProjectsDetails,https://www.fema.gov/openfema-data-page/public-assistance-funded-projects-details-v2,2026-08-17T06:23:38Z
4899,2026-02-06T00:00:00.000Z,Winter Storm,232,Tallahatchie General Hospital - Emergency Protective Measures,135-UKU31-00,B,Emergency Protective Measures,Eligible,Obligated,Small,Tallahatchie County,135,MS,28,33103.9,24827.93,24827.93,2026-06-18T00:00:00.000Z,2026-06-18T00:00:00.000Z,0,1065943,277753,2026-07-23T18:44:06.680Z,09fc54fa8880756e1b256145a6d5e5a6408eca4c,2026-02-06,2026-06-18,2026-06-18,2026-07-23T18:44:06Z,2026,02,1,2026,2026,132,0,true,Mississippi,4,Region 4 — Atlanta,Atlanta,"AL,FL,GA,KY,MS,NC,SC,TN",28,135,28135,Emergency Work,true,false,false,false,true,false,false,false,false,false,Winter weather,false,false,false,false,false,false,false,true,false,false,false,75.00,0.00,false,false,false,false,true,false,true,10k_to_100k,https://www.fema.gov/api/open/v2/PublicAssistanceFundedProjectsDetails,https://www.fema.gov/openfema-data-page/public-assistance-funded-projects-details-v2,2026-08-17T06:23:38Z
4899,2026-02-06T00:00:00.000Z,Winter Storm,233,Contract WC Debris Removal 3/08 thru 3/14/26,093-99093-00,A,Debris Removal,Eligible,Obligated,Small,Marshall County,093,MS,28,601672.9,451254.68,451254.68,2026-06-12T00:00:00.000Z,2026-06-12T00:00:00.000Z,0,1065948,277653,2026-07-23T18:44:06.680Z,240b0cd5b20945b59ec14e72e220f491ac435fa9,2026-02-06,2026-06-12,2026-06-12,2026-07-23T18:44:06Z,2026,02,1,2026,2026,126,0,true,Mississippi,4,Region 4 — Atlanta,Atlanta,"AL,FL,GA,KY,MS,NC,SC,TN",28,093,28093,Emergency Work,true,false,false,true,false,false,false,false,false,false,Winter weather,false,false,false,false,false,false,false,true,false,false,false,75.00,0.00,false,false,false,false,true,false,true,100k_to_1m,https://www.fema.gov/api/open/v2/PublicAssistanceFundedProjectsDetails,https://www.fema.gov/openfema-data-page/public-assistance-funded-projects-details-v2,2026-08-17T06:23:38Z
4899,2026-02-06T00:00:00.000Z,Winter Storm,234,DR4899MS Benton County School District Emergency Protective Measures (Ashland Gymnasium,009-UXFD1-00,B,Emergency Protective Measures,Eligible,Obligated,Small,Benton County,009,MS,28,27683.14,20762.36,20762.36,2026-04-10T00:00:00.000Z,2026-04-10T00:00:00.000Z,0,1065952,277821,2026-07-23T18:44:06.680Z,7987b08f42faede7979e7ac0519ccd8c48ee91bd,2026-02-06,2026-04-10,2026-04-10,2026-07-23T18:44:06Z,2026,02,1,2026,2026,63,0,true,Mississippi,4,Region 4 — Atlanta,Atlanta,"AL,FL,GA,KY,MS,NC,SC,TN",28,009,28009,Emergency Work,true,false,false,false,true,false,false,false,false,false,Winter weather,false,false,false,false,false,false,false,true,false,false,false,75.00,0.00,false,false,false,false,true,false,true,10k_to_100k,https://www.fema.gov/api/open/v2/PublicAssistanceFundedProjectsDetails,https://www.fema.gov/openfema-data-page/public-assistance-funded-projects-details-v2,2026-08-17T06:23:38Z
4899,2026-02-06T00:00:00.000Z,Winter Storm,237,DUMAS WATER ASSN EMERGENCY WORK,139-U1VFX-00,B,Emergency Protective Measures,Eligible,Pending Closeout Completion,Small,Tippah County,139,MS,28,13120.29,9840.22,9840.22,2026-04-24T00:00:00.000Z,2026-04-24T00:00:00.000Z,0,1065967,277932,2026-07-23T18:44:06.680Z,78a20da636a5d340a1197a8ea80539b330087840,2026-02-06,2026-04-24,2026-04-24,2026-07-23T18:44:06Z,2026,02,1,2026,2026,77,0,true,Mississippi,4,Region 4 — Atlanta,Atlanta,"AL,FL,GA,KY,MS,NC,SC,TN",28,139,28139,Emergency Work,true,false,false,false,true,false,false,false,false,false,Winter weather,false,false,false,false,false,false,false,true,false,false,false,75.00,0.00,false,false,false,false,true,false,true,under_10k,https://www.fema.gov/api/open/v2/PublicAssistanceFundedProjectsDetails,https://www.fema.gov/openfema-data-page/public-assistance-funded-projects-details-v2,2026-08-17T06:23:38Z
4899,2026-02-06T00:00:00.000Z,Winter Storm,239,City of Como Emergency Protective Measures,107-15500-00,B,Emergency Protective Measures,Eligible,Obligated,Small,Panola County,107,MS,28,21745.65,16309.24,16309.24,2026-06-15T00:00:00.000Z,2026-06-15T00:00:00.000Z,0,1065981,277986,2026-07-23T18:44:06.680Z,d13138dae238440d591851c390b6e58f30e4ab9c,2026-02-06,2026-06-15,2026-06-15,2026-07-23T18:44:06Z,2026,02,1,2026,2026,129,0,true,Mississippi,4,Region 4 — Atlanta,Atlanta,"AL,FL,GA,KY,MS,NC,SC,TN",28,107,28107,Emergency Work,true,false,false,false,true,false,false,false,false,false,Winter weather,false,false,false,false,false,false,false,true,false,false,false,75.00,0.00,false,false,false,false,true,false,true,10k_to_100k,https://www.fema.gov/api/open/v2/PublicAssistanceFundedProjectsDetails,https://www.fema.gov/openfema-data-page/public-assistance-funded-projects-details-v2,2026-08-17T06:23:38Z
4899,2026-02-06T00:00:00.000Z,Winter Storm,240,DR4899MS- Oxford Utilities- Mutual Aid Provided by Opelika Power Services- Work Completed,071-013C6-00,B,Emergency Protective Measures,Eligible,Pending Closeout Completion,Small,Lafayette County,071,MS,28,204741.5,153556.13,153556.13,2026-05-15T00:00:00.000Z,2026-05-15T00:00:00.000Z,0,1065983,277649,2026-07-23T18:44:06.680Z,cc8ee0999ef25f0c4dbbb63550dfa3bc37c0f83e,2026-02-06,2026-05-15,2026-05-15,2026-07-23T18:44:06Z,2026,02,1,2026,2026,98,0,true,Mississippi,4,Region 4 — Atlanta,Atlanta,"AL,FL,GA,KY,MS,NC,SC,TN",28,071,28071,Emergency Work,true,false,false,false,true,false,false,false,false,false,Winter weather,false,false,false,false,false,false,false,true,false,false,false,75.00,0.00,false,false,false,false,true,false,true,100k_to_1m,https://www.fema.gov/api/open/v2/PublicAssistanceFundedProjectsDetails,https://www.fema.gov/openfema-data-page/public-assistance-funded-projects-details-v2,2026-08-17T06:23:38Z
4899,2026-02-06T00:00:00.000Z,Winter Storm,241,Yocona Water Assoc. - Winter Storm Fern - EPM,071-UDQ55-00,B,Emergency Protective Measures,Eligible,Obligated,Small,Lafayette County,071,MS,28,23699.27,17774.46,17774.46,2026-07-14T00:00:00.000Z,2026-07-14T00:00:00.000Z,0,1065987,277985,2026-07-23T18:44:06.680Z,a9a50e039afc09464562dbaa84b3a96fb3152e58,2026-02-06,2026-07-14,2026-07-14,2026-07-23T18:44:06Z,2026,02,1,2026,2026,158,0,true,Mississippi,4,Region 4 — Atlanta,Atlanta,"AL,FL,GA,KY,MS,NC,SC,TN",28,071,28071,Emergency Work,true,false,false,false,true,false,false,false,false,false,Winter weather,false,false,false,false,false,false,false,true,false,false,false,75.00,0.00,false,false,false,false,true,false,true,10k_to_100k,https://www.fema.gov/api/open/v2/PublicAssistanceFundedProjectsDetails,https://www.fema.gov/openfema-data-page/public-assistance-funded-projects-details-v2,2026-08-17T06:23:38Z
4899,2026-02-06T00:00:00.000Z,Winter Storm,243,Claiborne County - County-wide Electrical Distribution System,000-U2A57-00,F,Utilities,Eligible,Obligated,Small,Statewide,063,MS,28,571707.97,428780.98,428780.98,2026-06-29T00:00:00.000Z,2026-06-29T00:00:00.000Z,0,1065996,277689,2026-07-23T18:44:06.680Z,a0f2023c9f4cb162c6bde8a94094c660cc7d3625,2026-02-06,2026-06-29,2026-06-29,2026-07-23T18:44:06Z,2026,02,1,2026,2026,143,0,true,Mississippi,4,Region 4 — Atlanta,Atlanta,"AL,FL,GA,KY,MS,NC,SC,TN",28,063,28063,Permanent Work,false,true,false,false,false,false,false,false,true,false,Winter weather,false,false,false,false,false,false,false,true,false,false,false,75.00,0.00,false,false,false,false,true,false,true,100k_to_1m,https://www.fema.gov/api/open/v2/PublicAssistanceFundedProjectsDetails,https://www.fema.gov/openfema-data-page/public-assistance-funded-projects-details-v2,2026-08-17T06:23:38Z
4899,2026-02-06T00:00:00.000Z,Winter Storm,244,4899 Water Valley EC - Cat B - Mutual Aid Provided by Louisville Utilities,161-04659-00,B,Emergency Protective Measures,Eligible,Obligated,Small,Yalobusha County,161,MS,28,58680.73,44010.55,44010.55,2026-05-19T00:00:00.000Z,2026-05-19T00:00:00.000Z,0,1065997,277966,2026-07-23T18:44:06.680Z,0af0074424fc44fafc23045b2ed2ebb0e59c4606,2026-02-06,2026-05-19,2026-05-19,2026-07-23T18:44:06Z,2026,02,1,2026,2026,102,0,true,Mississippi,4,Region 4 — Atlanta,Atlanta,"AL,FL,GA,KY,MS,NC,SC,TN",28,161,28161,Emergency Work,true,false,false,false,true,false,false,false,false,false,Winter weather,false,false,false,false,false,false,false,true,false,false,false,75.00,0.00,false,false,false,false,true,false,true,10k_to_100k,https://www.fema.gov/api/open/v2/PublicAssistanceFundedProjectsDetails,https://www.fema.gov/openfema-data-page/public-assistance-funded-projects-details-v2,2026-08-17T06:23:38Z
4899,2026-02-06T00:00:00.000Z,Winter Storm,245,Jefferson County - County-wide Electrical Distribution System,000-U2A57-00,F,Utilities,Eligible,Obligated,Small,Statewide,063,MS,28,294110.04,220582.53,220582.53,2026-07-08T00:00:00.000Z,2026-07-08T00:00:00.000Z,0,1065998,277689,2026-07-23T18:44:06.680Z,b91a5074c7e4ee641ecbfb25461805c52f29c7ed,2026-02-06,2026-07-08,2026-07-08,2026-07-23T18:44:06Z,2026,02,1,2026,2026,152,0,true,Mississippi,4,Region 4 — Atlanta,Atlanta,"AL,FL,GA,KY,MS,NC,SC,TN",28,063,28063,Permanent Work,false,true,false,false,false,false,false,false,true,false,Winter weather,false,false,false,false,false,false,false,true,false,false,false,75.00,0.00,false,false,false,false,true,false,true,100k_to_1m,https://www.fema.gov/api/open/v2/PublicAssistanceFundedProjectsDetails,https://www.fema.gov/openfema-data-page/public-assistance-funded-projects-details-v2,2026-08-17T06:23:38Z
4899,2026-02-06T00:00:00.000Z,Winter Storm,246,Adams County - County-wide Electrical Distribution System,000-U2A57-00,F,Utilities,Eligible,Obligated,Small,Statewide,063,MS,28,238243.8,178682.85,178682.85,2026-06-12T00:00:00.000Z,2026-06-12T00:00:00.000Z,0,1065999,277689,2026-07-23T18:44:06.680Z,4fe82e99f0051299a0a6300460eba52b0c337c02,2026-02-06,2026-06-12,2026-06-12,2026-07-23T18:44:06Z,2026,02,1,2026,2026,126,0,true,Mississippi,4,Region 4 — Atlanta,Atlanta,"AL,FL,GA,KY,MS,NC,SC,TN",28,063,28063,Permanent Work,false,true,false,false,false,false,false,false,true,false,Winter weather,false,false,false,false,false,false,false,true,false,false,false,75.00,0.00,false,false,false,false,true,false,true,100k_to_1m,https://www.fema.gov/api/open/v2/PublicAssistanceFundedProjectsDetails,https://www.fema.gov/openfema-data-page/public-assistance-funded-projects-details-v2,2026-08-17T06:23:38Z
4899,2026-02-06T00:00:00.000Z,Winter Storm,247,Wilkinson County - County-wide Electrical Distribution System,000-U2A57-00,F,Utilities,Eligible,Obligated,Small,Statewide,063,MS,28,19695.81,14771.86,14771.86,2026-05-04T00:00:00.000Z,2026-05-04T00:00:00.000Z,0,1066000,277689,2026-07-23T18:44:06.680Z,5c1a619eb69b68df49919471c584c7428c1462c8,2026-02-06,2026-05-04,2026-05-04,2026-07-23T18:44:06Z,2026,02,1,2026,2026,87,0,true,Mississippi,4,Region 4 — Atlanta,Atlanta,"AL,FL,GA,KY,MS,NC,SC,TN",28,063,28063,Permanent Work,false,true,false,false,false,false,false,false,true,false,Winter weather,false,false,false,false,false,false,false,true,false,false,false,75.00,0.00,false,false,false,false,true,false,true,10k_to_100k,https://www.fema.gov/api/open/v2/PublicAssistanceFundedProjectsDetails,https://www.fema.gov/openfema-data-page/public-assistance-funded-projects-details-v2,2026-08-17T06:23:38Z
4899,2026-02-06T00:00:00.000Z,Winter Storm,249,Emergency Protective Measures - Water Treatment Plant,003-U7XGW-00,B,Emergency Protective Measures,Eligible,Obligated,Small,Alcorn County,003,MS,28,15086.76,11315.07,11315.07,2026-05-19T00:00:00.000Z,2026-05-19T00:00:00.000Z,0,1066040,277854,2026-07-23T18:44:06.680Z,fb47dc4c89839eb7293a8be9d19af5e79cd3bf6f,2026-02-06,2026-05-19,2026-05-19,2026-07-23T18:44:06Z,2026,02,1,2026,2026,102,0,true,Mississippi,4,Region 4 — Atlanta,Atlanta,"AL,FL,GA,KY,MS,NC,SC,TN",28,003,28003,Emergency Work,true,false,false,false,true,false,false,false,false,false,Winter weather,false,false,false,false,false,false,false,true,false,false,false,75.00,0.00,false,false,false,false,true,false,true,10k_to_100k,https://www.fema.gov/api/open/v2/PublicAssistanceFundedProjectsDetails,https://www.fema.gov/openfema-data-page/public-assistance-funded-projects-details-v2,2026-08-17T06:23:38Z
4899,2026-02-06T00:00:00.000Z,Winter Storm,251,4899 MS Central EPA Countywide Electrical Distribution System - Attala County,007-UZRNP-00,F,Utilities,Eligible,Pending Closeout Completion,Small,Attala County,007,MS,28,125317.08,93987.81,93987.81,2026-05-14T00:00:00.000Z,2026-05-14T00:00:00.000Z,0,1066044,277858,2026-08-05T15:29:35.787Z,5813dea7f55eefa6f45d04aecdb597e89c51fb5a,2026-02-06,2026-05-14,2026-05-14,2026-08-05T15:29:35Z,2026,02,1,2026,2026,97,0,true,Mississippi,4,Region 4 — Atlanta,Atlanta,"AL,FL,GA,KY,MS,NC,SC,TN",28,007,28007,Permanent Work,false,true,false,false,false,false,false,false,true,false,Winter weather,false,false,false,false,false,false,false,true,false,false,false,75.00,0.00,false,false,false,false,true,false,true,10k_to_100k,https://www.fema.gov/api/open/v2/PublicAssistanceFundedProjectsDetails,https://www.fema.gov/openfema-data-page/public-assistance-funded-projects-details-v2,2026-08-17T06:23:38Z
4899,2026-02-06T00:00:00.000Z,Winter Storm,252,Keownville Water Association - Water lines,145-UIBYL-00,F,Utilities,Eligible,Obligated,Small,Union County,145,MS,28,11000,8250,8250,2026-04-25T00:00:00.000Z,2026-04-25T00:00:00.000Z,0,1066046,277855,2026-07-23T18:44:06.680Z,f85a879d4c4bcc7c5391ac3b8d3430c0dd70969d,2026-02-06,2026-04-25,2026-04-25,2026-07-23T18:44:06Z,2026,02,1,2026,2026,78,0,true,Mississippi,4,Region 4 — Atlanta,Atlanta,"AL,FL,GA,KY,MS,NC,SC,TN",28,145,28145,Permanent Work,false,true,false,false,false,false,false,false,true,false,Winter weather,false,false,false,false,false,false,false,true,false,false,false,75.00,0.00,false,false,false,false,true,false,true,under_10k,https://www.fema.gov/api/open/v2/PublicAssistanceFundedProjectsDetails,https://www.fema.gov/openfema-data-page/public-assistance-funded-projects-details-v2,2026-08-17T06:23:38Z
4899,2026-02-06T00:00:00.000Z,Winter Storm,253,MEMA Management Costs,000-U0220-00,Z,Management Costs,Eligible,Pending Final FEMA Review,Large,Statewide,121,MS,28,402141.69,402141.69,402141.69,2026-04-20T00:00:00.000Z,2026-04-20T00:00:00.000Z,0,1066047,277532,2026-08-06T15:19:50.545Z,a00efde325b2ea61454502207d0263bac88de649,2026-02-06,2026-04-20,2026-04-20,2026-08-06T15:19:50Z,2026,02,1,2026,2026,73,0,true,Mississippi,4,Region 4 — Atlanta,Atlanta,"AL,FL,GA,KY,MS,NC,SC,TN",28,121,28121,Management Costs,false,false,true,false,false,false,false,false,false,false,Winter weather,false,false,false,false,false,false,false,true,false,false,false,100.00,0.00,false,false,false,true,false,false,true,100k_to_1m,https://www.fema.gov/api/open/v2/PublicAssistanceFundedProjectsDetails,https://www.fema.gov/openfema-data-page/public-assistance-funded-projects-details-v2,2026-08-17T06:23:38Z
4899,2026-02-06T00:00:00.000Z,Winter Storm,254,Contract WC Debris Removal 3/21/26 thru 4/04/2026,093-U76WV-00,A,Debris Removal,Eligible,Obligated,Small,Marshall County,093,MS,28,99433.57,74575.18,74575.18,2026-06-12T00:00:00.000Z,2026-06-12T00:00:00.000Z,0,1066050,277936,2026-07-23T18:44:06.680Z,1bed2cd903db3d79eab6dc28ebeacb9dbe3aca5a,2026-02-06,2026-06-12,2026-06-12,2026-07-23T18:44:06Z,2026,02,1,2026,2026,126,0,true,Mississippi,4,Region 4 — Atlanta,Atlanta,"AL,FL,GA,KY,MS,NC,SC,TN",28,093,28093,Emergency Work,true,false,false,true,false,false,false,false,false,false,Winter weather,false,false,false,false,false,false,false,true,false,false,false,75.00,0.00,false,false,false,false,true,false,true,10k_to_100k,https://www.fema.gov/api/open/v2/PublicAssistanceFundedProjectsDetails,https://www.fema.gov/openfema-data-page/public-assistance-funded-projects-details-v2,2026-08-17T06:23:38Z
4899,2026-02-06T00:00:00.000Z,Winter Storm,255,Prentiss County Contract WC Debris Removal 2/21 Thru 2/28/2026,117-99117-00,A,Debris Removal,Eligible,Pending Closeout Completion,Small,Prentiss County,117,MS,28,795680.51,596760.39,596760.39,2026-05-15T00:00:00.000Z,2026-05-15T00:00:00.000Z,0,1066052,277592,2026-08-12T15:21:33.184Z,920cab1a94bcc2d29f05e8976b9bdf8cf9a3fdf9,2026-02-06,2026-05-15,2026-05-15,2026-08-12T15:21:33Z,2026,02,1,2026,2026,98,0,true,Mississippi,4,Region 4 — Atlanta,Atlanta,"AL,FL,GA,KY,MS,NC,SC,TN",28,117,28117,Emergency Work,true,false,false,true,false,false,false,false,false,false,Winter weather,false,false,false,false,false,false,false,true,false,false,false,75.00,0.00,false,false,false,false,true,false,true,100k_to_1m,https://www.fema.gov/api/open/v2/PublicAssistanceFundedProjectsDetails,https://www.fema.gov/openfema-data-page/public-assistance-funded-projects-details-v2,2026-08-17T06:23:38Z
4899,2026-02-06T00:00:00.000Z,Winter Storm,256,DR4899MS- Ole Miss- Contract- Debris Removal 2nd Time Period 3/8/26 thru 3/21/26- Work Completed,000-U4PDT-00,A,Debris Removal,Eligible,Pending Closeout Completion,Large,Lafayette County,071,MS,28,1336631.3,1002473.48,1002473.48,2026-07-08T00:00:00.000Z,2026-07-08T00:00:00.000Z,0,1066056,277674,2026-08-05T15:29:35.787Z,3c730713d6d37f6f7efcfca7b1b0fc8dfd41edfc,2026-02-06,2026-07-08,2026-07-08,2026-08-05T15:29:35Z,2026,02,1,2026,2026,152,0,true,Mississippi,4,Region 4 — Atlanta,Atlanta,"AL,FL,GA,KY,MS,NC,SC,TN",28,071,28071,Emergency Work,true,false,false,true,false,false,false,false,false,false,Winter weather,false,false,false,false,false,false,false,true,false,false,false,75.00,0.00,false,false,false,true,false,false,true,1m_to_10m,https://www.fema.gov/api/open/v2/PublicAssistanceFundedProjectsDetails,https://www.fema.gov/openfema-data-page/public-assistance-funded-projects-details-v2,2026-08-17T06:23:38Z
4899,2026-02-06T00:00:00.000Z,Winter Storm,259,Corinth FA Debris Removal,003-15700-00,A,Debris Removal,Eligible,Obligated,Small,Alcorn County,003,MS,28,41236.48,30927.36,30927.36,2026-07-15T00:00:00.000Z,2026-07-15T00:00:00.000Z,0,1066059,277582,2026-07-23T18:44:06.680Z,761f7a47d4f6499078882ad3e57d7bf5bf9db77b,2026-02-06,2026-07-15,2026-07-15,2026-07-23T18:44:06Z,2026,02,1,2026,2026,159,0,true,Mississippi,4,Region 4 — Atlanta,Atlanta,"AL,FL,GA,KY,MS,NC,SC,TN",28,003,28003,Emergency Work,true,false,false,true,false,false,false,false,false,false,Winter weather,false,false,false,false,false,false,false,true,false,false,false,75.00,0.00,false,false,false,false,true,false,true,10k_to_100k,https://www.fema.gov/api/open/v2/PublicAssistanceFundedProjectsDetails,https://www.fema.gov/openfema-data-page/public-assistance-funded-projects-details-v2,2026-08-17T06:23:38Z
4899,2026-02-06T00:00:00.000Z,Winter Storm,260,Water Valley FA Debris Removal,161-78000-00,A,Debris Removal,Eligible,Obligated,Small,Yalobusha County,161,MS,28,56856.48,42642.36,42642.36,2026-06-18T00:00:00.000Z,2026-06-18T00:00:00.000Z,0,1066060,277584,2026-07-23T18:44:06.680Z,d07214d2ee70322d8a5b1b914829d1016c15c078,2026-02-06,2026-06-18,2026-06-18,2026-07-23T18:44:06Z,2026,02,1,2026,2026,132,0,true,Mississippi,4,Region 4 — Atlanta,Atlanta,"AL,FL,GA,KY,MS,NC,SC,TN",28,161,28161,Emergency Work,true,false,false,true,false,false,false,false,false,false,Winter weather,false,false,false,false,false,false,false,true,false,false,false,75.00,0.00,false,false,false,false,true,false,true,10k_to_100k,https://www.fema.gov/api/open/v2/PublicAssistanceFundedProjectsDetails,https://www.fema.gov/openfema-data-page/public-assistance-funded-projects-details-v2,2026-08-17T06:23:38Z
4899,2026-02-06T00:00:00.000Z,Winter Storm,264,DR4899MS- Oxford City- Debris Contract- 3/7/26-3/14/26- Work Completed,071-54840-00,A,Debris Removal,Eligible,Pending Closeout Completion,Small,Lafayette County,071,MS,28,723347.53,542510.65,542510.65,2026-05-15T00:00:00.000Z,2026-05-15T00:00:00.000Z,0,1066064,277559,2026-07-23T18:44:06.680Z,e2e8b7fe7037cc372e441300d5a96807ec6ab4f9,2026-02-06,2026-05-15,2026-05-15,2026-07-23T18:44:06Z,2026,02,1,2026,2026,98,0,true,Mississippi,4,Region 4 — Atlanta,Atlanta,"AL,FL,GA,KY,MS,NC,SC,TN",28,071,28071,Emergency Work,true,false,false,true,false,false,false,false,false,false,Winter weather,false,false,false,false,false,false,false,true,false,false,false,75.00,0.00,false,false,false,false,true,false,true,100k_to_1m,https://www.fema.gov/api/open/v2/PublicAssistanceFundedProjectsDetails,https://www.fema.gov/openfema-data-page/public-assistance-funded-projects-details-v2,2026-08-17T06:23:38Z
4899,2026-02-06T00:00:00.000Z,Winter Storm,265,DR4899MS- Oxford City- EPM-Fuel (2nd/final),071-54840-00,B,Emergency Protective Measures,Eligible,Obligated,Small,Lafayette County,071,MS,28,28349.08,21261.81,21261.81,2026-07-22T00:00:00.000Z,2026-07-22T00:00:00.000Z,0,1066065,277559,2026-07-23T18:44:06.680Z,b32e9e742a3643a7ea3657988df35d2072b70b01,2026-02-06,2026-07-22,2026-07-22,2026-07-23T18:44:06Z,2026,02,1,2026,2026,166,0,true,Mississippi,4,Region 4 — Atlanta,Atlanta,"AL,FL,GA,KY,MS,NC,SC,TN",28,071,28071,Emergency Work,true,false,false,false,true,false,false,false,false,false,Winter weather,false,false,false,false,false,false,false,true,false,false,false,75.00,0.00,false,false,false,false,true,false,true,10k_to_100k,https://www.fema.gov/api/open/v2/PublicAssistanceFundedProjectsDetails,https://www.fema.gov/openfema-data-page/public-assistance-funded-projects-details-v2,2026-08-17T06:23:38Z
4899,2026-02-06T00:00:00.000Z,Winter Storm,266,Force Account (FA) Debris Removal 1st  time period,107-99107-00,A,Debris Removal,Eligible,Obligated,Small,Panola County,107,MS,28,550588.46,412941.35,412941.35,2026-07-17T00:00:00.000Z,2026-07-17T00:00:00.000Z,0,1066066,277561,2026-07-23T18:44:06.680Z,7cc70dc882fcc0abd096696123372c8217e17a2b,2026-02-06,2026-07-17,2026-07-17,2026-07-23T18:44:06Z,2026,02,1,2026,2026,161,0,true,Mississippi,4,Region 4 — Atlanta,Atlanta,"AL,FL,GA,KY,MS,NC,SC,TN",28,107,28107,Emergency Work,true,false,false,true,false,false,false,false,false,false,Winter weather,false,false,false,false,false,false,false,true,false,false,false,75.00,0.00,false,false,false,false,true,false,true,100k_to_1m,https://www.fema.gov/api/open/v2/PublicAssistanceFundedProjectsDetails,https://www.fema.gov/openfema-data-page/public-assistance-funded-projects-details-v2,2026-08-17T06:23:38Z
4899,2026-02-06T00:00:00.000Z,Winter Storm,269,DR4899MS- Grenada County- District Two- Emergency Protective Measures- Work Completed,043-99043-00,B,Emergency Protective Measures,Eligible,Obligated,Small,Grenada County,043,MS,28,16960.92,12720.69,12720.69,2026-05-19T00:00:00.000Z,2026-05-19T00:00:00.000Z,0,1066070,277581,2026-07-23T18:44:06.680Z,c2dad946370c37f4e9a90a994fcc603ac1fe8428,2026-02-06,2026-05-19,2026-05-19,2026-07-23T18:44:06Z,2026,02,1,2026,2026,102,0,true,Mississippi,4,Region 4 — Atlanta,Atlanta,"AL,FL,GA,KY,MS,NC,SC,TN",28,043,28043,Emergency Work,true,false,false,false,true,false,false,false,false,false,Winter weather,false,false,false,false,false,false,false,true,false,false,false,75.00,0.00,false,false,false,false,true,false,true,10k_to_100k,https://www.fema.gov/api/open/v2/PublicAssistanceFundedProjectsDetails,https://www.fema.gov/openfema-data-page/public-assistance-funded-projects-details-v2,2026-08-17T06:23:38Z
4899,2026-02-06T00:00:00.000Z,Winter Storm,270,DR4899MS- Grenada County- District Three- Emergency Protective Measures- Work Completed,043-99043-00,B,Emergency Protective Measures,Eligible,Obligated,Small,Grenada County,043,MS,28,19190.65,14392.99,14392.99,2026-07-17T00:00:00.000Z,2026-07-17T00:00:00.000Z,0,1066071,277581,2026-07-23T18:44:06.680Z,2073f48c6a90f38a27578b0f966b5969520361fe,2026-02-06,2026-07-17,2026-07-17,2026-07-23T18:44:06Z,2026,02,1,2026,2026,161,0,true,Mississippi,4,Region 4 — Atlanta,Atlanta,"AL,FL,GA,KY,MS,NC,SC,TN",28,043,28043,Emergency Work,true,false,false,false,true,false,false,false,false,false,Winter weather,false,false,false,false,false,false,false,true,false,false,false,75.00,0.00,false,false,false,false,true,false,true,10k_to_100k,https://www.fema.gov/api/open/v2/PublicAssistanceFundedProjectsDetails,https://www.fema.gov/openfema-data-page/public-assistance-funded-projects-details-v2,2026-08-17T06:23:38Z
4899,2026-02-06T00:00:00.000Z,Winter Storm,271,4899 - Marshall County - Cat B - Sheriff,093-99093-00,B,Emergency Protective Measures,Eligible,Obligated,Small,Marshall County,093,MS,28,66328.41,49746.31,49746.31,2026-07-24T00:00:00.000Z,2026-07-24T00:00:00.000Z,0,1066072,277653,2026-07-25T15:08:16.660Z,e2fc90953c4f2fc36467c7a134dc7214fb671c86,2026-02-06,2026-07-24,2026-07-24,2026-07-25T15:08:16Z,2026,02,1,2026,2026,168,0,true,Mississippi,4,Region 4 — Atlanta,Atlanta,"AL,FL,GA,KY,MS,NC,SC,TN",28,093,28093,Emergency Work,true,false,false,false,true,false,false,false,false,false,Winter weather,false,false,false,false,false,false,false,true,false,false,false,75.00,0.00,false,false,false,false,true,false,true,10k_to_100k,https://www.fema.gov/api/open/v2/PublicAssistanceFundedProjectsDetails,https://www.fema.gov/openfema-data-page/public-assistance-funded-projects-details-v2,2026-08-17T06:23:38Z
4899,2026-02-06T00:00:00.000Z,Winter Storm,272,City-wide Lift Station Fences WC,003-24420-00,E,Buildings and Equipment,Eligible,Pending Closeout Completion,Small,Alcorn County,003,MS,28,6410,4807.5,4807.5,2026-04-23T00:00:00.000Z,2026-04-23T00:00:00.000Z,0,1066074,277748,2026-07-23T18:44:06.680Z,da2c170b8039b66b19f52a076da486ef54643a7d,2026-02-06,2026-04-23,2026-04-23,2026-07-23T18:44:06Z,2026,02,1,2026,2026,76,0,true,Mississippi,4,Region 4 — Atlanta,Atlanta,"AL,FL,GA,KY,MS,NC,SC,TN",28,003,28003,Permanent Work,false,true,false,false,false,false,false,true,false,false,Winter weather,false,false,false,false,false,false,false,true,false,false,false,75.00,0.00,false,false,false,false,true,false,true,under_10k,https://www.fema.gov/api/open/v2/PublicAssistanceFundedProjectsDetails,https://www.fema.gov/openfema-data-page/public-assistance-funded-projects-details-v2,2026-08-17T06:23:38Z
4899,2026-02-06T00:00:00.000Z,Winter Storm,277,CAT A Debris / 100% Work Completed 3/8/2026 thru 4/04/2026,071-99071-00,A,Debris Removal,Eligible,Pending Closeout Completion,Large,Lafayette County,071,MS,28,10815692.19,8111769.15,8111769.15,2026-05-01T00:00:00.000Z,2026-05-01T00:00:00.000Z,0,1066091,277558,2026-07-23T18:44:06.680Z,4caeaa6b644fa8d01f3e8c7e6ac6ae37daced7b9,2026-02-06,2026-05-01,2026-05-01,2026-07-23T18:44:06Z,2026,02,1,2026,2026,84,0,true,Mississippi,4,Region 4 — Atlanta,Atlanta,"AL,FL,GA,KY,MS,NC,SC,TN",28,071,28071,Emergency Work,true,false,false,true,false,false,false,false,false,false,Winter weather,false,false,false,false,false,false,false,true,false,false,false,75.00,0.00,false,false,false,true,false,false,true,1m_to_10m,https://www.fema.gov/api/open/v2/PublicAssistanceFundedProjectsDetails,https://www.fema.gov/openfema-data-page/public-assistance-funded-projects-details-v2,2026-08-17T06:23:38Z
4899,2026-02-06T00:00:00.000Z,Winter Storm,280,"4899MS Benton County Emergency Protective Measures: Cut-and-Toss, Deicing, Temporary Road Stabilization, and Emergency Power for Shelters – Benton County",009-99009-00,B,Emergency Protective Measures,Eligible,Obligated,Small,Benton County,009,MS,28,539062.87,395673.93,395673.93,2026-07-17T00:00:00.000Z,2026-06-08T00:00:00.000Z,0,1066100,277593,2026-07-23T18:44:06.680Z,9701c8143dc739bc84a50b1b558b313194a0e5f7,2026-02-06,2026-06-08,2026-07-17,2026-07-23T18:44:06Z,2026,02,1,2026,2026,122,39,false,Mississippi,4,Region 4 — Atlanta,Atlanta,"AL,FL,GA,KY,MS,NC,SC,TN",28,009,28009,Emergency Work,true,false,false,false,true,false,false,false,false,false,Winter weather,false,false,false,false,false,false,false,true,false,false,false,73.40,0.00,false,false,false,false,true,false,true,100k_to_1m,https://www.fema.gov/api/open/v2/PublicAssistanceFundedProjectsDetails,https://www.fema.gov/openfema-data-page/public-assistance-funded-projects-details-v2,2026-08-17T06:23:38Z
4899,2026-02-06T00:00:00.000Z,Winter Storm,282,4899 Batesville Cat A FA 1/24 - 4/1,107-03620-00,A,Debris Removal,Eligible,Obligated,Small,Panola County,107,MS,28,183159.83,137369.88,137369.88,2026-07-17T00:00:00.000Z,2026-07-17T00:00:00.000Z,0,1066104,277628,2026-07-23T18:44:06.680Z,f4f55c523e7b53434f931c89d123cee71b5dc167,2026-02-06,2026-07-17,2026-07-17,2026-07-23T18:44:06Z,2026,02,1,2026,2026,161,0,true,Mississippi,4,Region 4 — Atlanta,Atlanta,"AL,FL,GA,KY,MS,NC,SC,TN",28,107,28107,Emergency Work,true,false,false,true,false,false,false,false,false,false,Winter weather,false,false,false,false,false,false,false,true,false,false,false,75.00,0.00,false,false,false,false,true,false,true,100k_to_1m,https://www.fema.gov/api/open/v2/PublicAssistanceFundedProjectsDetails,https://www.fema.gov/openfema-data-page/public-assistance-funded-projects-details-v2,2026-08-17T06:23:38Z
4899,2026-02-06T00:00:00.000Z,Winter Storm,284,Leflore County Contract WC Debris 3/8/26 to 3/21/26,083-99083-00,A,Debris Removal,Eligible,Obligated,Small,Leflore County,083,MS,28,455429.37,341572.03,341572.03,2026-06-29T00:00:00.000Z,2026-06-29T00:00:00.000Z,0,1066106,277598,2026-07-23T18:44:06.680Z,5e2d706c8d6eea1a303669662b00c9dde2f24495,2026-02-06,2026-06-29,2026-06-29,2026-07-23T18:44:06Z,2026,02,1,2026,2026,143,0,true,Mississippi,4,Region 4 — Atlanta,Atlanta,"AL,FL,GA,KY,MS,NC,SC,TN",28,083,28083,Emergency Work,true,false,false,true,false,false,false,false,false,false,Winter weather,false,false,false,false,false,false,false,true,false,false,false,75.00,0.00,false,false,false,false,true,false,true,100k_to_1m,https://www.fema.gov/api/open/v2/PublicAssistanceFundedProjectsDetails,https://www.fema.gov/openfema-data-page/public-assistance-funded-projects-details-v2,2026-08-17T06:23:38Z
4899,2026-02-06T00:00:00.000Z,Winter Storm,285,4899 Tishomingo District 1 Force Account Cat A,141-99141-00,A,Debris Removal,Eligible,Obligated,Small,Tishomingo County,141,MS,28,209949.98,157462.49,157462.49,2026-06-29T00:00:00.000Z,2026-06-29T00:00:00.000Z,0,1066107,277583,2026-07-23T18:44:06.680Z,85c9f80ff686044170eabcef2d6d04d876749f5d,2026-02-06,2026-06-29,2026-06-29,2026-07-23T18:44:06Z,2026,02,1,2026,2026,143,0,true,Mississippi,4,Region 4 — Atlanta,Atlanta,"AL,FL,GA,KY,MS,NC,SC,TN",28,141,28141,Emergency Work,true,false,false,true,false,false,false,false,false,false,Winter weather,false,false,false,false,false,false,false,true,false,false,false,75.00,0.00,false,false,false,false,true,false,true,100k_to_1m,https://www.fema.gov/api/open/v2/PublicAssistanceFundedProjectsDetails,https://www.fema.gov/openfema-data-page/public-assistance-funded-projects-details-v2,2026-08-17T06:23:38Z
4899,2026-02-06T00:00:00.000Z,Winter Storm,286,4899 Tishomingo Cat B EPM,141-99141-00,B,Emergency Protective Measures,Eligible,Obligated,Small,Tishomingo County,141,MS,28,44013.49,33010.12,33010.12,2026-04-22T00:00:00.000Z,2026-04-22T00:00:00.000Z,0,1066108,277583,2026-07-23T18:44:06.680Z,af55a270fb420408e71ed5c29ae2f34d98c8fdf4,2026-02-06,2026-04-22,2026-04-22,2026-07-23T18:44:06Z,2026,02,1,2026,2026,75,0,true,Mississippi,4,Region 4 — Atlanta,Atlanta,"AL,FL,GA,KY,MS,NC,SC,TN",28,141,28141,Emergency Work,true,false,false,false,true,false,false,false,false,false,Winter weather,false,false,false,false,false,false,false,true,false,false,false,75.00,0.00,false,false,false,false,true,false,true,10k_to_100k,https://www.fema.gov/api/open/v2/PublicAssistanceFundedProjectsDetails,https://www.fema.gov/openfema-data-page/public-assistance-funded-projects-details-v2,2026-08-17T06:23:38Z
4899,2026-02-06T00:00:00.000Z,Winter Storm,287,4899 Potts Camp Emergency Protective Measures,093-U76WV-00,B,Emergency Protective Measures,Eligible,Obligated,Small,Marshall County,093,MS,28,20222.08,15166.56,15166.56,2026-07-29T00:00:00.000Z,2026-07-29T00:00:00.000Z,0,1066109,277936,2026-07-30T15:10:03.208Z,700e4b51f1dfc9745eabed1abbc19d1f6466ac9d,2026-02-06,2026-07-29,2026-07-29,2026-07-30T15:10:03Z,2026,02,1,2026,2026,173,0,true,Mississippi,4,Region 4 — Atlanta,Atlanta,"AL,FL,GA,KY,MS,NC,SC,TN",28,093,28093,Emergency Work,true,false,false,false,true,false,false,false,false,false,Winter weather,false,false,false,false,false,false,false,true,false,false,false,75.00,0.00,false,false,false,false,true,false,true,10k_to_100k,https://www.fema.gov/api/open/v2/PublicAssistanceFundedProjectsDetails,https://www.fema.gov/openfema-data-page/public-assistance-funded-projects-details-v2,2026-08-17T06:23:38Z
4899,2026-02-06T00:00:00.000Z,Winter Storm,292,4899MS - Oak Hill Water Debris Removal,115-ULEI4-00,A,Debris Removal,Eligible,Obligated,Small,Pontotoc County,115,MS,28,8828.1,6621.08,6621.08,2026-07-24T00:00:00.000Z,2026-07-24T00:00:00.000Z,0,1066117,277852,2026-07-25T15:08:16.660Z,b268b9a62582b1e5bb16014288cccb5bf6b3e496,2026-02-06,2026-07-24,2026-07-24,2026-07-25T15:08:16Z,2026,02,1,2026,2026,168,0,true,Mississippi,4,Region 4 — Atlanta,Atlanta,"AL,FL,GA,KY,MS,NC,SC,TN",28,115,28115,Emergency Work,true,false,false,true,false,false,false,false,false,false,Winter weather,false,false,false,false,false,false,false,true,false,false,false,75.00,0.00,false,false,false,false,true,false,true,under_10k,https://www.fema.gov/api/open/v2/PublicAssistanceFundedProjectsDetails,https://www.fema.gov/openfema-data-page/public-assistance-funded-projects-details-v2,2026-08-17T06:23:38Z
4899,2026-02-06T00:00:00.000Z,Winter Storm,293,Emergency Protective Measures within Oak HIll Water Asso.,115-ULEI4-00,B,Emergency Protective Measures,Eligible,Obligated,Small,Pontotoc County,115,MS,28,13575.91,10181.94,10181.94,2026-07-22T00:00:00.000Z,2026-07-22T00:00:00.000Z,0,1066118,277852,2026-07-23T18:44:06.680Z,7aec83bb91c0c23706e878ad8fc4925b8d917bbe,2026-02-06,2026-07-22,2026-07-22,2026-07-23T18:44:06Z,2026,02,1,2026,2026,166,0,true,Mississippi,4,Region 4 — Atlanta,Atlanta,"AL,FL,GA,KY,MS,NC,SC,TN",28,115,28115,Emergency Work,true,false,false,false,true,false,false,false,false,false,Winter weather,false,false,false,false,false,false,false,true,false,false,false,75.00,0.00,false,false,false,false,true,false,true,10k_to_100k,https://www.fema.gov/api/open/v2/PublicAssistanceFundedProjectsDetails,https://www.fema.gov/openfema-data-page/public-assistance-funded-projects-details-v2,2026-08-17T06:23:38Z
4899,2026-02-06T00:00:00.000Z,Winter Storm,294,Cat B Emergency Protective Measures,071-00218-00,B,Emergency Protective Measures,Eligible,Obligated,Small,Lafayette County,071,MS,28,176475,132356.25,132356.25,2026-05-15T00:00:00.000Z,2026-05-15T00:00:00.000Z,0,1066120,277933,2026-07-23T18:44:06.680Z,c9e10a6f42cfb6d0be27e4bbe3308bb116fa5f43,2026-02-06,2026-05-15,2026-05-15,2026-07-23T18:44:06Z,2026,02,1,2026,2026,98,0,true,Mississippi,4,Region 4 — Atlanta,Atlanta,"AL,FL,GA,KY,MS,NC,SC,TN",28,071,28071,Emergency Work,true,false,false,false,true,false,false,false,false,false,Winter weather,false,false,false,false,false,false,false,true,false,false,false,75.00,0.00,false,false,false,false,true,false,true,100k_to_1m,https://www.fema.gov/api/open/v2/PublicAssistanceFundedProjectsDetails,https://www.fema.gov/openfema-data-page/public-assistance-funded-projects-details-v2,2026-08-17T06:23:38Z
4899,2026-02-06T00:00:00.000Z,Winter Storm,295,4899MS Benton County,009-99009-00,A,Debris Removal,Eligible,Obligated,Small,Benton County,009,MS,28,182428,136821,136821,2026-06-08T00:00:00.000Z,2026-06-08T00:00:00.000Z,0,1066121,277593,2026-07-23T18:44:06.680Z,e18afa28cf075f920ba9d63bdf2bd09bb200c63f,2026-02-06,2026-06-08,2026-06-08,2026-07-23T18:44:06Z,2026,02,1,2026,2026,122,0,true,Mississippi,4,Region 4 — Atlanta,Atlanta,"AL,FL,GA,KY,MS,NC,SC,TN",28,009,28009,Emergency Work,true,false,false,true,false,false,false,false,false,false,Winter weather,false,false,false,false,false,false,false,true,false,false,false,75.00,0.00,false,false,false,false,true,false,true,100k_to_1m,https://www.fema.gov/api/open/v2/PublicAssistanceFundedProjectsDetails,https://www.fema.gov/openfema-data-page/public-assistance-funded-projects-details-v2,2026-08-17T06:23:38Z
4899,2026-02-06T00:00:00.000Z,Winter Storm,299,Police Department Awning,011-14260-00,E,Buildings and Equipment,Eligible,Obligated,Small,Bolivar County,011,MS,28,4142,3106.5,3106.5,2026-07-29T00:00:00.000Z,2026-07-29T00:00:00.000Z,0,1066136,277638,2026-07-30T15:10:03.208Z,a679d713ee77232eb14ad3ee501fa9f44d88b282,2026-02-06,2026-07-29,2026-07-29,2026-07-30T15:10:03Z,2026,02,1,2026,2026,173,0,true,Mississippi,4,Region 4 — Atlanta,Atlanta,"AL,FL,GA,KY,MS,NC,SC,TN",28,011,28011,Permanent Work,false,true,false,false,false,false,false,true,false,false,Winter weather,false,false,false,false,false,false,false,true,false,false,false,75.00,0.00,false,false,false,false,true,false,true,under_10k,https://www.fema.gov/api/open/v2/PublicAssistanceFundedProjectsDetails,https://www.fema.gov/openfema-data-page/public-assistance-funded-projects-details-v2,2026-08-17T06:23:38Z
4899,2026-02-06T00:00:00.000Z,Winter Storm,300,DR-4899-MS-South Tippah School District-Debris Removal,139-UNW4P-00,A,Debris Removal,Eligible,Obligated,Small,Tippah County,139,MS,28,41929.76,31447.32,31447.32,2026-07-09T00:00:00.000Z,2026-07-09T00:00:00.000Z,0,1066138,277947,2026-07-23T18:44:06.680Z,a529bd8922ac5b27b903623dcf2936d2e3cf93a0,2026-02-06,2026-07-09,2026-07-09,2026-07-23T18:44:06Z,2026,02,1,2026,2026,153,0,true,Mississippi,4,Region 4 — Atlanta,Atlanta,"AL,FL,GA,KY,MS,NC,SC,TN",28,139,28139,Emergency Work,true,false,false,true,false,false,false,false,false,false,Winter weather,false,false,false,false,false,false,false,true,false,false,false,75.00,0.00,false,false,false,false,true,false,true,10k_to_100k,https://www.fema.gov/api/open/v2/PublicAssistanceFundedProjectsDetails,https://www.fema.gov/openfema-data-page/public-assistance-funded-projects-details-v2,2026-08-17T06:23:38Z
4899,2026-02-06T00:00:00.000Z,Winter Storm,302,4899 MS Countywide Electrical Distribution System – Pontotoc County,000-U00F7-00,F,Utilities,Eligible,Obligated,Small,Chickasaw County,017,MS,28,87986.57,65989.93,65989.93,2026-06-29T00:00:00.000Z,2026-06-29T00:00:00.000Z,0,1066142,277566,2026-07-23T18:44:06.680Z,f8269cb1cda9640f3ce19dfb4189420bf89bcece,2026-02-06,2026-06-29,2026-06-29,2026-07-23T18:44:06Z,2026,02,1,2026,2026,143,0,true,Mississippi,4,Region 4 — Atlanta,Atlanta,"AL,FL,GA,KY,MS,NC,SC,TN",28,017,28017,Permanent Work,false,true,false,false,false,false,false,false,true,false,Winter weather,false,false,false,false,false,false,false,true,false,false,false,75.00,0.00,false,false,false,false,true,false,true,10k_to_100k,https://www.fema.gov/api/open/v2/PublicAssistanceFundedProjectsDetails,https://www.fema.gov/openfema-data-page/public-assistance-funded-projects-details-v2,2026-08-17T06:23:38Z
4899,2026-02-06T00:00:00.000Z,Winter Storm,303,4899 MS Countywide Electrical Distribution System – Webster County,000-U00F7-00,F,Utilities,Eligible,Obligated,Small,Chickasaw County,017,MS,28,924592.51,693444.39,693444.39,2026-07-17T00:00:00.000Z,2026-07-17T00:00:00.000Z,0,1066143,277566,2026-07-23T18:44:06.680Z,751f729fdfb7ee9bf35442918a33e100825ea842,2026-02-06,2026-07-17,2026-07-17,2026-07-23T18:44:06Z,2026,02,1,2026,2026,161,0,true,Mississippi,4,Region 4 — Atlanta,Atlanta,"AL,FL,GA,KY,MS,NC,SC,TN",28,017,28017,Permanent Work,false,true,false,false,false,false,false,false,true,false,Winter weather,false,false,false,false,false,false,false,true,false,false,false,75.00,0.00,false,false,false,false,true,false,true,100k_to_1m,https://www.fema.gov/api/open/v2/PublicAssistanceFundedProjectsDetails,https://www.fema.gov/openfema-data-page/public-assistance-funded-projects-details-v2,2026-08-17T06:23:38Z
4899,2026-02-06T00:00:00.000Z,Winter Storm,304,4899 MS Countywide Electrical Distribution System – Yalobusha County,000-U00F7-00,F,Utilities,Eligible,Obligated,Small,Chickasaw County,017,MS,28,206711.63,155033.73,155033.73,2026-07-17T00:00:00.000Z,2026-07-17T00:00:00.000Z,0,1066144,277566,2026-07-23T18:44:06.680Z,dc820b10b61794a3e5f52dd775b78198f04d39f5,2026-02-06,2026-07-17,2026-07-17,2026-07-23T18:44:06Z,2026,02,1,2026,2026,161,0,true,Mississippi,4,Region 4 — Atlanta,Atlanta,"AL,FL,GA,KY,MS,NC,SC,TN",28,017,28017,Permanent Work,false,true,false,false,false,false,false,false,true,false,Winter weather,false,false,false,false,false,false,false,true,false,false,false,75.00,0.00,false,false,false,false,true,false,true,100k_to_1m,https://www.fema.gov/api/open/v2/PublicAssistanceFundedProjectsDetails,https://www.fema.gov/openfema-data-page/public-assistance-funded-projects-details-v2,2026-08-17T06:23:38Z
4899,2026-02-06T00:00:00.000Z,Winter Storm,305,4899 MS Countywide Electrical Distribution System – Grenada County,000-U00F7-00,F,Utilities,Eligible,Obligated,Small,Chickasaw County,017,MS,28,123977.6,92983.2,92983.2,2026-07-29T00:00:00.000Z,2026-07-29T00:00:00.000Z,0,1066146,277566,2026-07-30T15:10:03.208Z,b1d7f84949e1adad291529f345b245a0f247df52,2026-02-06,2026-07-29,2026-07-29,2026-07-30T15:10:03Z,2026,02,1,2026,2026,173,0,true,Mississippi,4,Region 4 — Atlanta,Atlanta,"AL,FL,GA,KY,MS,NC,SC,TN",28,017,28017,Permanent Work,false,true,false,false,false,false,false,false,true,false,Winter weather,false,false,false,false,false,false,false,true,false,false,false,75.00,0.00,false,false,false,false,true,false,true,10k_to_100k,https://www.fema.gov/api/open/v2/PublicAssistanceFundedProjectsDetails,https://www.fema.gov/openfema-data-page/public-assistance-funded-projects-details-v2,2026-08-17T06:23:38Z
4899,2026-02-06T00:00:00.000Z,Winter Storm,311,Reducer on waterline damage,057-26300-00,F,Utilities,Eligible,Obligated,Small,Itawamba County,057,MS,28,93425,70068.75,70068.75,2026-06-02T00:00:00.000Z,2026-06-02T00:00:00.000Z,0,1066179,278137,2026-07-23T18:44:06.680Z,9d38563adc89c235a81c5a88e69df9240c342b09,2026-02-06,2026-06-02,2026-06-02,2026-07-23T18:44:06Z,2026,02,1,2026,2026,116,0,true,Mississippi,4,Region 4 — Atlanta,Atlanta,"AL,FL,GA,KY,MS,NC,SC,TN",28,057,28057,Permanent Work,false,true,false,false,false,false,false,false,true,false,Winter weather,false,false,false,false,false,false,false,true,false,false,false,75.00,0.00,false,false,false,false,true,false,true,10k_to_100k,https://www.fema.gov/api/open/v2/PublicAssistanceFundedProjectsDetails,https://www.fema.gov/openfema-data-page/public-assistance-funded-projects-details-v2,2026-08-17T06:23:38Z
4899,2026-02-06T00:00:00.000Z,Winter Storm,312,Air Chiller,000-UGDWG-00,E,Buildings and Equipment,Eligible,Obligated,Small,Bolivar County,011,MS,28,625000,468750,468750,2026-07-17T00:00:00.000Z,2026-07-17T00:00:00.000Z,0,1066180,277637,2026-07-23T18:44:06.680Z,f4b76e4e42692d6335975f472104ba6cf5905e2e,2026-02-06,2026-07-17,2026-07-17,2026-07-23T18:44:06Z,2026,02,1,2026,2026,161,0,true,Mississippi,4,Region 4 — Atlanta,Atlanta,"AL,FL,GA,KY,MS,NC,SC,TN",28,011,28011,Permanent Work,false,true,false,false,false,false,false,true,false,false,Winter weather,false,false,false,false,false,false,false,true,false,false,false,75.00,0.00,false,false,false,false,true,false,true,100k_to_1m,https://www.fema.gov/api/open/v2/PublicAssistanceFundedProjectsDetails,https://www.fema.gov/openfema-data-page/public-assistance-funded-projects-details-v2,2026-08-17T06:23:38Z
4899,2026-02-06T00:00:00.000Z,Winter Storm,319,DR-4899-MS- Tiplersville Development Association-Emergency  protective Measures,139-UUTNF-00,B,Emergency Protective Measures,Eligible,Obligated,Small,Tippah County,139,MS,28,6304.56,4728.42,4728.42,2026-05-28T00:00:00.000Z,2026-05-28T00:00:00.000Z,0,1066193,277958,2026-07-23T18:44:06.680Z,2a55955a5ccbe56254b13573279e072a779324f0,2026-02-06,2026-05-28,2026-05-28,2026-07-23T18:44:06Z,2026,02,1,2026,2026,111,0,true,Mississippi,4,Region 4 — Atlanta,Atlanta,"AL,FL,GA,KY,MS,NC,SC,TN",28,139,28139,Emergency Work,true,false,false,false,true,false,false,false,false,false,Winter weather,false,false,false,false,false,false,false,true,false,false,false,75.00,0.00,false,false,false,false,true,false,true,under_10k,https://www.fema.gov/api/open/v2/PublicAssistanceFundedProjectsDetails,https://www.fema.gov/openfema-data-page/public-assistance-funded-projects-details-v2,2026-08-17T06:23:38Z
4899,2026-02-06T00:00:00.000Z,Winter Storm,321,DR-4899-MS-Tiplsersville Development Association-Debris Removal,139-UUTNF-00,A,Debris Removal,Eligible,Obligated,Small,Tippah County,139,MS,28,4250,3187.5,3187.5,2026-06-02T00:00:00.000Z,2026-06-02T00:00:00.000Z,0,1066197,277958,2026-07-23T18:44:06.680Z,2572b8c6835fb3272813ae9f24b87cb8e98a12c0,2026-02-06,2026-06-02,2026-06-02,2026-07-23T18:44:06Z,2026,02,1,2026,2026,116,0,true,Mississippi,4,Region 4 — Atlanta,Atlanta,"AL,FL,GA,KY,MS,NC,SC,TN",28,139,28139,Emergency Work,true,false,false,true,false,false,false,false,false,false,Winter weather,false,false,false,false,false,false,false,true,false,false,false,75.00,0.00,false,false,false,false,true,false,true,under_10k,https://www.fema.gov/api/open/v2/PublicAssistanceFundedProjectsDetails,https://www.fema.gov/openfema-data-page/public-assistance-funded-projects-details-v2,2026-08-17T06:23:38Z
4899,2026-02-06T00:00:00.000Z,Winter Storm,324,Well 1 Debris Removal,155-UNPZ2-00,A,Debris Removal,Eligible,Obligated,Small,Webster County,155,MS,28,5700,4275,4275,2026-06-04T00:00:00.000Z,2026-06-04T00:00:00.000Z,0,1066207,277965,2026-07-23T18:44:06.680Z,e561fc9208f80b1d2abd04001049329f483d5d1d,2026-02-06,2026-06-04,2026-06-04,2026-07-23T18:44:06Z,2026,02,1,2026,2026,118,0,true,Mississippi,4,Region 4 — Atlanta,Atlanta,"AL,FL,GA,KY,MS,NC,SC,TN",28,155,28155,Emergency Work,true,false,false,true,false,false,false,false,false,false,Winter weather,false,false,false,false,false,false,false,true,false,false,false,75.00,0.00,false,false,false,false,true,false,true,under_10k,https://www.fema.gov/api/open/v2/PublicAssistanceFundedProjectsDetails,https://www.fema.gov/openfema-data-page/public-assistance-funded-projects-details-v2,2026-08-17T06:23:38Z
4899,2026-02-06T00:00:00.000Z,Winter Storm,328,Dr-4899-MS-Three Forks Water Associations-Emergency Protective Measures,139-UQ9SU-00,B,Emergency Protective Measures,Eligible,Obligated,Small,Tippah County,139,MS,28,28020.04,21015.03,21015.03,2026-06-04T00:00:00.000Z,2026-06-04T00:00:00.000Z,0,1066227,277960,2026-07-23T18:44:06.680Z,fecab4683ac3ac8b0546527e351183c3afc2cc1f,2026-02-06,2026-06-04,2026-06-04,2026-07-23T18:44:06Z,2026,02,1,2026,2026,118,0,true,Mississippi,4,Region 4 — Atlanta,Atlanta,"AL,FL,GA,KY,MS,NC,SC,TN",28,139,28139,Emergency Work,true,false,false,false,true,false,false,false,false,false,Winter weather,false,false,false,false,false,false,false,true,false,false,false,75.00,0.00,false,false,false,false,true,false,true,10k_to_100k,https://www.fema.gov/api/open/v2/PublicAssistanceFundedProjectsDetails,https://www.fema.gov/openfema-data-page/public-assistance-funded-projects-details-v2,2026-08-17T06:23:38Z
4899,2026-02-06T00:00:00.000Z,Winter Storm,329,Independence Water Association Emergency Protective Measures,107-UUH74-00,B,Emergency Protective Measures,Eligible,Obligated,Small,Panola County,107,MS,28,56197.08,42147.81,42147.81,2026-08-14T00:00:00.000Z,2026-08-14T00:00:00.000Z,0,1066241,277925,2026-08-15T15:26:12.016Z,9db7a0c5041c7500a7a3c1995cbde3f5e9013fe0,2026-02-06,2026-08-14,2026-08-14,2026-08-15T15:26:12Z,2026,02,1,2026,2026,189,0,true,Mississippi,4,Region 4 — Atlanta,Atlanta,"AL,FL,GA,KY,MS,NC,SC,TN",28,107,28107,Emergency Work,true,false,false,false,true,false,false,false,false,false,Winter weather,false,false,false,false,false,false,false,true,false,false,false,75.00,0.00,false,false,false,false,true,false,true,10k_to_100k,https://www.fema.gov/api/open/v2/PublicAssistanceFundedProjectsDetails,https://www.fema.gov/openfema-data-page/public-assistance-funded-projects-details-v2,2026-08-17T06:23:38Z
4899,2026-02-06T00:00:00.000Z,Winter Storm,330,4899 Iuka EPM,141-35300-00,B,Emergency Protective Measures,Eligible,Obligated,Small,Tishomingo County,141,MS,28,42080.49,31560.37,31560.37,2026-06-22T00:00:00.000Z,2026-06-22T00:00:00.000Z,0,1066243,277853,2026-07-23T18:44:06.680Z,832ab50cdf6eaff237db052540bf7c47b9173d89,2026-02-06,2026-06-22,2026-06-22,2026-07-23T18:44:06Z,2026,02,1,2026,2026,136,0,true,Mississippi,4,Region 4 — Atlanta,Atlanta,"AL,FL,GA,KY,MS,NC,SC,TN",28,141,28141,Emergency Work,true,false,false,false,true,false,false,false,false,false,Winter weather,false,false,false,false,false,false,false,true,false,false,false,75.00,0.00,false,false,false,false,true,false,true,10k_to_100k,https://www.fema.gov/api/open/v2/PublicAssistanceFundedProjectsDetails,https://www.fema.gov/openfema-data-page/public-assistance-funded-projects-details-v2,2026-08-17T06:23:38Z
4899,2026-02-06T00:00:00.000Z,Winter Storm,331,GM&O Mulch in place Debris Removal,115-UN5YU-00,A,Debris Removal,Eligible,Obligated,Small,Pontotoc County,115,MS,28,595983.4,446987.55,446987.55,2026-06-29T00:00:00.000Z,2026-06-29T00:00:00.000Z,0,1066263,277681,2026-07-23T18:44:06.680Z,f41fbd643a8e43e4ec2c5dc7eb94c88052198f56,2026-02-06,2026-06-29,2026-06-29,2026-07-23T18:44:06Z,2026,02,1,2026,2026,143,0,true,Mississippi,4,Region 4 — Atlanta,Atlanta,"AL,FL,GA,KY,MS,NC,SC,TN",28,115,28115,Emergency Work,true,false,false,true,false,false,false,false,false,false,Winter weather,false,false,false,false,false,false,false,true,false,false,false,75.00,0.00,false,false,false,false,true,false,true,100k_to_1m,https://www.fema.gov/api/open/v2/PublicAssistanceFundedProjectsDetails,https://www.fema.gov/openfema-data-page/public-assistance-funded-projects-details-v2,2026-08-17T06:23:38Z
4899,2026-02-06T00:00:00.000Z,Winter Storm,334,4899 Cat B EPM,107-U9XEA-00,B,Emergency Protective Measures,Eligible,Obligated,Small,Panola County,107,MS,28,22893.63,17170.23,17170.23,2026-06-12T00:00:00.000Z,2026-06-12T00:00:00.000Z,0,1066276,277948,2026-07-23T18:44:06.680Z,d4f696ceca824d2dcf8273d5441a2a526c64272b,2026-02-06,2026-06-12,2026-06-12,2026-07-23T18:44:06Z,2026,02,1,2026,2026,126,0,true,Mississippi,4,Region 4 — Atlanta,Atlanta,"AL,FL,GA,KY,MS,NC,SC,TN",28,107,28107,Emergency Work,true,false,false,false,true,false,false,false,false,false,Winter weather,false,false,false,false,false,false,false,true,false,false,false,75.00,0.00,false,false,false,false,true,false,true,10k_to_100k,https://www.fema.gov/api/open/v2/PublicAssistanceFundedProjectsDetails,https://www.fema.gov/openfema-data-page/public-assistance-funded-projects-details-v2,2026-08-17T06:23:38Z
4899,2026-02-06T00:00:00.000Z,Winter Storm,337,EPM for Falkner Town Wide,139-24220-00,B,Emergency Protective Measures,Eligible,Obligated,Small,Tippah County,139,MS,28,12956.6,9717.45,9717.45,2026-06-08T00:00:00.000Z,2026-06-08T00:00:00.000Z,0,1066280,277805,2026-07-23T18:44:06.680Z,5028352006da586cf88c8cc7703d814998be0ad1,2026-02-06,2026-06-08,2026-06-08,2026-07-23T18:44:06Z,2026,02,1,2026,2026,122,0,true,Mississippi,4,Region 4 — Atlanta,Atlanta,"AL,FL,GA,KY,MS,NC,SC,TN",28,139,28139,Emergency Work,true,false,false,false,true,false,false,false,false,false,Winter weather,false,false,false,false,false,false,false,true,false,false,false,75.00,0.00,false,false,false,false,true,false,true,under_10k,https://www.fema.gov/api/open/v2/PublicAssistanceFundedProjectsDetails,https://www.fema.gov/openfema-data-page/public-assistance-funded-projects-details-v2,2026-08-17T06:23:38Z
4899,2026-02-06T00:00:00.000Z,Winter Storm,339,Water line repairs,117-U1JRS-00,F,Utilities,Eligible,Pending Closeout Completion,Small,Prentiss County,117,MS,28,7455.55,5591.67,5591.67,2026-06-09T00:00:00.000Z,2026-06-09T00:00:00.000Z,0,1066283,277877,2026-07-23T18:44:06.680Z,ebd02a9418e026fbcdd6d38696e68ce043381ba5,2026-02-06,2026-06-09,2026-06-09,2026-07-23T18:44:06Z,2026,02,1,2026,2026,123,0,true,Mississippi,4,Region 4 — Atlanta,Atlanta,"AL,FL,GA,KY,MS,NC,SC,TN",28,117,28117,Permanent Work,false,true,false,false,false,false,false,false,true,false,Winter weather,false,false,false,false,false,false,false,true,false,false,false,75.00,0.00,false,false,false,false,true,false,true,under_10k,https://www.fema.gov/api/open/v2/PublicAssistanceFundedProjectsDetails,https://www.fema.gov/openfema-data-page/public-assistance-funded-projects-details-v2,2026-08-17T06:23:38Z
4899,2026-02-06T00:00:00.000Z,Winter Storm,340,"DR4899 MS - Webb, Town of - CAT B EPM",135-78480-00,B,Emergency Protective Measures,Eligible,Obligated,Small,Tallahatchie County,135,MS,28,23167.24,17375.43,17375.43,2026-07-15T00:00:00.000Z,2026-07-15T00:00:00.000Z,0,1066284,277782,2026-07-23T18:44:06.680Z,505076ac63016624e09377054d291b95bdd721b1,2026-02-06,2026-07-15,2026-07-15,2026-07-23T18:44:06Z,2026,02,1,2026,2026,159,0,true,Mississippi,4,Region 4 — Atlanta,Atlanta,"AL,FL,GA,KY,MS,NC,SC,TN",28,135,28135,Emergency Work,true,false,false,false,true,false,false,false,false,false,Winter weather,false,false,false,false,false,false,false,true,false,false,false,75.00,0.00,false,false,false,false,true,false,true,10k_to_100k,https://www.fema.gov/api/open/v2/PublicAssistanceFundedProjectsDetails,https://www.fema.gov/openfema-data-page/public-assistance-funded-projects-details-v2,2026-08-17T06:23:38Z
4899,2026-02-06T00:00:00.000Z,Winter Storm,344,"DR4899MS - Tutwiler, Town of- Cat A- Contract Debris Removal",135-75040-00,A,Debris Removal,Eligible,Obligated,Small,Tallahatchie County,135,MS,28,42111.63,31583.73,31583.73,2026-08-05T00:00:00.000Z,2026-08-05T00:00:00.000Z,0,1066298,277646,2026-08-06T15:19:50.545Z,89b994e9c803239e9daef82fb15064957456e85b,2026-02-06,2026-08-05,2026-08-05,2026-08-06T15:19:50Z,2026,02,1,2026,2026,180,0,true,Mississippi,4,Region 4 — Atlanta,Atlanta,"AL,FL,GA,KY,MS,NC,SC,TN",28,135,28135,Emergency Work,true,false,false,true,false,false,false,false,false,false,Winter weather,false,false,false,false,false,false,false,true,false,false,false,75.00,0.00,false,false,false,false,true,false,true,10k_to_100k,https://www.fema.gov/api/open/v2/PublicAssistanceFundedProjectsDetails,https://www.fema.gov/openfema-data-page/public-assistance-funded-projects-details-v2,2026-08-17T06:23:38Z
4899,2026-02-06T00:00:00.000Z,Winter Storm,346,"DR4899 MS- Tutwiler, Town of Cat B- EPM",135-75040-00,B,Emergency Protective Measures,Eligible,Obligated,Small,Tallahatchie County,135,MS,28,18262.07,13696.56,13696.56,2026-08-05T00:00:00.000Z,2026-08-05T00:00:00.000Z,0,1066301,277646,2026-08-06T15:19:50.545Z,4006c9745c17abe958bd77fea4fc8f8f6f4180d8,2026-02-06,2026-08-05,2026-08-05,2026-08-06T15:19:50Z,2026,02,1,2026,2026,180,0,true,Mississippi,4,Region 4 — Atlanta,Atlanta,"AL,FL,GA,KY,MS,NC,SC,TN",28,135,28135,Emergency Work,true,false,false,false,true,false,false,false,false,false,Winter weather,false,false,false,false,false,false,false,true,false,false,false,75.00,0.00,false,false,false,false,true,false,true,10k_to_100k,https://www.fema.gov/api/open/v2/PublicAssistanceFundedProjectsDetails,https://www.fema.gov/openfema-data-page/public-assistance-funded-projects-details-v2,2026-08-17T06:23:38Z
4899,2026-02-06T00:00:00.000Z,Winter Storm,350,4899MS - Alcorn County - CAT B - Emergency Cut and Push (final invoice),003-99003-00,B,Emergency Protective Measures,Eligible,Obligated,Small,Alcorn County,003,MS,28,72000,54000,54000,2026-05-18T00:00:00.000Z,2026-05-18T00:00:00.000Z,0,1066311,277618,2026-07-23T18:44:06.680Z,0e12bab1ed424de70bfb4434e41be095a12afb80,2026-02-06,2026-05-18,2026-05-18,2026-07-23T18:44:06Z,2026,02,1,2026,2026,101,0,true,Mississippi,4,Region 4 — Atlanta,Atlanta,"AL,FL,GA,KY,MS,NC,SC,TN",28,003,28003,Emergency Work,true,false,false,false,true,false,false,false,false,false,Winter weather,false,false,false,false,false,false,false,true,false,false,false,75.00,0.00,false,false,false,false,true,false,true,10k_to_100k,https://www.fema.gov/api/open/v2/PublicAssistanceFundedProjectsDetails,https://www.fema.gov/openfema-data-page/public-assistance-funded-projects-details-v2,2026-08-17T06:23:38Z
4899,2026-02-06T00:00:00.000Z,Winter Storm,351,DR4899MS- Grenada City- Emergency Measures,043-29460-00,B,Emergency Protective Measures,Eligible,Obligated,Small,Statewide,043,MS,28,69769.71,52327.29,52327.29,2026-08-11T00:00:00.000Z,2026-08-11T00:00:00.000Z,0,1066314,277619,2026-08-12T15:21:33.184Z,7eb0a278ef7bb596924bdffef2fbecbecb8098a8,2026-02-06,2026-08-11,2026-08-11,2026-08-12T15:21:33Z,2026,02,1,2026,2026,186,0,true,Mississippi,4,Region 4 — Atlanta,Atlanta,"AL,FL,GA,KY,MS,NC,SC,TN",28,043,28043,Emergency Work,true,false,false,false,true,false,false,false,false,false,Winter weather,false,false,false,false,false,false,false,true,false,false,false,75.00,0.00,false,false,false,false,true,false,true,10k_to_100k,https://www.fema.gov/api/open/v2/PublicAssistanceFundedProjectsDetails,https://www.fema.gov/openfema-data-page/public-assistance-funded-projects-details-v2,2026-08-17T06:23:38Z
4899,2026-02-06T00:00:00.000Z,Winter Storm,354,Water line breaks,117-ULVEL-00,F,Utilities,Eligible,Obligated,Small,Prentiss County,117,MS,28,6292.5,4719.38,4719.38,2026-07-09T00:00:00.000Z,2026-07-09T00:00:00.000Z,0,1066320,277935,2026-07-23T18:44:06.680Z,c72b6cd8989e13220c2970da1ed00df25061a86a,2026-02-06,2026-07-09,2026-07-09,2026-07-23T18:44:06Z,2026,02,1,2026,2026,153,0,true,Mississippi,4,Region 4 — Atlanta,Atlanta,"AL,FL,GA,KY,MS,NC,SC,TN",28,117,28117,Permanent Work,false,true,false,false,false,false,false,false,true,false,Winter weather,false,false,false,false,false,false,false,true,false,false,false,75.00,0.00,false,false,false,false,true,false,true,under_10k,https://www.fema.gov/api/open/v2/PublicAssistanceFundedProjectsDetails,https://www.fema.gov/openfema-data-page/public-assistance-funded-projects-details-v2,2026-08-17T06:23:38Z
4899,2026-02-06T00:00:00.000Z,Winter Storm,361,Tishomingo EPM Town wide,141-73720-00,B,Emergency Protective Measures,Eligible,Obligated,Small,Tishomingo County,141,MS,28,11528.26,8646.2,8646.2,2026-06-04T00:00:00.000Z,2026-06-04T00:00:00.000Z,0,1066339,277940,2026-07-23T18:44:06.680Z,57442a686a1fd0a6ade57f52b7792c80adecedbf,2026-02-06,2026-06-04,2026-06-04,2026-07-23T18:44:06Z,2026,02,1,2026,2026,118,0,true,Mississippi,4,Region 4 — Atlanta,Atlanta,"AL,FL,GA,KY,MS,NC,SC,TN",28,141,28141,Emergency Work,true,false,false,false,true,false,false,false,false,false,Winter weather,false,false,false,false,false,false,false,true,false,false,false,75.00,0.00,false,false,false,false,true,false,true,under_10k,https://www.fema.gov/api/open/v2/PublicAssistanceFundedProjectsDetails,https://www.fema.gov/openfema-data-page/public-assistance-funded-projects-details-v2,2026-08-17T06:23:38Z
4899,2026-02-06T00:00:00.000Z,Winter Storm,362,Emergency Protective Measures,003-0414F-00,B,Emergency Protective Measures,Eligible,Obligated,Small,Alcorn County,003,MS,28,4618.71,3464.04,3464.04,2026-06-12T00:00:00.000Z,2026-06-12T00:00:00.000Z,0,1066342,277900,2026-07-23T18:44:06.680Z,440072500f96f98ce32522dfe24a4f5f945ba449,2026-02-06,2026-06-12,2026-06-12,2026-07-23T18:44:06Z,2026,02,1,2026,2026,126,0,true,Mississippi,4,Region 4 — Atlanta,Atlanta,"AL,FL,GA,KY,MS,NC,SC,TN",28,003,28003,Emergency Work,true,false,false,false,true,false,false,false,false,false,Winter weather,false,false,false,false,false,false,false,true,false,false,false,75.00,0.00,false,false,false,false,true,false,true,under_10k,https://www.fema.gov/api/open/v2/PublicAssistanceFundedProjectsDetails,https://www.fema.gov/openfema-data-page/public-assistance-funded-projects-details-v2,2026-08-17T06:23:38Z
4899,2026-02-06T00:00:00.000Z,Winter Storm,364,Water lines and water system repairs,071-UDQ55-00,F,Utilities,Eligible,Obligated,Small,Lafayette County,071,MS,28,14522.66,10892,10892,2026-07-14T00:00:00.000Z,2026-07-14T00:00:00.000Z,0,1066350,277985,2026-07-23T18:44:06.680Z,14b849fcfa187ceda88963910d47fa95368ae5ca,2026-02-06,2026-07-14,2026-07-14,2026-07-23T18:44:06Z,2026,02,1,2026,2026,158,0,true,Mississippi,4,Region 4 — Atlanta,Atlanta,"AL,FL,GA,KY,MS,NC,SC,TN",28,071,28071,Permanent Work,false,true,false,false,false,false,false,false,true,false,Winter weather,false,false,false,false,false,false,false,true,false,false,false,75.00,0.00,false,false,false,false,true,false,true,10k_to_100k,https://www.fema.gov/api/open/v2/PublicAssistanceFundedProjectsDetails,https://www.fema.gov/openfema-data-page/public-assistance-funded-projects-details-v2,2026-08-17T06:23:38Z
4899,2026-02-06T00:00:00.000Z,Winter Storm,365,Emergency Water System Repairs,145-U3QZR-00,B,Emergency Protective Measures,Eligible,Obligated,Small,Union County,145,MS,28,57600.92,43200.69,43200.69,2026-06-09T00:00:00.000Z,2026-06-09T00:00:00.000Z,0,1066352,277989,2026-07-23T18:44:06.680Z,acf582685e8ff41e711fe5f6c74141751ff8ae4f,2026-02-06,2026-06-09,2026-06-09,2026-07-23T18:44:06Z,2026,02,1,2026,2026,123,0,true,Mississippi,4,Region 4 — Atlanta,Atlanta,"AL,FL,GA,KY,MS,NC,SC,TN",28,145,28145,Emergency Work,true,false,false,false,true,false,false,false,false,false,Winter weather,false,false,false,false,false,false,false,true,false,false,false,75.00,0.00,false,false,false,false,true,false,true,10k_to_100k,https://www.fema.gov/api/open/v2/PublicAssistanceFundedProjectsDetails,https://www.fema.gov/openfema-data-page/public-assistance-funded-projects-details-v2,2026-08-17T06:23:38Z
4899,2026-02-06T00:00:00.000Z,Winter Storm,369,Emergency Work for Water System,145-UE1OU-00,B,Emergency Protective Measures,Eligible,Obligated,Small,Union County,145,MS,28,72690.54,54517.91,54517.91,2026-06-02T00:00:00.000Z,2026-06-02T00:00:00.000Z,0,1066358,277987,2026-07-23T18:44:06.680Z,0b0a2e0323730b0ba3d07da08cb8e3d188ab4c97,2026-02-06,2026-06-02,2026-06-02,2026-07-23T18:44:06Z,2026,02,1,2026,2026,116,0,true,Mississippi,4,Region 4 — Atlanta,Atlanta,"AL,FL,GA,KY,MS,NC,SC,TN",28,145,28145,Emergency Work,true,false,false,false,true,false,false,false,false,false,Winter weather,false,false,false,false,false,false,false,true,false,false,false,75.00,0.00,false,false,false,false,true,false,true,10k_to_100k,https://www.fema.gov/api/open/v2/PublicAssistanceFundedProjectsDetails,https://www.fema.gov/openfema-data-page/public-assistance-funded-projects-details-v2,2026-08-17T06:23:38Z
4899,2026-02-06T00:00:00.000Z,Winter Storm,371,DR4899MS- Grenada County- District Four and GT-Y Utility District- Emergency Protective Measures- Work Completed,043-99043-00,B,Emergency Protective Measures,Eligible,Obligated,Small,Grenada County,043,MS,28,51393.59,38545.2,38545.2,2026-07-17T00:00:00.000Z,2026-07-17T00:00:00.000Z,0,1066369,277581,2026-07-23T18:44:06.680Z,e4f517a31e045393baaf215fc48ac2921150946d,2026-02-06,2026-07-17,2026-07-17,2026-07-23T18:44:06Z,2026,02,1,2026,2026,161,0,true,Mississippi,4,Region 4 — Atlanta,Atlanta,"AL,FL,GA,KY,MS,NC,SC,TN",28,043,28043,Emergency Work,true,false,false,false,true,false,false,false,false,false,Winter weather,false,false,false,false,false,false,false,true,false,false,false,75.00,0.00,false,false,false,false,true,false,true,10k_to_100k,https://www.fema.gov/api/open/v2/PublicAssistanceFundedProjectsDetails,https://www.fema.gov/openfema-data-page/public-assistance-funded-projects-details-v2,2026-08-17T06:23:38Z
4899,2026-02-06T00:00:00.000Z,Winter Storm,374,Emergency Protective Measures,071-UNARO-00,B,Emergency Protective Measures,Eligible,Obligated,Small,Lafayette County,071,MS,28,6125,4593.75,4593.75,2026-05-04T00:00:00.000Z,2026-05-04T00:00:00.000Z,0,1066377,277608,2026-07-23T18:44:06.680Z,7feedf48fdcd8103c02f2838bf2efd96d4cb9be3,2026-02-06,2026-05-04,2026-05-04,2026-07-23T18:44:06Z,2026,02,1,2026,2026,87,0,true,Mississippi,4,Region 4 — Atlanta,Atlanta,"AL,FL,GA,KY,MS,NC,SC,TN",28,071,28071,Emergency Work,true,false,false,false,true,false,false,false,false,false,Winter weather,false,false,false,false,false,false,false,true,false,false,false,75.00,0.00,false,false,false,false,true,false,true,under_10k,https://www.fema.gov/api/open/v2/PublicAssistanceFundedProjectsDetails,https://www.fema.gov/openfema-data-page/public-assistance-funded-projects-details-v2,2026-08-17T06:23:38Z
4899,2026-02-06T00:00:00.000Z,Winter Storm,375,CAT A Debris Removal,137-66440-00,A,Debris Removal,Eligible,Obligated,Small,Tate County,137,MS,28,14437.86,10828.4,10828.4,2026-07-06T00:00:00.000Z,2026-07-06T00:00:00.000Z,0,1066379,277983,2026-07-23T18:44:06.680Z,18308bdfa91b5dc56e0ce8c8eb76732ad4b73e2e,2026-02-06,2026-07-06,2026-07-06,2026-07-23T18:44:06Z,2026,02,1,2026,2026,150,0,true,Mississippi,4,Region 4 — Atlanta,Atlanta,"AL,FL,GA,KY,MS,NC,SC,TN",28,137,28137,Emergency Work,true,false,false,true,false,false,false,false,false,false,Winter weather,false,false,false,false,false,false,false,true,false,false,false,75.00,0.00,false,false,false,false,true,false,true,10k_to_100k,https://www.fema.gov/api/open/v2/PublicAssistanceFundedProjectsDetails,https://www.fema.gov/openfema-data-page/public-assistance-funded-projects-details-v2,2026-08-17T06:23:38Z
4899,2026-02-06T00:00:00.000Z,Winter Storm,377,CAT B Emergency Protective Measures,137-66440-00,B,Emergency Protective Measures,Eligible,Obligated,Small,Tate County,137,MS,28,41124.98,30843.74,30843.74,2026-06-17T00:00:00.000Z,2026-06-17T00:00:00.000Z,0,1066381,277983,2026-07-23T18:44:06.680Z,91976143f4e1e8915d3bb6da8c37096b414d50dd,2026-02-06,2026-06-17,2026-06-17,2026-07-23T18:44:06Z,2026,02,1,2026,2026,131,0,true,Mississippi,4,Region 4 — Atlanta,Atlanta,"AL,FL,GA,KY,MS,NC,SC,TN",28,137,28137,Emergency Work,true,false,false,false,true,false,false,false,false,false,Winter weather,false,false,false,false,false,false,false,true,false,false,false,75.00,0.00,false,false,false,false,true,false,true,10k_to_100k,https://www.fema.gov/api/open/v2/PublicAssistanceFundedProjectsDetails,https://www.fema.gov/openfema-data-page/public-assistance-funded-projects-details-v2,2026-08-17T06:23:38Z
4899,2026-02-06T00:00:00.000Z,Winter Storm,378,4899 - Boonevillle - Cat B - Contract Cut and Push,117-07780-00,B,Emergency Protective Measures,Eligible,Obligated,Small,Prentiss County,117,MS,28,12410,9307.5,9307.5,2026-04-24T00:00:00.000Z,2026-04-24T00:00:00.000Z,0,1066382,277632,2026-07-23T18:44:06.680Z,9ad0fcc8a9105674d35cff18983770e67ca4d6e5,2026-02-06,2026-04-24,2026-04-24,2026-07-23T18:44:06Z,2026,02,1,2026,2026,77,0,true,Mississippi,4,Region 4 — Atlanta,Atlanta,"AL,FL,GA,KY,MS,NC,SC,TN",28,117,28117,Emergency Work,true,false,false,false,true,false,false,false,false,false,Winter weather,false,false,false,false,false,false,false,true,false,false,false,75.00,0.00,false,false,false,false,true,false,true,under_10k,https://www.fema.gov/api/open/v2/PublicAssistanceFundedProjectsDetails,https://www.fema.gov/openfema-data-page/public-assistance-funded-projects-details-v2,2026-08-17T06:23:38Z
4899,2026-02-06T00:00:00.000Z,Winter Storm,379,Northeast Union Fire Department - Donated Resources,145-UFT3X-00,B,Emergency Work Donated Resources,Eligible,Obligated,Small,Union County,145,MS,28,4088.16,3066.12,3066.12,2026-05-13T00:00:00.000Z,2026-05-13T00:00:00.000Z,0,1066383,277943,2026-07-23T18:44:06.680Z,c3fa52e38cfed48d1433f4b24c99bcba61bb7bfa,2026-02-06,2026-05-13,2026-05-13,2026-07-23T18:44:06Z,2026,02,1,2026,2026,96,0,true,Mississippi,4,Region 4 — Atlanta,Atlanta,"AL,FL,GA,KY,MS,NC,SC,TN",28,145,28145,Emergency Work,true,false,false,false,true,false,false,false,false,false,Winter weather,false,false,false,false,false,false,false,true,false,false,false,75.00,0.00,false,false,false,false,true,false,true,under_10k,https://www.fema.gov/api/open/v2/PublicAssistanceFundedProjectsDetails,https://www.fema.gov/openfema-data-page/public-assistance-funded-projects-details-v2,2026-08-17T06:23:38Z
4899,2026-02-06T00:00:00.000Z,Winter Storm,380,CAT B Emergency Protective Measures,071-UZT3L-00,B,Emergency Protective Measures,Eligible,Obligated,Small,Lafayette County,071,MS,28,6200,4650,4650,2026-05-14T00:00:00.000Z,2026-05-14T00:00:00.000Z,0,1066387,277918,2026-07-23T18:44:06.680Z,e5acfc3ba5ba7eaf4bd75b4beec52733385e3e23,2026-02-06,2026-05-14,2026-05-14,2026-07-23T18:44:06Z,2026,02,1,2026,2026,97,0,true,Mississippi,4,Region 4 — Atlanta,Atlanta,"AL,FL,GA,KY,MS,NC,SC,TN",28,071,28071,Emergency Work,true,false,false,false,true,false,false,false,false,false,Winter weather,false,false,false,false,false,false,false,true,false,false,false,75.00,0.00,false,false,false,false,true,false,true,under_10k,https://www.fema.gov/api/open/v2/PublicAssistanceFundedProjectsDetails,https://www.fema.gov/openfema-data-page/public-assistance-funded-projects-details-v2,2026-08-17T06:23:38Z
4899,2026-02-06T00:00:00.000Z,Winter Storm,381,4899 - Booneville - Cat B - Police EPMs,117-07780-00,B,Emergency Protective Measures,Eligible,Obligated,Small,Prentiss County,117,MS,28,73881.35,48977.37,48977.37,2026-08-10T00:00:00.000Z,2026-06-22T00:00:00.000Z,0,1066389,277632,2026-08-12T15:21:33.184Z,b42996ab17459a3b781af768871b0329d89a90ec,2026-02-06,2026-06-22,2026-08-10,2026-08-12T15:21:33Z,2026,02,1,2026,2026,136,49,false,Mississippi,4,Region 4 — Atlanta,Atlanta,"AL,FL,GA,KY,MS,NC,SC,TN",28,117,28117,Emergency Work,true,false,false,false,true,false,false,false,false,false,Winter weather,false,false,false,false,false,false,false,true,false,false,false,66.29,0.00,false,false,false,false,true,false,true,10k_to_100k,https://www.fema.gov/api/open/v2/PublicAssistanceFundedProjectsDetails,https://www.fema.gov/openfema-data-page/public-assistance-funded-projects-details-v2,2026-08-17T06:23:38Z
4899,2026-02-06T00:00:00.000Z,Winter Storm,382,CAT B Emergency Protective Measures,071-UGTE8-00,B,Emergency Protective Measures,Eligible,Obligated,Small,Lafayette County,071,MS,28,16450,12337.5,12337.5,2026-05-18T00:00:00.000Z,2026-05-18T00:00:00.000Z,0,1066392,277891,2026-07-23T18:44:06.680Z,677fc89a05301931601301479b60a21e16bf0b9e,2026-02-06,2026-05-18,2026-05-18,2026-07-23T18:44:06Z,2026,02,1,2026,2026,101,0,true,Mississippi,4,Region 4 — Atlanta,Atlanta,"AL,FL,GA,KY,MS,NC,SC,TN",28,071,28071,Emergency Work,true,false,false,false,true,false,false,false,false,false,Winter weather,false,false,false,false,false,false,false,true,false,false,false,75.00,0.00,false,false,false,false,true,false,true,10k_to_100k,https://www.fema.gov/api/open/v2/PublicAssistanceFundedProjectsDetails,https://www.fema.gov/openfema-data-page/public-assistance-funded-projects-details-v2,2026-08-17T06:23:38Z
4899,2026-02-06T00:00:00.000Z,Winter Storm,383,4899MS Town Wide Debris Removal for Town of Snow Lake Shores,009-68960-00,A,Debris Removal,Eligible,Obligated,Small,Benton County,009,MS,28,36023.7,27017.78,27017.78,2026-05-29T00:00:00.000Z,2026-05-29T00:00:00.000Z,0,1066397,277807,2026-07-23T18:44:06.680Z,48af566dbf16dea0e8a0e30f1dd893e129408540,2026-02-06,2026-05-29,2026-05-29,2026-07-23T18:44:06Z,2026,02,1,2026,2026,112,0,true,Mississippi,4,Region 4 — Atlanta,Atlanta,"AL,FL,GA,KY,MS,NC,SC,TN",28,009,28009,Emergency Work,true,false,false,true,false,false,false,false,false,false,Winter weather,false,false,false,false,false,false,false,true,false,false,false,75.00,0.00,false,false,false,false,true,false,true,10k_to_100k,https://www.fema.gov/api/open/v2/PublicAssistanceFundedProjectsDetails,https://www.fema.gov/openfema-data-page/public-assistance-funded-projects-details-v2,2026-08-17T06:23:38Z
4899,2026-02-06T00:00:00.000Z,Winter Storm,386,Contract Debris Removal 2nd Project,161-04659-00,A,Debris Removal,Eligible,Obligated,Small,Yalobusha County,161,MS,28,13093.76,9820.32,9820.32,2026-06-12T00:00:00.000Z,2026-06-12T00:00:00.000Z,0,1066407,277966,2026-07-23T18:44:06.680Z,105b287cc8765c3820967d58fd38030c1ed8cbdf,2026-02-06,2026-06-12,2026-06-12,2026-07-23T18:44:06Z,2026,02,1,2026,2026,126,0,true,Mississippi,4,Region 4 — Atlanta,Atlanta,"AL,FL,GA,KY,MS,NC,SC,TN",28,161,28161,Emergency Work,true,false,false,true,false,false,false,false,false,false,Winter weather,false,false,false,false,false,false,false,true,false,false,false,75.00,0.00,false,false,false,false,true,false,true,under_10k,https://www.fema.gov/api/open/v2/PublicAssistanceFundedProjectsDetails,https://www.fema.gov/openfema-data-page/public-assistance-funded-projects-details-v2,2026-08-17T06:23:38Z
4899,2026-02-06T00:00:00.000Z,Winter Storm,391,DR4899MS- Oxford City- Fire EPM,071-54840-00,B,Emergency Protective Measures,Eligible,Obligated,Small,Lafayette County,071,MS,28,50775.87,38081.91,38081.91,2026-07-09T00:00:00.000Z,2026-07-09T00:00:00.000Z,0,1066416,277559,2026-07-23T18:44:06.680Z,de8f0552be49900be8d2f37da71b72a7df452961,2026-02-06,2026-07-09,2026-07-09,2026-07-23T18:44:06Z,2026,02,1,2026,2026,153,0,true,Mississippi,4,Region 4 — Atlanta,Atlanta,"AL,FL,GA,KY,MS,NC,SC,TN",28,071,28071,Emergency Work,true,false,false,false,true,false,false,false,false,false,Winter weather,false,false,false,false,false,false,false,true,false,false,false,75.00,0.00,false,false,false,false,true,false,true,10k_to_100k,https://www.fema.gov/api/open/v2/PublicAssistanceFundedProjectsDetails,https://www.fema.gov/openfema-data-page/public-assistance-funded-projects-details-v2,2026-08-17T06:23:38Z
4899,2026-02-06T00:00:00.000Z,Winter Storm,393,Prentiss Sheriff EPM,117-99117-00,B,Emergency Protective Measures,Eligible,Obligated,Small,Prentiss County,117,MS,28,81409.71,61057.29,61057.29,2026-06-25T00:00:00.000Z,2026-06-25T00:00:00.000Z,0,1066418,277592,2026-07-23T18:44:06.680Z,f9a49ea1a97555ed0d890d6154fe130970dcc2af,2026-02-06,2026-06-25,2026-06-25,2026-07-23T18:44:06Z,2026,02,1,2026,2026,139,0,true,Mississippi,4,Region 4 — Atlanta,Atlanta,"AL,FL,GA,KY,MS,NC,SC,TN",28,117,28117,Emergency Work,true,false,false,false,true,false,false,false,false,false,Winter weather,false,false,false,false,false,false,false,true,false,false,false,75.00,0.00,false,false,false,false,true,false,true,10k_to_100k,https://www.fema.gov/api/open/v2/PublicAssistanceFundedProjectsDetails,https://www.fema.gov/openfema-data-page/public-assistance-funded-projects-details-v2,2026-08-17T06:23:38Z
4899,2026-02-06T00:00:00.000Z,Winter Storm,397,Union Sheriff EPM,145-99145-00,B,Emergency Protective Measures,Eligible,Obligated,Small,Union County,145,MS,28,82780.77,62085.58,62085.58,2026-07-09T00:00:00.000Z,2026-07-09T00:00:00.000Z,0,1066422,277557,2026-07-23T18:44:06.680Z,f9f2490d96e014e9b8e93d81fb07c7a0eb36f77e,2026-02-06,2026-07-09,2026-07-09,2026-07-23T18:44:06Z,2026,02,1,2026,2026,153,0,true,Mississippi,4,Region 4 — Atlanta,Atlanta,"AL,FL,GA,KY,MS,NC,SC,TN",28,145,28145,Emergency Work,true,false,false,false,true,false,false,false,false,false,Winter weather,false,false,false,false,false,false,false,true,false,false,false,75.00,0.00,false,false,false,false,true,false,true,10k_to_100k,https://www.fema.gov/api/open/v2/PublicAssistanceFundedProjectsDetails,https://www.fema.gov/openfema-data-page/public-assistance-funded-projects-details-v2,2026-08-17T06:23:38Z
4899,2026-02-06T00:00:00.000Z,Winter Storm,398,4899 Panola County Cat A Contract Debris Removal 3rd time period (3/24 thru 4/4/2026),107-99107-00,A,Debris Removal,Eligible,Obligated,Large,Panola County,107,MS,28,1757060.45,1317795.34,1317795.34,2026-07-17T00:00:00.000Z,2026-07-17T00:00:00.000Z,0,1066433,277561,2026-07-23T18:44:06.680Z,e05b397be0b70df437005328d3d52c5fed4212fb,2026-02-06,2026-07-17,2026-07-17,2026-07-23T18:44:06Z,2026,02,1,2026,2026,161,0,true,Mississippi,4,Region 4 — Atlanta,Atlanta,"AL,FL,GA,KY,MS,NC,SC,TN",28,107,28107,Emergency Work,true,false,false,true,false,false,false,false,false,false,Winter weather,false,false,false,false,false,false,false,true,false,false,false,75.00,0.00,false,false,false,true,false,false,true,1m_to_10m,https://www.fema.gov/api/open/v2/PublicAssistanceFundedProjectsDetails,https://www.fema.gov/openfema-data-page/public-assistance-funded-projects-details-v2,2026-08-17T06:23:38Z
4899,2026-02-06T00:00:00.000Z,Winter Storm,401,Citywide Utility Damages - Completed,083-35260-00,F,Utilities,Eligible,Obligated,Small,Leflore County,083,MS,28,287711.98,215783.99,215783.99,2026-07-08T00:00:00.000Z,2026-07-08T00:00:00.000Z,0,1066446,277606,2026-07-23T18:44:06.680Z,caa446aa292ca14a6bd14dc5ea8a6adae96d1b3c,2026-02-06,2026-07-08,2026-07-08,2026-07-23T18:44:06Z,2026,02,1,2026,2026,152,0,true,Mississippi,4,Region 4 — Atlanta,Atlanta,"AL,FL,GA,KY,MS,NC,SC,TN",28,083,28083,Permanent Work,false,true,false,false,false,false,false,false,true,false,Winter weather,false,false,false,false,false,false,false,true,false,false,false,75.00,0.00,false,false,false,false,true,false,true,100k_to_1m,https://www.fema.gov/api/open/v2/PublicAssistanceFundedProjectsDetails,https://www.fema.gov/openfema-data-page/public-assistance-funded-projects-details-v2,2026-08-17T06:23:38Z
4899,2026-02-06T00:00:00.000Z,Winter Storm,402,MEMA Expedited Emergency Protective Measures,000-U0220-00,B,Emergency Protective Measures,Eligible,Obligated,Large,Statewide,121,MS,28,5000000,3750000,3750000,2026-04-24T00:00:00.000Z,2026-04-24T00:00:00.000Z,0,1066447,277532,2026-07-23T18:44:06.680Z,0ecbf07e5e157f6af4971b888ad86fdca47d4994,2026-02-06,2026-04-24,2026-04-24,2026-07-23T18:44:06Z,2026,02,1,2026,2026,77,0,true,Mississippi,4,Region 4 — Atlanta,Atlanta,"AL,FL,GA,KY,MS,NC,SC,TN",28,121,28121,Emergency Work,true,false,false,false,true,false,false,false,false,false,Winter weather,false,false,false,false,false,false,false,true,false,false,false,75.00,0.00,false,false,false,true,false,false,true,1m_to_10m,https://www.fema.gov/api/open/v2/PublicAssistanceFundedProjectsDetails,https://www.fema.gov/openfema-data-page/public-assistance-funded-projects-details-v2,2026-08-17T06:23:38Z
4899,2026-02-06T00:00:00.000Z,Winter Storm,403,Category B,139-99139-00,B,Emergency Protective Measures,Eligible,Obligated,Small,Tippah County,139,MS,28,243379.36,182534.52,182534.52,2026-07-17T00:00:00.000Z,2026-07-17T00:00:00.000Z,0,1066448,277572,2026-07-23T18:44:06.680Z,c03f505b3ed4bcafc592f4108e9c49b364e080be,2026-02-06,2026-07-17,2026-07-17,2026-07-23T18:44:06Z,2026,02,1,2026,2026,161,0,true,Mississippi,4,Region 4 — Atlanta,Atlanta,"AL,FL,GA,KY,MS,NC,SC,TN",28,139,28139,Emergency Work,true,false,false,false,true,false,false,false,false,false,Winter weather,false,false,false,false,false,false,false,true,false,false,false,75.00,0.00,false,false,false,false,true,false,true,100k_to_1m,https://www.fema.gov/api/open/v2/PublicAssistanceFundedProjectsDetails,https://www.fema.gov/openfema-data-page/public-assistance-funded-projects-details-v2,2026-08-17T06:23:38Z
4899,2026-02-06T00:00:00.000Z,Winter Storm,417,DR4899MS- Oxford Utilities- Mutual Aid Lodging- Work Completed,071-013C6-00,B,Emergency Protective Measures,Eligible,Obligated,Small,Lafayette County,071,MS,28,35868,26901,26901,2026-08-07T00:00:00.000Z,2026-08-07T00:00:00.000Z,0,1066502,277649,2026-08-12T15:21:33.184Z,786c68474ab328cbd7ef1fa76d814ba6c8315690,2026-02-06,2026-08-07,2026-08-07,2026-08-12T15:21:33Z,2026,02,1,2026,2026,182,0,true,Mississippi,4,Region 4 — Atlanta,Atlanta,"AL,FL,GA,KY,MS,NC,SC,TN",28,071,28071,Emergency Work,true,false,false,false,true,false,false,false,false,false,Winter weather,false,false,false,false,false,false,false,true,false,false,false,75.00,0.00,false,false,false,false,true,false,true,10k_to_100k,https://www.fema.gov/api/open/v2/PublicAssistanceFundedProjectsDetails,https://www.fema.gov/openfema-data-page/public-assistance-funded-projects-details-v2,2026-08-17T06:23:38Z
4899,2026-02-06T00:00:00.000Z,Winter Storm,418,Highway 30 west water management Cost,145-UL6DE-00,Z,Management Costs,Eligible,Obligated,Small,Union County,145,MS,28,1258.93,1258.93,1258.93,2026-04-22T00:00:00.000Z,2026-04-22T00:00:00.000Z,0,1066505,277895,2026-07-23T18:44:06.680Z,19f73aca09cd14c73f6ab00810c9997e5905ca8c,2026-02-06,2026-04-22,2026-04-22,2026-07-23T18:44:06Z,2026,02,1,2026,2026,75,0,true,Mississippi,4,Region 4 — Atlanta,Atlanta,"AL,FL,GA,KY,MS,NC,SC,TN",28,145,28145,Management Costs,false,false,true,false,false,false,false,false,false,false,Winter weather,false,false,false,false,false,false,false,true,false,false,false,100.00,0.00,false,false,false,false,true,false,true,under_10k,https://www.fema.gov/api/open/v2/PublicAssistanceFundedProjectsDetails,https://www.fema.gov/openfema-data-page/public-assistance-funded-projects-details-v2,2026-08-17T06:23:38Z
4899,2026-02-06T00:00:00.000Z,Winter Storm,419,Emergency Work,117-00471-00,B,Emergency Protective Measures,Eligible,Obligated,Small,Prentiss County,117,MS,28,15802,11851.5,11851.5,2026-06-16T00:00:00.000Z,2026-06-16T00:00:00.000Z,0,1066506,278061,2026-07-23T18:44:06.680Z,b02aee86b0c43b8809da136d58b13b6936230f48,2026-02-06,2026-06-16,2026-06-16,2026-07-23T18:44:06Z,2026,02,1,2026,2026,130,0,true,Mississippi,4,Region 4 — Atlanta,Atlanta,"AL,FL,GA,KY,MS,NC,SC,TN",28,117,28117,Emergency Work,true,false,false,false,true,false,false,false,false,false,Winter weather,false,false,false,false,false,false,false,true,false,false,false,75.00,0.00,false,false,false,false,true,false,true,10k_to_100k,https://www.fema.gov/api/open/v2/PublicAssistanceFundedProjectsDetails,https://www.fema.gov/openfema-data-page/public-assistance-funded-projects-details-v2,2026-08-17T06:23:38Z
4899,2026-02-06T00:00:00.000Z,Winter Storm,424,DR4899MS- Holly Springs Utility Department- Mutual Aid Provided by Calhoun Utilities - Work Completed,000-UJ5I9-00,B,Emergency Protective Measures,Eligible,Obligated,Small,Statewide,093,MS,28,457760.26,343320.2,343320.2,2026-06-08T00:00:00.000Z,2026-06-08T00:00:00.000Z,0,1066530,277926,2026-07-23T18:44:06.680Z,0340dcc5185e1ef8bea9a8952d2e2163000d93e9,2026-02-06,2026-06-08,2026-06-08,2026-07-23T18:44:06Z,2026,02,1,2026,2026,122,0,true,Mississippi,4,Region 4 — Atlanta,Atlanta,"AL,FL,GA,KY,MS,NC,SC,TN",28,093,28093,Emergency Work,true,false,false,false,true,false,false,false,false,false,Winter weather,false,false,false,false,false,false,false,true,false,false,false,75.00,0.00,false,false,false,false,true,false,true,100k_to_1m,https://www.fema.gov/api/open/v2/PublicAssistanceFundedProjectsDetails,https://www.fema.gov/openfema-data-page/public-assistance-funded-projects-details-v2,2026-08-17T06:23:38Z
4899,2026-02-06T00:00:00.000Z,Winter Storm,438,Town of Sardis Debris Removal,107-UUUB1-00,A,Debris Removal,Eligible,Obligated,Small,Panola County,107,MS,28,38865.57,29149.18,29149.18,2026-07-09T00:00:00.000Z,2026-07-09T00:00:00.000Z,0,1066567,277976,2026-07-23T18:44:06.680Z,5a8007bc00a7b37b938a88b70ddc40e72fb9c6e4,2026-02-06,2026-07-09,2026-07-09,2026-07-23T18:44:06Z,2026,02,1,2026,2026,153,0,true,Mississippi,4,Region 4 — Atlanta,Atlanta,"AL,FL,GA,KY,MS,NC,SC,TN",28,107,28107,Emergency Work,true,false,false,true,false,false,false,false,false,false,Winter weather,false,false,false,false,false,false,false,true,false,false,false,75.00,0.00,false,false,false,false,true,false,true,10k_to_100k,https://www.fema.gov/api/open/v2/PublicAssistanceFundedProjectsDetails,https://www.fema.gov/openfema-data-page/public-assistance-funded-projects-details-v2,2026-08-17T06:23:38Z
4899,2026-02-06T00:00:00.000Z,Winter Storm,440,Debris Cut & Toss (Countywide) (First 30 Days),051-99051-00,A,Debris Removal,Eligible,Obligated,Small,Holmes County,051,MS,28,413490.08,310117.56,310117.56,2026-07-17T00:00:00.000Z,2026-07-17T00:00:00.000Z,0,1066569,277623,2026-07-23T18:44:06.680Z,86dbc91ea601061d45bdb6357427af2f5e55b94a,2026-02-06,2026-07-17,2026-07-17,2026-07-23T18:44:06Z,2026,02,1,2026,2026,161,0,true,Mississippi,4,Region 4 — Atlanta,Atlanta,"AL,FL,GA,KY,MS,NC,SC,TN",28,051,28051,Emergency Work,true,false,false,true,false,false,false,false,false,false,Winter weather,false,false,false,false,false,false,false,true,false,false,false,75.00,0.00,false,false,false,false,true,false,true,100k_to_1m,https://www.fema.gov/api/open/v2/PublicAssistanceFundedProjectsDetails,https://www.fema.gov/openfema-data-page/public-assistance-funded-projects-details-v2,2026-08-17T06:23:38Z
4899,2026-02-06T00:00:00.000Z,Winter Storm,445,Damaged Pipes,163-99163-00,E,Buildings and Equipment,Eligible,Obligated,Small,Yazoo County,163,MS,28,9450,7087.5,7087.5,2026-06-12T00:00:00.000Z,2026-06-12T00:00:00.000Z,0,1066578,277576,2026-07-23T18:44:06.680Z,01019b67852613e7d4e2c3d938bd7636ee2468fd,2026-02-06,2026-06-12,2026-06-12,2026-07-23T18:44:06Z,2026,02,1,2026,2026,126,0,true,Mississippi,4,Region 4 — Atlanta,Atlanta,"AL,FL,GA,KY,MS,NC,SC,TN",28,163,28163,Permanent Work,false,true,false,false,false,false,false,true,false,false,Winter weather,false,false,false,false,false,false,false,true,false,false,false,75.00,0.00,false,false,false,false,true,false,true,under_10k,https://www.fema.gov/api/open/v2/PublicAssistanceFundedProjectsDetails,https://www.fema.gov/openfema-data-page/public-assistance-funded-projects-details-v2,2026-08-17T06:23:38Z
4899,2026-02-06T00:00:00.000Z,Winter Storm,448,FORCE ACCOUNT EQUIPMENT,139-07060-00,B,Emergency Protective Measures,Eligible,Obligated,Small,Tippah County,139,MS,28,12232.79,9174.6,9174.6,2026-06-18T00:00:00.000Z,2026-06-18T00:00:00.000Z,0,1066587,277729,2026-07-23T18:44:06.680Z,2717749740000d802706d99df238141e12e8f2b7,2026-02-06,2026-06-18,2026-06-18,2026-07-23T18:44:06Z,2026,02,1,2026,2026,132,0,true,Mississippi,4,Region 4 — Atlanta,Atlanta,"AL,FL,GA,KY,MS,NC,SC,TN",28,139,28139,Emergency Work,true,false,false,false,true,false,false,false,false,false,Winter weather,false,false,false,false,false,false,false,true,false,false,false,75.00,0.00,false,false,false,false,true,false,true,under_10k,https://www.fema.gov/api/open/v2/PublicAssistanceFundedProjectsDetails,https://www.fema.gov/openfema-data-page/public-assistance-funded-projects-details-v2,2026-08-17T06:23:38Z
4899,2026-02-06T00:00:00.000Z,Winter Storm,456,CAT E - Tower site Repeater,013-99013-00,E,Buildings and Equipment,Eligible,Obligated,Small,Calhoun County,013,MS,28,10168.37,7626.28,7626.28,2026-05-28T00:00:00.000Z,2026-05-28T00:00:00.000Z,0,1066601,277658,2026-07-23T18:44:06.680Z,57f41e4d4c9cc26913f01700239936b1b25320bc,2026-02-06,2026-05-28,2026-05-28,2026-07-23T18:44:06Z,2026,02,1,2026,2026,111,0,true,Mississippi,4,Region 4 — Atlanta,Atlanta,"AL,FL,GA,KY,MS,NC,SC,TN",28,013,28013,Permanent Work,false,true,false,false,false,false,false,true,false,false,Winter weather,false,false,false,false,false,false,false,true,false,false,false,75.00,0.00,false,false,false,false,true,false,true,under_10k,https://www.fema.gov/api/open/v2/PublicAssistanceFundedProjectsDetails,https://www.fema.gov/openfema-data-page/public-assistance-funded-projects-details-v2,2026-08-17T06:23:38Z
4899,2026-02-06T00:00:00.000Z,Winter Storm,457,Wet Well Lagoon Pump Damage - 100% Work Complete,115-UED0D-00,F,Utilities,Eligible,Obligated,Small,Pontotoc County,115,MS,28,31035.67,23276.76,23276.76,2026-07-24T00:00:00.000Z,2026-07-24T00:00:00.000Z,14953.25,1066604,277930,2026-07-25T15:08:16.660Z,865bfad4185739de6e0f082946bf24e0b120c165,2026-02-06,2026-07-24,2026-07-24,2026-07-25T15:08:16Z,2026,02,1,2026,2026,168,0,true,Mississippi,4,Region 4 — Atlanta,Atlanta,"AL,FL,GA,KY,MS,NC,SC,TN",28,115,28115,Permanent Work,false,true,false,false,false,false,false,false,true,false,Winter weather,false,false,false,false,false,false,false,true,false,false,false,75.00,48.18,true,false,false,false,true,false,true,10k_to_100k,https://www.fema.gov/api/open/v2/PublicAssistanceFundedProjectsDetails,https://www.fema.gov/openfema-data-page/public-assistance-funded-projects-details-v2,2026-08-17T06:23:38Z
4899,2026-02-06T00:00:00.000Z,Winter Storm,458,South/North Schools Fencing damages,115-UED0D-00,G,"Parks, Recreational Facilities, and Other Items",Eligible,Obligated,Small,Pontotoc County,115,MS,28,15719.94,11789.96,11789.96,2026-08-14T00:00:00.000Z,2026-08-14T00:00:00.000Z,2022.77,1066605,277930,2026-08-15T15:26:12.016Z,f6c9594ede390ad510a114d3b73a8d7d73846fc9,2026-02-06,2026-08-14,2026-08-14,2026-08-15T15:26:12Z,2026,02,1,2026,2026,189,0,true,Mississippi,4,Region 4 — Atlanta,Atlanta,"AL,FL,GA,KY,MS,NC,SC,TN",28,115,28115,Permanent Work,false,true,false,false,false,false,false,false,false,true,Winter weather,false,false,false,false,false,false,false,true,false,false,false,75.00,12.87,true,false,false,false,true,false,true,10k_to_100k,https://www.fema.gov/api/open/v2/PublicAssistanceFundedProjectsDetails,https://www.fema.gov/openfema-data-page/public-assistance-funded-projects-details-v2,2026-08-17T06:23:38Z
4899,2026-02-06T00:00:00.000Z,Winter Storm,459,Management Costs,125-01500-00,Z,Management Costs,Eligible,Obligated,Small,Sharkey County,125,MS,28,700,700,700,2026-04-22T00:00:00.000Z,2026-04-22T00:00:00.000Z,0,1066606,277824,2026-07-23T18:44:06.680Z,1e59b1626b57b798e0185d1fe0f43495728bc2a6,2026-02-06,2026-04-22,2026-04-22,2026-07-23T18:44:06Z,2026,02,1,2026,2026,75,0,true,Mississippi,4,Region 4 — Atlanta,Atlanta,"AL,FL,GA,KY,MS,NC,SC,TN",28,125,28125,Management Costs,false,false,true,false,false,false,false,false,false,false,Winter weather,false,false,false,false,false,false,false,true,false,false,false,100.00,0.00,false,false,false,false,true,false,true,under_10k,https://www.fema.gov/api/open/v2/PublicAssistanceFundedProjectsDetails,https://www.fema.gov/openfema-data-page/public-assistance-funded-projects-details-v2,2026-08-17T06:23:38Z
4899,2026-02-06T00:00:00.000Z,Winter Storm,460,DR4899 MS - West Tallahatchie Utilities Association - CAT - EPM,135-UN3IT-00,B,Emergency Protective Measures,Eligible,Obligated,Small,Tallahatchie County,135,MS,28,20579,15434.25,15434.25,2026-07-13T00:00:00.000Z,2026-07-13T00:00:00.000Z,0,1066609,278153,2026-07-23T18:44:06.680Z,bf590c1ca2a3876e1d2a5c4e5db621603b3b3402,2026-02-06,2026-07-13,2026-07-13,2026-07-23T18:44:06Z,2026,02,1,2026,2026,157,0,true,Mississippi,4,Region 4 — Atlanta,Atlanta,"AL,FL,GA,KY,MS,NC,SC,TN",28,135,28135,Emergency Work,true,false,false,false,true,false,false,false,false,false,Winter weather,false,false,false,false,false,false,false,true,false,false,false,75.00,0.00,false,false,false,false,true,false,true,10k_to_100k,https://www.fema.gov/api/open/v2/PublicAssistanceFundedProjectsDetails,https://www.fema.gov/openfema-data-page/public-assistance-funded-projects-details-v2,2026-08-17T06:23:38Z
4899,2026-02-06T00:00:00.000Z,Winter Storm,461,NEMCC Debris Clearance,117-UUSLD-00,A,Debris Removal,Eligible,Obligated,Small,Prentiss County,117,MS,28,60016.82,45012.62,45012.62,2026-07-22T00:00:00.000Z,2026-07-22T00:00:00.000Z,0,1066610,277846,2026-07-23T18:44:06.680Z,825c44d2844d1a9136b3f1ca033273157e49d5d4,2026-02-06,2026-07-22,2026-07-22,2026-07-23T18:44:06Z,2026,02,1,2026,2026,166,0,true,Mississippi,4,Region 4 — Atlanta,Atlanta,"AL,FL,GA,KY,MS,NC,SC,TN",28,117,28117,Emergency Work,true,false,false,true,false,false,false,false,false,false,Winter weather,false,false,false,false,false,false,false,true,false,false,false,75.00,0.00,false,false,false,false,true,false,true,10k_to_100k,https://www.fema.gov/api/open/v2/PublicAssistanceFundedProjectsDetails,https://www.fema.gov/openfema-data-page/public-assistance-funded-projects-details-v2,2026-08-17T06:23:38Z
4899,2026-02-06T00:00:00.000Z,Winter Storm,470,Northcentral EPA Emergency Protective Measures,000-U76OS-00,B,Emergency Protective Measures,Eligible,Obligated,Small,DeSoto County,033,MS,28,318414,238810.5,238810.5,2026-07-08T00:00:00.000Z,2026-07-08T00:00:00.000Z,0,1066625,277886,2026-07-23T18:44:06.680Z,ecf3c4ae2b5013d6153f75a48f41effe44ba3d86,2026-02-06,2026-07-08,2026-07-08,2026-07-23T18:44:06Z,2026,02,1,2026,2026,152,0,true,Mississippi,4,Region 4 — Atlanta,Atlanta,"AL,FL,GA,KY,MS,NC,SC,TN",28,033,28033,Emergency Work,true,false,false,false,true,false,false,false,false,false,Winter weather,false,false,false,false,false,false,false,true,false,false,false,75.00,0.00,false,false,false,false,true,false,true,100k_to_1m,https://www.fema.gov/api/open/v2/PublicAssistanceFundedProjectsDetails,https://www.fema.gov/openfema-data-page/public-assistance-funded-projects-details-v2,2026-08-17T06:23:38Z
4899,2026-02-06T00:00:00.000Z,Winter Storm,471,DR4899MS - Holly Springs Utility Department - Mutual Aid Provided by Clarksdale Public Utilities - Work Completed,000-UJ5I9-00,B,Emergency Protective Measures,Eligible,Obligated,Small,Statewide,093,MS,28,74169.06,55626.8,55626.8,2026-05-04T00:00:00.000Z,2026-05-04T00:00:00.000Z,0,1066626,277926,2026-07-23T18:44:06.680Z,09ff27a408f9f7ceb6dee7c98116685dce985ba4,2026-02-06,2026-05-04,2026-05-04,2026-07-23T18:44:06Z,2026,02,1,2026,2026,87,0,true,Mississippi,4,Region 4 — Atlanta,Atlanta,"AL,FL,GA,KY,MS,NC,SC,TN",28,093,28093,Emergency Work,true,false,false,false,true,false,false,false,false,false,Winter weather,false,false,false,false,false,false,false,true,false,false,false,75.00,0.00,false,false,false,false,true,false,true,10k_to_100k,https://www.fema.gov/api/open/v2/PublicAssistanceFundedProjectsDetails,https://www.fema.gov/openfema-data-page/public-assistance-funded-projects-details-v2,2026-08-17T06:23:38Z
4899,2026-02-06T00:00:00.000Z,Winter Storm,475,DR4899MS- Grenada County- District Five- Emergency Protective Measures- Work Completed,043-99043-00,B,Emergency Protective Measures,Eligible,Obligated,Small,Grenada County,043,MS,28,72365.75,54274.32,54274.32,2026-06-08T00:00:00.000Z,2026-06-08T00:00:00.000Z,0,1066639,277581,2026-07-23T18:44:06.680Z,50ef7ea00fbabf82e44c403248f804ba3222e190,2026-02-06,2026-06-08,2026-06-08,2026-07-23T18:44:06Z,2026,02,1,2026,2026,122,0,true,Mississippi,4,Region 4 — Atlanta,Atlanta,"AL,FL,GA,KY,MS,NC,SC,TN",28,043,28043,Emergency Work,true,false,false,false,true,false,false,false,false,false,Winter weather,false,false,false,false,false,false,false,true,false,false,false,75.00,0.00,false,false,false,false,true,false,true,10k_to_100k,https://www.fema.gov/api/open/v2/PublicAssistanceFundedProjectsDetails,https://www.fema.gov/openfema-data-page/public-assistance-funded-projects-details-v2,2026-08-17T06:23:38Z
4899,2026-02-06T00:00:00.000Z,Winter Storm,487,Oakland Emergency Protective Measures,161-0313C-00,B,Emergency Protective Measures,Eligible,Obligated,Small,Yalobusha County,161,MS,28,15422.43,11566.83,11566.83,2026-06-30T00:00:00.000Z,2026-06-30T00:00:00.000Z,0,1066654,277968,2026-07-23T18:44:06.680Z,7ca6782a5c7865b42c92156b613e024575d10b7c,2026-02-06,2026-06-30,2026-06-30,2026-07-23T18:44:06Z,2026,02,1,2026,2026,144,0,true,Mississippi,4,Region 4 — Atlanta,Atlanta,"AL,FL,GA,KY,MS,NC,SC,TN",28,161,28161,Emergency Work,true,false,false,false,true,false,false,false,false,false,Winter weather,false,false,false,false,false,false,false,true,false,false,false,75.00,0.00,false,false,false,false,true,false,true,10k_to_100k,https://www.fema.gov/api/open/v2/PublicAssistanceFundedProjectsDetails,https://www.fema.gov/openfema-data-page/public-assistance-funded-projects-details-v2,2026-08-17T06:23:38Z
4899,2026-02-06T00:00:00.000Z,Winter Storm,489,Batesville- Contract WC Debris Removal 3/8/26 thru 4/7/26,107-03620-00,A,Debris Removal,Eligible,Obligated,Small,Panola County,107,MS,28,968009.44,726007.08,726007.08,2026-07-08T00:00:00.000Z,2026-07-08T00:00:00.000Z,0,1066656,277628,2026-07-23T18:44:06.680Z,1caa3b9083c2deb45f30d47df53d7408ba3051c4,2026-02-06,2026-07-08,2026-07-08,2026-07-23T18:44:06Z,2026,02,1,2026,2026,152,0,true,Mississippi,4,Region 4 — Atlanta,Atlanta,"AL,FL,GA,KY,MS,NC,SC,TN",28,107,28107,Emergency Work,true,false,false,true,false,false,false,false,false,false,Winter weather,false,false,false,false,false,false,false,true,false,false,false,75.00,0.00,false,false,false,false,true,false,true,100k_to_1m,https://www.fema.gov/api/open/v2/PublicAssistanceFundedProjectsDetails,https://www.fema.gov/openfema-data-page/public-assistance-funded-projects-details-v2,2026-08-17T06:23:38Z
4899,2026-02-06T00:00:00.000Z,Winter Storm,500,Yalobusha County - Contract WC Debris Removal 4/1 Thru 4/20/2026,161-99161-00,A,Debris Removal,Eligible,Obligated,Large,Yalobusha County,161,MS,28,1287003.83,965252.88,965252.88,2026-07-08T00:00:00.000Z,2026-07-08T00:00:00.000Z,0,1066672,277590,2026-07-23T18:44:06.680Z,7a5812408ac941cbd8d6ae10bb55beee98401193,2026-02-06,2026-07-08,2026-07-08,2026-07-23T18:44:06Z,2026,02,1,2026,2026,152,0,true,Mississippi,4,Region 4 — Atlanta,Atlanta,"AL,FL,GA,KY,MS,NC,SC,TN",28,161,28161,Emergency Work,true,false,false,true,false,false,false,false,false,false,Winter weather,false,false,false,false,false,false,false,true,false,false,false,75.00,0.00,false,false,false,true,false,false,true,100k_to_1m,https://www.fema.gov/api/open/v2/PublicAssistanceFundedProjectsDetails,https://www.fema.gov/openfema-data-page/public-assistance-funded-projects-details-v2,2026-08-17T06:23:38Z
4899,2026-02-06T00:00:00.000Z,Winter Storm,504,DR4899 MS - Debris Removal Village Wide - Work to be completed,135-27660-00,A,Debris Removal,Eligible,Obligated,Small,Tallahatchie County,135,MS,28,141425,106068.75,106068.75,2026-06-08T00:00:00.000Z,2026-06-08T00:00:00.000Z,0,1066685,277615,2026-07-23T18:44:06.680Z,3719acdfa1ce0d14e9ed38247da4d0aa79e1130b,2026-02-06,2026-06-08,2026-06-08,2026-07-23T18:44:06Z,2026,02,1,2026,2026,122,0,true,Mississippi,4,Region 4 — Atlanta,Atlanta,"AL,FL,GA,KY,MS,NC,SC,TN",28,135,28135,Emergency Work,true,false,false,true,false,false,false,false,false,false,Winter weather,false,false,false,false,false,false,false,true,false,false,false,75.00,0.00,false,false,false,false,true,false,true,100k_to_1m,https://www.fema.gov/api/open/v2/PublicAssistanceFundedProjectsDetails,https://www.fema.gov/openfema-data-page/public-assistance-funded-projects-details-v2,2026-08-17T06:23:38Z
4899,2026-02-06T00:00:00.000Z,Winter Storm,506,Tate County School District - Building Damages,137-UWTCS-00,E,Buildings and Equipment,Eligible,Obligated,Small,Tate County,137,MS,28,78594,58945.5,58945.5,2026-07-13T00:00:00.000Z,2026-07-13T00:00:00.000Z,0,1066687,277924,2026-07-23T18:44:06.680Z,efbfbca3a3b8830091431dd61603dcad43e6bc8b,2026-02-06,2026-07-13,2026-07-13,2026-07-23T18:44:06Z,2026,02,1,2026,2026,157,0,true,Mississippi,4,Region 4 — Atlanta,Atlanta,"AL,FL,GA,KY,MS,NC,SC,TN",28,137,28137,Permanent Work,false,true,false,false,false,false,false,true,false,false,Winter weather,false,false,false,false,false,false,false,true,false,false,false,75.00,0.00,false,false,false,false,true,false,true,10k_to_100k,https://www.fema.gov/api/open/v2/PublicAssistanceFundedProjectsDetails,https://www.fema.gov/openfema-data-page/public-assistance-funded-projects-details-v2,2026-08-17T06:23:38Z
4899,2026-02-06T00:00:00.000Z,Winter Storm,511,District 1B - Debris Removal County Roads,155-99155-00,B,Emergency Protective Measures,Eligible,Obligated,Small,Webster County,155,MS,28,80210,60157.5,60157.5,2026-06-08T00:00:00.000Z,2026-06-08T00:00:00.000Z,0,1066693,277919,2026-07-23T18:44:06.680Z,b0dc2c00ff3263f47a9a42a67f8c6cc4e1b6b1d9,2026-02-06,2026-06-08,2026-06-08,2026-07-23T18:44:06Z,2026,02,1,2026,2026,122,0,true,Mississippi,4,Region 4 — Atlanta,Atlanta,"AL,FL,GA,KY,MS,NC,SC,TN",28,155,28155,Emergency Work,true,false,false,false,true,false,false,false,false,false,Winter weather,false,false,false,false,false,false,false,true,false,false,false,75.00,0.00,false,false,false,false,true,false,true,10k_to_100k,https://www.fema.gov/api/open/v2/PublicAssistanceFundedProjectsDetails,https://www.fema.gov/openfema-data-page/public-assistance-funded-projects-details-v2,2026-08-17T06:23:38Z
4899,2026-02-06T00:00:00.000Z,Winter Storm,513,District 2B - Debris Removal County Roads,155-99155-00,B,Emergency Protective Measures,Eligible,Obligated,Small,Webster County,155,MS,28,132142,99106.5,99106.5,2026-07-09T00:00:00.000Z,2026-07-09T00:00:00.000Z,0,1066697,277919,2026-07-23T18:44:06.680Z,6ab6b78f1df391d21aa7cc0eab1d7ed3bde6024f,2026-02-06,2026-07-09,2026-07-09,2026-07-23T18:44:06Z,2026,02,1,2026,2026,153,0,true,Mississippi,4,Region 4 — Atlanta,Atlanta,"AL,FL,GA,KY,MS,NC,SC,TN",28,155,28155,Emergency Work,true,false,false,false,true,false,false,false,false,false,Winter weather,false,false,false,false,false,false,false,true,false,false,false,75.00,0.00,false,false,false,false,true,false,true,10k_to_100k,https://www.fema.gov/api/open/v2/PublicAssistanceFundedProjectsDetails,https://www.fema.gov/openfema-data-page/public-assistance-funded-projects-details-v2,2026-08-17T06:23:38Z
4899,2026-02-06T00:00:00.000Z,Winter Storm,515,District 4B - Debris Removal County Roads,155-99155-00,B,Emergency Protective Measures,Eligible,Obligated,Small,Webster County,155,MS,28,30492.63,22869.48,22869.48,2026-07-15T00:00:00.000Z,2026-07-15T00:00:00.000Z,0,1066700,277919,2026-07-23T18:44:06.680Z,f830e66e5983db429175cbffb5b5ce0870626039,2026-02-06,2026-07-15,2026-07-15,2026-07-23T18:44:06Z,2026,02,1,2026,2026,159,0,true,Mississippi,4,Region 4 — Atlanta,Atlanta,"AL,FL,GA,KY,MS,NC,SC,TN",28,155,28155,Emergency Work,true,false,false,false,true,false,false,false,false,false,Winter weather,false,false,false,false,false,false,false,true,false,false,false,75.00,0.00,false,false,false,false,true,false,true,10k_to_100k,https://www.fema.gov/api/open/v2/PublicAssistanceFundedProjectsDetails,https://www.fema.gov/openfema-data-page/public-assistance-funded-projects-details-v2,2026-08-17T06:23:38Z
4899,2026-02-06T00:00:00.000Z,Winter Storm,516,District 5B - Debris Removal County Roads,155-99155-00,B,Emergency Protective Measures,Eligible,Obligated,Small,Webster County,155,MS,28,64904.96,48678.72,48678.72,2026-06-10T00:00:00.000Z,2026-06-10T00:00:00.000Z,0,1066701,277919,2026-07-23T18:44:06.680Z,16d4eb778aba9a1c70279145b05f72b8fa401952,2026-02-06,2026-06-10,2026-06-10,2026-07-23T18:44:06Z,2026,02,1,2026,2026,124,0,true,Mississippi,4,Region 4 — Atlanta,Atlanta,"AL,FL,GA,KY,MS,NC,SC,TN",28,155,28155,Emergency Work,true,false,false,false,true,false,false,false,false,false,Winter weather,false,false,false,false,false,false,false,true,false,false,false,75.00,0.00,false,false,false,false,true,false,true,10k_to_100k,https://www.fema.gov/api/open/v2/PublicAssistanceFundedProjectsDetails,https://www.fema.gov/openfema-data-page/public-assistance-funded-projects-details-v2,2026-08-17T06:23:38Z
4899,2026-02-06T00:00:00.000Z,Winter Storm,523,Town of Sardis Emergency Protective Measures,107-UUUB1-00,B,Emergency Protective Measures,Eligible,Obligated,Small,Panola County,107,MS,28,4733.79,3550.35,3550.35,2026-07-11T00:00:00.000Z,2026-07-11T00:00:00.000Z,0,1066718,277976,2026-07-23T18:44:06.680Z,4b075506545f26927578623a768e285efbeb2b67,2026-02-06,2026-07-11,2026-07-11,2026-07-23T18:44:06Z,2026,02,1,2026,2026,155,0,true,Mississippi,4,Region 4 — Atlanta,Atlanta,"AL,FL,GA,KY,MS,NC,SC,TN",28,107,28107,Emergency Work,true,false,false,false,true,false,false,false,false,false,Winter weather,false,false,false,false,false,false,false,true,false,false,false,75.00,0.00,false,false,false,false,true,false,true,under_10k,https://www.fema.gov/api/open/v2/PublicAssistanceFundedProjectsDetails,https://www.fema.gov/openfema-data-page/public-assistance-funded-projects-details-v2,2026-08-17T06:23:38Z
4899,2026-02-06T00:00:00.000Z,Winter Storm,527,Prentiss County Contract WC Debris Removal 3/01 Thru 3/15/2026,117-99117-00,A,Debris Removal,Eligible,Pending Closeout Completion,Large,Prentiss County,117,MS,28,5356977.19,4017732.9,4017732.9,2026-07-20T00:00:00.000Z,2026-07-20T00:00:00.000Z,0,1066733,277592,2026-07-31T15:06:08.793Z,c643b3dfc931a0bb20f8c1b17dd7ce295dd803ee,2026-02-06,2026-07-20,2026-07-20,2026-07-31T15:06:08Z,2026,02,1,2026,2026,164,0,true,Mississippi,4,Region 4 — Atlanta,Atlanta,"AL,FL,GA,KY,MS,NC,SC,TN",28,117,28117,Emergency Work,true,false,false,true,false,false,false,false,false,false,Winter weather,false,false,false,false,false,false,false,true,false,false,false,75.00,0.00,false,false,false,true,false,false,true,1m_to_10m,https://www.fema.gov/api/open/v2/PublicAssistanceFundedProjectsDetails,https://www.fema.gov/openfema-data-page/public-assistance-funded-projects-details-v2,2026-08-17T06:23:38Z
4899,2026-02-06T00:00:00.000Z,Winter Storm,529,DR4899 MS - Debris Removal - Hazardous Trees and Limbs,135-78480-00,A,Debris Removal,Eligible,Obligated,Small,Tallahatchie County,135,MS,28,21297.32,15972.99,15972.99,2026-07-15T00:00:00.000Z,2026-07-15T00:00:00.000Z,0,1066742,277782,2026-07-23T18:44:06.680Z,0772beea7a7f0b6332ac221329943f69cb6b75dd,2026-02-06,2026-07-15,2026-07-15,2026-07-23T18:44:06Z,2026,02,1,2026,2026,159,0,true,Mississippi,4,Region 4 — Atlanta,Atlanta,"AL,FL,GA,KY,MS,NC,SC,TN",28,135,28135,Emergency Work,true,false,false,true,false,false,false,false,false,false,Winter weather,false,false,false,false,false,false,false,true,false,false,false,75.00,0.00,false,false,false,false,true,false,true,10k_to_100k,https://www.fema.gov/api/open/v2/PublicAssistanceFundedProjectsDetails,https://www.fema.gov/openfema-data-page/public-assistance-funded-projects-details-v2,2026-08-17T06:23:38Z
4899,2026-02-06T00:00:00.000Z,Winter Storm,530,Booneville School District Buildings (Contents),117-00471-00,E,Buildings and Equipment,Eligible,Obligated,Small,Prentiss County,117,MS,28,5113.25,3834.94,3834.94,2026-06-16T00:00:00.000Z,2026-06-16T00:00:00.000Z,0,1066747,278061,2026-07-23T18:44:06.680Z,69432017040a55435201a6db58bf62ece08ff2fe,2026-02-06,2026-06-16,2026-06-16,2026-07-23T18:44:06Z,2026,02,1,2026,2026,130,0,true,Mississippi,4,Region 4 — Atlanta,Atlanta,"AL,FL,GA,KY,MS,NC,SC,TN",28,117,28117,Permanent Work,false,true,false,false,false,false,false,true,false,false,Winter weather,false,false,false,false,false,false,false,true,false,false,false,75.00,0.00,false,false,false,false,true,false,true,under_10k,https://www.fema.gov/api/open/v2/PublicAssistanceFundedProjectsDetails,https://www.fema.gov/openfema-data-page/public-assistance-funded-projects-details-v2,2026-08-17T06:23:38Z
4899,2026-02-06T00:00:00.000Z,Winter Storm,536,Watermain Damage system Wide,107-U9XEA-00,F,Utilities,Eligible,Obligated,Small,Panola County,107,MS,28,7035.56,5276.67,5276.67,2026-06-12T00:00:00.000Z,2026-06-12T00:00:00.000Z,0,1066760,277948,2026-07-23T18:44:06.680Z,7a7cafe6769d296490b690a6c8895ed3ab563273,2026-02-06,2026-06-12,2026-06-12,2026-07-23T18:44:06Z,2026,02,1,2026,2026,126,0,true,Mississippi,4,Region 4 — Atlanta,Atlanta,"AL,FL,GA,KY,MS,NC,SC,TN",28,107,28107,Permanent Work,false,true,false,false,false,false,false,false,true,false,Winter weather,false,false,false,false,false,false,false,true,false,false,false,75.00,0.00,false,false,false,false,true,false,true,under_10k,https://www.fema.gov/api/open/v2/PublicAssistanceFundedProjectsDetails,https://www.fema.gov/openfema-data-page/public-assistance-funded-projects-details-v2,2026-08-17T06:23:38Z
4899,2026-02-06T00:00:00.000Z,Winter Storm,538,Harmontown Water EPM,107-U06SE-00,B,Emergency Protective Measures,Eligible,Obligated,Small,Panola County,107,MS,28,9057.28,6792.96,6792.96,2026-05-13T00:00:00.000Z,2026-05-13T00:00:00.000Z,0,1066763,277961,2026-07-23T18:44:06.680Z,f0255f05deaadcc03e01c131775e53c02578ffa8,2026-02-06,2026-05-13,2026-05-13,2026-07-23T18:44:06Z,2026,02,1,2026,2026,96,0,true,Mississippi,4,Region 4 — Atlanta,Atlanta,"AL,FL,GA,KY,MS,NC,SC,TN",28,107,28107,Emergency Work,true,false,false,false,true,false,false,false,false,false,Winter weather,false,false,false,false,false,false,false,true,false,false,false,75.00,0.00,false,false,false,false,true,false,true,under_10k,https://www.fema.gov/api/open/v2/PublicAssistanceFundedProjectsDetails,https://www.fema.gov/openfema-data-page/public-assistance-funded-projects-details-v2,2026-08-17T06:23:38Z
4899,2026-02-06T00:00:00.000Z,Winter Storm,539,Billy's Creek Rural Water Association EPM,161-U6DO9-00,B,Emergency Protective Measures,Eligible,Obligated,Small,Yalobusha County,161,MS,28,71132.6,53349.45,53349.45,2026-06-18T00:00:00.000Z,2026-06-18T00:00:00.000Z,0,1066767,278213,2026-07-23T18:44:06.680Z,668637cbb55ddfda7b0cff53d9f41dc482b4c4e8,2026-02-06,2026-06-18,2026-06-18,2026-07-23T18:44:06Z,2026,02,1,2026,2026,132,0,true,Mississippi,4,Region 4 — Atlanta,Atlanta,"AL,FL,GA,KY,MS,NC,SC,TN",28,161,28161,Emergency Work,true,false,false,false,true,false,false,false,false,false,Winter weather,false,false,false,false,false,false,false,true,false,false,false,75.00,0.00,false,false,false,false,true,false,true,10k_to_100k,https://www.fema.gov/api/open/v2/PublicAssistanceFundedProjectsDetails,https://www.fema.gov/openfema-data-page/public-assistance-funded-projects-details-v2,2026-08-17T06:23:38Z
4899,2026-02-06T00:00:00.000Z,Winter Storm,546,EPM City of Pontotoc - Generators,115-59160-00,B,Emergency Protective Measures,Eligible,Obligated,Small,Pontotoc County,115,MS,28,10248.2,7686.15,7686.15,2026-06-16T00:00:00.000Z,2026-06-16T00:00:00.000Z,0,1066778,277669,2026-07-23T18:44:06.680Z,ebe6394399bbf6f7971635c68ab6527d52bf684a,2026-02-06,2026-06-16,2026-06-16,2026-07-23T18:44:06Z,2026,02,1,2026,2026,130,0,true,Mississippi,4,Region 4 — Atlanta,Atlanta,"AL,FL,GA,KY,MS,NC,SC,TN",28,115,28115,Emergency Work,true,false,false,false,true,false,false,false,false,false,Winter weather,false,false,false,false,false,false,false,true,false,false,false,75.00,0.00,false,false,false,false,true,false,true,under_10k,https://www.fema.gov/api/open/v2/PublicAssistanceFundedProjectsDetails,https://www.fema.gov/openfema-data-page/public-assistance-funded-projects-details-v2,2026-08-17T06:23:38Z
4899,2026-02-06T00:00:00.000Z,Winter Storm,548,DR4899MS- Grenada County- GT-Y Utility District- Work Completed,043-99043-00,F,Utilities,Eligible,Obligated,Small,Grenada County,043,MS,28,8493.53,6370.15,6370.15,2026-06-25T00:00:00.000Z,2026-06-25T00:00:00.000Z,0,1066782,277581,2026-07-23T18:44:06.680Z,b3a9caeb4b0b70e686d993ba49d31734728b0e2b,2026-02-06,2026-06-25,2026-06-25,2026-07-23T18:44:06Z,2026,02,1,2026,2026,139,0,true,Mississippi,4,Region 4 — Atlanta,Atlanta,"AL,FL,GA,KY,MS,NC,SC,TN",28,043,28043,Permanent Work,false,true,false,false,false,false,false,false,true,false,Winter weather,false,false,false,false,false,false,false,true,false,false,false,75.00,0.00,false,false,false,false,true,false,true,under_10k,https://www.fema.gov/api/open/v2/PublicAssistanceFundedProjectsDetails,https://www.fema.gov/openfema-data-page/public-assistance-funded-projects-details-v2,2026-08-17T06:23:38Z
4899,2026-02-06T00:00:00.000Z,Winter Storm,549,Natural Gasline Damage,139-77480-00,F,Utilities,Eligible,Obligated,Small,Tippah County,139,MS,28,101178.72,75884.04,75884.04,2026-06-22T00:00:00.000Z,2026-06-22T00:00:00.000Z,0,1066786,277820,2026-07-23T18:44:06.680Z,07fee566b98f6aab2ef22bc24d0e74f863ae036d,2026-02-06,2026-06-22,2026-06-22,2026-07-23T18:44:06Z,2026,02,1,2026,2026,136,0,true,Mississippi,4,Region 4 — Atlanta,Atlanta,"AL,FL,GA,KY,MS,NC,SC,TN",28,139,28139,Permanent Work,false,true,false,false,false,false,false,false,true,false,Winter weather,false,false,false,false,false,false,false,true,false,false,false,75.00,0.00,false,false,false,false,true,false,true,10k_to_100k,https://www.fema.gov/api/open/v2/PublicAssistanceFundedProjectsDetails,https://www.fema.gov/openfema-data-page/public-assistance-funded-projects-details-v2,2026-08-17T06:23:38Z
4899,2026-02-06T00:00:00.000Z,Winter Storm,551,Elevator Damages,000-UGDWG-00,E,Buildings and Equipment,Eligible,Obligated,Small,Bolivar County,011,MS,28,64500,48375,48375,2026-06-22T00:00:00.000Z,2026-06-22T00:00:00.000Z,0,1066788,277637,2026-07-23T18:44:06.680Z,6326e4c6c89ffe8de1c217c11c964e2ef9ed2176,2026-02-06,2026-06-22,2026-06-22,2026-07-23T18:44:06Z,2026,02,1,2026,2026,136,0,true,Mississippi,4,Region 4 — Atlanta,Atlanta,"AL,FL,GA,KY,MS,NC,SC,TN",28,011,28011,Permanent Work,false,true,false,false,false,false,false,true,false,false,Winter weather,false,false,false,false,false,false,false,true,false,false,false,75.00,0.00,false,false,false,false,true,false,true,10k_to_100k,https://www.fema.gov/api/open/v2/PublicAssistanceFundedProjectsDetails,https://www.fema.gov/openfema-data-page/public-assistance-funded-projects-details-v2,2026-08-17T06:23:38Z
4899,2026-02-06T00:00:00.000Z,Winter Storm,552,Parks in the Town of Walnut,139-77480-00,G,"Parks, Recreational Facilities, and Other Items",Eligible,Obligated,Small,Tippah County,139,MS,28,16981.96,12736.47,12736.47,2026-06-29T00:00:00.000Z,2026-06-29T00:00:00.000Z,0,1066798,277820,2026-07-23T18:44:06.680Z,3ebd460f6da6edb33da9af2191801876a7802dca,2026-02-06,2026-06-29,2026-06-29,2026-07-23T18:44:06Z,2026,02,1,2026,2026,143,0,true,Mississippi,4,Region 4 — Atlanta,Atlanta,"AL,FL,GA,KY,MS,NC,SC,TN",28,139,28139,Permanent Work,false,true,false,false,false,false,false,false,false,true,Winter weather,false,false,false,false,false,false,false,true,false,false,false,75.00,0.00,false,false,false,false,true,false,true,10k_to_100k,https://www.fema.gov/api/open/v2/PublicAssistanceFundedProjectsDetails,https://www.fema.gov/openfema-data-page/public-assistance-funded-projects-details-v2,2026-08-17T06:23:38Z
4899,2026-02-06T00:00:00.000Z,Winter Storm,556,Falkner Town Wells and Pump Repair from Severe Winter Storm,139-24220-00,F,Utilities,Eligible,Obligated,Small,Tippah County,139,MS,28,5000,3750,3750,2026-08-05T00:00:00.000Z,2026-08-05T00:00:00.000Z,0,1066810,277805,2026-08-06T15:19:50.545Z,f790cc6702214437b987c14e72635189d1fdefac,2026-02-06,2026-08-05,2026-08-05,2026-08-06T15:19:50Z,2026,02,1,2026,2026,180,0,true,Mississippi,4,Region 4 — Atlanta,Atlanta,"AL,FL,GA,KY,MS,NC,SC,TN",28,139,28139,Permanent Work,false,true,false,false,false,false,false,false,true,false,Winter weather,false,false,false,false,false,false,false,true,false,false,false,75.00,0.00,false,false,false,false,true,false,true,under_10k,https://www.fema.gov/api/open/v2/PublicAssistanceFundedProjectsDetails,https://www.fema.gov/openfema-data-page/public-assistance-funded-projects-details-v2,2026-08-17T06:23:38Z
4899,2026-02-06T00:00:00.000Z,Winter Storm,559,Extended use of Generator - Tippah EPA Headquarters,000-UBXEL-00,B,Emergency Protective Measures,Eligible,Obligated,Small,Statewide,139,MS,28,4493.26,3369.95,3369.95,2026-05-06T00:00:00.000Z,2026-05-06T00:00:00.000Z,0,1066815,277614,2026-07-23T18:44:06.680Z,367050fb20a3103ff80c6f47f0952a67a5f0d8c8,2026-02-06,2026-05-06,2026-05-06,2026-07-23T18:44:06Z,2026,02,1,2026,2026,89,0,true,Mississippi,4,Region 4 — Atlanta,Atlanta,"AL,FL,GA,KY,MS,NC,SC,TN",28,139,28139,Emergency Work,true,false,false,false,true,false,false,false,false,false,Winter weather,false,false,false,false,false,false,false,true,false,false,false,75.00,0.00,false,false,false,false,true,false,true,under_10k,https://www.fema.gov/api/open/v2/PublicAssistanceFundedProjectsDetails,https://www.fema.gov/openfema-data-page/public-assistance-funded-projects-details-v2,2026-08-17T06:23:38Z
4899,2026-02-06T00:00:00.000Z,Winter Storm,560,Yalobusha County - Contract WC Debris Removal 4/21 Thru 4/30/2026,161-99161-00,A,Debris Removal,Eligible,Obligated,Small,Yalobusha County,161,MS,28,612886.72,459665.04,459665.04,2026-07-17T00:00:00.000Z,2026-07-17T00:00:00.000Z,0,1066816,277590,2026-07-23T18:44:06.680Z,edabdacb4107be77ee7c3131c2d0418e50083606,2026-02-06,2026-07-17,2026-07-17,2026-07-23T18:44:06Z,2026,02,1,2026,2026,161,0,true,Mississippi,4,Region 4 — Atlanta,Atlanta,"AL,FL,GA,KY,MS,NC,SC,TN",28,161,28161,Emergency Work,true,false,false,true,false,false,false,false,false,false,Winter weather,false,false,false,false,false,false,false,true,false,false,false,75.00,0.00,false,false,false,false,true,false,true,100k_to_1m,https://www.fema.gov/api/open/v2/PublicAssistanceFundedProjectsDetails,https://www.fema.gov/openfema-data-page/public-assistance-funded-projects-details-v2,2026-08-17T06:23:38Z
4899,2026-02-06T00:00:00.000Z,Winter Storm,567,Leflore Contract WC Debris Removal 03-22-26 thru 04-04-26,083-99083-00,A,Debris Removal,Eligible,Obligated,Small,Leflore County,083,MS,28,995509.49,746632.12,746632.12,2026-07-17T00:00:00.000Z,2026-07-17T00:00:00.000Z,0,1066827,277598,2026-07-23T18:44:06.680Z,420455327de9a7c8b9b489dc17d0ad0a4aaf3a1d,2026-02-06,2026-07-17,2026-07-17,2026-07-23T18:44:06Z,2026,02,1,2026,2026,161,0,true,Mississippi,4,Region 4 — Atlanta,Atlanta,"AL,FL,GA,KY,MS,NC,SC,TN",28,083,28083,Emergency Work,true,false,false,true,false,false,false,false,false,false,Winter weather,false,false,false,false,false,false,false,true,false,false,false,75.00,0.00,false,false,false,false,true,false,true,100k_to_1m,https://www.fema.gov/api/open/v2/PublicAssistanceFundedProjectsDetails,https://www.fema.gov/openfema-data-page/public-assistance-funded-projects-details-v2,2026-08-17T06:23:38Z
4899,2026-02-06T00:00:00.000Z,Winter Storm,568,City of New Albany - Contract WC Debris Removal 03-22 thru 04-08-26,145-UFB3B-00,A,Debris Removal,Eligible,Obligated,Small,Union County,145,MS,28,759482.11,569611.59,569611.59,2026-07-17T00:00:00.000Z,2026-07-17T00:00:00.000Z,0,1066828,277660,2026-07-23T18:44:06.680Z,c7a3ee9638652716f4819702e6a40022d0bf967e,2026-02-06,2026-07-17,2026-07-17,2026-07-23T18:44:06Z,2026,02,1,2026,2026,161,0,true,Mississippi,4,Region 4 — Atlanta,Atlanta,"AL,FL,GA,KY,MS,NC,SC,TN",28,145,28145,Emergency Work,true,false,false,true,false,false,false,false,false,false,Winter weather,false,false,false,false,false,false,false,true,false,false,false,75.00,0.00,false,false,false,false,true,false,true,100k_to_1m,https://www.fema.gov/api/open/v2/PublicAssistanceFundedProjectsDetails,https://www.fema.gov/openfema-data-page/public-assistance-funded-projects-details-v2,2026-08-17T06:23:38Z
4899,2026-02-06T00:00:00.000Z,Winter Storm,570,DR4899MS- Oxford City- Contract Debris Removal 3/15 - 3/28- Work Completed,071-54840-00,A,Debris Removal,Eligible,Obligated,Small,Lafayette County,071,MS,28,783856.84,587892.63,587892.63,2026-07-08T00:00:00.000Z,2026-07-08T00:00:00.000Z,0,1066830,277559,2026-07-23T18:44:06.680Z,812a9a23899ed930d78f4f61f7cccedd5fb81586,2026-02-06,2026-07-08,2026-07-08,2026-07-23T18:44:06Z,2026,02,1,2026,2026,152,0,true,Mississippi,4,Region 4 — Atlanta,Atlanta,"AL,FL,GA,KY,MS,NC,SC,TN",28,071,28071,Emergency Work,true,false,false,true,false,false,false,false,false,false,Winter weather,false,false,false,false,false,false,false,true,false,false,false,75.00,0.00,false,false,false,false,true,false,true,100k_to_1m,https://www.fema.gov/api/open/v2/PublicAssistanceFundedProjectsDetails,https://www.fema.gov/openfema-data-page/public-assistance-funded-projects-details-v2,2026-08-17T06:23:38Z
4899,2026-02-06T00:00:00.000Z,Winter Storm,573,DR4899MS- Ole Miss- Contract- Debris Removal 3rd Time Period 3/22/26 thru 4/4/26- Work Completed,000-U4PDT-00,A,Debris Removal,Eligible,Obligated,Small,Lafayette County,071,MS,28,842441.41,631831.06,631831.06,2026-06-08T00:00:00.000Z,2026-06-08T00:00:00.000Z,0,1066833,277674,2026-07-23T18:44:06.680Z,243d9e44785f5393b014648463f0259bf9fad299,2026-02-06,2026-06-08,2026-06-08,2026-07-23T18:44:06Z,2026,02,1,2026,2026,122,0,true,Mississippi,4,Region 4 — Atlanta,Atlanta,"AL,FL,GA,KY,MS,NC,SC,TN",28,071,28071,Emergency Work,true,false,false,true,false,false,false,false,false,false,Winter weather,false,false,false,false,false,false,false,true,false,false,false,75.00,0.00,false,false,false,false,true,false,true,100k_to_1m,https://www.fema.gov/api/open/v2/PublicAssistanceFundedProjectsDetails,https://www.fema.gov/openfema-data-page/public-assistance-funded-projects-details-v2,2026-08-17T06:23:38Z
4899,2026-02-06T00:00:00.000Z,Winter Storm,574,4899 Winona - Debris Removal Contract thru 3/21/26,097-80760-00,A,Debris Removal,Eligible,Obligated,Small,Montgomery County,097,MS,28,845483.29,634112.47,634112.47,2026-07-08T00:00:00.000Z,2026-07-08T00:00:00.000Z,0,1066835,277746,2026-07-23T18:44:06.680Z,9d6bf64bdc2b47ed73b012b7dd7fc7fe8c1bb4c6,2026-02-06,2026-07-08,2026-07-08,2026-07-23T18:44:06Z,2026,02,1,2026,2026,152,0,true,Mississippi,4,Region 4 — Atlanta,Atlanta,"AL,FL,GA,KY,MS,NC,SC,TN",28,097,28097,Emergency Work,true,false,false,true,false,false,false,false,false,false,Winter weather,false,false,false,false,false,false,false,true,false,false,false,75.00,0.00,false,false,false,false,true,false,true,100k_to_1m,https://www.fema.gov/api/open/v2/PublicAssistanceFundedProjectsDetails,https://www.fema.gov/openfema-data-page/public-assistance-funded-projects-details-v2,2026-08-17T06:23:38Z
4899,2026-02-06T00:00:00.000Z,Winter Storm,577,Systemwide damage to Harmontown Water,107-U06SE-00,F,Utilities,Eligible,Obligated,Small,Panola County,107,MS,28,8936.07,6702.06,6702.06,2026-05-19T00:00:00.000Z,2026-05-19T00:00:00.000Z,0,1066845,277961,2026-07-23T18:44:06.680Z,eb20c9cf6bf9674f13767fad74a6a03d319bae0d,2026-02-06,2026-05-19,2026-05-19,2026-07-23T18:44:06Z,2026,02,1,2026,2026,102,0,true,Mississippi,4,Region 4 — Atlanta,Atlanta,"AL,FL,GA,KY,MS,NC,SC,TN",28,107,28107,Permanent Work,false,true,false,false,false,false,false,false,true,false,Winter weather,false,false,false,false,false,false,false,true,false,false,false,75.00,0.00,false,false,false,false,true,false,true,under_10k,https://www.fema.gov/api/open/v2/PublicAssistanceFundedProjectsDetails,https://www.fema.gov/openfema-data-page/public-assistance-funded-projects-details-v2,2026-08-17T06:23:38Z
4899,2026-02-06T00:00:00.000Z,Winter Storm,578,Emergency Protective Measures,049-99049-00,B,Emergency Protective Measures,Eligible,Obligated,Small,Hinds County,049,MS,28,12221.47,9166.11,9166.11,2026-08-05T00:00:00.000Z,2026-08-05T00:00:00.000Z,0,1066852,277640,2026-08-06T15:19:50.545Z,7bdefd3dcefd7170dc3280cf6a19d8322dbbe659,2026-02-06,2026-08-05,2026-08-05,2026-08-06T15:19:50Z,2026,02,1,2026,2026,180,0,true,Mississippi,4,Region 4 — Atlanta,Atlanta,"AL,FL,GA,KY,MS,NC,SC,TN",28,049,28049,Emergency Work,true,false,false,false,true,false,false,false,false,false,Winter weather,false,false,false,false,false,false,false,true,false,false,false,75.00,0.00,false,false,false,false,true,false,true,under_10k,https://www.fema.gov/api/open/v2/PublicAssistanceFundedProjectsDetails,https://www.fema.gov/openfema-data-page/public-assistance-funded-projects-details-v2,2026-08-17T06:23:38Z
4899,2026-02-06T00:00:00.000Z,Winter Storm,579,Contract WC Debris Removal from 3/29/26 to 4/8/26,145-UMX5T-00,A,Debris Removal,Eligible,Obligated,Small,Union County,145,MS,28,182722.07,137041.56,137041.56,2026-06-12T00:00:00.000Z,2026-06-12T00:00:00.000Z,0,1066854,277645,2026-07-23T18:44:06.680Z,9a4f34bbed8567d481e12c2550a88d4cc90e0b74,2026-02-06,2026-06-12,2026-06-12,2026-07-23T18:44:06Z,2026,02,1,2026,2026,126,0,true,Mississippi,4,Region 4 — Atlanta,Atlanta,"AL,FL,GA,KY,MS,NC,SC,TN",28,145,28145,Emergency Work,true,false,false,true,false,false,false,false,false,false,Winter weather,false,false,false,false,false,false,false,true,false,false,false,75.00,0.00,false,false,false,false,true,false,true,100k_to_1m,https://www.fema.gov/api/open/v2/PublicAssistanceFundedProjectsDetails,https://www.fema.gov/openfema-data-page/public-assistance-funded-projects-details-v2,2026-08-17T06:23:38Z
4899,2026-02-06T00:00:00.000Z,Winter Storm,584,Blue Mountain Well Repair,139-07060-00,F,Utilities,Eligible,Obligated,Small,Tippah County,139,MS,28,5934,4450.5,4450.5,2026-06-16T00:00:00.000Z,2026-06-16T00:00:00.000Z,0,1066866,277729,2026-07-23T18:44:06.680Z,47aa9f4579d55caf22e2323e53f9f9f894b1fc80,2026-02-06,2026-06-16,2026-06-16,2026-07-23T18:44:06Z,2026,02,1,2026,2026,130,0,true,Mississippi,4,Region 4 — Atlanta,Atlanta,"AL,FL,GA,KY,MS,NC,SC,TN",28,139,28139,Permanent Work,false,true,false,false,false,false,false,false,true,false,Winter weather,false,false,false,false,false,false,false,true,false,false,false,75.00,0.00,false,false,false,false,true,false,true,under_10k,https://www.fema.gov/api/open/v2/PublicAssistanceFundedProjectsDetails,https://www.fema.gov/openfema-data-page/public-assistance-funded-projects-details-v2,2026-08-17T06:23:38Z
4899,2026-02-06T00:00:00.000Z,Winter Storm,592,Donated Resources Dumas Pine Grove Water Association,139-U1VFX-00,B,Emergency Work Donated Resources,Eligible,Obligated,Small,Tippah County,139,MS,28,1775.82,1331.87,1331.87,2026-05-19T00:00:00.000Z,2026-05-19T00:00:00.000Z,0,1066895,277932,2026-07-23T18:44:06.680Z,24614ce5ea37fdb0f97e2dd8d05af90ea7d1a4c7,2026-02-06,2026-05-19,2026-05-19,2026-07-23T18:44:06Z,2026,02,1,2026,2026,102,0,true,Mississippi,4,Region 4 — Atlanta,Atlanta,"AL,FL,GA,KY,MS,NC,SC,TN",28,139,28139,Emergency Work,true,false,false,false,true,false,false,false,false,false,Winter weather,false,false,false,false,false,false,false,true,false,false,false,75.00,0.00,false,false,false,false,true,false,true,under_10k,https://www.fema.gov/api/open/v2/PublicAssistanceFundedProjectsDetails,https://www.fema.gov/openfema-data-page/public-assistance-funded-projects-details-v2,2026-08-17T06:23:38Z
4899,2026-02-06T00:00:00.000Z,Winter Storm,595,Debris Removal,125-01D3D-00,A,Debris Removal,Eligible,Obligated,Small,Sharkey County,125,MS,28,4850,3637.5,3637.5,2026-07-24T00:00:00.000Z,2026-07-24T00:00:00.000Z,0,1066900,277826,2026-07-25T15:08:16.660Z,6d99c27b862ba81151b69b3559d6f2de9ac1e40a,2026-02-06,2026-07-24,2026-07-24,2026-07-25T15:08:16Z,2026,02,1,2026,2026,168,0,true,Mississippi,4,Region 4 — Atlanta,Atlanta,"AL,FL,GA,KY,MS,NC,SC,TN",28,125,28125,Emergency Work,true,false,false,true,false,false,false,false,false,false,Winter weather,false,false,false,false,false,false,false,true,false,false,false,75.00,0.00,false,false,false,false,true,false,true,under_10k,https://www.fema.gov/api/open/v2/PublicAssistanceFundedProjectsDetails,https://www.fema.gov/openfema-data-page/public-assistance-funded-projects-details-v2,2026-08-17T06:23:38Z
4899,2026-02-06T00:00:00.000Z,Winter Storm,598,PSCYC - Lakeshore Street Lift Station Damages,163-U8MZE-00,F,Utilities,Eligible,Obligated,Small,Yazoo County,163,MS,28,7203.33,5402.5,5402.5,2026-07-01T00:00:00.000Z,2026-07-01T00:00:00.000Z,0,1066903,277803,2026-07-23T18:44:06.680Z,549747d1628daa8cf0da256df0a1325a704cc3fa,2026-02-06,2026-07-01,2026-07-01,2026-07-23T18:44:06Z,2026,02,1,2026,2026,145,0,true,Mississippi,4,Region 4 — Atlanta,Atlanta,"AL,FL,GA,KY,MS,NC,SC,TN",28,163,28163,Permanent Work,false,true,false,false,false,false,false,false,true,false,Winter weather,false,false,false,false,false,false,false,true,false,false,false,75.00,0.00,false,false,false,false,true,false,true,under_10k,https://www.fema.gov/api/open/v2/PublicAssistanceFundedProjectsDetails,https://www.fema.gov/openfema-data-page/public-assistance-funded-projects-details-v2,2026-08-17T06:23:38Z
4899,2026-02-06T00:00:00.000Z,Winter Storm,604,Cut-and-Toss Debris Removal and Temporary Generator Power – North Haven Water Association,145-UD4U6-00,B,Emergency Protective Measures,Eligible,Obligated,Small,Union County,145,MS,28,22061.43,16546.08,16546.08,2026-05-19T00:00:00.000Z,2026-05-19T00:00:00.000Z,0,1066920,278075,2026-07-23T18:44:06.680Z,22e2aeb4dbc10b36743f2a23a1a4a3fac13d20a5,2026-02-06,2026-05-19,2026-05-19,2026-07-23T18:44:06Z,2026,02,1,2026,2026,102,0,true,Mississippi,4,Region 4 — Atlanta,Atlanta,"AL,FL,GA,KY,MS,NC,SC,TN",28,145,28145,Emergency Work,true,false,false,false,true,false,false,false,false,false,Winter weather,false,false,false,false,false,false,false,true,false,false,false,75.00,0.00,false,false,false,false,true,false,true,10k_to_100k,https://www.fema.gov/api/open/v2/PublicAssistanceFundedProjectsDetails,https://www.fema.gov/openfema-data-page/public-assistance-funded-projects-details-v2,2026-08-17T06:23:38Z
4899,2026-02-06T00:00:00.000Z,Winter Storm,609,Management Costs,097-U50J0-00,Z,Management Costs,Eligible,Obligated,Small,Montgomery County,097,MS,28,411.81,411.81,411.81,2026-05-04T00:00:00.000Z,2026-05-04T00:00:00.000Z,0,1066932,277903,2026-07-23T18:44:06.680Z,9c9e2edf5b18a31c6b1db7812fec9051452530e9,2026-02-06,2026-05-04,2026-05-04,2026-07-23T18:44:06Z,2026,02,1,2026,2026,87,0,true,Mississippi,4,Region 4 — Atlanta,Atlanta,"AL,FL,GA,KY,MS,NC,SC,TN",28,097,28097,Management Costs,false,false,true,false,false,false,false,false,false,false,Winter weather,false,false,false,false,false,false,false,true,false,false,false,100.00,0.00,false,false,false,false,true,false,true,under_10k,https://www.fema.gov/api/open/v2/PublicAssistanceFundedProjectsDetails,https://www.fema.gov/openfema-data-page/public-assistance-funded-projects-details-v2,2026-08-17T06:23:38Z
4899,2026-02-06T00:00:00.000Z,Winter Storm,615,FA WC Debris 03-09-26 thru 04-12-26,145-UMX5T-00,A,Debris Removal,Eligible,Obligated,Small,Union County,145,MS,28,233596.08,175197.06,175197.06,2026-06-12T00:00:00.000Z,2026-06-12T00:00:00.000Z,0,1066963,277645,2026-07-23T18:44:06.680Z,b0f68b45bae0fad59949e3a93d4ebf8d561d778d,2026-02-06,2026-06-12,2026-06-12,2026-07-23T18:44:06Z,2026,02,1,2026,2026,126,0,true,Mississippi,4,Region 4 — Atlanta,Atlanta,"AL,FL,GA,KY,MS,NC,SC,TN",28,145,28145,Emergency Work,true,false,false,true,false,false,false,false,false,false,Winter weather,false,false,false,false,false,false,false,true,false,false,false,75.00,0.00,false,false,false,false,true,false,true,100k_to_1m,https://www.fema.gov/api/open/v2/PublicAssistanceFundedProjectsDetails,https://www.fema.gov/openfema-data-page/public-assistance-funded-projects-details-v2,2026-08-17T06:23:38Z
4899,2026-02-06T00:00:00.000Z,Winter Storm,621,Batesville Contract Cat A 4/8/26 thru 4/11/26,107-03620-00,A,Debris Removal,Eligible,Obligated,Small,Panola County,107,MS,28,91453.75,68590.32,68590.32,2026-07-09T00:00:00.000Z,2026-07-09T00:00:00.000Z,0,1066969,277628,2026-07-23T18:44:06.680Z,4d16c52ba34c3ea08f1438764fe01a13f3f927c6,2026-02-06,2026-07-09,2026-07-09,2026-07-23T18:44:06Z,2026,02,1,2026,2026,153,0,true,Mississippi,4,Region 4 — Atlanta,Atlanta,"AL,FL,GA,KY,MS,NC,SC,TN",28,107,28107,Emergency Work,true,false,false,true,false,false,false,false,false,false,Winter weather,false,false,false,false,false,false,false,true,false,false,false,75.00,0.00,false,false,false,false,true,false,true,10k_to_100k,https://www.fema.gov/api/open/v2/PublicAssistanceFundedProjectsDetails,https://www.fema.gov/openfema-data-page/public-assistance-funded-projects-details-v2,2026-08-17T06:23:38Z
4899,2026-02-06T00:00:00.000Z,Winter Storm,623,Water Valley- Contract WC Debris Removal 3/22/26 thru 4/25/26,161-78000-00,A,Debris Removal,Eligible,Obligated,Small,Yalobusha County,161,MS,28,394669.15,296001.87,296001.87,2026-07-17T00:00:00.000Z,2026-07-17T00:00:00.000Z,0,1066971,277584,2026-07-23T18:44:06.680Z,1e67e9554434aadbdb83f90284b66c8d83d22fa4,2026-02-06,2026-07-17,2026-07-17,2026-07-23T18:44:06Z,2026,02,1,2026,2026,161,0,true,Mississippi,4,Region 4 — Atlanta,Atlanta,"AL,FL,GA,KY,MS,NC,SC,TN",28,161,28161,Emergency Work,true,false,false,true,false,false,false,false,false,false,Winter weather,false,false,false,false,false,false,false,true,false,false,false,75.00,0.00,false,false,false,false,true,false,true,100k_to_1m,https://www.fema.gov/api/open/v2/PublicAssistanceFundedProjectsDetails,https://www.fema.gov/openfema-data-page/public-assistance-funded-projects-details-v2,2026-08-17T06:23:38Z
4899,2026-02-06T00:00:00.000Z,Winter Storm,626,“North Benton Water Association – Emergency Generator Power to Well”,009-UKFMS-00,B,Emergency Protective Measures,Eligible,Obligated,Small,Benton County,009,MS,28,5836,4377,4377,2026-05-23T00:00:00.000Z,2026-05-23T00:00:00.000Z,0,1066975,277779,2026-07-23T18:44:06.680Z,250ae39ef762b8008e383f422e4e267e5578fbe9,2026-02-06,2026-05-23,2026-05-23,2026-07-23T18:44:06Z,2026,02,1,2026,2026,106,0,true,Mississippi,4,Region 4 — Atlanta,Atlanta,"AL,FL,GA,KY,MS,NC,SC,TN",28,009,28009,Emergency Work,true,false,false,false,true,false,false,false,false,false,Winter weather,false,false,false,false,false,false,false,true,false,false,false,75.00,0.00,false,false,false,false,true,false,true,under_10k,https://www.fema.gov/api/open/v2/PublicAssistanceFundedProjectsDetails,https://www.fema.gov/openfema-data-page/public-assistance-funded-projects-details-v2,2026-08-17T06:23:38Z
4899,2026-02-06T00:00:00.000Z,Winter Storm,639,CAT B EPM - Generator Rental/Usage,071-UZT3L-00,B,Emergency Protective Measures,Eligible,Obligated,Small,Lafayette County,071,MS,28,4122.72,3092.04,3092.04,2026-07-17T00:00:00.000Z,2026-07-17T00:00:00.000Z,0,1067004,277918,2026-07-23T18:44:06.680Z,125b72be54ce4f052b11bab557361ea0d823dd4a,2026-02-06,2026-07-17,2026-07-17,2026-07-23T18:44:06Z,2026,02,1,2026,2026,161,0,true,Mississippi,4,Region 4 — Atlanta,Atlanta,"AL,FL,GA,KY,MS,NC,SC,TN",28,071,28071,Emergency Work,true,false,false,false,true,false,false,false,false,false,Winter weather,false,false,false,false,false,false,false,true,false,false,false,75.00,0.00,false,false,false,false,true,false,true,under_10k,https://www.fema.gov/api/open/v2/PublicAssistanceFundedProjectsDetails,https://www.fema.gov/openfema-data-page/public-assistance-funded-projects-details-v2,2026-08-17T06:23:38Z
4899,2026-02-06T00:00:00.000Z,Winter Storm,641,Lampton Well,011-67000-00,F,Utilities,Eligible,Obligated,Small,Bolivar County,011,MS,28,5000,3750,3750,2026-07-29T00:00:00.000Z,2026-07-29T00:00:00.000Z,0,1067006,278196,2026-07-30T15:10:03.208Z,53fd451eb2723d0ea77b66fc919d5ccde6795bd4,2026-02-06,2026-07-29,2026-07-29,2026-07-30T15:10:03Z,2026,02,1,2026,2026,173,0,true,Mississippi,4,Region 4 — Atlanta,Atlanta,"AL,FL,GA,KY,MS,NC,SC,TN",28,011,28011,Permanent Work,false,true,false,false,false,false,false,false,true,false,Winter weather,false,false,false,false,false,false,false,true,false,false,false,75.00,0.00,false,false,false,false,true,false,true,under_10k,https://www.fema.gov/api/open/v2/PublicAssistanceFundedProjectsDetails,https://www.fema.gov/openfema-data-page/public-assistance-funded-projects-details-v2,2026-08-17T06:23:38Z
4899,2026-02-06T00:00:00.000Z,Winter Storm,649,Booneville Contract Debris Removal 4/24/2026 thru 5/2/2026,117-07780-00,A,Debris Removal,Eligible,Obligated,Small,Prentiss County,117,MS,28,39310.77,29483.08,29483.08,2026-08-10T00:00:00.000Z,2026-08-10T00:00:00.000Z,0,1067019,277632,2026-08-12T15:21:33.184Z,58162ed8556e0b6edfc4499dfa50aa329503b3d9,2026-02-06,2026-08-10,2026-08-10,2026-08-12T15:21:33Z,2026,02,1,2026,2026,185,0,true,Mississippi,4,Region 4 — Atlanta,Atlanta,"AL,FL,GA,KY,MS,NC,SC,TN",28,117,28117,Emergency Work,true,false,false,true,false,false,false,false,false,false,Winter weather,false,false,false,false,false,false,false,true,false,false,false,75.00,0.00,false,false,false,false,true,false,true,10k_to_100k,https://www.fema.gov/api/open/v2/PublicAssistanceFundedProjectsDetails,https://www.fema.gov/openfema-data-page/public-assistance-funded-projects-details-v2,2026-08-17T06:23:38Z
4899,2026-02-06T00:00:00.000Z,Winter Storm,650,Water Valley Contract Debris Removal Normal Procurement 4/26 thru 5/5/26,161-78000-00,A,Debris Removal,Eligible,Obligated,Small,Yalobusha County,161,MS,28,62521.86,46891.4,46891.4,2026-06-30T00:00:00.000Z,2026-06-30T00:00:00.000Z,0,1067020,277584,2026-07-23T18:44:06.680Z,424c0a7c194433e8536da279d365b9e2bff33e0d,2026-02-06,2026-06-30,2026-06-30,2026-07-23T18:44:06Z,2026,02,1,2026,2026,144,0,true,Mississippi,4,Region 4 — Atlanta,Atlanta,"AL,FL,GA,KY,MS,NC,SC,TN",28,161,28161,Emergency Work,true,false,false,true,false,false,false,false,false,false,Winter weather,false,false,false,false,false,false,false,true,false,false,false,75.00,0.00,false,false,false,false,true,false,true,10k_to_100k,https://www.fema.gov/api/open/v2/PublicAssistanceFundedProjectsDetails,https://www.fema.gov/openfema-data-page/public-assistance-funded-projects-details-v2,2026-08-17T06:23:38Z
4899,2026-02-06T00:00:00.000Z,Winter Storm,657,EPM (Labor Hired/Contracted),051-99051-00,B,Emergency Protective Measures,Eligible,Pending Closeout Completion,Small,Holmes County,051,MS,28,52821,39615.75,39615.75,2026-05-19T00:00:00.000Z,2026-05-19T00:00:00.000Z,0,1067027,277623,2026-07-23T18:44:06.680Z,d7961354c89bb25dcd45e3e28e6b26f0d38bf286,2026-02-06,2026-05-19,2026-05-19,2026-07-23T18:44:06Z,2026,02,1,2026,2026,102,0,true,Mississippi,4,Region 4 — Atlanta,Atlanta,"AL,FL,GA,KY,MS,NC,SC,TN",28,051,28051,Emergency Work,true,false,false,false,true,false,false,false,false,false,Winter weather,false,false,false,false,false,false,false,true,false,false,false,75.00,0.00,false,false,false,false,true,false,true,10k_to_100k,https://www.fema.gov/api/open/v2/PublicAssistanceFundedProjectsDetails,https://www.fema.gov/openfema-data-page/public-assistance-funded-projects-details-v2,2026-08-17T06:23:38Z
4899,2026-02-06T00:00:00.000Z,Winter Storm,659,Lift Station Damages,051-99051-00,F,Utilities,Eligible,Obligated,Small,Holmes County,051,MS,28,22033.35,16525.02,16525.02,2026-07-21T00:00:00.000Z,2026-07-21T00:00:00.000Z,0,1067029,277623,2026-07-23T18:44:06.680Z,7c3e89b20f3f996530d20e5f83abd73d49379ac4,2026-02-06,2026-07-21,2026-07-21,2026-07-23T18:44:06Z,2026,02,1,2026,2026,165,0,true,Mississippi,4,Region 4 — Atlanta,Atlanta,"AL,FL,GA,KY,MS,NC,SC,TN",28,051,28051,Permanent Work,false,true,false,false,false,false,false,false,true,false,Winter weather,false,false,false,false,false,false,false,true,false,false,false,75.00,0.00,false,false,false,false,true,false,true,10k_to_100k,https://www.fema.gov/api/open/v2/PublicAssistanceFundedProjectsDetails,https://www.fema.gov/openfema-data-page/public-assistance-funded-projects-details-v2,2026-08-17T06:23:38Z
4899,2026-02-06T00:00:00.000Z,Winter Storm,661,4899 Kossuth Water - Cat B - Emergency Protective Measures,003-UM8T3-00,B,Emergency Protective Measures,Eligible,Obligated,Small,Alcorn County,003,MS,28,35516.25,26637.19,26637.19,2026-06-25T00:00:00.000Z,2026-06-25T00:00:00.000Z,0,1067042,277931,2026-07-23T18:44:06.680Z,d5b64542fab60805b9d8f3d24db720849bda9fc3,2026-02-06,2026-06-25,2026-06-25,2026-07-23T18:44:06Z,2026,02,1,2026,2026,139,0,true,Mississippi,4,Region 4 — Atlanta,Atlanta,"AL,FL,GA,KY,MS,NC,SC,TN",28,003,28003,Emergency Work,true,false,false,false,true,false,false,false,false,false,Winter weather,false,false,false,false,false,false,false,true,false,false,false,75.00,0.00,false,false,false,false,true,false,true,10k_to_100k,https://www.fema.gov/api/open/v2/PublicAssistanceFundedProjectsDetails,https://www.fema.gov/openfema-data-page/public-assistance-funded-projects-details-v2,2026-08-17T06:23:38Z
4899,2026-02-06T00:00:00.000Z,Winter Storm,662,City of Guntown City Wide Cat B,081-29940-00,B,Emergency Protective Measures,Eligible,Pending Closeout Completion,Small,Lee County,081,MS,28,11322.53,8491.9,8491.9,2026-05-28T00:00:00.000Z,2026-05-28T00:00:00.000Z,0,1067045,277923,2026-07-23T18:44:06.680Z,9397d7a0e98ddadb71044804a0c9fe5564010230,2026-02-06,2026-05-28,2026-05-28,2026-07-23T18:44:06Z,2026,02,1,2026,2026,111,0,true,Mississippi,4,Region 4 — Atlanta,Atlanta,"AL,FL,GA,KY,MS,NC,SC,TN",28,081,28081,Emergency Work,true,false,false,false,true,false,false,false,false,false,Winter weather,false,false,false,false,false,false,false,true,false,false,false,75.00,0.00,false,false,false,false,true,false,true,under_10k,https://www.fema.gov/api/open/v2/PublicAssistanceFundedProjectsDetails,https://www.fema.gov/openfema-data-page/public-assistance-funded-projects-details-v2,2026-08-17T06:23:38Z
4899,2026-02-06T00:00:00.000Z,Winter Storm,664,City Wide Cat B,081-02700-00,B,Emergency Protective Measures,Eligible,Obligated,Small,Lee County,081,MS,28,13356.06,10017.05,10017.05,2026-07-01T00:00:00.000Z,2026-07-01T00:00:00.000Z,0,1067048,277848,2026-07-23T18:44:06.680Z,b525f3917da85ff43bbabd697afd9800316b5bc6,2026-02-06,2026-07-01,2026-07-01,2026-07-23T18:44:06Z,2026,02,1,2026,2026,145,0,true,Mississippi,4,Region 4 — Atlanta,Atlanta,"AL,FL,GA,KY,MS,NC,SC,TN",28,081,28081,Emergency Work,true,false,false,false,true,false,false,false,false,false,Winter weather,false,false,false,false,false,false,false,true,false,false,false,75.00,0.00,false,false,false,false,true,false,true,10k_to_100k,https://www.fema.gov/api/open/v2/PublicAssistanceFundedProjectsDetails,https://www.fema.gov/openfema-data-page/public-assistance-funded-projects-details-v2,2026-08-17T06:23:38Z
4899,2026-02-06T00:00:00.000Z,Winter Storm,666,Kossuth Water Association - Donated Resources,003-UM8T3-00,B,Emergency Work Donated Resources,Eligible,Obligated,Small,Alcorn County,003,MS,28,13704.29,10278.22,10278.22,2026-07-01T00:00:00.000Z,2026-07-01T00:00:00.000Z,0,1067051,277931,2026-07-23T18:44:06.680Z,521affada3fc350889aa84edb4b6a64ec65e6244,2026-02-06,2026-07-01,2026-07-01,2026-07-23T18:44:06Z,2026,02,1,2026,2026,145,0,true,Mississippi,4,Region 4 — Atlanta,Atlanta,"AL,FL,GA,KY,MS,NC,SC,TN",28,003,28003,Emergency Work,true,false,false,false,true,false,false,false,false,false,Winter weather,false,false,false,false,false,false,false,true,false,false,false,75.00,0.00,false,false,false,false,true,false,true,10k_to_100k,https://www.fema.gov/api/open/v2/PublicAssistanceFundedProjectsDetails,https://www.fema.gov/openfema-data-page/public-assistance-funded-projects-details-v2,2026-08-17T06:23:38Z
4899,2026-02-06T00:00:00.000Z,Winter Storm,667,Districtwide R.O.W. Cut & Toss - Phase 3 (Contract),000-UBXEL-00,B,Emergency Protective Measures,Eligible,Obligated,Small,Statewide,139,MS,28,233085,174813.75,174813.75,2026-06-29T00:00:00.000Z,2026-06-29T00:00:00.000Z,0,1067055,277614,2026-07-23T18:44:06.680Z,3ba4fd7292f702571c139cb6f7e62483d1f83811,2026-02-06,2026-06-29,2026-06-29,2026-07-23T18:44:06Z,2026,02,1,2026,2026,143,0,true,Mississippi,4,Region 4 — Atlanta,Atlanta,"AL,FL,GA,KY,MS,NC,SC,TN",28,139,28139,Emergency Work,true,false,false,false,true,false,false,false,false,false,Winter weather,false,false,false,false,false,false,false,true,false,false,false,75.00,0.00,false,false,false,false,true,false,true,100k_to_1m,https://www.fema.gov/api/open/v2/PublicAssistanceFundedProjectsDetails,https://www.fema.gov/openfema-data-page/public-assistance-funded-projects-details-v2,2026-08-17T06:23:38Z
4899,2026-02-06T00:00:00.000Z,Winter Storm,670,"Plant 1, 2 & Service Area Repairs",071-UGTE8-00,F,Utilities,Eligible,Obligated,Small,Lafayette County,071,MS,28,12370.9,9278.18,9278.18,2026-07-15T00:00:00.000Z,2026-07-15T00:00:00.000Z,0,1067061,277891,2026-07-23T18:44:06.680Z,4af16a6cd1caeb095f6097c86c5258164fb684fa,2026-02-06,2026-07-15,2026-07-15,2026-07-23T18:44:06Z,2026,02,1,2026,2026,159,0,true,Mississippi,4,Region 4 — Atlanta,Atlanta,"AL,FL,GA,KY,MS,NC,SC,TN",28,071,28071,Permanent Work,false,true,false,false,false,false,false,false,true,false,Winter weather,false,false,false,false,false,false,false,true,false,false,false,75.00,0.00,false,false,false,false,true,false,true,under_10k,https://www.fema.gov/api/open/v2/PublicAssistanceFundedProjectsDetails,https://www.fema.gov/openfema-data-page/public-assistance-funded-projects-details-v2,2026-08-17T06:23:38Z
4899,2026-02-06T00:00:00.000Z,Winter Storm,671,Emergency Protective Measures (Temp Roof Repairs),011-00940-00,B,Emergency Protective Measures,Eligible,Obligated,Small,Bolivar County,011,MS,28,5126.09,3844.57,3844.57,2026-08-14T00:00:00.000Z,2026-08-14T00:00:00.000Z,0,1067062,278193,2026-08-15T15:26:12.016Z,903f3930037b76e789d4ed9f775b9822c523b320,2026-02-06,2026-08-14,2026-08-14,2026-08-15T15:26:12Z,2026,02,1,2026,2026,189,0,true,Mississippi,4,Region 4 — Atlanta,Atlanta,"AL,FL,GA,KY,MS,NC,SC,TN",28,011,28011,Emergency Work,true,false,false,false,true,false,false,false,false,false,Winter weather,false,false,false,false,false,false,false,true,false,false,false,75.00,0.00,false,false,false,false,true,false,true,under_10k,https://www.fema.gov/api/open/v2/PublicAssistanceFundedProjectsDetails,https://www.fema.gov/openfema-data-page/public-assistance-funded-projects-details-v2,2026-08-17T06:23:38Z
4899,2026-02-06T00:00:00.000Z,Winter Storm,677,Districtwide Emergency Response Services,000-U00F3-00,B,Emergency Protective Measures,Eligible,Obligated,Small,Lowndes County,087,MS,28,59633.41,44725.06,44725.06,2026-07-24T00:00:00.000Z,2026-07-24T00:00:00.000Z,0,1067076,277641,2026-07-25T15:08:16.660Z,96ad21fa7d2b1ceb1148f6171a330196bf9f51c8,2026-02-06,2026-07-24,2026-07-24,2026-07-25T15:08:16Z,2026,02,1,2026,2026,168,0,true,Mississippi,4,Region 4 — Atlanta,Atlanta,"AL,FL,GA,KY,MS,NC,SC,TN",28,087,28087,Emergency Work,true,false,false,false,true,false,false,false,false,false,Winter weather,false,false,false,false,false,false,false,true,false,false,false,75.00,0.00,false,false,false,false,true,false,true,10k_to_100k,https://www.fema.gov/api/open/v2/PublicAssistanceFundedProjectsDetails,https://www.fema.gov/openfema-data-page/public-assistance-funded-projects-details-v2,2026-08-17T06:23:38Z
4899,2026-02-06T00:00:00.000Z,Winter Storm,678,Districtwide R.O.W. Cut & Toss (Contract),000-U00F3-00,B,Emergency Protective Measures,Eligible,Obligated,Small,Lowndes County,087,MS,28,119490.07,89617.56,89617.56,2026-07-14T00:00:00.000Z,2026-07-14T00:00:00.000Z,0,1067079,277641,2026-07-23T18:44:06.680Z,1fda2877aa8c5fa4c712d445b416429a8bce86af,2026-02-06,2026-07-14,2026-07-14,2026-07-23T18:44:06Z,2026,02,1,2026,2026,158,0,true,Mississippi,4,Region 4 — Atlanta,Atlanta,"AL,FL,GA,KY,MS,NC,SC,TN",28,087,28087,Emergency Work,true,false,false,false,true,false,false,false,false,false,Winter weather,false,false,false,false,false,false,false,true,false,false,false,75.00,0.00,false,false,false,false,true,false,true,10k_to_100k,https://www.fema.gov/api/open/v2/PublicAssistanceFundedProjectsDetails,https://www.fema.gov/openfema-data-page/public-assistance-funded-projects-details-v2,2026-08-17T06:23:38Z
4899,2026-02-06T00:00:00.000Z,Winter Storm,680,DR4899MS- Ole Miss- EPM- Water Remediation- Work Completed,000-U4PDT-00,B,Emergency Protective Measures,Eligible,Obligated,Small,Lafayette County,071,MS,28,718180.91,538635.69,538635.69,2026-07-08T00:00:00.000Z,2026-07-08T00:00:00.000Z,0,1067086,277674,2026-07-23T18:44:06.680Z,d51f7f84c7cd1cb29670ed0bf08a98a4385c90e4,2026-02-06,2026-07-08,2026-07-08,2026-07-23T18:44:06Z,2026,02,1,2026,2026,152,0,true,Mississippi,4,Region 4 — Atlanta,Atlanta,"AL,FL,GA,KY,MS,NC,SC,TN",28,071,28071,Emergency Work,true,false,false,false,true,false,false,false,false,false,Winter weather,false,false,false,false,false,false,false,true,false,false,false,75.00,0.00,false,false,false,false,true,false,true,100k_to_1m,https://www.fema.gov/api/open/v2/PublicAssistanceFundedProjectsDetails,https://www.fema.gov/openfema-data-page/public-assistance-funded-projects-details-v2,2026-08-17T06:23:38Z
4899,2026-02-06T00:00:00.000Z,Winter Storm,682,Countywide Electrical Emergency Protective Measures – Chickasaw County,000-U00F7-00,B,Emergency Protective Measures,Eligible,Obligated,Small,Chickasaw County,017,MS,28,29932.19,22449.15,22449.15,2026-06-17T00:00:00.000Z,2026-06-17T00:00:00.000Z,0,1067089,277566,2026-07-23T18:44:06.680Z,41124eb1667ee913beaae28a6e2881b539670216,2026-02-06,2026-06-17,2026-06-17,2026-07-23T18:44:06Z,2026,02,1,2026,2026,131,0,true,Mississippi,4,Region 4 — Atlanta,Atlanta,"AL,FL,GA,KY,MS,NC,SC,TN",28,017,28017,Emergency Work,true,false,false,false,true,false,false,false,false,false,Winter weather,false,false,false,false,false,false,false,true,false,false,false,75.00,0.00,false,false,false,false,true,false,true,10k_to_100k,https://www.fema.gov/api/open/v2/PublicAssistanceFundedProjectsDetails,https://www.fema.gov/openfema-data-page/public-assistance-funded-projects-details-v2,2026-08-17T06:23:38Z
4899,2026-02-06T00:00:00.000Z,Winter Storm,684,DR4899MS- Grenada County- Sheriff's Department- Emergency Protective Measures- Work Completed,043-99043-00,B,Emergency Protective Measures,Eligible,Obligated,Small,Grenada County,043,MS,28,17046.84,12785.13,12785.13,2026-05-23T00:00:00.000Z,2026-05-23T00:00:00.000Z,0,1067095,277581,2026-07-23T18:44:06.680Z,cda2b1a1e16682c2fe981aa36bca81d3d22e1636,2026-02-06,2026-05-23,2026-05-23,2026-07-23T18:44:06Z,2026,02,1,2026,2026,106,0,true,Mississippi,4,Region 4 — Atlanta,Atlanta,"AL,FL,GA,KY,MS,NC,SC,TN",28,043,28043,Emergency Work,true,false,false,false,true,false,false,false,false,false,Winter weather,false,false,false,false,false,false,false,true,false,false,false,75.00,0.00,false,false,false,false,true,false,true,10k_to_100k,https://www.fema.gov/api/open/v2/PublicAssistanceFundedProjectsDetails,https://www.fema.gov/openfema-data-page/public-assistance-funded-projects-details-v2,2026-08-17T06:23:38Z
4899,2026-02-06T00:00:00.000Z,Winter Storm,689,Emergency Protective Measures,003-UTQDB-00,B,Emergency Protective Measures,Eligible,Obligated,Small,Alcorn County,003,MS,28,15711.7,11783.78,11783.78,2026-07-15T00:00:00.000Z,2026-07-15T00:00:00.000Z,0,1067106,277969,2026-07-23T18:44:06.680Z,cb08079edc693309537f77f548e23e5c263023f0,2026-02-06,2026-07-15,2026-07-15,2026-07-23T18:44:06Z,2026,02,1,2026,2026,159,0,true,Mississippi,4,Region 4 — Atlanta,Atlanta,"AL,FL,GA,KY,MS,NC,SC,TN",28,003,28003,Emergency Work,true,false,false,false,true,false,false,false,false,false,Winter weather,false,false,false,false,false,false,false,true,false,false,false,75.00,0.00,false,false,false,false,true,false,true,10k_to_100k,https://www.fema.gov/api/open/v2/PublicAssistanceFundedProjectsDetails,https://www.fema.gov/openfema-data-page/public-assistance-funded-projects-details-v2,2026-08-17T06:23:38Z
4899,2026-02-06T00:00:00.000Z,Winter Storm,691,DR4899MS- Oxford Utilities- Emergency Protective Measures- Work Completed,071-013C6-00,B,Emergency Protective Measures,Eligible,Obligated,Small,Lafayette County,071,MS,28,326515.9,244886.93,244886.93,2026-07-17T00:00:00.000Z,2026-07-17T00:00:00.000Z,0,1067108,277649,2026-07-23T18:44:06.680Z,b21b0f48029723214b4c10ecff2a93505258792d,2026-02-06,2026-07-17,2026-07-17,2026-07-23T18:44:06Z,2026,02,1,2026,2026,161,0,true,Mississippi,4,Region 4 — Atlanta,Atlanta,"AL,FL,GA,KY,MS,NC,SC,TN",28,071,28071,Emergency Work,true,false,false,false,true,false,false,false,false,false,Winter weather,false,false,false,false,false,false,false,true,false,false,false,75.00,0.00,false,false,false,false,true,false,true,100k_to_1m,https://www.fema.gov/api/open/v2/PublicAssistanceFundedProjectsDetails,https://www.fema.gov/openfema-data-page/public-assistance-funded-projects-details-v2,2026-08-17T06:23:38Z
4899,2026-02-06T00:00:00.000Z,Winter Storm,699,"Power Distribution & Fiber Restoration-North Tippah Co., MS",000-UAX3X-00,F,Utilities,Eligible,Obligated,Small,Hardeman County,069,MS,28,129858.83,97394.13,97394.13,2026-07-22T00:00:00.000Z,2026-07-22T00:00:00.000Z,0,1067130,277963,2026-07-23T18:44:06.680Z,4c7bb36a2c74875a412a9aa31304c2c3396b3051,2026-02-06,2026-07-22,2026-07-22,2026-07-23T18:44:06Z,2026,02,1,2026,2026,166,0,true,Mississippi,4,Region 4 — Atlanta,Atlanta,"AL,FL,GA,KY,MS,NC,SC,TN",28,069,28069,Permanent Work,false,true,false,false,false,false,false,false,true,false,Winter weather,false,false,false,false,false,false,false,true,false,false,false,75.00,0.00,false,false,false,false,true,false,true,10k_to_100k,https://www.fema.gov/api/open/v2/PublicAssistanceFundedProjectsDetails,https://www.fema.gov/openfema-data-page/public-assistance-funded-projects-details-v2,2026-08-17T06:23:38Z
4899,2026-02-06T00:00:00.000Z,Winter Storm,701,Tupelo Debris Removal,081-74840-00,A,Debris Removal,Eligible,Obligated,Small,Lee County,081,MS,28,332801.4,249601.05,249601.05,2026-07-17T00:00:00.000Z,2026-07-17T00:00:00.000Z,0,1067135,277972,2026-07-23T18:44:06.680Z,1e07ab29286ecfd0fdac4251cb842037d9a4726c,2026-02-06,2026-07-17,2026-07-17,2026-07-23T18:44:06Z,2026,02,1,2026,2026,161,0,true,Mississippi,4,Region 4 — Atlanta,Atlanta,"AL,FL,GA,KY,MS,NC,SC,TN",28,081,28081,Emergency Work,true,false,false,true,false,false,false,false,false,false,Winter weather,false,false,false,false,false,false,false,true,false,false,false,75.00,0.00,false,false,false,false,true,false,true,100k_to_1m,https://www.fema.gov/api/open/v2/PublicAssistanceFundedProjectsDetails,https://www.fema.gov/openfema-data-page/public-assistance-funded-projects-details-v2,2026-08-17T06:23:38Z
4899,2026-02-06T00:00:00.000Z,Winter Storm,702,DR4899MS- Oxford City- CAT A- Contract Work 4/26 - 5/16 Work Completed,071-54840-00,A,Debris Removal,Eligible,Obligated,Small,Lafayette County,071,MS,28,963171.93,722378.95,722378.95,2026-07-08T00:00:00.000Z,2026-07-08T00:00:00.000Z,0,1067140,277559,2026-07-23T18:44:06.680Z,7b282623e50a2e4649adbbac67b3c656f2a461b3,2026-02-06,2026-07-08,2026-07-08,2026-07-23T18:44:06Z,2026,02,1,2026,2026,152,0,true,Mississippi,4,Region 4 — Atlanta,Atlanta,"AL,FL,GA,KY,MS,NC,SC,TN",28,071,28071,Emergency Work,true,false,false,true,false,false,false,false,false,false,Winter weather,false,false,false,false,false,false,false,true,false,false,false,75.00,0.00,false,false,false,false,true,false,true,100k_to_1m,https://www.fema.gov/api/open/v2/PublicAssistanceFundedProjectsDetails,https://www.fema.gov/openfema-data-page/public-assistance-funded-projects-details-v2,2026-08-17T06:23:38Z
4899,2026-02-06T00:00:00.000Z,Winter Storm,705,Water lines and fence repairs,145-U3QZR-00,F,Utilities,Eligible,Obligated,Small,Union County,145,MS,28,92598,69448.5,69448.5,2026-07-22T00:00:00.000Z,2026-07-22T00:00:00.000Z,0,1067143,277989,2026-07-23T18:44:06.680Z,63f9537c70927cce1ebbdff03065a9281624f6e5,2026-02-06,2026-07-22,2026-07-22,2026-07-23T18:44:06Z,2026,02,1,2026,2026,166,0,true,Mississippi,4,Region 4 — Atlanta,Atlanta,"AL,FL,GA,KY,MS,NC,SC,TN",28,145,28145,Permanent Work,false,true,false,false,false,false,false,false,true,false,Winter weather,false,false,false,false,false,false,false,true,false,false,false,75.00,0.00,false,false,false,false,true,false,true,10k_to_100k,https://www.fema.gov/api/open/v2/PublicAssistanceFundedProjectsDetails,https://www.fema.gov/openfema-data-page/public-assistance-funded-projects-details-v2,2026-08-17T06:23:38Z
4899,2026-02-06T00:00:00.000Z,Winter Storm,707,Emergency Protective Measures – Generator Usage and Debris Cut/Push,107-UH5VG-00,B,Emergency Protective Measures,Eligible,Obligated,Small,Panola County,107,MS,28,13513.67,10135.26,10135.26,2026-08-05T00:00:00.000Z,2026-08-05T00:00:00.000Z,0,1067149,277962,2026-08-06T15:19:50.545Z,5c278be379efbba729b3407d4383046a5b892fc5,2026-02-06,2026-08-05,2026-08-05,2026-08-06T15:19:50Z,2026,02,1,2026,2026,180,0,true,Mississippi,4,Region 4 — Atlanta,Atlanta,"AL,FL,GA,KY,MS,NC,SC,TN",28,107,28107,Emergency Work,true,false,false,false,true,false,false,false,false,false,Winter weather,false,false,false,false,false,false,false,true,false,false,false,75.00,0.00,false,false,false,false,true,false,true,10k_to_100k,https://www.fema.gov/api/open/v2/PublicAssistanceFundedProjectsDetails,https://www.fema.gov/openfema-data-page/public-assistance-funded-projects-details-v2,2026-08-17T06:23:38Z
4899,2026-02-06T00:00:00.000Z,Winter Storm,716,DR4899MS- Grenada County- EMA- Civil Defense- Emergency Protective Measures- Work Completed,043-99043-00,B,Emergency Protective Measures,Eligible,Obligated,Small,Grenada County,043,MS,28,50915.85,38186.89,38186.89,2026-05-23T00:00:00.000Z,2026-05-23T00:00:00.000Z,0,1067163,277581,2026-07-23T18:44:06.680Z,6d42d682e58d9581d1f8e4e242d905599f676444,2026-02-06,2026-05-23,2026-05-23,2026-07-23T18:44:06Z,2026,02,1,2026,2026,106,0,true,Mississippi,4,Region 4 — Atlanta,Atlanta,"AL,FL,GA,KY,MS,NC,SC,TN",28,043,28043,Emergency Work,true,false,false,false,true,false,false,false,false,false,Winter weather,false,false,false,false,false,false,false,true,false,false,false,75.00,0.00,false,false,false,false,true,false,true,10k_to_100k,https://www.fema.gov/api/open/v2/PublicAssistanceFundedProjectsDetails,https://www.fema.gov/openfema-data-page/public-assistance-funded-projects-details-v2,2026-08-17T06:23:38Z
4899,2026-02-06T00:00:00.000Z,Winter Storm,717,Town Wide Debris,009-32020-00,A,Debris Removal,Eligible,Obligated,Small,Benton County,009,MS,28,29040.04,21780.03,21780.03,2026-06-12T00:00:00.000Z,2026-06-12T00:00:00.000Z,0,1067168,277849,2026-07-23T18:44:06.680Z,aff95606366a67148cde42eb5d2e3079c360ff2a,2026-02-06,2026-06-12,2026-06-12,2026-07-23T18:44:06Z,2026,02,1,2026,2026,126,0,true,Mississippi,4,Region 4 — Atlanta,Atlanta,"AL,FL,GA,KY,MS,NC,SC,TN",28,009,28009,Emergency Work,true,false,false,true,false,false,false,false,false,false,Winter weather,false,false,false,false,false,false,false,true,false,false,false,75.00,0.00,false,false,false,false,true,false,true,10k_to_100k,https://www.fema.gov/api/open/v2/PublicAssistanceFundedProjectsDetails,https://www.fema.gov/openfema-data-page/public-assistance-funded-projects-details-v2,2026-08-17T06:23:38Z
4899,2026-02-06T00:00:00.000Z,Winter Storm,718,Damage Metal Awnings,093-0019E-00,E,Buildings and Equipment,Eligible,Obligated,Small,Marshall County,093,MS,28,10000,7500,7500,2026-06-10T00:00:00.000Z,2026-06-10T00:00:00.000Z,0,1067172,277980,2026-07-23T18:44:06.680Z,7e698721f3823b2fc3af64a1ac5cd569fbcaa050,2026-02-06,2026-06-10,2026-06-10,2026-07-23T18:44:06Z,2026,02,1,2026,2026,124,0,true,Mississippi,4,Region 4 — Atlanta,Atlanta,"AL,FL,GA,KY,MS,NC,SC,TN",28,093,28093,Permanent Work,false,true,false,false,false,false,false,true,false,false,Winter weather,false,false,false,false,false,false,false,true,false,false,false,75.00,0.00,false,false,false,false,true,false,true,under_10k,https://www.fema.gov/api/open/v2/PublicAssistanceFundedProjectsDetails,https://www.fema.gov/openfema-data-page/public-assistance-funded-projects-details-v2,2026-08-17T06:23:38Z
4899,2026-02-06T00:00:00.000Z,Winter Storm,719,Temporary Repair to Water Line,145-UE1OU-00,B,Emergency Protective Measures,Eligible,Obligated,Small,Union County,145,MS,28,9682,7261.5,7261.5,2026-05-28T00:00:00.000Z,2026-05-28T00:00:00.000Z,0,1067184,277987,2026-07-23T18:44:06.680Z,8ae0898444c298fb92107e479ae4c8055a229e4c,2026-02-06,2026-05-28,2026-05-28,2026-07-23T18:44:06Z,2026,02,1,2026,2026,111,0,true,Mississippi,4,Region 4 — Atlanta,Atlanta,"AL,FL,GA,KY,MS,NC,SC,TN",28,145,28145,Emergency Work,true,false,false,false,true,false,false,false,false,false,Winter weather,false,false,false,false,false,false,false,true,false,false,false,75.00,0.00,false,false,false,false,true,false,true,under_10k,https://www.fema.gov/api/open/v2/PublicAssistanceFundedProjectsDetails,https://www.fema.gov/openfema-data-page/public-assistance-funded-projects-details-v2,2026-08-17T06:23:38Z
4899,2026-02-06T00:00:00.000Z,Winter Storm,721,NEMCC 2026002,117-UUSLD-00,B,Emergency Protective Measures,Eligible,Obligated,Small,Prentiss County,117,MS,28,7433.91,5575.44,5575.44,2026-05-29T00:00:00.000Z,2026-05-29T00:00:00.000Z,0,1067187,277846,2026-07-23T18:44:06.680Z,d8820ccdced5ba10f41d1afb1ac9af551349d4b1,2026-02-06,2026-05-29,2026-05-29,2026-07-23T18:44:06Z,2026,02,1,2026,2026,112,0,true,Mississippi,4,Region 4 — Atlanta,Atlanta,"AL,FL,GA,KY,MS,NC,SC,TN",28,117,28117,Emergency Work,true,false,false,false,true,false,false,false,false,false,Winter weather,false,false,false,false,false,false,false,true,false,false,false,75.00,0.00,false,false,false,false,true,false,true,under_10k,https://www.fema.gov/api/open/v2/PublicAssistanceFundedProjectsDetails,https://www.fema.gov/openfema-data-page/public-assistance-funded-projects-details-v2,2026-08-17T06:23:38Z
4899,2026-02-06T00:00:00.000Z,Winter Storm,723,Water line at Creek Crossing,145-UE1OU-00,F,Utilities,Eligible,Obligated,Small,Union County,145,MS,28,55500,41625,41625,2026-08-05T00:00:00.000Z,2026-08-05T00:00:00.000Z,0,1067191,277987,2026-08-06T15:19:50.545Z,4236ee1eaf8a95db7e994c135fbea7672b3a278e,2026-02-06,2026-08-05,2026-08-05,2026-08-06T15:19:50Z,2026,02,1,2026,2026,180,0,true,Mississippi,4,Region 4 — Atlanta,Atlanta,"AL,FL,GA,KY,MS,NC,SC,TN",28,145,28145,Permanent Work,false,true,false,false,false,false,false,false,true,false,Winter weather,false,false,false,false,false,false,false,true,false,false,false,75.00,0.00,false,false,false,false,true,false,true,10k_to_100k,https://www.fema.gov/api/open/v2/PublicAssistanceFundedProjectsDetails,https://www.fema.gov/openfema-data-page/public-assistance-funded-projects-details-v2,2026-08-17T06:23:38Z
4899,2026-02-06T00:00:00.000Z,Winter Storm,724,Multiple Water Line Repairs,145-UE1OU-00,F,Utilities,Eligible,Obligated,Small,Union County,145,MS,28,87049,65286.75,65286.75,2026-07-14T00:00:00.000Z,2026-07-14T00:00:00.000Z,0,1067193,277987,2026-07-23T18:44:06.680Z,d95f9077c0627d433de0f9ed66fa02dfc79ffaff,2026-02-06,2026-07-14,2026-07-14,2026-07-23T18:44:06Z,2026,02,1,2026,2026,158,0,true,Mississippi,4,Region 4 — Atlanta,Atlanta,"AL,FL,GA,KY,MS,NC,SC,TN",28,145,28145,Permanent Work,false,true,false,false,false,false,false,false,true,false,Winter weather,false,false,false,false,false,false,false,true,false,false,false,75.00,0.00,false,false,false,false,true,false,true,10k_to_100k,https://www.fema.gov/api/open/v2/PublicAssistanceFundedProjectsDetails,https://www.fema.gov/openfema-data-page/public-assistance-funded-projects-details-v2,2026-08-17T06:23:38Z
4899,2026-02-06T00:00:00.000Z,Winter Storm,733,Tupelo Emergency Procedures,081-74840-00,B,Emergency Protective Measures,Eligible,Obligated,Small,Lee County,081,MS,28,38320.17,28740.13,28740.13,2026-06-30T00:00:00.000Z,2026-06-30T00:00:00.000Z,0,1067217,277972,2026-07-23T18:44:06.680Z,1151ab69f97d6e04458031b1d326ef3cb7d448a0,2026-02-06,2026-06-30,2026-06-30,2026-07-23T18:44:06Z,2026,02,1,2026,2026,144,0,true,Mississippi,4,Region 4 — Atlanta,Atlanta,"AL,FL,GA,KY,MS,NC,SC,TN",28,081,28081,Emergency Work,true,false,false,false,true,false,false,false,false,false,Winter weather,false,false,false,false,false,false,false,true,false,false,false,75.00,0.00,false,false,false,false,true,false,true,10k_to_100k,https://www.fema.gov/api/open/v2/PublicAssistanceFundedProjectsDetails,https://www.fema.gov/openfema-data-page/public-assistance-funded-projects-details-v2,2026-08-17T06:23:38Z
4899,2026-02-06T00:00:00.000Z,Winter Storm,734,Concord Macedonia Permanent repairs to creek crossings,107-UH5VG-00,F,Utilities,Eligible,Obligated,Small,Panola County,107,MS,28,90300,67725,67725,2026-07-09T00:00:00.000Z,2026-07-09T00:00:00.000Z,0,1067223,277962,2026-07-23T18:44:06.680Z,000ad24e2de9186fc4e93f5255bb8d187f82fd73,2026-02-06,2026-07-09,2026-07-09,2026-07-23T18:44:06Z,2026,02,1,2026,2026,153,0,true,Mississippi,4,Region 4 — Atlanta,Atlanta,"AL,FL,GA,KY,MS,NC,SC,TN",28,107,28107,Permanent Work,false,true,false,false,false,false,false,false,true,false,Winter weather,false,false,false,false,false,false,false,true,false,false,false,75.00,0.00,false,false,false,false,true,false,true,10k_to_100k,https://www.fema.gov/api/open/v2/PublicAssistanceFundedProjectsDetails,https://www.fema.gov/openfema-data-page/public-assistance-funded-projects-details-v2,2026-08-17T06:23:38Z
4899,2026-02-06T00:00:00.000Z,Winter Storm,735,Benton County School District Debris Removal,009-UXFD1-00,A,Debris Removal,Eligible,Obligated,Small,Benton County,009,MS,28,8440.94,6330.71,6330.71,2026-07-29T00:00:00.000Z,2026-07-29T00:00:00.000Z,0,1067224,277821,2026-07-30T15:10:03.208Z,a1642893a8e16f449957576a2bfd46dc820fc675,2026-02-06,2026-07-29,2026-07-29,2026-07-30T15:10:03Z,2026,02,1,2026,2026,173,0,true,Mississippi,4,Region 4 — Atlanta,Atlanta,"AL,FL,GA,KY,MS,NC,SC,TN",28,009,28009,Emergency Work,true,false,false,true,false,false,false,false,false,false,Winter weather,false,false,false,false,false,false,false,true,false,false,false,75.00,0.00,false,false,false,false,true,false,true,under_10k,https://www.fema.gov/api/open/v2/PublicAssistanceFundedProjectsDetails,https://www.fema.gov/openfema-data-page/public-assistance-funded-projects-details-v2,2026-08-17T06:23:38Z
4899,2026-02-06T00:00:00.000Z,Winter Storm,738,Benton County School District Ashland High School Building,009-UXFD1-00,E,Buildings and Equipment,Eligible,Obligated,Small,Benton County,009,MS,28,10000,7500,7500,2026-07-21T00:00:00.000Z,2026-07-21T00:00:00.000Z,0,1067243,277821,2026-07-23T18:44:06.680Z,d14d7dfbdab47bf7eb9d98393a6921c185e2231e,2026-02-06,2026-07-21,2026-07-21,2026-07-23T18:44:06Z,2026,02,1,2026,2026,165,0,true,Mississippi,4,Region 4 — Atlanta,Atlanta,"AL,FL,GA,KY,MS,NC,SC,TN",28,009,28009,Permanent Work,false,true,false,false,false,false,false,true,false,false,Winter weather,false,false,false,false,false,false,false,true,false,false,false,75.00,0.00,false,false,false,false,true,false,true,under_10k,https://www.fema.gov/api/open/v2/PublicAssistanceFundedProjectsDetails,https://www.fema.gov/openfema-data-page/public-assistance-funded-projects-details-v2,2026-08-17T06:23:38Z
4899,2026-02-06T00:00:00.000Z,Winter Storm,739,4899 - Water Valley EC - Cat B - Mutual Aid Provided by Philadelphia Utilities,161-04659-00,B,Emergency Protective Measures,Eligible,Obligated,Small,Yalobusha County,161,MS,28,41190.13,30892.6,30892.6,2026-06-12T00:00:00.000Z,2026-06-12T00:00:00.000Z,0,1067248,277966,2026-07-23T18:44:06.680Z,1ff4f2c3dfcb6f955406012c6e98157afff54c40,2026-02-06,2026-06-12,2026-06-12,2026-07-23T18:44:06Z,2026,02,1,2026,2026,126,0,true,Mississippi,4,Region 4 — Atlanta,Atlanta,"AL,FL,GA,KY,MS,NC,SC,TN",28,161,28161,Emergency Work,true,false,false,false,true,false,false,false,false,false,Winter weather,false,false,false,false,false,false,false,true,false,false,false,75.00,0.00,false,false,false,false,true,false,true,10k_to_100k,https://www.fema.gov/api/open/v2/PublicAssistanceFundedProjectsDetails,https://www.fema.gov/openfema-data-page/public-assistance-funded-projects-details-v2,2026-08-17T06:23:38Z
4899,2026-02-06T00:00:00.000Z,Winter Storm,740,CAT B - EPM - Non-Congregate Sheltering,135-27660-00,B,Emergency Protective Measures,Eligible,Obligated,Small,Tallahatchie County,135,MS,28,4420.19,3315.15,3315.15,2026-06-08T00:00:00.000Z,2026-06-08T00:00:00.000Z,0,1067252,277615,2026-07-23T18:44:06.680Z,bb45f28a6d82a7db3ca3fa8182a8b9f7d0d48aa0,2026-02-06,2026-06-08,2026-06-08,2026-07-23T18:44:06Z,2026,02,1,2026,2026,122,0,true,Mississippi,4,Region 4 — Atlanta,Atlanta,"AL,FL,GA,KY,MS,NC,SC,TN",28,135,28135,Emergency Work,true,false,false,false,true,false,false,false,false,false,Winter weather,false,false,false,false,false,false,false,true,false,false,false,75.00,0.00,false,false,false,false,true,false,true,under_10k,https://www.fema.gov/api/open/v2/PublicAssistanceFundedProjectsDetails,https://www.fema.gov/openfema-data-page/public-assistance-funded-projects-details-v2,2026-08-17T06:23:38Z
4899,2026-02-06T00:00:00.000Z,Winter Storm,742,4899 - Water Valley EC - Cat B - Mutual Aid Provided by Russellville Electric Board,161-04659-00,B,Emergency Protective Measures,Eligible,Obligated,Small,Yalobusha County,161,MS,28,116408.53,87306.4,87306.4,2026-05-19T00:00:00.000Z,2026-05-19T00:00:00.000Z,0,1067256,277966,2026-07-23T18:44:06.680Z,3548b2a6d0d33300bd8ce2f23836edcedaa545fd,2026-02-06,2026-05-19,2026-05-19,2026-07-23T18:44:06Z,2026,02,1,2026,2026,102,0,true,Mississippi,4,Region 4 — Atlanta,Atlanta,"AL,FL,GA,KY,MS,NC,SC,TN",28,161,28161,Emergency Work,true,false,false,false,true,false,false,false,false,false,Winter weather,false,false,false,false,false,false,false,true,false,false,false,75.00,0.00,false,false,false,false,true,false,true,10k_to_100k,https://www.fema.gov/api/open/v2/PublicAssistanceFundedProjectsDetails,https://www.fema.gov/openfema-data-page/public-assistance-funded-projects-details-v2,2026-08-17T06:23:38Z
4899,2026-02-06T00:00:00.000Z,Winter Storm,745,Countywide Electrical Distribution System – Issaquena County,000-U00FE-00,F,Utilities,Eligible,Obligated,Small,Yazoo County,163,MS,28,44376.55,33282.42,33282.42,2026-08-10T00:00:00.000Z,2026-08-10T00:00:00.000Z,0,1067262,277715,2026-08-12T15:21:33.184Z,4aeb5e1114a66b4c387b655ca12f440acfcad15c,2026-02-06,2026-08-10,2026-08-10,2026-08-12T15:21:33Z,2026,02,1,2026,2026,185,0,true,Mississippi,4,Region 4 — Atlanta,Atlanta,"AL,FL,GA,KY,MS,NC,SC,TN",28,163,28163,Permanent Work,false,true,false,false,false,false,false,false,true,false,Winter weather,false,false,false,false,false,false,false,true,false,false,false,75.00,0.00,false,false,false,false,true,false,true,10k_to_100k,https://www.fema.gov/api/open/v2/PublicAssistanceFundedProjectsDetails,https://www.fema.gov/openfema-data-page/public-assistance-funded-projects-details-v2,2026-08-17T06:23:38Z
4899,2026-02-06T00:00:00.000Z,Winter Storm,747,Countywide Electrical Distribution System – Warren County,000-U00FE-00,F,Utilities,Eligible,Obligated,Small,Yazoo County,163,MS,28,110999.28,83249.46,83249.46,2026-08-14T00:00:00.000Z,2026-08-14T00:00:00.000Z,250,1067264,277715,2026-08-15T15:26:12.016Z,305f27ebf6d821944fbf31f23cac827692c2030f,2026-02-06,2026-08-14,2026-08-14,2026-08-15T15:26:12Z,2026,02,1,2026,2026,189,0,true,Mississippi,4,Region 4 — Atlanta,Atlanta,"AL,FL,GA,KY,MS,NC,SC,TN",28,163,28163,Permanent Work,false,true,false,false,false,false,false,false,true,false,Winter weather,false,false,false,false,false,false,false,true,false,false,false,75.00,0.23,true,false,false,false,true,false,true,10k_to_100k,https://www.fema.gov/api/open/v2/PublicAssistanceFundedProjectsDetails,https://www.fema.gov/openfema-data-page/public-assistance-funded-projects-details-v2,2026-08-17T06:23:38Z
4899,2026-02-06T00:00:00.000Z,Winter Storm,749,Security Lights System-wide,000-U00FE-00,G,"Parks, Recreational Facilities, and Other Items",Eligible,Obligated,Small,Yazoo County,163,MS,28,22082.67,16562.01,16562.01,2026-07-15T00:00:00.000Z,2026-07-15T00:00:00.000Z,0,1067266,277715,2026-07-23T18:44:06.680Z,858a4438f676ec20ef92aceba5a40321ebbcdd61,2026-02-06,2026-07-15,2026-07-15,2026-07-23T18:44:06Z,2026,02,1,2026,2026,159,0,true,Mississippi,4,Region 4 — Atlanta,Atlanta,"AL,FL,GA,KY,MS,NC,SC,TN",28,163,28163,Permanent Work,false,true,false,false,false,false,false,false,false,true,Winter weather,false,false,false,false,false,false,false,true,false,false,false,75.00,0.00,false,false,false,false,true,false,true,10k_to_100k,https://www.fema.gov/api/open/v2/PublicAssistanceFundedProjectsDetails,https://www.fema.gov/openfema-data-page/public-assistance-funded-projects-details-v2,2026-08-17T06:23:38Z
4899,2026-02-06T00:00:00.000Z,Winter Storm,762,EPM CUT and Toss with Temporary Repairs to Ground Wells with Temporary Generator,009-32020-00,B,Emergency Protective Measures,Eligible,Obligated,Small,Benton County,009,MS,28,63198.86,47399.15,47399.15,2026-06-25T00:00:00.000Z,2026-06-25T00:00:00.000Z,0,1067284,277849,2026-07-23T18:44:06.680Z,c7d7e757953e77c037b7a038972a9474139020dc,2026-02-06,2026-06-25,2026-06-25,2026-07-23T18:44:06Z,2026,02,1,2026,2026,139,0,true,Mississippi,4,Region 4 — Atlanta,Atlanta,"AL,FL,GA,KY,MS,NC,SC,TN",28,009,28009,Emergency Work,true,false,false,false,true,false,false,false,false,false,Winter weather,false,false,false,false,false,false,false,true,false,false,false,75.00,0.00,false,false,false,false,true,false,true,10k_to_100k,https://www.fema.gov/api/open/v2/PublicAssistanceFundedProjectsDetails,https://www.fema.gov/openfema-data-page/public-assistance-funded-projects-details-v2,2026-08-17T06:23:38Z
4899,2026-02-06T00:00:00.000Z,Winter Storm,774,Yalobusha County - FA Debris Operations Dist 3 time period 1,161-99161-00,A,Debris Removal,Eligible,Obligated,Small,Yalobusha County,161,MS,28,94178.48,70633.86,70633.86,2026-08-06T00:00:00.000Z,2026-08-06T00:00:00.000Z,0,1067298,277590,2026-08-07T15:23:14.370Z,a02543f70dcb7029492839603f5ec58e3a9a2495,2026-02-06,2026-08-06,2026-08-06,2026-08-07T15:23:14Z,2026,02,1,2026,2026,181,0,true,Mississippi,4,Region 4 — Atlanta,Atlanta,"AL,FL,GA,KY,MS,NC,SC,TN",28,161,28161,Emergency Work,true,false,false,true,false,false,false,false,false,false,Winter weather,false,false,false,false,false,false,false,true,false,false,false,75.00,0.00,false,false,false,false,true,false,true,10k_to_100k,https://www.fema.gov/api/open/v2/PublicAssistanceFundedProjectsDetails,https://www.fema.gov/openfema-data-page/public-assistance-funded-projects-details-v2,2026-08-17T06:23:38Z
4899,2026-02-06T00:00:00.000Z,Winter Storm,791,Como Damage to buildings town wide.,107-15500-00,E,Buildings and Equipment,Eligible,Obligated,Small,Panola County,107,MS,28,5000,3750,3750,2026-08-14T00:00:00.000Z,2026-08-14T00:00:00.000Z,0,1067320,277986,2026-08-15T15:26:12.016Z,0438cdaaf0169f1ad34da5a69ee49566cceb46ed,2026-02-06,2026-08-14,2026-08-14,2026-08-15T15:26:12Z,2026,02,1,2026,2026,189,0,true,Mississippi,4,Region 4 — Atlanta,Atlanta,"AL,FL,GA,KY,MS,NC,SC,TN",28,107,28107,Permanent Work,false,true,false,false,false,false,false,true,false,false,Winter weather,false,false,false,false,false,false,false,true,false,false,false,75.00,0.00,false,false,false,false,true,false,true,under_10k,https://www.fema.gov/api/open/v2/PublicAssistanceFundedProjectsDetails,https://www.fema.gov/openfema-data-page/public-assistance-funded-projects-details-v2,2026-08-17T06:23:38Z
4899,2026-02-06T00:00:00.000Z,Winter Storm,792,Como - Damage to Water/Sewer System,107-15500-00,F,Utilities,Eligible,Obligated,Small,Panola County,107,MS,28,8900,6675,6675,2026-08-14T00:00:00.000Z,2026-08-14T00:00:00.000Z,0,1067322,277986,2026-08-15T15:26:12.016Z,9134a7eae82ae8ea33aa0573cfab11734e25c345,2026-02-06,2026-08-14,2026-08-14,2026-08-15T15:26:12Z,2026,02,1,2026,2026,189,0,true,Mississippi,4,Region 4 — Atlanta,Atlanta,"AL,FL,GA,KY,MS,NC,SC,TN",28,107,28107,Permanent Work,false,true,false,false,false,false,false,false,true,false,Winter weather,false,false,false,false,false,false,false,true,false,false,false,75.00,0.00,false,false,false,false,true,false,true,under_10k,https://www.fema.gov/api/open/v2/PublicAssistanceFundedProjectsDetails,https://www.fema.gov/openfema-data-page/public-assistance-funded-projects-details-v2,2026-08-17T06:23:38Z
4899,2026-02-06T00:00:00.000Z,Winter Storm,800,Building 4 - EOC/Extension Main Building - Roof Damages - 100% Complete,097-99097-00,E,Buildings and Equipment,Eligible,Obligated,Small,Montgomery County,097,MS,28,22479,16859.25,16859.25,2026-07-06T00:00:00.000Z,2026-07-06T00:00:00.000Z,7479,1067335,277589,2026-07-23T18:44:06.680Z,0e3b2de4930a67bf37e490f8a45a06645077d7fd,2026-02-06,2026-07-06,2026-07-06,2026-07-23T18:44:06Z,2026,02,1,2026,2026,150,0,true,Mississippi,4,Region 4 — Atlanta,Atlanta,"AL,FL,GA,KY,MS,NC,SC,TN",28,097,28097,Permanent Work,false,true,false,false,false,false,false,true,false,false,Winter weather,false,false,false,false,false,false,false,true,false,false,false,75.00,33.27,true,false,false,false,true,false,true,10k_to_100k,https://www.fema.gov/api/open/v2/PublicAssistanceFundedProjectsDetails,https://www.fema.gov/openfema-data-page/public-assistance-funded-projects-details-v2,2026-08-17T06:23:38Z
4899,2026-02-06T00:00:00.000Z,Winter Storm,805,Emergency Protective Measures - Generators 01-24 thru 01-28,083-29340-00,B,Emergency Protective Measures,Eligible,Obligated,Small,Leflore County,083,MS,28,41866.57,31399.93,31399.93,2026-06-04T00:00:00.000Z,2026-06-04T00:00:00.000Z,0,1067359,277610,2026-07-23T18:44:06.680Z,006e5ce3e5199a89a1c9bffbc9f99b3672f57d02,2026-02-06,2026-06-04,2026-06-04,2026-07-23T18:44:06Z,2026,02,1,2026,2026,118,0,true,Mississippi,4,Region 4 — Atlanta,Atlanta,"AL,FL,GA,KY,MS,NC,SC,TN",28,083,28083,Emergency Work,true,false,false,false,true,false,false,false,false,false,Winter weather,false,false,false,false,false,false,false,true,false,false,false,75.00,0.00,false,false,false,false,true,false,true,10k_to_100k,https://www.fema.gov/api/open/v2/PublicAssistanceFundedProjectsDetails,https://www.fema.gov/openfema-data-page/public-assistance-funded-projects-details-v2,2026-08-17T06:23:38Z
4899,2026-02-06T00:00:00.000Z,Winter Storm,806,Generator Repair,003-UM8T3-00,E,Buildings and Equipment,Eligible,Obligated,Small,Alcorn County,003,MS,28,11400.78,8550.59,8550.59,2026-06-04T00:00:00.000Z,2026-06-04T00:00:00.000Z,0,1067362,277931,2026-07-23T18:44:06.680Z,6396e660b27983c441404de36c6d70654afbd56c,2026-02-06,2026-06-04,2026-06-04,2026-07-23T18:44:06Z,2026,02,1,2026,2026,118,0,true,Mississippi,4,Region 4 — Atlanta,Atlanta,"AL,FL,GA,KY,MS,NC,SC,TN",28,003,28003,Permanent Work,false,true,false,false,false,false,false,true,false,false,Winter weather,false,false,false,false,false,false,false,true,false,false,false,75.00,0.00,false,false,false,false,true,false,true,under_10k,https://www.fema.gov/api/open/v2/PublicAssistanceFundedProjectsDetails,https://www.fema.gov/openfema-data-page/public-assistance-funded-projects-details-v2,2026-08-17T06:23:38Z
4899,2026-02-06T00:00:00.000Z,Winter Storm,816,"Well Pump, Generator & Power Outages Damage",115-21340-00,F,Utilities,Eligible,Obligated,Small,Pontotoc County,115,MS,28,69422,52066.5,52066.5,2026-07-23T00:00:00.000Z,2026-07-23T00:00:00.000Z,64422,1067381,277765,2026-07-24T15:07:02.020Z,764528515c72d96b34af04679a76221b89930069,2026-02-06,2026-07-23,2026-07-23,2026-07-24T15:07:02Z,2026,02,1,2026,2026,167,0,true,Mississippi,4,Region 4 — Atlanta,Atlanta,"AL,FL,GA,KY,MS,NC,SC,TN",28,115,28115,Permanent Work,false,true,false,false,false,false,false,false,true,false,Winter weather,false,false,false,false,false,false,false,true,false,false,false,75.00,92.80,true,false,false,false,true,false,true,10k_to_100k,https://www.fema.gov/api/open/v2/PublicAssistanceFundedProjectsDetails,https://www.fema.gov/openfema-data-page/public-assistance-funded-projects-details-v2,2026-08-17T06:23:38Z
4899,2026-02-06T00:00:00.000Z,Winter Storm,817,Crenshaw building Damages,107-16460-00,E,Buildings and Equipment,Eligible,Obligated,Small,Panola County,107,MS,28,44226,33169.5,33169.5,2026-07-21T00:00:00.000Z,2026-07-21T00:00:00.000Z,34226,1067384,277988,2026-07-23T18:44:06.680Z,b1d1f26ecfaf33647a7e48b48453950fc9e1e51a,2026-02-06,2026-07-21,2026-07-21,2026-07-23T18:44:06Z,2026,02,1,2026,2026,165,0,true,Mississippi,4,Region 4 — Atlanta,Atlanta,"AL,FL,GA,KY,MS,NC,SC,TN",28,107,28107,Permanent Work,false,true,false,false,false,false,false,true,false,false,Winter weather,false,false,false,false,false,false,false,true,false,false,false,75.00,77.39,true,false,false,false,true,false,true,10k_to_100k,https://www.fema.gov/api/open/v2/PublicAssistanceFundedProjectsDetails,https://www.fema.gov/openfema-data-page/public-assistance-funded-projects-details-v2,2026-08-17T06:23:38Z
4899,2026-02-06T00:00:00.000Z,Winter Storm,827,Yalobusha EPM District 1,161-99161-00,B,Emergency Protective Measures,Eligible,Obligated,Small,Yalobusha County,161,MS,28,98039.68,73529.76,73529.76,2026-05-29T00:00:00.000Z,2026-05-29T00:00:00.000Z,0,1067405,277590,2026-07-23T18:44:06.680Z,658ed3b3dcb506225ae3bf473ed567ba228ae40a,2026-02-06,2026-05-29,2026-05-29,2026-07-23T18:44:06Z,2026,02,1,2026,2026,112,0,true,Mississippi,4,Region 4 — Atlanta,Atlanta,"AL,FL,GA,KY,MS,NC,SC,TN",28,161,28161,Emergency Work,true,false,false,false,true,false,false,false,false,false,Winter weather,false,false,false,false,false,false,false,true,false,false,false,75.00,0.00,false,false,false,false,true,false,true,10k_to_100k,https://www.fema.gov/api/open/v2/PublicAssistanceFundedProjectsDetails,https://www.fema.gov/openfema-data-page/public-assistance-funded-projects-details-v2,2026-08-17T06:23:38Z
4899,2026-02-06T00:00:00.000Z,Winter Storm,828,Yalobusha EPM District 2,161-99161-00,B,Emergency Protective Measures,Eligible,Obligated,Small,Yalobusha County,161,MS,28,43455.67,32591.76,32591.76,2026-06-04T00:00:00.000Z,2026-06-04T00:00:00.000Z,0,1067406,277590,2026-07-23T18:44:06.680Z,4a2904cf234c1c89fab1ac3f791f0bdab2eaf657,2026-02-06,2026-06-04,2026-06-04,2026-07-23T18:44:06Z,2026,02,1,2026,2026,118,0,true,Mississippi,4,Region 4 — Atlanta,Atlanta,"AL,FL,GA,KY,MS,NC,SC,TN",28,161,28161,Emergency Work,true,false,false,false,true,false,false,false,false,false,Winter weather,false,false,false,false,false,false,false,true,false,false,false,75.00,0.00,false,false,false,false,true,false,true,10k_to_100k,https://www.fema.gov/api/open/v2/PublicAssistanceFundedProjectsDetails,https://www.fema.gov/openfema-data-page/public-assistance-funded-projects-details-v2,2026-08-17T06:23:38Z
4899,2026-02-06T00:00:00.000Z,Winter Storm,829,Yalobusha EPM District 3,161-99161-00,B,Emergency Protective Measures,Eligible,Obligated,Small,Yalobusha County,161,MS,28,167207.19,125405.4,125405.4,2026-06-29T00:00:00.000Z,2026-06-29T00:00:00.000Z,0,1067407,277590,2026-07-23T18:44:06.680Z,b32e2c814cd53125ad69c023a0aa0a182d2cf8bc,2026-02-06,2026-06-29,2026-06-29,2026-07-23T18:44:06Z,2026,02,1,2026,2026,143,0,true,Mississippi,4,Region 4 — Atlanta,Atlanta,"AL,FL,GA,KY,MS,NC,SC,TN",28,161,28161,Emergency Work,true,false,false,false,true,false,false,false,false,false,Winter weather,false,false,false,false,false,false,false,true,false,false,false,75.00,0.00,false,false,false,false,true,false,true,100k_to_1m,https://www.fema.gov/api/open/v2/PublicAssistanceFundedProjectsDetails,https://www.fema.gov/openfema-data-page/public-assistance-funded-projects-details-v2,2026-08-17T06:23:38Z
4899,2026-02-06T00:00:00.000Z,Winter Storm,830,Yalobusha EPM District 4,161-99161-00,B,Emergency Protective Measures,Eligible,Obligated,Small,Yalobusha County,161,MS,28,37072.78,27804.59,27804.59,2026-08-06T00:00:00.000Z,2026-08-06T00:00:00.000Z,0,1067408,277590,2026-08-07T15:23:14.370Z,c53ef05e15d5365534de0f2ba5b5167f5a8c66d8,2026-02-06,2026-08-06,2026-08-06,2026-08-07T15:23:14Z,2026,02,1,2026,2026,181,0,true,Mississippi,4,Region 4 — Atlanta,Atlanta,"AL,FL,GA,KY,MS,NC,SC,TN",28,161,28161,Emergency Work,true,false,false,false,true,false,false,false,false,false,Winter weather,false,false,false,false,false,false,false,true,false,false,false,75.00,0.00,false,false,false,false,true,false,true,10k_to_100k,https://www.fema.gov/api/open/v2/PublicAssistanceFundedProjectsDetails,https://www.fema.gov/openfema-data-page/public-assistance-funded-projects-details-v2,2026-08-17T06:23:38Z
4899,2026-02-06T00:00:00.000Z,Winter Storm,831,Yalobusha EPM District 5,161-99161-00,B,Emergency Protective Measures,Eligible,Obligated,Small,Yalobusha County,161,MS,28,29812.23,22359.18,22359.18,2026-07-01T00:00:00.000Z,2026-07-01T00:00:00.000Z,0,1067409,277590,2026-07-23T18:44:06.680Z,55863d950a6acea85ab2ecf4a2141e16c369863c,2026-02-06,2026-07-01,2026-07-01,2026-07-23T18:44:06Z,2026,02,1,2026,2026,145,0,true,Mississippi,4,Region 4 — Atlanta,Atlanta,"AL,FL,GA,KY,MS,NC,SC,TN",28,161,28161,Emergency Work,true,false,false,false,true,false,false,false,false,false,Winter weather,false,false,false,false,false,false,false,true,false,false,false,75.00,0.00,false,false,false,false,true,false,true,10k_to_100k,https://www.fema.gov/api/open/v2/PublicAssistanceFundedProjectsDetails,https://www.fema.gov/openfema-data-page/public-assistance-funded-projects-details-v2,2026-08-17T06:23:38Z
4899,2026-02-06T00:00:00.000Z,Winter Storm,835,Town of Ecru - Emergency Protective Measures,115-21340-00,B,Emergency Protective Measures,Eligible,Obligated,Small,Pontotoc County,115,MS,28,13535.08,10151.31,10151.31,2026-07-23T00:00:00.000Z,2026-07-23T00:00:00.000Z,0,1067435,277765,2026-07-24T15:07:02.020Z,24619d8f6ef5dc44eeca5e856a46272b37413056,2026-02-06,2026-07-23,2026-07-23,2026-07-24T15:07:02Z,2026,02,1,2026,2026,167,0,true,Mississippi,4,Region 4 — Atlanta,Atlanta,"AL,FL,GA,KY,MS,NC,SC,TN",28,115,28115,Emergency Work,true,false,false,false,true,false,false,false,false,false,Winter weather,false,false,false,false,false,false,false,true,false,false,false,75.00,0.00,false,false,false,false,true,false,true,10k_to_100k,https://www.fema.gov/api/open/v2/PublicAssistanceFundedProjectsDetails,https://www.fema.gov/openfema-data-page/public-assistance-funded-projects-details-v2,2026-08-17T06:23:38Z
4899,2026-02-06T00:00:00.000Z,Winter Storm,840,Work Completed for Well #1 & Sewer damage.,115-21340-00,F,Utilities,Eligible,Obligated,Small,Pontotoc County,115,MS,28,7796.11,5847.09,5847.09,2026-07-24T00:00:00.000Z,2026-07-24T00:00:00.000Z,0,1067464,277765,2026-07-25T15:08:16.660Z,052263a7523317cf30e60472ff884f5f0c4ea081,2026-02-06,2026-07-24,2026-07-24,2026-07-25T15:08:16Z,2026,02,1,2026,2026,168,0,true,Mississippi,4,Region 4 — Atlanta,Atlanta,"AL,FL,GA,KY,MS,NC,SC,TN",28,115,28115,Permanent Work,false,true,false,false,false,false,false,false,true,false,Winter weather,false,false,false,false,false,false,false,true,false,false,false,75.00,0.00,false,false,false,false,true,false,true,under_10k,https://www.fema.gov/api/open/v2/PublicAssistanceFundedProjectsDetails,https://www.fema.gov/openfema-data-page/public-assistance-funded-projects-details-v2,2026-08-17T06:23:38Z
4899,2026-02-06T00:00:00.000Z,Winter Storm,842,Library and Fence Project,003-UTQDB-00,E,Buildings and Equipment,Eligible,Obligated,Small,Alcorn County,003,MS,28,4624.38,3468.29,3468.29,2026-07-23T00:00:00.000Z,2026-07-23T00:00:00.000Z,0,1067472,277969,2026-07-24T15:07:02.020Z,351140ddef76a9a2f254aa73530591f58a49d5f2,2026-02-06,2026-07-23,2026-07-23,2026-07-24T15:07:02Z,2026,02,1,2026,2026,167,0,true,Mississippi,4,Region 4 — Atlanta,Atlanta,"AL,FL,GA,KY,MS,NC,SC,TN",28,003,28003,Permanent Work,false,true,false,false,false,false,false,true,false,false,Winter weather,false,false,false,false,false,false,false,true,false,false,false,75.00,0.00,false,false,false,false,true,false,true,under_10k,https://www.fema.gov/api/open/v2/PublicAssistanceFundedProjectsDetails,https://www.fema.gov/openfema-data-page/public-assistance-funded-projects-details-v2,2026-08-17T06:23:38Z
4899,2026-02-06T00:00:00.000Z,Winter Storm,845,Donated Generator,003-0414F-00,B,Emergency Work Donated Resources,Eligible,Obligated,Small,Alcorn County,003,MS,28,1539.56,1154.68,1154.68,2026-06-29T00:00:00.000Z,2026-06-29T00:00:00.000Z,0,1067497,277900,2026-07-23T18:44:06.680Z,56588b47523b7d490ff23bdd5ac97984502b6e8a,2026-02-06,2026-06-29,2026-06-29,2026-07-23T18:44:06Z,2026,02,1,2026,2026,143,0,true,Mississippi,4,Region 4 — Atlanta,Atlanta,"AL,FL,GA,KY,MS,NC,SC,TN",28,003,28003,Emergency Work,true,false,false,false,true,false,false,false,false,false,Winter weather,false,false,false,false,false,false,false,true,false,false,false,75.00,0.00,false,false,false,false,true,false,true,under_10k,https://www.fema.gov/api/open/v2/PublicAssistanceFundedProjectsDetails,https://www.fema.gov/openfema-data-page/public-assistance-funded-projects-details-v2,2026-08-17T06:23:38Z
4899,2026-02-06T00:00:00.000Z,Winter Storm,846,Cat B EPM Shelter/Warming Center/Meals/Medical Support,071-99071-00,B,Emergency Protective Measures,Eligible,Obligated,Small,Lafayette County,071,MS,28,52365.82,39274.37,39274.37,2026-08-11T00:00:00.000Z,2026-08-11T00:00:00.000Z,0,1067500,277558,2026-08-12T15:21:33.184Z,113c72612b7318d2f2efef76b0012ea2f350390b,2026-02-06,2026-08-11,2026-08-11,2026-08-12T15:21:33Z,2026,02,1,2026,2026,186,0,true,Mississippi,4,Region 4 — Atlanta,Atlanta,"AL,FL,GA,KY,MS,NC,SC,TN",28,071,28071,Emergency Work,true,false,false,false,true,false,false,false,false,false,Winter weather,false,false,false,false,false,false,false,true,false,false,false,75.00,0.00,false,false,false,false,true,false,true,10k_to_100k,https://www.fema.gov/api/open/v2/PublicAssistanceFundedProjectsDetails,https://www.fema.gov/openfema-data-page/public-assistance-funded-projects-details-v2,2026-08-17T06:23:38Z
4899,2026-02-06T00:00:00.000Z,Winter Storm,847,Multiple Pipe's and Pump Repair,161-U6DO9-00,F,Utilities,Eligible,Obligated,Small,Yalobusha County,161,MS,28,15190.55,11392.92,11392.92,2026-07-29T00:00:00.000Z,2026-07-29T00:00:00.000Z,0,1067504,278213,2026-07-30T15:10:03.208Z,10687e1e7bd7ed01878a378b14eacb5ebbf3ba8a,2026-02-06,2026-07-29,2026-07-29,2026-07-30T15:10:03Z,2026,02,1,2026,2026,173,0,true,Mississippi,4,Region 4 — Atlanta,Atlanta,"AL,FL,GA,KY,MS,NC,SC,TN",28,161,28161,Permanent Work,false,true,false,false,false,false,false,false,true,false,Winter weather,false,false,false,false,false,false,false,true,false,false,false,75.00,0.00,false,false,false,false,true,false,true,10k_to_100k,https://www.fema.gov/api/open/v2/PublicAssistanceFundedProjectsDetails,https://www.fema.gov/openfema-data-page/public-assistance-funded-projects-details-v2,2026-08-17T06:23:38Z
4899,2026-02-06T00:00:00.000Z,Winter Storm,848,District 2 Cut and Toss,019-99019-00,B,Emergency Protective Measures,Eligible,Obligated,Small,Choctaw County,019,MS,28,12399.92,9299.94,9299.94,2026-06-30T00:00:00.000Z,2026-06-30T00:00:00.000Z,0,1067505,278070,2026-07-23T18:44:06.680Z,e94831d58de222ce01303e6341ccef0d3d7f28b5,2026-02-06,2026-06-30,2026-06-30,2026-07-23T18:44:06Z,2026,02,1,2026,2026,144,0,true,Mississippi,4,Region 4 — Atlanta,Atlanta,"AL,FL,GA,KY,MS,NC,SC,TN",28,019,28019,Emergency Work,true,false,false,false,true,false,false,false,false,false,Winter weather,false,false,false,false,false,false,false,true,false,false,false,75.00,0.00,false,false,false,false,true,false,true,under_10k,https://www.fema.gov/api/open/v2/PublicAssistanceFundedProjectsDetails,https://www.fema.gov/openfema-data-page/public-assistance-funded-projects-details-v2,2026-08-17T06:23:38Z
4899,2026-02-06T00:00:00.000Z,Winter Storm,849,District 1 Cut and Toss,019-99019-00,B,Emergency Protective Measures,Eligible,Obligated,Small,Choctaw County,019,MS,28,10605.8,7954.35,7954.35,2026-07-06T00:00:00.000Z,2026-07-06T00:00:00.000Z,0,1067507,278070,2026-07-23T18:44:06.680Z,4e149c64ebe2c770b23f70233ff115009c1efb03,2026-02-06,2026-07-06,2026-07-06,2026-07-23T18:44:06Z,2026,02,1,2026,2026,150,0,true,Mississippi,4,Region 4 — Atlanta,Atlanta,"AL,FL,GA,KY,MS,NC,SC,TN",28,019,28019,Emergency Work,true,false,false,false,true,false,false,false,false,false,Winter weather,false,false,false,false,false,false,false,true,false,false,false,75.00,0.00,false,false,false,false,true,false,true,under_10k,https://www.fema.gov/api/open/v2/PublicAssistanceFundedProjectsDetails,https://www.fema.gov/openfema-data-page/public-assistance-funded-projects-details-v2,2026-08-17T06:23:38Z
4899,2026-02-06T00:00:00.000Z,Winter Storm,850,District 3 Cut and Toss,019-99019-00,B,Emergency Protective Measures,Eligible,Obligated,Small,Choctaw County,019,MS,28,30313.22,22734.92,22734.92,2026-07-01T00:00:00.000Z,2026-07-01T00:00:00.000Z,0,1067508,278070,2026-07-23T18:44:06.680Z,4e68101ce481027b3e47b1e605fc38f8bfb50cd5,2026-02-06,2026-07-01,2026-07-01,2026-07-23T18:44:06Z,2026,02,1,2026,2026,145,0,true,Mississippi,4,Region 4 — Atlanta,Atlanta,"AL,FL,GA,KY,MS,NC,SC,TN",28,019,28019,Emergency Work,true,false,false,false,true,false,false,false,false,false,Winter weather,false,false,false,false,false,false,false,true,false,false,false,75.00,0.00,false,false,false,false,true,false,true,10k_to_100k,https://www.fema.gov/api/open/v2/PublicAssistanceFundedProjectsDetails,https://www.fema.gov/openfema-data-page/public-assistance-funded-projects-details-v2,2026-08-17T06:23:38Z
4899,2026-02-06T00:00:00.000Z,Winter Storm,853,EPM - District 2 Cut & Toss & Sheriff Department Security,055-99055-00,B,Emergency Protective Measures,Eligible,Obligated,Small,Issaquena County,055,MS,28,87421.55,65566.17,65566.17,2026-07-30T00:00:00.000Z,2026-07-30T00:00:00.000Z,0,1067525,277627,2026-07-31T15:06:08.793Z,4f3dd3b872356ad3410966f207e644b6673c0ba2,2026-02-06,2026-07-30,2026-07-30,2026-07-31T15:06:08Z,2026,02,1,2026,2026,174,0,true,Mississippi,4,Region 4 — Atlanta,Atlanta,"AL,FL,GA,KY,MS,NC,SC,TN",28,055,28055,Emergency Work,true,false,false,false,true,false,false,false,false,false,Winter weather,false,false,false,false,false,false,false,true,false,false,false,75.00,0.00,false,false,false,false,true,false,true,10k_to_100k,https://www.fema.gov/api/open/v2/PublicAssistanceFundedProjectsDetails,https://www.fema.gov/openfema-data-page/public-assistance-funded-projects-details-v2,2026-08-17T06:23:38Z
4899,2026-02-06T00:00:00.000Z,Winter Storm,860,Directional Boring,049-0518E-00,F,Utilities,Eligible,Obligated,Small,Hinds County,049,MS,28,4397.66,3298.25,3298.25,2026-08-14T00:00:00.000Z,2026-08-14T00:00:00.000Z,0,1067532,277644,2026-08-15T15:26:12.016Z,02c15aef3ab3eb86dedcee7ab80a973729015692,2026-02-06,2026-08-14,2026-08-14,2026-08-15T15:26:12Z,2026,02,1,2026,2026,189,0,true,Mississippi,4,Region 4 — Atlanta,Atlanta,"AL,FL,GA,KY,MS,NC,SC,TN",28,049,28049,Permanent Work,false,true,false,false,false,false,false,false,true,false,Winter weather,false,false,false,false,false,false,false,true,false,false,false,75.00,0.00,false,false,false,false,true,false,true,under_10k,https://www.fema.gov/api/open/v2/PublicAssistanceFundedProjectsDetails,https://www.fema.gov/openfema-data-page/public-assistance-funded-projects-details-v2,2026-08-17T06:23:38Z
4899,2026-02-06T00:00:00.000Z,Winter Storm,862,Pontotoc County Winter Storm - Emergency Protective Measures,115-99115-00,B,Emergency Protective Measures,Eligible,Obligated,Small,Pontotoc County,115,MS,28,98176.52,73632.39,73632.39,2026-07-30T00:00:00.000Z,2026-07-30T00:00:00.000Z,0,1067538,277600,2026-07-31T15:06:08.793Z,24acb9978cb8f701e8fd0ff5b0116daa56a7ed68,2026-02-06,2026-07-30,2026-07-30,2026-07-31T15:06:08Z,2026,02,1,2026,2026,174,0,true,Mississippi,4,Region 4 — Atlanta,Atlanta,"AL,FL,GA,KY,MS,NC,SC,TN",28,115,28115,Emergency Work,true,false,false,false,true,false,false,false,false,false,Winter weather,false,false,false,false,false,false,false,true,false,false,false,75.00,0.00,false,false,false,false,true,false,true,10k_to_100k,https://www.fema.gov/api/open/v2/PublicAssistanceFundedProjectsDetails,https://www.fema.gov/openfema-data-page/public-assistance-funded-projects-details-v2,2026-08-17T06:23:38Z
4899,2026-02-06T00:00:00.000Z,Winter Storm,865,Main Office,135-UN3IT-00,E,Buildings and Equipment,Eligible,Obligated,Small,Tallahatchie County,135,MS,28,7756,5817,5817,2026-07-29T00:00:00.000Z,2026-07-29T00:00:00.000Z,6756,1067542,278153,2026-07-30T15:10:03.208Z,1b89278816510b833f40e43fc0f8b934389bbc3f,2026-02-06,2026-07-29,2026-07-29,2026-07-30T15:10:03Z,2026,02,1,2026,2026,173,0,true,Mississippi,4,Region 4 — Atlanta,Atlanta,"AL,FL,GA,KY,MS,NC,SC,TN",28,135,28135,Permanent Work,false,true,false,false,false,false,false,true,false,false,Winter weather,false,false,false,false,false,false,false,true,false,false,false,75.00,87.11,true,false,false,false,true,false,true,under_10k,https://www.fema.gov/api/open/v2/PublicAssistanceFundedProjectsDetails,https://www.fema.gov/openfema-data-page/public-assistance-funded-projects-details-v2,2026-08-17T06:23:38Z
4899,2026-02-06T00:00:00.000Z,Winter Storm,876,NEMEPA - EPM Generators,000-U00E1-00,B,Emergency Protective Measures,Eligible,Obligated,Small,Lafayette County,071,MS,28,54806.61,41104.96,41104.96,2026-06-29T00:00:00.000Z,2026-06-29T00:00:00.000Z,0,1067562,277847,2026-07-23T18:44:06.680Z,792c40894f86a58be1d32cd06311f99a4484c16d,2026-02-06,2026-06-29,2026-06-29,2026-07-23T18:44:06Z,2026,02,1,2026,2026,143,0,true,Mississippi,4,Region 4 — Atlanta,Atlanta,"AL,FL,GA,KY,MS,NC,SC,TN",28,071,28071,Emergency Work,true,false,false,false,true,false,false,false,false,false,Winter weather,false,false,false,false,false,false,false,true,false,false,false,75.00,0.00,false,false,false,false,true,false,true,10k_to_100k,https://www.fema.gov/api/open/v2/PublicAssistanceFundedProjectsDetails,https://www.fema.gov/openfema-data-page/public-assistance-funded-projects-details-v2,2026-08-17T06:23:38Z
4899,2026-02-06T00:00:00.000Z,Winter Storm,880,Water Lines and Fence Repair Multiple Locations 100% Complete(Contract Only).,145-UD4U6-00,F,Utilities,Eligible,Obligated,Small,Union County,145,MS,28,75216.27,56412.21,56412.21,2026-07-23T00:00:00.000Z,2026-07-23T00:00:00.000Z,0,1067578,278075,2026-07-24T15:07:02.020Z,8e0d320ef31857503cbb0db606656c0b1f5fc0f8,2026-02-06,2026-07-23,2026-07-23,2026-07-24T15:07:02Z,2026,02,1,2026,2026,167,0,true,Mississippi,4,Region 4 — Atlanta,Atlanta,"AL,FL,GA,KY,MS,NC,SC,TN",28,145,28145,Permanent Work,false,true,false,false,false,false,false,false,true,false,Winter weather,false,false,false,false,false,false,false,true,false,false,false,75.00,0.00,false,false,false,false,true,false,true,10k_to_100k,https://www.fema.gov/api/open/v2/PublicAssistanceFundedProjectsDetails,https://www.fema.gov/openfema-data-page/public-assistance-funded-projects-details-v2,2026-08-17T06:23:38Z
4899,2026-02-06T00:00:00.000Z,Winter Storm,882,Hickory Flat Clinic Building Repair & Contents (Contract Labor),009-99009-00,E,Buildings and Equipment,Eligible,Obligated,Small,Benton County,009,MS,28,31900,23925,23925,2026-06-30T00:00:00.000Z,2026-06-30T00:00:00.000Z,16900,1067587,277593,2026-07-23T18:44:06.680Z,872addeda7710f382c03dae2b2a63e0bbad7f165,2026-02-06,2026-06-30,2026-06-30,2026-07-23T18:44:06Z,2026,02,1,2026,2026,144,0,true,Mississippi,4,Region 4 — Atlanta,Atlanta,"AL,FL,GA,KY,MS,NC,SC,TN",28,009,28009,Permanent Work,false,true,false,false,false,false,false,true,false,false,Winter weather,false,false,false,false,false,false,false,true,false,false,false,75.00,52.98,true,false,false,false,true,false,true,10k_to_100k,https://www.fema.gov/api/open/v2/PublicAssistanceFundedProjectsDetails,https://www.fema.gov/openfema-data-page/public-assistance-funded-projects-details-v2,2026-08-17T06:23:38Z
4899,2026-02-06T00:00:00.000Z,Winter Storm,886,Management Costs Northeast Union Fire,145-UFT3X-00,Z,Management Costs,Eligible,Obligated,Small,Union County,145,MS,28,898.95,898.95,898.95,2026-05-19T00:00:00.000Z,2026-05-19T00:00:00.000Z,0,1067611,277943,2026-07-23T18:44:06.680Z,bb56de3fba410d48d2ddb5dc91e1db5a2c71ded9,2026-02-06,2026-05-19,2026-05-19,2026-07-23T18:44:06Z,2026,02,1,2026,2026,102,0,true,Mississippi,4,Region 4 — Atlanta,Atlanta,"AL,FL,GA,KY,MS,NC,SC,TN",28,145,28145,Management Costs,false,false,true,false,false,false,false,false,false,false,Winter weather,false,false,false,false,false,false,false,true,false,false,false,100.00,0.00,false,false,false,false,true,false,true,under_10k,https://www.fema.gov/api/open/v2/PublicAssistanceFundedProjectsDetails,https://www.fema.gov/openfema-data-page/public-assistance-funded-projects-details-v2,2026-08-17T06:23:38Z
4899,2026-02-06T00:00:00.000Z,Winter Storm,887,Water Well Pump,155-UNPZ2-00,F,Utilities,Eligible,Obligated,Small,Webster County,155,MS,28,21186.68,15890.01,15890.01,2026-07-13T00:00:00.000Z,2026-07-13T00:00:00.000Z,20186.68,1067616,277965,2026-07-23T18:44:06.680Z,0c9b4634b5a8992725344fe91572a502b55441d9,2026-02-06,2026-07-13,2026-07-13,2026-07-23T18:44:06Z,2026,02,1,2026,2026,157,0,true,Mississippi,4,Region 4 — Atlanta,Atlanta,"AL,FL,GA,KY,MS,NC,SC,TN",28,155,28155,Permanent Work,false,true,false,false,false,false,false,false,true,false,Winter weather,false,false,false,false,false,false,false,true,false,false,false,75.00,95.28,true,false,false,false,true,false,true,10k_to_100k,https://www.fema.gov/api/open/v2/PublicAssistanceFundedProjectsDetails,https://www.fema.gov/openfema-data-page/public-assistance-funded-projects-details-v2,2026-08-17T06:23:38Z
4899,2026-02-06T00:00:00.000Z,Winter Storm,888,Management Costs Keownville Water Association,145-UIBYL-00,Z,Management Costs,Eligible,Obligated,Small,Union County,145,MS,28,4616.78,4616.78,4616.78,2026-05-28T00:00:00.000Z,2026-05-28T00:00:00.000Z,0,1067621,277855,2026-07-23T18:44:06.680Z,3e31f00191e9ba7bb46a0ae3dafb69cbb91ff6fe,2026-02-06,2026-05-28,2026-05-28,2026-07-23T18:44:06Z,2026,02,1,2026,2026,111,0,true,Mississippi,4,Region 4 — Atlanta,Atlanta,"AL,FL,GA,KY,MS,NC,SC,TN",28,145,28145,Management Costs,false,false,true,false,false,false,false,false,false,false,Winter weather,false,false,false,false,false,false,false,true,false,false,false,100.00,0.00,false,false,false,false,true,false,true,under_10k,https://www.fema.gov/api/open/v2/PublicAssistanceFundedProjectsDetails,https://www.fema.gov/openfema-data-page/public-assistance-funded-projects-details-v2,2026-08-17T06:23:38Z
4899,2026-02-06T00:00:00.000Z,Winter Storm,914,Countywide Response Services - Lee County,000-U00FF-00,B,Emergency Protective Measures,Eligible,Obligated,Small,Lee County,081,MS,28,71360.63,53520.48,53520.48,2026-06-04T00:00:00.000Z,2026-06-04T00:00:00.000Z,0,1067657,277659,2026-07-23T18:44:06.680Z,d7c105879f8124ea1b0a1e6be3df79098f3e2794,2026-02-06,2026-06-04,2026-06-04,2026-07-23T18:44:06Z,2026,02,1,2026,2026,118,0,true,Mississippi,4,Region 4 — Atlanta,Atlanta,"AL,FL,GA,KY,MS,NC,SC,TN",28,081,28081,Emergency Work,true,false,false,false,true,false,false,false,false,false,Winter weather,false,false,false,false,false,false,false,true,false,false,false,75.00,0.00,false,false,false,false,true,false,true,10k_to_100k,https://www.fema.gov/api/open/v2/PublicAssistanceFundedProjectsDetails,https://www.fema.gov/openfema-data-page/public-assistance-funded-projects-details-v2,2026-08-17T06:23:38Z
4899,2026-02-06T00:00:00.000Z,Winter Storm,915,Countywide Response Services - Itawamba County,000-U00FF-00,B,Emergency Protective Measures,Eligible,Obligated,Small,Lee County,081,MS,28,7731.48,5798.61,5798.61,2026-06-04T00:00:00.000Z,2026-06-04T00:00:00.000Z,0,1067658,277659,2026-07-23T18:44:06.680Z,21b5f93ebe885e781a76c836bc74e1d6fdb4e458,2026-02-06,2026-06-04,2026-06-04,2026-07-23T18:44:06Z,2026,02,1,2026,2026,118,0,true,Mississippi,4,Region 4 — Atlanta,Atlanta,"AL,FL,GA,KY,MS,NC,SC,TN",28,081,28081,Emergency Work,true,false,false,false,true,false,false,false,false,false,Winter weather,false,false,false,false,false,false,false,true,false,false,false,75.00,0.00,false,false,false,false,true,false,true,under_10k,https://www.fema.gov/api/open/v2/PublicAssistanceFundedProjectsDetails,https://www.fema.gov/openfema-data-page/public-assistance-funded-projects-details-v2,2026-08-17T06:23:38Z
4899,2026-02-06T00:00:00.000Z,Winter Storm,920,Management Cost,033-54040-00,Z,Management Costs,Eligible,Obligated,Small,DeSoto County,033,MS,28,5670.87,5670.87,5670.87,2026-05-19T00:00:00.000Z,2026-05-19T00:00:00.000Z,0,1067706,277603,2026-07-23T18:44:06.680Z,b4cc828751a9a8367e81dec71ff3afe7f9d892b2,2026-02-06,2026-05-19,2026-05-19,2026-07-23T18:44:06Z,2026,02,1,2026,2026,102,0,true,Mississippi,4,Region 4 — Atlanta,Atlanta,"AL,FL,GA,KY,MS,NC,SC,TN",28,033,28033,Management Costs,false,false,true,false,false,false,false,false,false,false,Winter weather,false,false,false,false,false,false,false,true,false,false,false,100.00,0.00,false,false,false,false,true,false,true,under_10k,https://www.fema.gov/api/open/v2/PublicAssistanceFundedProjectsDetails,https://www.fema.gov/openfema-data-page/public-assistance-funded-projects-details-v2,2026-08-17T06:23:38Z
4899,2026-02-06T00:00:00.000Z,Winter Storm,926,4899 Derma Donated Resources Fire Service,013-18940-00,B,Emergency Work Donated Resources,Eligible,Obligated,Small,Calhoun County,013,MS,28,1566.67,1175.01,1175.01,2026-06-02T00:00:00.000Z,2026-06-02T00:00:00.000Z,0,1067724,277884,2026-07-23T18:44:06.680Z,6028db0ce14642fd8b07d9a4c64d9630680c8107,2026-02-06,2026-06-02,2026-06-02,2026-07-23T18:44:06Z,2026,02,1,2026,2026,116,0,true,Mississippi,4,Region 4 — Atlanta,Atlanta,"AL,FL,GA,KY,MS,NC,SC,TN",28,013,28013,Emergency Work,true,false,false,false,true,false,false,false,false,false,Winter weather,false,false,false,false,false,false,false,true,false,false,false,75.00,0.00,false,false,false,false,true,false,true,under_10k,https://www.fema.gov/api/open/v2/PublicAssistanceFundedProjectsDetails,https://www.fema.gov/openfema-data-page/public-assistance-funded-projects-details-v2,2026-08-17T06:23:38Z
4899,2026-02-06T00:00:00.000Z,Winter Storm,927,Security Fence - Wells,097-37560-00,F,Utilities,Eligible,Obligated,Small,Montgomery County,097,MS,28,84718.72,63539.04,63539.04,2026-07-30T00:00:00.000Z,2026-07-30T00:00:00.000Z,41998,1067725,278091,2026-07-31T15:06:08.793Z,4c7ca4b9df73fde23a56bdbc7e005a89bdc9089d,2026-02-06,2026-07-30,2026-07-30,2026-07-31T15:06:08Z,2026,02,1,2026,2026,174,0,true,Mississippi,4,Region 4 — Atlanta,Atlanta,"AL,FL,GA,KY,MS,NC,SC,TN",28,097,28097,Permanent Work,false,true,false,false,false,false,false,false,true,false,Winter weather,false,false,false,false,false,false,false,true,false,false,false,75.00,49.57,true,false,false,false,true,false,true,10k_to_100k,https://www.fema.gov/api/open/v2/PublicAssistanceFundedProjectsDetails,https://www.fema.gov/openfema-data-page/public-assistance-funded-projects-details-v2,2026-08-17T06:23:38Z
4899,2026-02-06T00:00:00.000Z,Winter Storm,928,County Roadways - Debris Removal,097-37560-00,B,Emergency Protective Measures,Eligible,Obligated,Small,Montgomery County,097,MS,28,8834.77,6626.08,6626.08,2026-06-18T00:00:00.000Z,2026-06-18T00:00:00.000Z,0,1067726,278091,2026-07-23T18:44:06.680Z,530db4e1af2ab5f0713e20270f534aa14e2aabc9,2026-02-06,2026-06-18,2026-06-18,2026-07-23T18:44:06Z,2026,02,1,2026,2026,132,0,true,Mississippi,4,Region 4 — Atlanta,Atlanta,"AL,FL,GA,KY,MS,NC,SC,TN",28,097,28097,Emergency Work,true,false,false,false,true,false,false,false,false,false,Winter weather,false,false,false,false,false,false,false,true,false,false,false,75.00,0.00,false,false,false,false,true,false,true,under_10k,https://www.fema.gov/api/open/v2/PublicAssistanceFundedProjectsDetails,https://www.fema.gov/openfema-data-page/public-assistance-funded-projects-details-v2,2026-08-17T06:23:38Z
4899,2026-02-06T00:00:00.000Z,Winter Storm,930,Wastewater Lagoon,119-68400-00,B,Emergency Protective Measures,Eligible,Obligated,Small,Quitman County,119,MS,28,5300,3975,3975,2026-06-18T00:00:00.000Z,2026-06-18T00:00:00.000Z,0,1067730,277856,2026-07-23T18:44:06.680Z,169f5ecd8fb112ddef316061f7ce86eb281b6bad,2026-02-06,2026-06-18,2026-06-18,2026-07-23T18:44:06Z,2026,02,1,2026,2026,132,0,true,Mississippi,4,Region 4 — Atlanta,Atlanta,"AL,FL,GA,KY,MS,NC,SC,TN",28,119,28119,Emergency Work,true,false,false,false,true,false,false,false,false,false,Winter weather,false,false,false,false,false,false,false,true,false,false,false,75.00,0.00,false,false,false,false,true,false,true,under_10k,https://www.fema.gov/api/open/v2/PublicAssistanceFundedProjectsDetails,https://www.fema.gov/openfema-data-page/public-assistance-funded-projects-details-v2,2026-08-17T06:23:38Z
4899,2026-02-06T00:00:00.000Z,Winter Storm,951,Water Valley Electric Department Streetlights-WC,161-04659-00,F,Utilities,Eligible,Obligated,Small,Yalobusha County,161,MS,28,19687.76,14765.82,14765.82,2026-08-07T00:00:00.000Z,2026-08-07T00:00:00.000Z,0,1067770,277966,2026-08-12T15:21:33.184Z,c3f2de1f654e1cf9562ce2342a821e641f9c8b60,2026-02-06,2026-08-07,2026-08-07,2026-08-12T15:21:33Z,2026,02,1,2026,2026,182,0,true,Mississippi,4,Region 4 — Atlanta,Atlanta,"AL,FL,GA,KY,MS,NC,SC,TN",28,161,28161,Permanent Work,false,true,false,false,false,false,false,false,true,false,Winter weather,false,false,false,false,false,false,false,true,false,false,false,75.00,0.00,false,false,false,false,true,false,true,10k_to_100k,https://www.fema.gov/api/open/v2/PublicAssistanceFundedProjectsDetails,https://www.fema.gov/openfema-data-page/public-assistance-funded-projects-details-v2,2026-08-17T06:23:38Z
4899,2026-02-06T00:00:00.000Z,Winter Storm,966,Contract Debris Removal Period 2,093-U76WV-00,A,Debris Removal,Eligible,Obligated,Small,Marshall County,093,MS,28,16441.31,12330.99,12330.99,2026-07-09T00:00:00.000Z,2026-07-09T00:00:00.000Z,0,1067829,277936,2026-07-23T18:44:06.680Z,262a140bcfdbb905dede3123c9f8be4b57d6c30d,2026-02-06,2026-07-09,2026-07-09,2026-07-23T18:44:06Z,2026,02,1,2026,2026,153,0,true,Mississippi,4,Region 4 — Atlanta,Atlanta,"AL,FL,GA,KY,MS,NC,SC,TN",28,093,28093,Emergency Work,true,false,false,true,false,false,false,false,false,false,Winter weather,false,false,false,false,false,false,false,true,false,false,false,75.00,0.00,false,false,false,false,true,false,true,10k_to_100k,https://www.fema.gov/api/open/v2/PublicAssistanceFundedProjectsDetails,https://www.fema.gov/openfema-data-page/public-assistance-funded-projects-details-v2,2026-08-17T06:23:38Z
4899,2026-02-06T00:00:00.000Z,Winter Storm,973,Tallahatchie General Hospital - Water Heater Damages,135-UKU31-00,E,Buildings and Equipment,Eligible,Obligated,Small,Tallahatchie County,135,MS,28,25000,18750,18750,2026-06-30T00:00:00.000Z,2026-06-30T00:00:00.000Z,0,1067852,277753,2026-07-23T18:44:06.680Z,05f2730c19db788639b1b4bd3802da8bca686b96,2026-02-06,2026-06-30,2026-06-30,2026-07-23T18:44:06Z,2026,02,1,2026,2026,144,0,true,Mississippi,4,Region 4 — Atlanta,Atlanta,"AL,FL,GA,KY,MS,NC,SC,TN",28,135,28135,Permanent Work,false,true,false,false,false,false,false,true,false,false,Winter weather,false,false,false,false,false,false,false,true,false,false,false,75.00,0.00,false,false,false,false,true,false,true,10k_to_100k,https://www.fema.gov/api/open/v2/PublicAssistanceFundedProjectsDetails,https://www.fema.gov/openfema-data-page/public-assistance-funded-projects-details-v2,2026-08-17T06:23:38Z
4899,2026-02-06T00:00:00.000Z,Winter Storm,985,"New Albany, City - BNA Bank Park",145-UFB3B-00,G,"Parks, Recreational Facilities, and Other Items",Eligible,Obligated,Small,Union County,145,MS,28,25567.53,19175.65,19175.65,2026-08-10T00:00:00.000Z,2026-08-10T00:00:00.000Z,0,1067873,277660,2026-08-12T15:21:33.184Z,e81dfa0ea348bb43821c0f1200a07267635fb42f,2026-02-06,2026-08-10,2026-08-10,2026-08-12T15:21:33Z,2026,02,1,2026,2026,185,0,true,Mississippi,4,Region 4 — Atlanta,Atlanta,"AL,FL,GA,KY,MS,NC,SC,TN",28,145,28145,Permanent Work,false,true,false,false,false,false,false,false,false,true,Winter weather,false,false,false,false,false,false,false,true,false,false,false,75.00,0.00,false,false,false,false,true,false,true,10k_to_100k,https://www.fema.gov/api/open/v2/PublicAssistanceFundedProjectsDetails,https://www.fema.gov/openfema-data-page/public-assistance-funded-projects-details-v2,2026-08-17T06:23:38Z
4899,2026-02-06T00:00:00.000Z,Winter Storm,1001,Culvert Damaged Terry Rd,119-99119-00,C,Roads and Bridges,Eligible,Obligated,Small,Quitman County,119,MS,28,6130.11,4597.59,4597.59,2026-08-03T00:00:00.000Z,2026-08-03T00:00:00.000Z,0,1067900,277571,2026-08-04T15:17:13.615Z,47df3d878964b27e66c7d1e4950a9a337bff4c6b,2026-02-06,2026-08-03,2026-08-03,2026-08-04T15:17:13Z,2026,02,1,2026,2026,178,0,true,Mississippi,4,Region 4 — Atlanta,Atlanta,"AL,FL,GA,KY,MS,NC,SC,TN",28,119,28119,Permanent Work,false,true,false,false,false,true,false,false,false,false,Winter weather,false,false,false,false,false,false,false,true,false,false,false,75.00,0.00,false,false,false,false,true,false,true,under_10k,https://www.fema.gov/api/open/v2/PublicAssistanceFundedProjectsDetails,https://www.fema.gov/openfema-data-page/public-assistance-funded-projects-details-v2,2026-08-17T06:23:38Z
4899,2026-02-06T00:00:00.000Z,Winter Storm,1014,County Hospital Operating Costs,139-99139-00,B,Emergency Protective Measures,Eligible,Obligated,Small,Tippah County,139,MS,28,54707.42,41030.57,41030.57,2026-07-29T00:00:00.000Z,2026-07-29T00:00:00.000Z,0,1067934,277572,2026-07-30T15:10:03.208Z,575be96f50f8eb30d2cb6442f8d228fc248524cf,2026-02-06,2026-07-29,2026-07-29,2026-07-30T15:10:03Z,2026,02,1,2026,2026,173,0,true,Mississippi,4,Region 4 — Atlanta,Atlanta,"AL,FL,GA,KY,MS,NC,SC,TN",28,139,28139,Emergency Work,true,false,false,false,true,false,false,false,false,false,Winter weather,false,false,false,false,false,false,false,true,false,false,false,75.00,0.00,false,false,false,false,true,false,true,10k_to_100k,https://www.fema.gov/api/open/v2/PublicAssistanceFundedProjectsDetails,https://www.fema.gov/openfema-data-page/public-assistance-funded-projects-details-v2,2026-08-17T06:23:38Z
4899,2026-02-06T00:00:00.000Z,Winter Storm,1025,Oxford School District - Donated Resources,071-00218-00,B,Emergency Work Donated Resources,Eligible,Obligated,Small,Lafayette County,071,MS,28,13456.86,10092.65,10092.65,2026-07-29T00:00:00.000Z,2026-07-29T00:00:00.000Z,0,1067980,277933,2026-07-30T15:10:03.208Z,6e99830471205528a8ad0a64e826169c171527cc,2026-02-06,2026-07-29,2026-07-29,2026-07-30T15:10:03Z,2026,02,1,2026,2026,173,0,true,Mississippi,4,Region 4 — Atlanta,Atlanta,"AL,FL,GA,KY,MS,NC,SC,TN",28,071,28071,Emergency Work,true,false,false,false,true,false,false,false,false,false,Winter weather,false,false,false,false,false,false,false,true,false,false,false,75.00,0.00,false,false,false,false,true,false,true,10k_to_100k,https://www.fema.gov/api/open/v2/PublicAssistanceFundedProjectsDetails,https://www.fema.gov/openfema-data-page/public-assistance-funded-projects-details-v2,2026-08-17T06:23:38Z
4899,2026-02-06T00:00:00.000Z,Winter Storm,1036,4899 City of Calhoun Volunteer Fire Donated Resources,013-10580-00,B,Emergency Work Donated Resources,Eligible,Obligated,Small,Calhoun County,013,MS,28,2072.47,1554.36,1554.36,2026-07-06T00:00:00.000Z,2026-07-06T00:00:00.000Z,0,1068111,277984,2026-07-23T18:44:06.680Z,e137610bcfb9bc5e9296490ea4d5b480068631eb,2026-02-06,2026-07-06,2026-07-06,2026-07-23T18:44:06Z,2026,02,1,2026,2026,150,0,true,Mississippi,4,Region 4 — Atlanta,Atlanta,"AL,FL,GA,KY,MS,NC,SC,TN",28,013,28013,Emergency Work,true,false,false,false,true,false,false,false,false,false,Winter weather,false,false,false,false,false,false,false,true,false,false,false,75.00,0.00,false,false,false,false,true,false,true,under_10k,https://www.fema.gov/api/open/v2/PublicAssistanceFundedProjectsDetails,https://www.fema.gov/openfema-data-page/public-assistance-funded-projects-details-v2,2026-08-17T06:23:38Z
4899,2026-02-06T00:00:00.000Z,Winter Storm,1037,4899 City of Bruce Volunteer Fire Donated Resources,013-09180-00,B,Emergency Work Donated Resources,Eligible,Obligated,Small,Calhoun County,013,MS,28,1902.15,1426.62,1426.62,2026-06-22T00:00:00.000Z,2026-06-22T00:00:00.000Z,0,1068112,277851,2026-07-23T18:44:06.680Z,c66f42d499c47c83e9563a6ccc84415942a92c02,2026-02-06,2026-06-22,2026-06-22,2026-07-23T18:44:06Z,2026,02,1,2026,2026,136,0,true,Mississippi,4,Region 4 — Atlanta,Atlanta,"AL,FL,GA,KY,MS,NC,SC,TN",28,013,28013,Emergency Work,true,false,false,false,true,false,false,false,false,false,Winter weather,false,false,false,false,false,false,false,true,false,false,false,75.00,0.00,false,false,false,false,true,false,true,under_10k,https://www.fema.gov/api/open/v2/PublicAssistanceFundedProjectsDetails,https://www.fema.gov/openfema-data-page/public-assistance-funded-projects-details-v2,2026-08-17T06:23:38Z
4899,2026-02-06T00:00:00.000Z,Winter Storm,1042,Eskridge Rose Management Cost,097-UZR2S-00,Z,Management Costs,Eligible,Obligated,Small,Montgomery County,097,MS,28,319.12,319.12,319.12,2026-05-29T00:00:00.000Z,2026-05-29T00:00:00.000Z,0,1068125,277868,2026-07-23T18:44:06.680Z,136daf5ccd4f0fee93d83ace82dd37d9fceeb7d4,2026-02-06,2026-05-29,2026-05-29,2026-07-23T18:44:06Z,2026,02,1,2026,2026,112,0,true,Mississippi,4,Region 4 — Atlanta,Atlanta,"AL,FL,GA,KY,MS,NC,SC,TN",28,097,28097,Management Costs,false,false,true,false,false,false,false,false,false,false,Winter weather,false,false,false,false,false,false,false,true,false,false,false,100.00,0.00,false,false,false,false,true,false,true,under_10k,https://www.fema.gov/api/open/v2/PublicAssistanceFundedProjectsDetails,https://www.fema.gov/openfema-data-page/public-assistance-funded-projects-details-v2,2026-08-17T06:23:38Z
4899,2026-02-06T00:00:00.000Z,Winter Storm,1045,Citywide Utility Damages - WC Group 2,083-35260-00,F,Utilities,Eligible,Obligated,Small,Leflore County,083,MS,28,25529.96,19147.47,19147.47,2026-08-05T00:00:00.000Z,2026-08-05T00:00:00.000Z,0,1068151,277606,2026-08-06T15:19:50.545Z,c15da6caf8e5f6325fc97c33c5c35c061a96c530,2026-02-06,2026-08-05,2026-08-05,2026-08-06T15:19:50Z,2026,02,1,2026,2026,180,0,true,Mississippi,4,Region 4 — Atlanta,Atlanta,"AL,FL,GA,KY,MS,NC,SC,TN",28,083,28083,Permanent Work,false,true,false,false,false,false,false,false,true,false,Winter weather,false,false,false,false,false,false,false,true,false,false,false,75.00,0.00,false,false,false,false,true,false,true,10k_to_100k,https://www.fema.gov/api/open/v2/PublicAssistanceFundedProjectsDetails,https://www.fema.gov/openfema-data-page/public-assistance-funded-projects-details-v2,2026-08-17T06:23:38Z
4899,2026-02-06T00:00:00.000Z,Winter Storm,1050,CAT A City-Wide Tree Damages,137-66440-00,A,Debris Removal,Eligible,Obligated,Small,Tate County,137,MS,28,46000,34500,34500,2026-07-24T00:00:00.000Z,2026-07-24T00:00:00.000Z,0,1068183,277983,2026-07-25T15:08:16.660Z,366b9246fb84ff2d66540261f243119ae766e03e,2026-02-06,2026-07-24,2026-07-24,2026-07-25T15:08:16Z,2026,02,1,2026,2026,168,0,true,Mississippi,4,Region 4 — Atlanta,Atlanta,"AL,FL,GA,KY,MS,NC,SC,TN",28,137,28137,Emergency Work,true,false,false,true,false,false,false,false,false,false,Winter weather,false,false,false,false,false,false,false,true,false,false,false,75.00,0.00,false,false,false,false,true,false,true,10k_to_100k,https://www.fema.gov/api/open/v2/PublicAssistanceFundedProjectsDetails,https://www.fema.gov/openfema-data-page/public-assistance-funded-projects-details-v2,2026-08-17T06:23:38Z
4899,2026-02-06T00:00:00.000Z,Winter Storm,1057,DR4899MS - Holly Springs City - Cat B - Contract Cut and Push - Work Completed,093-33100-00,B,Emergency Protective Measures,Eligible,Obligated,Small,Marshall County,093,MS,28,89912.5,67434.38,67434.38,2026-06-15T00:00:00.000Z,2026-06-15T00:00:00.000Z,0,1068194,277945,2026-07-23T18:44:06.680Z,d2ac704729b6decff704085044af9c2252bf5c58,2026-02-06,2026-06-15,2026-06-15,2026-07-23T18:44:06Z,2026,02,1,2026,2026,129,0,true,Mississippi,4,Region 4 — Atlanta,Atlanta,"AL,FL,GA,KY,MS,NC,SC,TN",28,093,28093,Emergency Work,true,false,false,false,true,false,false,false,false,false,Winter weather,false,false,false,false,false,false,false,true,false,false,false,75.00,0.00,false,false,false,false,true,false,true,10k_to_100k,https://www.fema.gov/api/open/v2/PublicAssistanceFundedProjectsDetails,https://www.fema.gov/openfema-data-page/public-assistance-funded-projects-details-v2,2026-08-17T06:23:38Z
4899,2026-02-06T00:00:00.000Z,Winter Storm,1092,Broken Water Lines Completed,145-UD4U6-00,F,Utilities,Eligible,Obligated,Small,Union County,145,MS,28,18017.34,13513.01,13513.01,2026-07-14T00:00:00.000Z,2026-07-14T00:00:00.000Z,0,1068432,278075,2026-07-23T18:44:06.680Z,e8b2d81ca34bc22e67155244bd7d2d9d99a6042a,2026-02-06,2026-07-14,2026-07-14,2026-07-23T18:44:06Z,2026,02,1,2026,2026,158,0,true,Mississippi,4,Region 4 — Atlanta,Atlanta,"AL,FL,GA,KY,MS,NC,SC,TN",28,145,28145,Permanent Work,false,true,false,false,false,false,false,false,true,false,Winter weather,false,false,false,false,false,false,false,true,false,false,false,75.00,0.00,false,false,false,false,true,false,true,10k_to_100k,https://www.fema.gov/api/open/v2/PublicAssistanceFundedProjectsDetails,https://www.fema.gov/openfema-data-page/public-assistance-funded-projects-details-v2,2026-08-17T06:23:38Z
4899,2026-02-06T00:00:00.000Z,Winter Storm,1101,Pecan St. Warming Center,119-99119-00,B,Emergency Protective Measures,Eligible,Obligated,Small,Quitman County,119,MS,28,5190,3892.5,3892.5,2026-07-29T00:00:00.000Z,2026-07-29T00:00:00.000Z,0,1068485,277571,2026-07-30T15:10:03.208Z,ff145366b9fd0b29d948d887f8042fa392786fc6,2026-02-06,2026-07-29,2026-07-29,2026-07-30T15:10:03Z,2026,02,1,2026,2026,173,0,true,Mississippi,4,Region 4 — Atlanta,Atlanta,"AL,FL,GA,KY,MS,NC,SC,TN",28,119,28119,Emergency Work,true,false,false,false,true,false,false,false,false,false,Winter weather,false,false,false,false,false,false,false,true,false,false,false,75.00,0.00,false,false,false,false,true,false,true,under_10k,https://www.fema.gov/api/open/v2/PublicAssistanceFundedProjectsDetails,https://www.fema.gov/openfema-data-page/public-assistance-funded-projects-details-v2,2026-08-17T06:23:38Z
4899,2026-02-06T00:00:00.000Z,Winter Storm,1102,Donated Resource Fire Department,013-99013-00,B,Emergency Work Donated Resources,Eligible,Obligated,Small,Calhoun County,013,MS,28,4655.96,3491.98,3491.98,2026-07-11T00:00:00.000Z,2026-07-11T00:00:00.000Z,0,1068525,277658,2026-07-23T18:44:06.680Z,83cb9337cf341b0307235c19a2d33db48365d700,2026-02-06,2026-07-11,2026-07-11,2026-07-23T18:44:06Z,2026,02,1,2026,2026,155,0,true,Mississippi,4,Region 4 — Atlanta,Atlanta,"AL,FL,GA,KY,MS,NC,SC,TN",28,013,28013,Emergency Work,true,false,false,false,true,false,false,false,false,false,Winter weather,false,false,false,false,false,false,false,true,false,false,false,75.00,0.00,false,false,false,false,true,false,true,under_10k,https://www.fema.gov/api/open/v2/PublicAssistanceFundedProjectsDetails,https://www.fema.gov/openfema-data-page/public-assistance-funded-projects-details-v2,2026-08-17T06:23:38Z
4899,2026-02-06T00:00:00.000Z,Winter Storm,1107,Management Costs,013-18940-00,Z,Management Costs,Eligible,Obligated,Small,Calhoun County,013,MS,28,620.59,620.59,620.59,2026-06-17T00:00:00.000Z,2026-06-17T00:00:00.000Z,0,1068547,277884,2026-07-23T18:44:06.680Z,66e12ace02c060d064f13decd6b86e68bfda620b,2026-02-06,2026-06-17,2026-06-17,2026-07-23T18:44:06Z,2026,02,1,2026,2026,131,0,true,Mississippi,4,Region 4 — Atlanta,Atlanta,"AL,FL,GA,KY,MS,NC,SC,TN",28,013,28013,Management Costs,false,false,true,false,false,false,false,false,false,false,Winter weather,false,false,false,false,false,false,false,true,false,false,false,100.00,0.00,false,false,false,false,true,false,true,under_10k,https://www.fema.gov/api/open/v2/PublicAssistanceFundedProjectsDetails,https://www.fema.gov/openfema-data-page/public-assistance-funded-projects-details-v2,2026-08-17T06:23:38Z
4899,2026-02-06T00:00:00.000Z,Winter Storm,1136,Management Costs,007-99007-00,Z,Management Costs,Eligible,Obligated,Small,Attala County,007,MS,28,513.61,513.61,513.61,2026-06-22T00:00:00.000Z,2026-06-22T00:00:00.000Z,0,1068593,277786,2026-07-23T18:44:06.680Z,b225ce94feb3888888a532389dc200b0170a0d78,2026-02-06,2026-06-22,2026-06-22,2026-07-23T18:44:06Z,2026,02,1,2026,2026,136,0,true,Mississippi,4,Region 4 — Atlanta,Atlanta,"AL,FL,GA,KY,MS,NC,SC,TN",28,007,28007,Management Costs,false,false,true,false,false,false,false,false,false,false,Winter weather,false,false,false,false,false,false,false,true,false,false,false,100.00,0.00,false,false,false,false,true,false,true,under_10k,https://www.fema.gov/api/open/v2/PublicAssistanceFundedProjectsDetails,https://www.fema.gov/openfema-data-page/public-assistance-funded-projects-details-v2,2026-08-17T06:23:38Z
4899,2026-02-06T00:00:00.000Z,Winter Storm,1140,Fulton Cat Z,057-26300-00,Z,Management Costs,Eligible,Obligated,Small,Itawamba County,057,MS,28,4671.25,4671.25,4671.25,2026-06-10T00:00:00.000Z,2026-06-10T00:00:00.000Z,0,1068628,278137,2026-07-23T18:44:06.680Z,bf55083f292a90e966c98b33fcd7172b9a4c5df4,2026-02-06,2026-06-10,2026-06-10,2026-07-23T18:44:06Z,2026,02,1,2026,2026,124,0,true,Mississippi,4,Region 4 — Atlanta,Atlanta,"AL,FL,GA,KY,MS,NC,SC,TN",28,057,28057,Management Costs,false,false,true,false,false,false,false,false,false,false,Winter weather,false,false,false,false,false,false,false,true,false,false,false,100.00,0.00,false,false,false,false,true,false,true,under_10k,https://www.fema.gov/api/open/v2/PublicAssistanceFundedProjectsDetails,https://www.fema.gov/openfema-data-page/public-assistance-funded-projects-details-v2,2026-08-17T06:23:38Z
4899,2026-02-06T00:00:00.000Z,Winter Storm,1141,City of Horn Lake- CAT Z,033-33700-00,Z,Management Costs,Eligible,Obligated,Small,DeSoto County,033,MS,28,449.76,449.76,449.76,2026-06-08T00:00:00.000Z,2026-06-08T00:00:00.000Z,0,1068634,277879,2026-07-23T18:44:06.680Z,5f5e3b77e6e00c2b99b6cf6d90f5251cb45785ce,2026-02-06,2026-06-08,2026-06-08,2026-07-23T18:44:06Z,2026,02,1,2026,2026,122,0,true,Mississippi,4,Region 4 — Atlanta,Atlanta,"AL,FL,GA,KY,MS,NC,SC,TN",28,033,28033,Management Costs,false,false,true,false,false,false,false,false,false,false,Winter weather,false,false,false,false,false,false,false,true,false,false,false,100.00,0.00,false,false,false,false,true,false,true,under_10k,https://www.fema.gov/api/open/v2/PublicAssistanceFundedProjectsDetails,https://www.fema.gov/openfema-data-page/public-assistance-funded-projects-details-v2,2026-08-17T06:23:38Z
4899,2026-02-06T00:00:00.000Z,Winter Storm,1142,North Benton Water Association Donated Generator Equipment Hours 4899MS,009-UKFMS-00,B,Emergency Work Donated Resources,Eligible,Obligated,Small,Benton County,009,MS,28,1945.34,1459.01,1459.01,2026-06-23T00:00:00.000Z,2026-06-23T00:00:00.000Z,0,1068636,277779,2026-07-23T18:44:06.680Z,d251d2060213d3fd80c7230e49742d16cb6d27d0,2026-02-06,2026-06-23,2026-06-23,2026-07-23T18:44:06Z,2026,02,1,2026,2026,137,0,true,Mississippi,4,Region 4 — Atlanta,Atlanta,"AL,FL,GA,KY,MS,NC,SC,TN",28,009,28009,Emergency Work,true,false,false,false,true,false,false,false,false,false,Winter weather,false,false,false,false,false,false,false,true,false,false,false,75.00,0.00,false,false,false,false,true,false,true,under_10k,https://www.fema.gov/api/open/v2/PublicAssistanceFundedProjectsDetails,https://www.fema.gov/openfema-data-page/public-assistance-funded-projects-details-v2,2026-08-17T06:23:38Z
4899,2026-02-06T00:00:00.000Z,Winter Storm,1144,B - Emergency Work Donated Resources,009-32020-00,B,Emergency Work Donated Resources,Eligible,Obligated,Small,Benton County,009,MS,28,30746.3,23059.73,23059.73,2026-07-24T00:00:00.000Z,2026-07-24T00:00:00.000Z,0,1068645,277849,2026-07-25T15:08:16.660Z,d910d33704f16caa37369c1e1b8c488198db3cd1,2026-02-06,2026-07-24,2026-07-24,2026-07-25T15:08:16Z,2026,02,1,2026,2026,168,0,true,Mississippi,4,Region 4 — Atlanta,Atlanta,"AL,FL,GA,KY,MS,NC,SC,TN",28,009,28009,Emergency Work,true,false,false,false,true,false,false,false,false,false,Winter weather,false,false,false,false,false,false,false,true,false,false,false,75.00,0.00,false,false,false,false,true,false,true,10k_to_100k,https://www.fema.gov/api/open/v2/PublicAssistanceFundedProjectsDetails,https://www.fema.gov/openfema-data-page/public-assistance-funded-projects-details-v2,2026-08-17T06:23:38Z
4899,2026-02-06T00:00:00.000Z,Winter Storm,1145,CAT B - Additional Force Account Equipment - Fire Dept,013-09180-00,B,Emergency Protective Measures,Eligible,Obligated,Small,Calhoun County,013,MS,28,8549.7,6412.28,6412.28,2026-06-16T00:00:00.000Z,2026-06-16T00:00:00.000Z,0,1068657,277851,2026-07-23T18:44:06.680Z,71a2257f7b95dea0a7b58426ce552f794dfd5ce9,2026-02-06,2026-06-16,2026-06-16,2026-07-23T18:44:06Z,2026,02,1,2026,2026,130,0,true,Mississippi,4,Region 4 — Atlanta,Atlanta,"AL,FL,GA,KY,MS,NC,SC,TN",28,013,28013,Emergency Work,true,false,false,false,true,false,false,false,false,false,Winter weather,false,false,false,false,false,false,false,true,false,false,false,75.00,0.00,false,false,false,false,true,false,true,under_10k,https://www.fema.gov/api/open/v2/PublicAssistanceFundedProjectsDetails,https://www.fema.gov/openfema-data-page/public-assistance-funded-projects-details-v2,2026-08-17T06:23:38Z
4899,2026-02-06T00:00:00.000Z,Winter Storm,1151,B - Emergency Work Donated Resources,009-UXFD1-00,B,Emergency Work Donated Resources,Eligible,Obligated,Small,Benton County,009,MS,28,12041.35,9031.02,9031.02,2026-08-10T00:00:00.000Z,2026-08-10T00:00:00.000Z,0,1068733,277821,2026-08-12T15:21:33.184Z,e41bb49cad0afe6543b95e9d52de0d09f5fd6c9e,2026-02-06,2026-08-10,2026-08-10,2026-08-12T15:21:33Z,2026,02,1,2026,2026,185,0,true,Mississippi,4,Region 4 — Atlanta,Atlanta,"AL,FL,GA,KY,MS,NC,SC,TN",28,009,28009,Emergency Work,true,false,false,false,true,false,false,false,false,false,Winter weather,false,false,false,false,false,false,false,true,false,false,false,75.00,0.00,false,false,false,false,true,false,true,under_10k,https://www.fema.gov/api/open/v2/PublicAssistanceFundedProjectsDetails,https://www.fema.gov/openfema-data-page/public-assistance-funded-projects-details-v2,2026-08-17T06:23:38Z
4899,2026-02-06T00:00:00.000Z,Winter Storm,1152,Management Cost for Tishomingo Town,141-73720-00,Z,Management Costs,Eligible,Obligated,Small,Tishomingo County,141,MS,28,576.42,576.42,576.42,2026-06-10T00:00:00.000Z,2026-06-10T00:00:00.000Z,0,1068756,277940,2026-07-23T18:44:06.680Z,9f5bdd864dcb36572d51fc3881ff23490aebb125,2026-02-06,2026-06-10,2026-06-10,2026-07-23T18:44:06Z,2026,02,1,2026,2026,124,0,true,Mississippi,4,Region 4 — Atlanta,Atlanta,"AL,FL,GA,KY,MS,NC,SC,TN",28,141,28141,Management Costs,false,false,true,false,false,false,false,false,false,false,Winter weather,false,false,false,false,false,false,false,true,false,false,false,100.00,0.00,false,false,false,false,true,false,true,under_10k,https://www.fema.gov/api/open/v2/PublicAssistanceFundedProjectsDetails,https://www.fema.gov/openfema-data-page/public-assistance-funded-projects-details-v2,2026-08-17T06:23:38Z
4899,2026-02-06T00:00:00.000Z,Winter Storm,1168,DR-4899-MS-Three Forks Water Association-Management Costs,139-UQ9SU-00,Z,Management Costs,Eligible,Obligated,Small,Tippah County,139,MS,28,1401.01,1401.01,1401.01,2026-06-10T00:00:00.000Z,2026-06-10T00:00:00.000Z,0,1068852,277960,2026-07-23T18:44:06.680Z,8d55d6dd774938b1a649e120d15159dccbf48b08,2026-02-06,2026-06-10,2026-06-10,2026-07-23T18:44:06Z,2026,02,1,2026,2026,124,0,true,Mississippi,4,Region 4 — Atlanta,Atlanta,"AL,FL,GA,KY,MS,NC,SC,TN",28,139,28139,Management Costs,false,false,true,false,false,false,false,false,false,false,Winter weather,false,false,false,false,false,false,false,true,false,false,false,100.00,0.00,false,false,false,false,true,false,true,under_10k,https://www.fema.gov/api/open/v2/PublicAssistanceFundedProjectsDetails,https://www.fema.gov/openfema-data-page/public-assistance-funded-projects-details-v2,2026-08-17T06:23:38Z
4899,2026-02-06T00:00:00.000Z,Winter Storm,1169,Hernando Management Costs,033-31780-00,Z,Management Costs,Eligible,Obligated,Small,DeSoto County,033,MS,28,550.9,550.9,550.9,2026-06-10T00:00:00.000Z,2026-06-10T00:00:00.000Z,0,1068854,277909,2026-07-23T18:44:06.680Z,efcf5cc0d6c3dbb7df25eccbfa50ee8e285f2065,2026-02-06,2026-06-10,2026-06-10,2026-07-23T18:44:06Z,2026,02,1,2026,2026,124,0,true,Mississippi,4,Region 4 — Atlanta,Atlanta,"AL,FL,GA,KY,MS,NC,SC,TN",28,033,28033,Management Costs,false,false,true,false,false,false,false,false,false,false,Winter weather,false,false,false,false,false,false,false,true,false,false,false,100.00,0.00,false,false,false,false,true,false,true,under_10k,https://www.fema.gov/api/open/v2/PublicAssistanceFundedProjectsDetails,https://www.fema.gov/openfema-data-page/public-assistance-funded-projects-details-v2,2026-08-17T06:23:38Z
4899,2026-02-06T00:00:00.000Z,Winter Storm,1182,Donated Resources,151-32900-00,B,Emergency Work Donated Resources,Eligible,Obligated,Small,Washington County,151,MS,28,42815.59,32111.7,32111.7,2026-07-29T00:00:00.000Z,2026-07-29T00:00:00.000Z,0,1068903,277728,2026-07-30T15:10:03.208Z,bae8a31eea8f6a0a957f4931ccf5d1b099296fdc,2026-02-06,2026-07-29,2026-07-29,2026-07-30T15:10:03Z,2026,02,1,2026,2026,173,0,true,Mississippi,4,Region 4 — Atlanta,Atlanta,"AL,FL,GA,KY,MS,NC,SC,TN",28,151,28151,Emergency Work,true,false,false,false,true,false,false,false,false,false,Winter weather,false,false,false,false,false,false,false,true,false,false,false,75.00,0.00,false,false,false,false,true,false,true,10k_to_100k,https://www.fema.gov/api/open/v2/PublicAssistanceFundedProjectsDetails,https://www.fema.gov/openfema-data-page/public-assistance-funded-projects-details-v2,2026-08-17T06:23:38Z
4899,2026-02-06T00:00:00.000Z,Winter Storm,1183,Town of Vaiden- Volunteer Firefighters,015-75880-00,B,Emergency Work Donated Resources,Eligible,Obligated,Small,Carroll County,015,MS,28,5278.55,3958.92,3958.92,2026-07-09T00:00:00.000Z,2026-07-09T00:00:00.000Z,0,1068924,277747,2026-07-23T18:44:06.680Z,ef0c29f60e8b8c6a731aa6da7ff4a4fce5ae0da4,2026-02-06,2026-07-09,2026-07-09,2026-07-23T18:44:06Z,2026,02,1,2026,2026,153,0,true,Mississippi,4,Region 4 — Atlanta,Atlanta,"AL,FL,GA,KY,MS,NC,SC,TN",28,015,28015,Emergency Work,true,false,false,false,true,false,false,false,false,false,Winter weather,false,false,false,false,false,false,false,true,false,false,false,75.00,0.00,false,false,false,false,true,false,true,under_10k,https://www.fema.gov/api/open/v2/PublicAssistanceFundedProjectsDetails,https://www.fema.gov/openfema-data-page/public-assistance-funded-projects-details-v2,2026-08-17T06:23:38Z
4899,2026-02-06T00:00:00.000Z,Winter Storm,1198,Ruleville Management Costs,133-64200-00,Z,Management Costs,Eligible,Obligated,Small,Sunflower County,133,MS,28,832.43,832.43,832.43,2026-06-17T00:00:00.000Z,2026-06-17T00:00:00.000Z,0,1068959,277766,2026-07-23T18:44:06.680Z,68df9fd4b811373ef89a49387443ac5a6100c68a,2026-02-06,2026-06-17,2026-06-17,2026-07-23T18:44:06Z,2026,02,1,2026,2026,131,0,true,Mississippi,4,Region 4 — Atlanta,Atlanta,"AL,FL,GA,KY,MS,NC,SC,TN",28,133,28133,Management Costs,false,false,true,false,false,false,false,false,false,false,Winter weather,false,false,false,false,false,false,false,true,false,false,false,100.00,0.00,false,false,false,false,true,false,true,under_10k,https://www.fema.gov/api/open/v2/PublicAssistanceFundedProjectsDetails,https://www.fema.gov/openfema-data-page/public-assistance-funded-projects-details-v2,2026-08-17T06:23:38Z
4899,2026-02-06T00:00:00.000Z,Winter Storm,1212,Donated Resources,009-99009-00,B,Emergency Work Donated Resources,Eligible,Obligated,Small,Benton County,009,MS,28,73232.46,54924.35,54924.35,2026-07-22T00:00:00.000Z,2026-07-22T00:00:00.000Z,0,1068986,277593,2026-07-23T18:44:06.680Z,38c62a786e41dec01aefd30986cefe77e72dfa3d,2026-02-06,2026-07-22,2026-07-22,2026-07-23T18:44:06Z,2026,02,1,2026,2026,166,0,true,Mississippi,4,Region 4 — Atlanta,Atlanta,"AL,FL,GA,KY,MS,NC,SC,TN",28,009,28009,Emergency Work,true,false,false,false,true,false,false,false,false,false,Winter weather,false,false,false,false,false,false,false,true,false,false,false,75.00,0.00,false,false,false,false,true,false,true,10k_to_100k,https://www.fema.gov/api/open/v2/PublicAssistanceFundedProjectsDetails,https://www.fema.gov/openfema-data-page/public-assistance-funded-projects-details-v2,2026-08-17T06:23:38Z
4899,2026-02-06T00:00:00.000Z,Winter Storm,1219,Management Costs,001-99001-00,Z,Management Costs,Eligible,Obligated,Small,Adams County,001,MS,28,17117.85,17117.85,17117.85,2026-07-09T00:00:00.000Z,2026-07-09T00:00:00.000Z,0,1069070,277613,2026-07-23T18:44:06.680Z,864f5c8a28cdba8b3630c1127254c79d4ea2093e,2026-02-06,2026-07-09,2026-07-09,2026-07-23T18:44:06Z,2026,02,1,2026,2026,153,0,true,Mississippi,4,Region 4 — Atlanta,Atlanta,"AL,FL,GA,KY,MS,NC,SC,TN",28,001,28001,Management Costs,false,false,true,false,false,false,false,false,false,false,Winter weather,false,false,false,false,false,false,false,true,false,false,false,100.00,0.00,false,false,false,false,true,false,true,10k_to_100k,https://www.fema.gov/api/open/v2/PublicAssistanceFundedProjectsDetails,https://www.fema.gov/openfema-data-page/public-assistance-funded-projects-details-v2,2026-08-17T06:23:38Z
4899,2026-02-06T00:00:00.000Z,Winter Storm,1221,DR4899 Hotophia Water Association Management Costs,107-U9XEA-00,Z,Management Costs,Eligible,Obligated,Small,Panola County,107,MS,28,1496.46,1496.46,1496.46,2026-06-23T00:00:00.000Z,2026-06-23T00:00:00.000Z,0,1069130,277948,2026-07-23T18:44:06.680Z,4d0ec53a46b85ef9e96deca2921a8994bcda70a9,2026-02-06,2026-06-23,2026-06-23,2026-07-23T18:44:06Z,2026,02,1,2026,2026,137,0,true,Mississippi,4,Region 4 — Atlanta,Atlanta,"AL,FL,GA,KY,MS,NC,SC,TN",28,107,28107,Management Costs,false,false,true,false,false,false,false,false,false,false,Winter weather,false,false,false,false,false,false,false,true,false,false,false,100.00,0.00,false,false,false,false,true,false,true,under_10k,https://www.fema.gov/api/open/v2/PublicAssistanceFundedProjectsDetails,https://www.fema.gov/openfema-data-page/public-assistance-funded-projects-details-v2,2026-08-17T06:23:38Z
4899,2026-02-06T00:00:00.000Z,Winter Storm,1227,Estimated CAT Z,117-U1JRS-00,Z,Management Costs,Eligible,Obligated,Small,Prentiss County,117,MS,28,1862.7,1862.7,1862.7,2026-06-23T00:00:00.000Z,2026-06-23T00:00:00.000Z,0,1069187,277877,2026-07-23T18:44:06.680Z,39f967db5a66c7f018de1eb0ba0cbed4f0582cde,2026-02-06,2026-06-23,2026-06-23,2026-07-23T18:44:06Z,2026,02,1,2026,2026,137,0,true,Mississippi,4,Region 4 — Atlanta,Atlanta,"AL,FL,GA,KY,MS,NC,SC,TN",28,117,28117,Management Costs,false,false,true,false,false,false,false,false,false,false,Winter weather,false,false,false,false,false,false,false,true,false,false,false,100.00,0.00,false,false,false,false,true,false,true,under_10k,https://www.fema.gov/api/open/v2/PublicAssistanceFundedProjectsDetails,https://www.fema.gov/openfema-data-page/public-assistance-funded-projects-details-v2,2026-08-17T06:23:38Z
4899,2026-02-06T00:00:00.000Z,Winter Storm,1228,Management Costs,001-50440-00,Z,Management Costs,Eligible,Obligated,Small,Adams County,001,MS,28,2949.3,2949.3,2949.3,2026-06-30T00:00:00.000Z,2026-06-30T00:00:00.000Z,0,1069191,277893,2026-07-23T18:44:06.680Z,0e124a301429c7ce90ab61e52674507ea6398360,2026-02-06,2026-06-30,2026-06-30,2026-07-23T18:44:06Z,2026,02,1,2026,2026,144,0,true,Mississippi,4,Region 4 — Atlanta,Atlanta,"AL,FL,GA,KY,MS,NC,SC,TN",28,001,28001,Management Costs,false,false,true,false,false,false,false,false,false,false,Winter weather,false,false,false,false,false,false,false,true,false,false,false,100.00,0.00,false,false,false,false,true,false,true,under_10k,https://www.fema.gov/api/open/v2/PublicAssistanceFundedProjectsDetails,https://www.fema.gov/openfema-data-page/public-assistance-funded-projects-details-v2,2026-08-17T06:23:38Z
4899,2026-02-06T00:00:00.000Z,Winter Storm,1230,Coahoma County-Cat Z,027-99027-00,Z,Management Costs,Eligible,Obligated,Small,Coahoma County,027,MS,28,610.79,610.79,610.79,2026-06-25T00:00:00.000Z,2026-06-25T00:00:00.000Z,0,1069216,277792,2026-07-23T18:44:06.680Z,bd2cf10605963b02943913b85a1e9939f77dec54,2026-02-06,2026-06-25,2026-06-25,2026-07-23T18:44:06Z,2026,02,1,2026,2026,139,0,true,Mississippi,4,Region 4 — Atlanta,Atlanta,"AL,FL,GA,KY,MS,NC,SC,TN",28,027,28027,Management Costs,false,false,true,false,false,false,false,false,false,false,Winter weather,false,false,false,false,false,false,false,true,false,false,false,100.00,0.00,false,false,false,false,true,false,true,under_10k,https://www.fema.gov/api/open/v2/PublicAssistanceFundedProjectsDetails,https://www.fema.gov/openfema-data-page/public-assistance-funded-projects-details-v2,2026-08-17T06:23:38Z
4899,2026-02-06T00:00:00.000Z,Winter Storm,1232,Management Costs,013-10580-00,Z,Management Costs,Eligible,Obligated,Small,Calhoun County,013,MS,28,1101.3,1101.3,1101.3,2026-07-15T00:00:00.000Z,2026-07-15T00:00:00.000Z,0,1069247,277984,2026-07-23T18:44:06.680Z,ed062d871214fe47e902ca327bf5ef1124a0c1bb,2026-02-06,2026-07-15,2026-07-15,2026-07-23T18:44:06Z,2026,02,1,2026,2026,159,0,true,Mississippi,4,Region 4 — Atlanta,Atlanta,"AL,FL,GA,KY,MS,NC,SC,TN",28,013,28013,Management Costs,false,false,true,false,false,false,false,false,false,false,Winter weather,false,false,false,false,false,false,false,true,false,false,false,100.00,0.00,false,false,false,false,true,false,true,under_10k,https://www.fema.gov/api/open/v2/PublicAssistanceFundedProjectsDetails,https://www.fema.gov/openfema-data-page/public-assistance-funded-projects-details-v2,2026-08-17T06:23:38Z
4899,2026-02-06T00:00:00.000Z,Winter Storm,1233,Blue Mountain Management Cost,139-07060-00,Z,Management Costs,Eligible,Obligated,Small,Tippah County,139,MS,28,3534.59,3534.59,3534.59,2026-06-23T00:00:00.000Z,2026-06-23T00:00:00.000Z,0,1069254,277729,2026-07-23T18:44:06.680Z,338345edb0a23c0c763acd37cb9285078ec4ace4,2026-02-06,2026-06-23,2026-06-23,2026-07-23T18:44:06Z,2026,02,1,2026,2026,137,0,true,Mississippi,4,Region 4 — Atlanta,Atlanta,"AL,FL,GA,KY,MS,NC,SC,TN",28,139,28139,Management Costs,false,false,true,false,false,false,false,false,false,false,Winter weather,false,false,false,false,false,false,false,true,false,false,false,100.00,0.00,false,false,false,false,true,false,true,under_10k,https://www.fema.gov/api/open/v2/PublicAssistanceFundedProjectsDetails,https://www.fema.gov/openfema-data-page/public-assistance-funded-projects-details-v2,2026-08-17T06:23:38Z
4899,2026-02-06T00:00:00.000Z,Winter Storm,1235,Management Costs,013-09180-00,Z,Management Costs,Eligible,Obligated,Small,Calhoun County,013,MS,28,1282.31,1282.31,1282.31,2026-07-09T00:00:00.000Z,2026-07-09T00:00:00.000Z,0,1069421,277851,2026-07-23T18:44:06.680Z,9fe52075eec2626150583c8318ebd6d2fb1697ab,2026-02-06,2026-07-09,2026-07-09,2026-07-23T18:44:06Z,2026,02,1,2026,2026,153,0,true,Mississippi,4,Region 4 — Atlanta,Atlanta,"AL,FL,GA,KY,MS,NC,SC,TN",28,013,28013,Management Costs,false,false,true,false,false,false,false,false,false,false,Winter weather,false,false,false,false,false,false,false,true,false,false,false,100.00,0.00,false,false,false,false,true,false,true,under_10k,https://www.fema.gov/api/open/v2/PublicAssistanceFundedProjectsDetails,https://www.fema.gov/openfema-data-page/public-assistance-funded-projects-details-v2,2026-08-17T06:23:38Z
4899,2026-02-06T00:00:00.000Z,Winter Storm,1236,North Benton Water Association Management Cost,009-UKFMS-00,Z,Management Costs,Eligible,Obligated,Small,Benton County,009,MS,28,291.8,291.8,291.8,2026-06-29T00:00:00.000Z,2026-06-29T00:00:00.000Z,0,1069442,277779,2026-07-23T18:44:06.680Z,6ce4f9d096b9c1215ae9928f2983013f6a5610da,2026-02-06,2026-06-29,2026-06-29,2026-07-23T18:44:06Z,2026,02,1,2026,2026,143,0,true,Mississippi,4,Region 4 — Atlanta,Atlanta,"AL,FL,GA,KY,MS,NC,SC,TN",28,009,28009,Management Costs,false,false,true,false,false,false,false,false,false,false,Winter weather,false,false,false,false,false,false,false,true,false,false,false,100.00,0.00,false,false,false,false,true,false,true,under_10k,https://www.fema.gov/api/open/v2/PublicAssistanceFundedProjectsDetails,https://www.fema.gov/openfema-data-page/public-assistance-funded-projects-details-v2,2026-08-17T06:23:38Z
4899,2026-02-06T00:00:00.000Z,Winter Storm,1237,Sardis Police surveillance Camera System,107-UUUB1-00,E,Buildings and Equipment,Eligible,Obligated,Small,Panola County,107,MS,28,24860,18645,18645,2026-08-14T00:00:00.000Z,2026-08-14T00:00:00.000Z,0,1069477,277976,2026-08-15T15:26:12.016Z,cfa6f4c38280f30507a2bbaf9f2232c0d257e821,2026-02-06,2026-08-14,2026-08-14,2026-08-15T15:26:12Z,2026,02,1,2026,2026,189,0,true,Mississippi,4,Region 4 — Atlanta,Atlanta,"AL,FL,GA,KY,MS,NC,SC,TN",28,107,28107,Permanent Work,false,true,false,false,false,false,false,true,false,false,Winter weather,false,false,false,false,false,false,false,true,false,false,false,75.00,0.00,false,false,false,false,true,false,true,10k_to_100k,https://www.fema.gov/api/open/v2/PublicAssistanceFundedProjectsDetails,https://www.fema.gov/openfema-data-page/public-assistance-funded-projects-details-v2,2026-08-17T06:23:38Z
4899,2026-02-06T00:00:00.000Z,Winter Storm,1239,Tunica Management Cost,143-99143-00,Z,Management Costs,Eligible,Obligated,Small,Tunica County,143,MS,28,2000.77,2000.77,2000.77,2026-07-21T00:00:00.000Z,2026-07-21T00:00:00.000Z,0,1069540,277797,2026-07-23T18:44:06.680Z,9958d37098619a2b812871a47c9ca77ff1be0625,2026-02-06,2026-07-21,2026-07-21,2026-07-23T18:44:06Z,2026,02,1,2026,2026,165,0,true,Mississippi,4,Region 4 — Atlanta,Atlanta,"AL,FL,GA,KY,MS,NC,SC,TN",28,143,28143,Management Costs,false,false,true,false,false,false,false,false,false,false,Winter weather,false,false,false,false,false,false,false,true,false,false,false,100.00,0.00,false,false,false,false,true,false,true,under_10k,https://www.fema.gov/api/open/v2/PublicAssistanceFundedProjectsDetails,https://www.fema.gov/openfema-data-page/public-assistance-funded-projects-details-v2,2026-08-17T06:23:38Z
4899,2026-02-06T00:00:00.000Z,Winter Storm,1241,4899 Kossuth Water - Cat Z - Management Costs,003-UM8T3-00,Z,Management Costs,Eligible,Obligated,Small,Alcorn County,003,MS,28,4165.37,4165.37,4165.37,2026-07-01T00:00:00.000Z,2026-07-01T00:00:00.000Z,0,1069686,277931,2026-07-23T18:44:06.680Z,020a8c4c135c061b00c141d28c2f9574661ed93d,2026-02-06,2026-07-01,2026-07-01,2026-07-23T18:44:06Z,2026,02,1,2026,2026,145,0,true,Mississippi,4,Region 4 — Atlanta,Atlanta,"AL,FL,GA,KY,MS,NC,SC,TN",28,003,28003,Management Costs,false,false,true,false,false,false,false,false,false,false,Winter weather,false,false,false,false,false,false,false,true,false,false,false,100.00,0.00,false,false,false,false,true,false,true,under_10k,https://www.fema.gov/api/open/v2/PublicAssistanceFundedProjectsDetails,https://www.fema.gov/openfema-data-page/public-assistance-funded-projects-details-v2,2026-08-17T06:23:38Z
4899,2026-02-06T00:00:00.000Z,Winter Storm,1245,Management Costs,013-99013-00,Z,Management Costs,Eligible,Obligated,Small,Calhoun County,013,MS,28,462,462,462,2026-08-07T00:00:00.000Z,2026-08-07T00:00:00.000Z,0,1069954,277658,2026-08-12T15:21:33.184Z,0b8f220729884c666b747d7a20730e95253fd806,2026-02-06,2026-08-07,2026-08-07,2026-08-12T15:21:33Z,2026,02,1,2026,2026,182,0,true,Mississippi,4,Region 4 — Atlanta,Atlanta,"AL,FL,GA,KY,MS,NC,SC,TN",28,013,28013,Management Costs,false,false,true,false,false,false,false,false,false,false,Winter weather,false,false,false,false,false,false,false,true,false,false,false,100.00,0.00,false,false,false,false,true,false,true,under_10k,https://www.fema.gov/api/open/v2/PublicAssistanceFundedProjectsDetails,https://www.fema.gov/openfema-data-page/public-assistance-funded-projects-details-v2,2026-08-17T06:23:38Z
4899,2026-02-06T00:00:00.000Z,Winter Storm,1246,Town of Vaiden Management Cost,015-75880-00,Z,Management Costs,Eligible,Obligated,Small,Carroll County,015,MS,28,791.79,791.79,791.79,2026-07-14T00:00:00.000Z,2026-07-14T00:00:00.000Z,0,1069957,277747,2026-07-23T18:44:06.680Z,be18f0becbdf63e715d74ccaddd9827908733d8a,2026-02-06,2026-07-14,2026-07-14,2026-07-23T18:44:06Z,2026,02,1,2026,2026,158,0,true,Mississippi,4,Region 4 — Atlanta,Atlanta,"AL,FL,GA,KY,MS,NC,SC,TN",28,015,28015,Management Costs,false,false,true,false,false,false,false,false,false,false,Winter weather,false,false,false,false,false,false,false,true,false,false,false,100.00,0.00,false,false,false,false,true,false,true,under_10k,https://www.fema.gov/api/open/v2/PublicAssistanceFundedProjectsDetails,https://www.fema.gov/openfema-data-page/public-assistance-funded-projects-details-v2,2026-08-17T06:23:38Z
4899,2026-02-06T00:00:00.000Z,Winter Storm,1247,Office Security System WC,003-UIV61-00,E,Buildings and Equipment,Eligible,Obligated,Small,Alcorn County,003,MS,28,8476,6357,6357,2026-08-07T00:00:00.000Z,2026-08-07T00:00:00.000Z,7476,1069975,277757,2026-08-12T15:21:33.184Z,b395d51c0f5db656222b83e549b1d79df20b2bd2,2026-02-06,2026-08-07,2026-08-07,2026-08-12T15:21:33Z,2026,02,1,2026,2026,182,0,true,Mississippi,4,Region 4 — Atlanta,Atlanta,"AL,FL,GA,KY,MS,NC,SC,TN",28,003,28003,Permanent Work,false,true,false,false,false,false,false,true,false,false,Winter weather,false,false,false,false,false,false,false,true,false,false,false,75.00,88.20,true,false,false,false,true,false,true,under_10k,https://www.fema.gov/api/open/v2/PublicAssistanceFundedProjectsDetails,https://www.fema.gov/openfema-data-page/public-assistance-funded-projects-details-v2,2026-08-17T06:23:38Z
4899,2026-02-06T00:00:00.000Z,Winter Storm,1249,Management Costs,000-U2A57-00,Z,Management Costs,Eligible,Obligated,Small,Statewide,063,MS,28,57396.99,57396.99,57396.99,2026-07-18T00:00:00.000Z,2026-07-18T00:00:00.000Z,0,1070045,277689,2026-07-23T18:44:06.680Z,6102bb0db4c61f1854cd0335a6d2a394c852b98e,2026-02-06,2026-07-18,2026-07-18,2026-07-23T18:44:06Z,2026,02,1,2026,2026,162,0,true,Mississippi,4,Region 4 — Atlanta,Atlanta,"AL,FL,GA,KY,MS,NC,SC,TN",28,063,28063,Management Costs,false,false,true,false,false,false,false,false,false,false,Winter weather,false,false,false,false,false,false,false,true,false,false,false,100.00,0.00,false,false,false,false,true,false,true,10k_to_100k,https://www.fema.gov/api/open/v2/PublicAssistanceFundedProjectsDetails,https://www.fema.gov/openfema-data-page/public-assistance-funded-projects-details-v2,2026-08-17T06:23:38Z
4899,2026-02-06T00:00:00.000Z,Winter Storm,1250,Management Costs,081-02700-00,Z,Management Costs,Eligible,Obligated,Small,Lee County,081,MS,28,667.81,667.81,667.81,2026-07-29T00:00:00.000Z,2026-07-29T00:00:00.000Z,0,1070073,277848,2026-07-30T15:10:03.208Z,6906a18c25117788e851df572265fb77e9642154,2026-02-06,2026-07-29,2026-07-29,2026-07-30T15:10:03Z,2026,02,1,2026,2026,173,0,true,Mississippi,4,Region 4 — Atlanta,Atlanta,"AL,FL,GA,KY,MS,NC,SC,TN",28,081,28081,Management Costs,false,false,true,false,false,false,false,false,false,false,Winter weather,false,false,false,false,false,false,false,true,false,false,false,100.00,0.00,false,false,false,false,true,false,true,under_10k,https://www.fema.gov/api/open/v2/PublicAssistanceFundedProjectsDetails,https://www.fema.gov/openfema-data-page/public-assistance-funded-projects-details-v2,2026-08-17T06:23:38Z
4899,2026-02-06T00:00:00.000Z,Winter Storm,1251,North Haven Water Association Donated Resources,145-UD4U6-00,B,Emergency Work Donated Resources,Eligible,Obligated,Small,Union County,145,MS,28,1671.98,1253.99,1253.99,2026-07-29T00:00:00.000Z,2026-07-29T00:00:00.000Z,0,1070118,278075,2026-07-30T15:10:03.208Z,6b450cdddb741a07d632ab22e8a27beeaf1348f4,2026-02-06,2026-07-29,2026-07-29,2026-07-30T15:10:03Z,2026,02,1,2026,2026,173,0,true,Mississippi,4,Region 4 — Atlanta,Atlanta,"AL,FL,GA,KY,MS,NC,SC,TN",28,145,28145,Emergency Work,true,false,false,false,true,false,false,false,false,false,Winter weather,false,false,false,false,false,false,false,true,false,false,false,75.00,0.00,false,false,false,false,true,false,true,under_10k,https://www.fema.gov/api/open/v2/PublicAssistanceFundedProjectsDetails,https://www.fema.gov/openfema-data-page/public-assistance-funded-projects-details-v2,2026-08-17T06:23:38Z
4899,2026-02-06T00:00:00.000Z,Winter Storm,1252,Town of Sledge Cat Z Management Costs,119-68400-00,Z,Management Costs,Eligible,Obligated,Small,Quitman County,119,MS,28,265,265,265,2026-07-30T00:00:00.000Z,2026-07-30T00:00:00.000Z,0,1070134,277856,2026-07-31T15:06:08.793Z,053e55077b09f6298dce2a191d79d75ecd7b945b,2026-02-06,2026-07-30,2026-07-30,2026-07-31T15:06:08Z,2026,02,1,2026,2026,174,0,true,Mississippi,4,Region 4 — Atlanta,Atlanta,"AL,FL,GA,KY,MS,NC,SC,TN",28,119,28119,Management Costs,false,false,true,false,false,false,false,false,false,false,Winter weather,false,false,false,false,false,false,false,true,false,false,false,100.00,0.00,false,false,false,false,true,false,true,under_10k,https://www.fema.gov/api/open/v2/PublicAssistanceFundedProjectsDetails,https://www.fema.gov/openfema-data-page/public-assistance-funded-projects-details-v2,2026-08-17T06:23:38Z
4899,2026-02-06T00:00:00.000Z,Winter Storm,1253,Benton County Management Cost,009-99009-00,Z,Management Costs,Eligible,Obligated,Small,Benton County,009,MS,28,37094.67,37094.67,37094.67,2026-07-22T00:00:00.000Z,2026-07-22T00:00:00.000Z,0,1070199,277593,2026-07-23T18:44:06.680Z,0791c0cc327f221070d440a989aa6d4241d1531d,2026-02-06,2026-07-22,2026-07-22,2026-07-23T18:44:06Z,2026,02,1,2026,2026,166,0,true,Mississippi,4,Region 4 — Atlanta,Atlanta,"AL,FL,GA,KY,MS,NC,SC,TN",28,009,28009,Management Costs,false,false,true,false,false,false,false,false,false,false,Winter weather,false,false,false,false,false,false,false,true,false,false,false,100.00,0.00,false,false,false,false,true,false,true,10k_to_100k,https://www.fema.gov/api/open/v2/PublicAssistanceFundedProjectsDetails,https://www.fema.gov/openfema-data-page/public-assistance-funded-projects-details-v2,2026-08-17T06:23:38Z
4899,2026-02-06T00:00:00.000Z,Winter Storm,1263,Yazoo City Management Costs,163-81520-00,Z,Management Costs,Eligible,Obligated,Small,Yazoo County,163,MS,28,33879.08,33879.08,33879.08,2026-07-21T00:00:00.000Z,2026-07-21T00:00:00.000Z,0,1070497,277529,2026-07-23T18:44:06.680Z,55eb8034b0c318b417b0c520b5cc33ab75695ebe,2026-02-06,2026-07-21,2026-07-21,2026-07-23T18:44:06Z,2026,02,1,2026,2026,165,0,true,Mississippi,4,Region 4 — Atlanta,Atlanta,"AL,FL,GA,KY,MS,NC,SC,TN",28,163,28163,Management Costs,false,false,true,false,false,false,false,false,false,false,Winter weather,false,false,false,false,false,false,false,true,false,false,false,100.00,0.00,false,false,false,false,true,false,true,10k_to_100k,https://www.fema.gov/api/open/v2/PublicAssistanceFundedProjectsDetails,https://www.fema.gov/openfema-data-page/public-assistance-funded-projects-details-v2,2026-08-17T06:23:38Z
4899,2026-02-06T00:00:00.000Z,Winter Storm,1265,Management Costs,051-72440-00,Z,Management Costs,Eligible,Obligated,Small,Holmes County,051,MS,28,1092.19,1092.19,1092.19,2026-07-30T00:00:00.000Z,2026-07-30T00:00:00.000Z,0,1070519,277767,2026-07-31T15:06:08.793Z,dccb86d481e466c042350cff4366f561b42d298e,2026-02-06,2026-07-30,2026-07-30,2026-07-31T15:06:08Z,2026,02,1,2026,2026,174,0,true,Mississippi,4,Region 4 — Atlanta,Atlanta,"AL,FL,GA,KY,MS,NC,SC,TN",28,051,28051,Management Costs,false,false,true,false,false,false,false,false,false,false,Winter weather,false,false,false,false,false,false,false,true,false,false,false,100.00,0.00,false,false,false,false,true,false,true,under_10k,https://www.fema.gov/api/open/v2/PublicAssistanceFundedProjectsDetails,https://www.fema.gov/openfema-data-page/public-assistance-funded-projects-details-v2,2026-08-17T06:23:38Z
4899,2026-02-06T00:00:00.000Z,Winter Storm,1266,WTUA Cat Z,135-UN3IT-00,Z,Management Costs,Eligible,Obligated,Small,Tallahatchie County,135,MS,28,1416.75,1416.75,1416.75,2026-08-05T00:00:00.000Z,2026-08-05T00:00:00.000Z,0,1070636,278153,2026-08-06T15:19:50.545Z,e488e2ee03c44c684a2aa808056d5f170239860b,2026-02-06,2026-08-05,2026-08-05,2026-08-06T15:19:50Z,2026,02,1,2026,2026,180,0,true,Mississippi,4,Region 4 — Atlanta,Atlanta,"AL,FL,GA,KY,MS,NC,SC,TN",28,135,28135,Management Costs,false,false,true,false,false,false,false,false,false,false,Winter weather,false,false,false,false,false,false,false,true,false,false,false,100.00,0.00,false,false,false,false,true,false,true,under_10k,https://www.fema.gov/api/open/v2/PublicAssistanceFundedProjectsDetails,https://www.fema.gov/openfema-data-page/public-assistance-funded-projects-details-v2,2026-08-17T06:23:38Z
4899,2026-02-06T00:00:00.000Z,Winter Storm,1272,Wallerville Water Management Costs,145-U3QZR-00,Z,Management Costs,Eligible,Obligated,Small,Union County,145,MS,28,7509.95,7509.95,7509.95,2026-07-29T00:00:00.000Z,2026-07-29T00:00:00.000Z,0,1070790,277989,2026-07-30T15:10:03.208Z,394340e3b9e25b20fb93888fdbf91dbb97129016,2026-02-06,2026-07-29,2026-07-29,2026-07-30T15:10:03Z,2026,02,1,2026,2026,173,0,true,Mississippi,4,Region 4 — Atlanta,Atlanta,"AL,FL,GA,KY,MS,NC,SC,TN",28,145,28145,Management Costs,false,false,true,false,false,false,false,false,false,false,Winter weather,false,false,false,false,false,false,false,true,false,false,false,100.00,0.00,false,false,false,false,true,false,true,under_10k,https://www.fema.gov/api/open/v2/PublicAssistanceFundedProjectsDetails,https://www.fema.gov/openfema-data-page/public-assistance-funded-projects-details-v2,2026-08-17T06:23:38Z
4899,2026-02-06T00:00:00.000Z,Winter Storm,1274,Hollandale Management Costs,151-32900-00,Z,Management Costs,Eligible,Obligated,Small,Washington County,151,MS,28,20633.17,20633.17,20633.17,2026-07-29T00:00:00.000Z,2026-07-29T00:00:00.000Z,0,1070797,277728,2026-07-30T15:10:03.208Z,9f28ab84323bd0d916b5b15aaecaca869a7a9725,2026-02-06,2026-07-29,2026-07-29,2026-07-30T15:10:03Z,2026,02,1,2026,2026,173,0,true,Mississippi,4,Region 4 — Atlanta,Atlanta,"AL,FL,GA,KY,MS,NC,SC,TN",28,151,28151,Management Costs,false,false,true,false,false,false,false,false,false,false,Winter weather,false,false,false,false,false,false,false,true,false,false,false,100.00,0.00,false,false,false,false,true,false,true,10k_to_100k,https://www.fema.gov/api/open/v2/PublicAssistanceFundedProjectsDetails,https://www.fema.gov/openfema-data-page/public-assistance-funded-projects-details-v2,2026-08-17T06:23:38Z
4899,2026-02-06T00:00:00.000Z,Winter Storm,1277,Town of Ecru - Management Cost,115-21340-00,Z,Management Costs,Eligible,Obligated,Small,Pontotoc County,115,MS,28,4537.66,4537.66,4537.66,2026-07-30T00:00:00.000Z,2026-07-30T00:00:00.000Z,0,1070852,277765,2026-07-31T15:06:08.793Z,366fd0d5e35a7af3e7d7c522c36d7b42bd0564a9,2026-02-06,2026-07-30,2026-07-30,2026-07-31T15:06:08Z,2026,02,1,2026,2026,174,0,true,Mississippi,4,Region 4 — Atlanta,Atlanta,"AL,FL,GA,KY,MS,NC,SC,TN",28,115,28115,Management Costs,false,false,true,false,false,false,false,false,false,false,Winter weather,false,false,false,false,false,false,false,true,false,false,false,100.00,0.00,false,false,false,false,true,false,true,under_10k,https://www.fema.gov/api/open/v2/PublicAssistanceFundedProjectsDetails,https://www.fema.gov/openfema-data-page/public-assistance-funded-projects-details-v2,2026-08-17T06:23:38Z
4899,2026-02-06T00:00:00.000Z,Winter Storm,1278,Town of Hickory Flat Management Cost,009-32020-00,Z,Management Costs,Eligible,Obligated,Small,Benton County,009,MS,28,4611.95,4611.95,4611.95,2026-07-29T00:00:00.000Z,2026-07-29T00:00:00.000Z,0,1070853,277849,2026-07-30T15:10:03.208Z,67cf45c33a70fd544d33a415ec99b930f714a73e,2026-02-06,2026-07-29,2026-07-29,2026-07-30T15:10:03Z,2026,02,1,2026,2026,173,0,true,Mississippi,4,Region 4 — Atlanta,Atlanta,"AL,FL,GA,KY,MS,NC,SC,TN",28,009,28009,Management Costs,false,false,true,false,false,false,false,false,false,false,Winter weather,false,false,false,false,false,false,false,true,false,false,false,100.00,0.00,false,false,false,false,true,false,true,under_10k,https://www.fema.gov/api/open/v2/PublicAssistanceFundedProjectsDetails,https://www.fema.gov/openfema-data-page/public-assistance-funded-projects-details-v2,2026-08-17T06:23:38Z
4899,2026-02-06T00:00:00.000Z,Winter Storm,1279,Management Costs,000-UAX3X-00,Z,Management Costs,Eligible,Obligated,Small,Hardeman County,069,MS,28,6492.94,6492.94,6492.94,2026-08-14T00:00:00.000Z,2026-08-14T00:00:00.000Z,0,1070884,277963,2026-08-15T15:26:12.016Z,04a843bb54f0d7e0d2fb1daf9b9e01c6aa78971d,2026-02-06,2026-08-14,2026-08-14,2026-08-15T15:26:12Z,2026,02,1,2026,2026,189,0,true,Mississippi,4,Region 4 — Atlanta,Atlanta,"AL,FL,GA,KY,MS,NC,SC,TN",28,069,28069,Management Costs,false,false,true,false,false,false,false,false,false,false,Winter weather,false,false,false,false,false,false,false,true,false,false,false,100.00,0.00,false,false,false,false,true,false,true,under_10k,https://www.fema.gov/api/open/v2/PublicAssistanceFundedProjectsDetails,https://www.fema.gov/openfema-data-page/public-assistance-funded-projects-details-v2,2026-08-17T06:23:38Z
4899,2026-02-06T00:00:00.000Z,Winter Storm,1280,Community Feeding,117-99117-00,B,Emergency Protective Measures,Eligible,Obligated,Small,Prentiss County,117,MS,28,22985.71,17239.29,17239.29,2026-08-11T00:00:00.000Z,2026-08-11T00:00:00.000Z,0,1070939,277592,2026-08-12T15:21:33.184Z,cb2ec22c26bdc26742c65d47147ef24744afc066,2026-02-06,2026-08-11,2026-08-11,2026-08-12T15:21:33Z,2026,02,1,2026,2026,186,0,true,Mississippi,4,Region 4 — Atlanta,Atlanta,"AL,FL,GA,KY,MS,NC,SC,TN",28,117,28117,Emergency Work,true,false,false,false,true,false,false,false,false,false,Winter weather,false,false,false,false,false,false,false,true,false,false,false,75.00,0.00,false,false,false,false,true,false,true,10k_to_100k,https://www.fema.gov/api/open/v2/PublicAssistanceFundedProjectsDetails,https://www.fema.gov/openfema-data-page/public-assistance-funded-projects-details-v2,2026-08-17T06:23:38Z
4899,2026-02-06T00:00:00.000Z,Winter Storm,1282,CAT Z Management Cost,071-00218-00,Z,Management Costs,Eligible,Obligated,Small,Lafayette County,071,MS,28,8823.75,8823.75,8823.75,2026-08-03T00:00:00.000Z,2026-08-03T00:00:00.000Z,0,1071031,277933,2026-08-04T15:17:13.615Z,67846f53f3f2fda635ed72e83541e824dd294116,2026-02-06,2026-08-03,2026-08-03,2026-08-04T15:17:13Z,2026,02,1,2026,2026,178,0,true,Mississippi,4,Region 4 — Atlanta,Atlanta,"AL,FL,GA,KY,MS,NC,SC,TN",28,071,28071,Management Costs,false,false,true,false,false,false,false,false,false,false,Winter weather,false,false,false,false,false,false,false,true,false,false,false,100.00,0.00,false,false,false,false,true,false,true,under_10k,https://www.fema.gov/api/open/v2/PublicAssistanceFundedProjectsDetails,https://www.fema.gov/openfema-data-page/public-assistance-funded-projects-details-v2,2026-08-17T06:23:38Z
4899,2026-02-06T00:00:00.000Z,Winter Storm,1283,CAT Z Management Costs,145-UD4U6-00,Z,Management Costs,Eligible,Obligated,Small,Union County,145,MS,28,5764.76,5764.76,5764.76,2026-08-03T00:00:00.000Z,2026-08-03T00:00:00.000Z,0,1071032,278075,2026-08-04T15:17:13.615Z,fe3f54a92b63228e0a7942bd65d592f0008c215f,2026-02-06,2026-08-03,2026-08-03,2026-08-04T15:17:13Z,2026,02,1,2026,2026,178,0,true,Mississippi,4,Region 4 — Atlanta,Atlanta,"AL,FL,GA,KY,MS,NC,SC,TN",28,145,28145,Management Costs,false,false,true,false,false,false,false,false,false,false,Winter weather,false,false,false,false,false,false,false,true,false,false,false,100.00,0.00,false,false,false,false,true,false,true,under_10k,https://www.fema.gov/api/open/v2/PublicAssistanceFundedProjectsDetails,https://www.fema.gov/openfema-data-page/public-assistance-funded-projects-details-v2,2026-08-17T06:23:38Z
4899,2026-02-06T00:00:00.000Z,Winter Storm,1289,Management Cost for Falkner,139-24220-00,Z,Management Costs,Eligible,Obligated,Small,Tippah County,139,MS,28,897.83,897.83,897.83,2026-08-11T00:00:00.000Z,2026-08-11T00:00:00.000Z,0,1071131,277805,2026-08-12T15:21:33.184Z,9958e96dfa71249c62af7756e0ad63a25ab0a076,2026-02-06,2026-08-11,2026-08-11,2026-08-12T15:21:33Z,2026,02,1,2026,2026,186,0,true,Mississippi,4,Region 4 — Atlanta,Atlanta,"AL,FL,GA,KY,MS,NC,SC,TN",28,139,28139,Management Costs,false,false,true,false,false,false,false,false,false,false,Winter weather,false,false,false,false,false,false,false,true,false,false,false,100.00,0.00,false,false,false,false,true,false,true,under_10k,https://www.fema.gov/api/open/v2/PublicAssistanceFundedProjectsDetails,https://www.fema.gov/openfema-data-page/public-assistance-funded-projects-details-v2,2026-08-17T06:23:38Z
4899,2026-02-06T00:00:00.000Z,Winter Storm,1290,Management Costs,055-99055-00,Z,Management Costs,Eligible,Obligated,Small,Issaquena County,055,MS,28,1075,1075,1075,2026-08-14T00:00:00.000Z,2026-08-14T00:00:00.000Z,0,1071244,277627,2026-08-15T15:26:12.016Z,d77c6a56b385a23c1c0b79dc894b89fed70999db,2026-02-06,2026-08-14,2026-08-14,2026-08-15T15:26:12Z,2026,02,1,2026,2026,189,0,true,Mississippi,4,Region 4 — Atlanta,Atlanta,"AL,FL,GA,KY,MS,NC,SC,TN",28,055,28055,Management Costs,false,false,true,false,false,false,false,false,false,false,Winter weather,false,false,false,false,false,false,false,true,false,false,false,100.00,0.00,false,false,false,false,true,false,true,under_10k,https://www.fema.gov/api/open/v2/PublicAssistanceFundedProjectsDetails,https://www.fema.gov/openfema-data-page/public-assistance-funded-projects-details-v2,2026-08-17T06:23:38Z
4899,2026-02-06T00:00:00.000Z,Winter Storm,1299,Blue Springs Water Management Costs,145-UE1OU-00,Z,Management Costs,Eligible,Obligated,Small,Union County,145,MS,28,11246.08,11246.08,11246.08,2026-08-10T00:00:00.000Z,2026-08-10T00:00:00.000Z,0,1071389,277987,2026-08-12T15:21:33.184Z,0a9f4c40df25f6b46ed9b90ccfc160296d0dbd95,2026-02-06,2026-08-10,2026-08-10,2026-08-12T15:21:33Z,2026,02,1,2026,2026,185,0,true,Mississippi,4,Region 4 — Atlanta,Atlanta,"AL,FL,GA,KY,MS,NC,SC,TN",28,145,28145,Management Costs,false,false,true,false,false,false,false,false,false,false,Winter weather,false,false,false,false,false,false,false,true,false,false,false,100.00,0.00,false,false,false,false,true,false,true,10k_to_100k,https://www.fema.gov/api/open/v2/PublicAssistanceFundedProjectsDetails,https://www.fema.gov/openfema-data-page/public-assistance-funded-projects-details-v2,2026-08-17T06:23:38Z
4898,2026-02-06T00:00:00.000Z,Winter Storm,2,Emergency Operations,069-ULWON-00,B,Emergency Protective Measures,Eligible,Obligated,Small,Hardeman County,069,TN,47,123003.1,92252.33,92252.33,2026-04-08T00:00:00.000Z,2026-04-08T00:00:00.000Z,0,1065536,277540,2026-07-23T18:44:06.680Z,db4d40dd5fe38e4e9fa4347a82d91d3213720471,2026-02-06,2026-04-08,2026-04-08,2026-07-23T18:44:06Z,2026,02,1,2026,2026,61,0,true,Tennessee,4,Region 4 — Atlanta,Atlanta,"AL,FL,GA,KY,MS,NC,SC,TN",47,069,47069,Emergency Work,true,false,false,false,true,false,false,false,false,false,Winter weather,false,false,false,false,false,false,false,true,false,false,false,75.00,0.00,false,false,false,false,true,false,true,10k_to_100k,https://www.fema.gov/api/open/v2/PublicAssistanceFundedProjectsDetails,https://www.fema.gov/openfema-data-page/public-assistance-funded-projects-details-v2,2026-08-17T06:23:38Z
4898,2026-02-06T00:00:00.000Z,Winter Storm,3,City Wide Debris Removal,165-28540-00,A,Debris Removal,Eligible,Obligated,Small,Sumner County,165,TN,47,753185.4,564889.05,564889.05,2026-07-20T00:00:00.000Z,2026-07-20T00:00:00.000Z,0,1065553,277850,2026-07-23T18:44:06.680Z,b574884091f407b82846b9e5b0b216439f6023f3,2026-02-06,2026-07-20,2026-07-20,2026-07-23T18:44:06Z,2026,02,1,2026,2026,164,0,true,Tennessee,4,Region 4 — Atlanta,Atlanta,"AL,FL,GA,KY,MS,NC,SC,TN",47,165,47165,Emergency Work,true,false,false,true,false,false,false,false,false,false,Winter weather,false,false,false,false,false,false,false,true,false,false,false,75.00,0.00,false,false,false,false,true,false,true,100k_to_1m,https://www.fema.gov/api/open/v2/PublicAssistanceFundedProjectsDetails,https://www.fema.gov/openfema-data-page/public-assistance-funded-projects-details-v2,2026-08-17T06:23:38Z
4898,2026-02-06T00:00:00.000Z,Winter Storm,4,City Wide EPM,165-28540-00,B,Emergency Protective Measures,Eligible,Obligated,Small,Sumner County,165,TN,47,31314.8,23486.1,23486.1,2026-04-20T00:00:00.000Z,2026-04-20T00:00:00.000Z,0,1065554,277850,2026-07-23T18:44:06.680Z,76e0eef9c050fc27b0d56ba3615d20f8016769ee,2026-02-06,2026-04-20,2026-04-20,2026-07-23T18:44:06Z,2026,02,1,2026,2026,73,0,true,Tennessee,4,Region 4 — Atlanta,Atlanta,"AL,FL,GA,KY,MS,NC,SC,TN",47,165,47165,Emergency Work,true,false,false,false,true,false,false,false,false,false,Winter weather,false,false,false,false,false,false,false,true,false,false,false,75.00,0.00,false,false,false,false,true,false,true,10k_to_100k,https://www.fema.gov/api/open/v2/PublicAssistanceFundedProjectsDetails,https://www.fema.gov/openfema-data-page/public-assistance-funded-projects-details-v2,2026-08-17T06:23:38Z
4898,2026-02-06T00:00:00.000Z,Winter Storm,9,Emergency Protective Measures,165-33280-00,B,Emergency Protective Measures,Eligible,Obligated,Small,Sumner County,165,TN,47,8625.43,6469.08,6469.08,2026-06-05T00:00:00.000Z,2026-06-05T00:00:00.000Z,0,1065565,277735,2026-07-23T18:44:06.680Z,10ebee26ffae838123ca1a239d9391ff3352b7ac,2026-02-06,2026-06-05,2026-06-05,2026-07-23T18:44:06Z,2026,02,1,2026,2026,119,0,true,Tennessee,4,Region 4 — Atlanta,Atlanta,"AL,FL,GA,KY,MS,NC,SC,TN",47,165,47165,Emergency Work,true,false,false,false,true,false,false,false,false,false,Winter weather,false,false,false,false,false,false,false,true,false,false,false,75.00,0.00,false,false,false,false,true,false,true,under_10k,https://www.fema.gov/api/open/v2/PublicAssistanceFundedProjectsDetails,https://www.fema.gov/openfema-data-page/public-assistance-funded-projects-details-v2,2026-08-17T06:23:38Z
4898,2026-02-06T00:00:00.000Z,Winter Storm,11,Emergency Protective Measures,101-99101-00,B,Emergency Protective Measures,Eligible,Obligated,Small,Lewis County,101,TN,47,76631.82,57473.87,57473.87,2026-06-05T00:00:00.000Z,2026-06-05T00:00:00.000Z,0,1065567,277714,2026-07-23T18:44:06.680Z,5d96104c3f0d0613ced374dcf0a42ad1ac6b4fcc,2026-02-06,2026-06-05,2026-06-05,2026-07-23T18:44:06Z,2026,02,1,2026,2026,119,0,true,Tennessee,4,Region 4 — Atlanta,Atlanta,"AL,FL,GA,KY,MS,NC,SC,TN",47,101,47101,Emergency Work,true,false,false,false,true,false,false,false,false,false,Winter weather,false,false,false,false,false,false,false,true,false,false,false,75.00,0.00,false,false,false,false,true,false,true,10k_to_100k,https://www.fema.gov/api/open/v2/PublicAssistanceFundedProjectsDetails,https://www.fema.gov/openfema-data-page/public-assistance-funded-projects-details-v2,2026-08-17T06:23:38Z
4898,2026-02-06T00:00:00.000Z,Winter Storm,12,Grand Junction City of - Emergency Protective Measures,069-30280-00,B,Emergency Protective Measures,Eligible,Obligated,Small,Hardeman County,069,TN,47,74129.96,55597.47,55597.47,2026-06-05T00:00:00.000Z,2026-06-05T00:00:00.000Z,0,1065584,277541,2026-07-23T18:44:06.680Z,dee3e3c32395738f26b5d1d896cbbf17db80ddc2,2026-02-06,2026-06-05,2026-06-05,2026-07-23T18:44:06Z,2026,02,1,2026,2026,119,0,true,Tennessee,4,Region 4 — Atlanta,Atlanta,"AL,FL,GA,KY,MS,NC,SC,TN",47,069,47069,Emergency Work,true,false,false,false,true,false,false,false,false,false,Winter weather,false,false,false,false,false,false,false,true,false,false,false,75.00,0.00,false,false,false,false,true,false,true,10k_to_100k,https://www.fema.gov/api/open/v2/PublicAssistanceFundedProjectsDetails,https://www.fema.gov/openfema-data-page/public-assistance-funded-projects-details-v2,2026-08-17T06:23:38Z
4898,2026-02-06T00:00:00.000Z,Winter Storm,13,Emergency Protective Measures,000-U0164-00,B,Emergency Protective Measures,Eligible,Obligated,Small,Statewide,077,TN,47,83725.8,62794.35,62794.35,2026-05-05T00:00:00.000Z,2026-05-05T00:00:00.000Z,0,1065588,277538,2026-07-23T18:44:06.680Z,30ce46898450d2260277f2fa8ade6a3f3f3fb53b,2026-02-06,2026-05-05,2026-05-05,2026-07-23T18:44:06Z,2026,02,1,2026,2026,88,0,true,Tennessee,4,Region 4 — Atlanta,Atlanta,"AL,FL,GA,KY,MS,NC,SC,TN",47,077,47077,Emergency Work,true,false,false,false,true,false,false,false,false,false,Winter weather,false,false,false,false,false,false,false,true,false,false,false,75.00,0.00,false,false,false,false,true,false,true,10k_to_100k,https://www.fema.gov/api/open/v2/PublicAssistanceFundedProjectsDetails,https://www.fema.gov/openfema-data-page/public-assistance-funded-projects-details-v2,2026-08-17T06:23:38Z
4898,2026-02-06T00:00:00.000Z,Winter Storm,18,Emergency Measures,000-U5F5S-00,B,Emergency Protective Measures,Eligible,Obligated,Small,Statewide,109,TN,47,105807.33,79355.5,79355.5,2026-03-31T00:00:00.000Z,2026-03-31T00:00:00.000Z,0,1065596,277916,2026-07-23T18:44:06.680Z,5a4798d463015f7d7e2c758b3bc6aea26ac7882f,2026-02-06,2026-03-31,2026-03-31,2026-07-23T18:44:06Z,2026,02,1,2026,2026,53,0,true,Tennessee,4,Region 4 — Atlanta,Atlanta,"AL,FL,GA,KY,MS,NC,SC,TN",47,109,47109,Emergency Work,true,false,false,false,true,false,false,false,false,false,Winter weather,false,false,false,false,false,false,false,true,false,false,false,75.00,0.00,false,false,false,false,true,false,true,10k_to_100k,https://www.fema.gov/api/open/v2/PublicAssistanceFundedProjectsDetails,https://www.fema.gov/openfema-data-page/public-assistance-funded-projects-details-v2,2026-08-17T06:23:38Z
4898,2026-02-06T00:00:00.000Z,Winter Storm,20,NDOT Contract Costs,037-52004-00,A,Debris Removal,Eligible,Obligated,Large,Davidson County,037,TN,47,29954532.02,22465899.02,22465899.02,2026-06-12T00:00:00.000Z,2026-06-12T00:00:00.000Z,0,1065598,277556,2026-07-23T18:44:06.680Z,ae972d7fdad0662daa90aa66ca9453b16fb0d51d,2026-02-06,2026-06-12,2026-06-12,2026-07-23T18:44:06Z,2026,02,1,2026,2026,126,0,true,Tennessee,4,Region 4 — Atlanta,Atlanta,"AL,FL,GA,KY,MS,NC,SC,TN",47,037,47037,Emergency Work,true,false,false,true,false,false,false,false,false,false,Winter weather,false,false,false,false,false,false,false,true,false,false,false,75.00,0.00,false,false,false,true,false,false,true,10m_plus,https://www.fema.gov/api/open/v2/PublicAssistanceFundedProjectsDetails,https://www.fema.gov/openfema-data-page/public-assistance-funded-projects-details-v2,2026-08-17T06:23:38Z
4898,2026-02-06T00:00:00.000Z,Winter Storm,21,City of Lexington - CAT-B -EPM,077-41980-00,B,Emergency Protective Measures,Eligible,Obligated,Small,Henderson County,077,TN,47,65518.32,49138.74,49138.74,2026-06-04T00:00:00.000Z,2026-06-04T00:00:00.000Z,0,1065618,277736,2026-07-23T18:44:06.680Z,53281b29b7b6ca21a805132661f9f9246b43b3cd,2026-02-06,2026-06-04,2026-06-04,2026-07-23T18:44:06Z,2026,02,1,2026,2026,118,0,true,Tennessee,4,Region 4 — Atlanta,Atlanta,"AL,FL,GA,KY,MS,NC,SC,TN",47,077,47077,Emergency Work,true,false,false,false,true,false,false,false,false,false,Winter weather,false,false,false,false,false,false,false,true,false,false,false,75.00,0.00,false,false,false,false,true,false,true,10k_to_100k,https://www.fema.gov/api/open/v2/PublicAssistanceFundedProjectsDetails,https://www.fema.gov/openfema-data-page/public-assistance-funded-projects-details-v2,2026-08-17T06:23:38Z
4898,2026-02-06T00:00:00.000Z,Winter Storm,22,Decatur County Emergency Work,039-99039-00,B,Emergency Protective Measures,Eligible,Obligated,Small,Decatur County,039,TN,47,82296.09,61722.07,61722.07,2026-07-08T00:00:00.000Z,2026-07-08T00:00:00.000Z,0,1065620,277549,2026-07-23T18:44:06.680Z,bbca331af753f18dd5794ee871b678838efa2a06,2026-02-06,2026-07-08,2026-07-08,2026-07-23T18:44:06Z,2026,02,1,2026,2026,152,0,true,Tennessee,4,Region 4 — Atlanta,Atlanta,"AL,FL,GA,KY,MS,NC,SC,TN",47,039,47039,Emergency Work,true,false,false,false,true,false,false,false,false,false,Winter weather,false,false,false,false,false,false,false,true,false,false,false,75.00,0.00,false,false,false,false,true,false,true,10k_to_100k,https://www.fema.gov/api/open/v2/PublicAssistanceFundedProjectsDetails,https://www.fema.gov/openfema-data-page/public-assistance-funded-projects-details-v2,2026-08-17T06:23:38Z
4898,2026-02-06T00:00:00.000Z,Winter Storm,24,County of Henderson Debris Removal,077-99077-00,A,Debris Removal,Eligible,Obligated,Small,Henderson County,077,TN,47,323599.2,242699.4,242699.4,2026-06-29T00:00:00.000Z,2026-06-29T00:00:00.000Z,0,1065624,277703,2026-07-23T18:44:06.680Z,6978bb7fec9cb5fb18223c58876466166a029843,2026-02-06,2026-06-29,2026-06-29,2026-07-23T18:44:06Z,2026,02,1,2026,2026,143,0,true,Tennessee,4,Region 4 — Atlanta,Atlanta,"AL,FL,GA,KY,MS,NC,SC,TN",47,077,47077,Emergency Work,true,false,false,true,false,false,false,false,false,false,Winter weather,false,false,false,false,false,false,false,true,false,false,false,75.00,0.00,false,false,false,false,true,false,true,100k_to_1m,https://www.fema.gov/api/open/v2/PublicAssistanceFundedProjectsDetails,https://www.fema.gov/openfema-data-page/public-assistance-funded-projects-details-v2,2026-08-17T06:23:38Z
4898,2026-02-06T00:00:00.000Z,Winter Storm,25,County of Henderson Emergency Protective Measures,077-99077-00,B,Emergency Protective Measures,Eligible,Obligated,Small,Henderson County,077,TN,47,143580.88,107685.66,107685.66,2026-06-12T00:00:00.000Z,2026-06-12T00:00:00.000Z,0,1065625,277703,2026-07-23T18:44:06.680Z,b0515000182fadfe964749ff40049222a60a027c,2026-02-06,2026-06-12,2026-06-12,2026-07-23T18:44:06Z,2026,02,1,2026,2026,126,0,true,Tennessee,4,Region 4 — Atlanta,Atlanta,"AL,FL,GA,KY,MS,NC,SC,TN",47,077,47077,Emergency Work,true,false,false,false,true,false,false,false,false,false,Winter weather,false,false,false,false,false,false,false,true,false,false,false,75.00,0.00,false,false,false,false,true,false,true,100k_to_1m,https://www.fema.gov/api/open/v2/PublicAssistanceFundedProjectsDetails,https://www.fema.gov/openfema-data-page/public-assistance-funded-projects-details-v2,2026-08-17T06:23:38Z
4898,2026-02-06T00:00:00.000Z,Winter Storm,28,Protecting public health and safety,000-U00AB-00,B,Emergency Protective Measures,Eligible,Obligated,Large,Statewide,037,TN,47,5000000,3750000,3750000,2026-03-27T00:00:00.000Z,2026-03-27T00:00:00.000Z,0,1065630,277531,2026-07-23T18:44:06.680Z,7f79daf6aac33c201048b572f63a2262d700116d,2026-02-06,2026-03-27,2026-03-27,2026-07-23T18:44:06Z,2026,02,1,2026,2026,49,0,true,Tennessee,4,Region 4 — Atlanta,Atlanta,"AL,FL,GA,KY,MS,NC,SC,TN",47,037,47037,Emergency Work,true,false,false,false,true,false,false,false,false,false,Winter weather,false,false,false,false,false,false,false,true,false,false,false,75.00,0.00,false,false,false,true,false,false,true,1m_to_10m,https://www.fema.gov/api/open/v2/PublicAssistanceFundedProjectsDetails,https://www.fema.gov/openfema-data-page/public-assistance-funded-projects-details-v2,2026-08-17T06:23:38Z
4898,2026-02-06T00:00:00.000Z,Winter Storm,29,Hardeman County - Emergency Protective Measures,069-99069-00,B,Emergency Protective Measures,Eligible,Obligated,Small,Hardeman County,069,TN,47,8648.7,6486.53,6486.53,2026-06-24T00:00:00.000Z,2026-06-24T00:00:00.000Z,0,1065632,277536,2026-07-23T18:44:06.680Z,1bbb9c6784a8e3cd556b0a9b0966625bea01ba7f,2026-02-06,2026-06-24,2026-06-24,2026-07-23T18:44:06Z,2026,02,1,2026,2026,138,0,true,Tennessee,4,Region 4 — Atlanta,Atlanta,"AL,FL,GA,KY,MS,NC,SC,TN",47,069,47069,Emergency Work,true,false,false,false,true,false,false,false,false,false,Winter weather,false,false,false,false,false,false,false,true,false,false,false,75.00,0.00,false,false,false,false,true,false,true,under_10k,https://www.fema.gov/api/open/v2/PublicAssistanceFundedProjectsDetails,https://www.fema.gov/openfema-data-page/public-assistance-funded-projects-details-v2,2026-08-17T06:23:38Z
4898,2026-02-06T00:00:00.000Z,Winter Storm,31,Wayne County Debris Removal,181-99181-00,B,Emergency Protective Measures,Eligible,Obligated,Small,Wayne County,181,TN,47,24647.76,18485.82,18485.82,2026-05-07T00:00:00.000Z,2026-05-07T00:00:00.000Z,0,1065640,277997,2026-07-23T18:44:06.680Z,94bdb7989c780b83e66eae8654fb455bb7e37180,2026-02-06,2026-05-07,2026-05-07,2026-07-23T18:44:06Z,2026,02,1,2026,2026,90,0,true,Tennessee,4,Region 4 — Atlanta,Atlanta,"AL,FL,GA,KY,MS,NC,SC,TN",47,181,47181,Emergency Work,true,false,false,false,true,false,false,false,false,false,Winter weather,false,false,false,false,false,false,false,true,false,false,false,75.00,0.00,false,false,false,false,true,false,true,10k_to_100k,https://www.fema.gov/api/open/v2/PublicAssistanceFundedProjectsDetails,https://www.fema.gov/openfema-data-page/public-assistance-funded-projects-details-v2,2026-08-17T06:23:38Z
4898,2026-02-06T00:00:00.000Z,Winter Storm,33,City of Clarksville Emergency Protective Measures,125-15160-00,B,Emergency Protective Measures,Eligible,Obligated,Small,Montgomery County,125,TN,47,7997.87,5998.41,5998.41,2026-05-27T00:00:00.000Z,2026-05-27T00:00:00.000Z,0,1065648,278006,2026-07-23T18:44:06.680Z,6076564e2a8fd8f4052ffeb48bfb927964c5b64a,2026-02-06,2026-05-27,2026-05-27,2026-07-23T18:44:06Z,2026,02,1,2026,2026,110,0,true,Tennessee,4,Region 4 — Atlanta,Atlanta,"AL,FL,GA,KY,MS,NC,SC,TN",47,125,47125,Emergency Work,true,false,false,false,true,false,false,false,false,false,Winter weather,false,false,false,false,false,false,false,true,false,false,false,75.00,0.00,false,false,false,false,true,false,true,under_10k,https://www.fema.gov/api/open/v2/PublicAssistanceFundedProjectsDetails,https://www.fema.gov/openfema-data-page/public-assistance-funded-projects-details-v2,2026-08-17T06:23:38Z
4898,2026-02-06T00:00:00.000Z,Winter Storm,35,Emergency Operations Call Center,071-000F8-00,B,Emergency Protective Measures,Eligible,Obligated,Small,Hardin County,071,TN,47,33049.05,24786.79,24786.79,2026-03-27T00:00:00.000Z,2026-03-27T00:00:00.000Z,0,1065653,277745,2026-07-23T18:44:06.680Z,1c2e41560bdb0566fe9b1aa84b74202dc0616c66,2026-02-06,2026-03-27,2026-03-27,2026-07-23T18:44:06Z,2026,02,1,2026,2026,49,0,true,Tennessee,4,Region 4 — Atlanta,Atlanta,"AL,FL,GA,KY,MS,NC,SC,TN",47,071,47071,Emergency Work,true,false,false,false,true,false,false,false,false,false,Winter weather,false,false,false,false,false,false,false,true,false,false,false,75.00,0.00,false,false,false,false,true,false,true,10k_to_100k,https://www.fema.gov/api/open/v2/PublicAssistanceFundedProjectsDetails,https://www.fema.gov/openfema-data-page/public-assistance-funded-projects-details-v2,2026-08-17T06:23:38Z
4898,2026-02-06T00:00:00.000Z,Winter Storm,36,Jackson County - Debris Removal County Wide,087-99087-00,A,Debris Removal,Eligible,Obligated,Small,Jackson County,087,TN,47,151634.33,113725.75,113725.75,2026-06-08T00:00:00.000Z,2026-06-08T00:00:00.000Z,0,1065654,278010,2026-07-23T18:44:06.680Z,ae0fd5b4f291df87e2f17f4363ef157d9f3d9466,2026-02-06,2026-06-08,2026-06-08,2026-07-23T18:44:06Z,2026,02,1,2026,2026,122,0,true,Tennessee,4,Region 4 — Atlanta,Atlanta,"AL,FL,GA,KY,MS,NC,SC,TN",47,087,47087,Emergency Work,true,false,false,true,false,false,false,false,false,false,Winter weather,false,false,false,false,false,false,false,true,false,false,false,75.00,0.00,false,false,false,false,true,false,true,100k_to_1m,https://www.fema.gov/api/open/v2/PublicAssistanceFundedProjectsDetails,https://www.fema.gov/openfema-data-page/public-assistance-funded-projects-details-v2,2026-08-17T06:23:38Z
4898,2026-02-06T00:00:00.000Z,Winter Storm,39,Countywide EPM,119-99119-00,B,Emergency Protective Measures,Eligible,Obligated,Small,Maury County,119,TN,47,190783.75,143087.82,143087.82,2026-06-08T00:00:00.000Z,2026-06-08T00:00:00.000Z,0,1065665,277870,2026-07-23T18:44:06.680Z,4a66350d9257b785b43d75271ca16bea61496363,2026-02-06,2026-06-08,2026-06-08,2026-07-23T18:44:06Z,2026,02,1,2026,2026,122,0,true,Tennessee,4,Region 4 — Atlanta,Atlanta,"AL,FL,GA,KY,MS,NC,SC,TN",47,119,47119,Emergency Work,true,false,false,false,true,false,false,false,false,false,Winter weather,false,false,false,false,false,false,false,true,false,false,false,75.00,0.00,false,false,false,false,true,false,true,100k_to_1m,https://www.fema.gov/api/open/v2/PublicAssistanceFundedProjectsDetails,https://www.fema.gov/openfema-data-page/public-assistance-funded-projects-details-v2,2026-08-17T06:23:38Z
4898,2026-02-06T00:00:00.000Z,Winter Storm,40,Decaturville Debris Removal,039-19900-00,A,Debris Removal,Eligible,Obligated,Small,Decatur County,039,TN,47,31328.83,23496.63,23496.63,2026-05-28T00:00:00.000Z,2026-05-28T00:00:00.000Z,0,1065666,277565,2026-07-23T18:44:06.680Z,6c1074a326549ed45b1570745498a3be379708d8,2026-02-06,2026-05-28,2026-05-28,2026-07-23T18:44:06Z,2026,02,1,2026,2026,111,0,true,Tennessee,4,Region 4 — Atlanta,Atlanta,"AL,FL,GA,KY,MS,NC,SC,TN",47,039,47039,Emergency Work,true,false,false,true,false,false,false,false,false,false,Winter weather,false,false,false,false,false,false,false,true,false,false,false,75.00,0.00,false,false,false,false,true,false,true,10k_to_100k,https://www.fema.gov/api/open/v2/PublicAssistanceFundedProjectsDetails,https://www.fema.gov/openfema-data-page/public-assistance-funded-projects-details-v2,2026-08-17T06:23:38Z
4898,2026-02-06T00:00:00.000Z,Winter Storm,41,"Decaturville, Town Of Emergency Protective Measures",039-19900-00,B,Emergency Protective Measures,Eligible,Obligated,Small,Decatur County,039,TN,47,39242.87,29432.16,29432.16,2026-05-11T00:00:00.000Z,2026-05-11T00:00:00.000Z,0,1065667,277565,2026-07-23T18:44:06.680Z,b2cfddeea7b0cb43fac91629d9a91c0e47ec970f,2026-02-06,2026-05-11,2026-05-11,2026-07-23T18:44:06Z,2026,02,1,2026,2026,94,0,true,Tennessee,4,Region 4 — Atlanta,Atlanta,"AL,FL,GA,KY,MS,NC,SC,TN",47,039,47039,Emergency Work,true,false,false,false,true,false,false,false,false,false,Winter weather,false,false,false,false,false,false,false,true,false,false,false,75.00,0.00,false,false,false,false,true,false,true,10k_to_100k,https://www.fema.gov/api/open/v2/PublicAssistanceFundedProjectsDetails,https://www.fema.gov/openfema-data-page/public-assistance-funded-projects-details-v2,2026-08-17T06:23:38Z
4898,2026-02-06T00:00:00.000Z,Winter Storm,42,24 HR Dispatch Call Center Operations,000-UT6M0-00,B,Emergency Protective Measures,Eligible,Obligated,Small,Statewide,111,TN,47,12173.12,9129.84,9129.84,2026-03-27T00:00:00.000Z,2026-03-27T00:00:00.000Z,0,1065668,277664,2026-07-23T18:44:06.680Z,37d7e50848f4eb34b8ea07bc47a7c22893a002f8,2026-02-06,2026-03-27,2026-03-27,2026-07-23T18:44:06Z,2026,02,1,2026,2026,49,0,true,Tennessee,4,Region 4 — Atlanta,Atlanta,"AL,FL,GA,KY,MS,NC,SC,TN",47,111,47111,Emergency Work,true,false,false,false,true,false,false,false,false,false,Winter weather,false,false,false,false,false,false,false,true,false,false,false,75.00,0.00,false,false,false,false,true,false,true,under_10k,https://www.fema.gov/api/open/v2/PublicAssistanceFundedProjectsDetails,https://www.fema.gov/openfema-data-page/public-assistance-funded-projects-details-v2,2026-08-17T06:23:38Z
4898,2026-02-06T00:00:00.000Z,Winter Storm,43,Town of Linden - Debris Removal,135-42720-00,A,Debris Removal,Eligible,Obligated,Small,Perry County,135,TN,47,120172.86,90129.65,90129.65,2026-06-24T00:00:00.000Z,2026-06-24T00:00:00.000Z,0,1065672,278011,2026-07-23T18:44:06.680Z,676e4240c1f01830d3c4adf2cc20823ca21bfd7d,2026-02-06,2026-06-24,2026-06-24,2026-07-23T18:44:06Z,2026,02,1,2026,2026,138,0,true,Tennessee,4,Region 4 — Atlanta,Atlanta,"AL,FL,GA,KY,MS,NC,SC,TN",47,135,47135,Emergency Work,true,false,false,true,false,false,false,false,false,false,Winter weather,false,false,false,false,false,false,false,true,false,false,false,75.00,0.00,false,false,false,false,true,false,true,10k_to_100k,https://www.fema.gov/api/open/v2/PublicAssistanceFundedProjectsDetails,https://www.fema.gov/openfema-data-page/public-assistance-funded-projects-details-v2,2026-08-17T06:23:38Z
4898,2026-02-06T00:00:00.000Z,Winter Storm,44,Town of Linden - EMP,135-42720-00,B,Emergency Protective Measures,Eligible,Obligated,Small,Perry County,135,TN,47,5722.48,4291.86,4291.86,2026-06-08T00:00:00.000Z,2026-06-08T00:00:00.000Z,0,1065673,278011,2026-07-23T18:44:06.680Z,43925c8a339c4502eb43b128cb67cecb4b61f4fa,2026-02-06,2026-06-08,2026-06-08,2026-07-23T18:44:06Z,2026,02,1,2026,2026,122,0,true,Tennessee,4,Region 4 — Atlanta,Atlanta,"AL,FL,GA,KY,MS,NC,SC,TN",47,135,47135,Emergency Work,true,false,false,false,true,false,false,false,false,false,Winter weather,false,false,false,false,false,false,false,true,false,false,false,75.00,0.00,false,false,false,false,true,false,true,under_10k,https://www.fema.gov/api/open/v2/PublicAssistanceFundedProjectsDetails,https://www.fema.gov/openfema-data-page/public-assistance-funded-projects-details-v2,2026-08-17T06:23:38Z
4898,2026-02-06T00:00:00.000Z,Winter Storm,45,Citywide Debris Removal,119-16540-00,A,Debris Removal,Eligible,Obligated,Small,Maury County,119,TN,47,90254.55,67690.92,67690.92,2026-06-16T00:00:00.000Z,2026-06-16T00:00:00.000Z,0,1065674,277871,2026-07-23T18:44:06.680Z,1e15a2608fd3460900b288c16b5a14d34be943f5,2026-02-06,2026-06-16,2026-06-16,2026-07-23T18:44:06Z,2026,02,1,2026,2026,130,0,true,Tennessee,4,Region 4 — Atlanta,Atlanta,"AL,FL,GA,KY,MS,NC,SC,TN",47,119,47119,Emergency Work,true,false,false,true,false,false,false,false,false,false,Winter weather,false,false,false,false,false,false,false,true,false,false,false,75.00,0.00,false,false,false,false,true,false,true,10k_to_100k,https://www.fema.gov/api/open/v2/PublicAssistanceFundedProjectsDetails,https://www.fema.gov/openfema-data-page/public-assistance-funded-projects-details-v2,2026-08-17T06:23:38Z
4898,2026-02-06T00:00:00.000Z,Winter Storm,46,Citywide EPM,119-16540-00,B,Emergency Protective Measures,Eligible,Obligated,Small,Maury County,119,TN,47,22371.31,16778.49,16778.49,2026-05-06T00:00:00.000Z,2026-05-06T00:00:00.000Z,0,1065675,277871,2026-07-23T18:44:06.680Z,d8e458577957223736ab9fb97136854aa0db0880,2026-02-06,2026-05-06,2026-05-06,2026-07-23T18:44:06Z,2026,02,1,2026,2026,89,0,true,Tennessee,4,Region 4 — Atlanta,Atlanta,"AL,FL,GA,KY,MS,NC,SC,TN",47,119,47119,Emergency Work,true,false,false,false,true,false,false,false,false,false,Winter weather,false,false,false,false,false,false,false,true,false,false,false,75.00,0.00,false,false,false,false,true,false,true,10k_to_100k,https://www.fema.gov/api/open/v2/PublicAssistanceFundedProjectsDetails,https://www.fema.gov/openfema-data-page/public-assistance-funded-projects-details-v2,2026-08-17T06:23:38Z
4898,2026-02-06T00:00:00.000Z,Winter Storm,47,Emergency Protective Measures - CAT B,189-50780-00,B,Emergency Protective Measures,Eligible,Obligated,Small,Wilson County,189,TN,47,72099.43,54074.58,54074.58,2026-07-15T00:00:00.000Z,2026-07-15T00:00:00.000Z,0,1065679,278008,2026-07-23T18:44:06.680Z,25b37f9e9785b95c8e2c6c60ff5d2e00d192b67d,2026-02-06,2026-07-15,2026-07-15,2026-07-23T18:44:06Z,2026,02,1,2026,2026,159,0,true,Tennessee,4,Region 4 — Atlanta,Atlanta,"AL,FL,GA,KY,MS,NC,SC,TN",47,189,47189,Emergency Work,true,false,false,false,true,false,false,false,false,false,Winter weather,false,false,false,false,false,false,false,true,false,false,false,75.00,0.00,false,false,false,false,true,false,true,10k_to_100k,https://www.fema.gov/api/open/v2/PublicAssistanceFundedProjectsDetails,https://www.fema.gov/openfema-data-page/public-assistance-funded-projects-details-v2,2026-08-17T06:23:38Z
4898,2026-02-06T00:00:00.000Z,Winter Storm,48,Citywide Debris Removal,119-70580-00,A,Debris Removal,Eligible,Obligated,Small,Maury County,119,TN,47,122996.4,92247.3,92247.3,2026-08-05T00:00:00.000Z,2026-08-05T00:00:00.000Z,0,1065708,277993,2026-08-06T15:19:50.545Z,1fd68e2b8cf29abb06749f26c1b938e5b5f483ea,2026-02-06,2026-08-05,2026-08-05,2026-08-06T15:19:50Z,2026,02,1,2026,2026,180,0,true,Tennessee,4,Region 4 — Atlanta,Atlanta,"AL,FL,GA,KY,MS,NC,SC,TN",47,119,47119,Emergency Work,true,false,false,true,false,false,false,false,false,false,Winter weather,false,false,false,false,false,false,false,true,false,false,false,75.00,0.00,false,false,false,false,true,false,true,10k_to_100k,https://www.fema.gov/api/open/v2/PublicAssistanceFundedProjectsDetails,https://www.fema.gov/openfema-data-page/public-assistance-funded-projects-details-v2,2026-08-17T06:23:38Z
4898,2026-02-06T00:00:00.000Z,Winter Storm,49,Citywide EPM,119-70580-00,B,Emergency Protective Measures,Eligible,Obligated,Small,Maury County,119,TN,47,6540.22,4905.17,4905.17,2026-08-05T00:00:00.000Z,2026-08-05T00:00:00.000Z,0,1065709,277993,2026-08-06T15:19:50.545Z,95d7c6bd9e01b481aab85b054847133c84c53d81,2026-02-06,2026-08-05,2026-08-05,2026-08-06T15:19:50Z,2026,02,1,2026,2026,180,0,true,Tennessee,4,Region 4 — Atlanta,Atlanta,"AL,FL,GA,KY,MS,NC,SC,TN",47,119,47119,Emergency Work,true,false,false,false,true,false,false,false,false,false,Winter weather,false,false,false,false,false,false,false,true,false,false,false,75.00,0.00,false,false,false,false,true,false,true,under_10k,https://www.fema.gov/api/open/v2/PublicAssistanceFundedProjectsDetails,https://www.fema.gov/openfema-data-page/public-assistance-funded-projects-details-v2,2026-08-17T06:23:38Z
4898,2026-02-06T00:00:00.000Z,Winter Storm,51,Adamsville EPM,109-00240-00,B,Emergency Protective Measures,Eligible,Obligated,Small,McNairy County,109,TN,47,4205.46,3154.1,3154.1,2026-06-11T00:00:00.000Z,2026-06-11T00:00:00.000Z,0,1065712,277981,2026-07-23T18:44:06.680Z,b8491adb326b3449edfce83e710823036133d0a9,2026-02-06,2026-06-11,2026-06-11,2026-07-23T18:44:06Z,2026,02,1,2026,2026,125,0,true,Tennessee,4,Region 4 — Atlanta,Atlanta,"AL,FL,GA,KY,MS,NC,SC,TN",47,109,47109,Emergency Work,true,false,false,false,true,false,false,false,false,false,Winter weather,false,false,false,false,false,false,false,true,false,false,false,75.00,0.00,false,false,false,false,true,false,true,under_10k,https://www.fema.gov/api/open/v2/PublicAssistanceFundedProjectsDetails,https://www.fema.gov/openfema-data-page/public-assistance-funded-projects-details-v2,2026-08-17T06:23:38Z
4898,2026-02-06T00:00:00.000Z,Winter Storm,52,Hardin County EPM,071-99071-00,B,Emergency Protective Measures,Eligible,Obligated,Small,Hardin County,071,TN,47,137059.7,102794.78,102794.78,2026-06-29T00:00:00.000Z,2026-06-29T00:00:00.000Z,0,1065713,277662,2026-07-23T18:44:06.680Z,77a6f5893da36b9fc8026dbf81fbd01c73e143c6,2026-02-06,2026-06-29,2026-06-29,2026-07-23T18:44:06Z,2026,02,1,2026,2026,143,0,true,Tennessee,4,Region 4 — Atlanta,Atlanta,"AL,FL,GA,KY,MS,NC,SC,TN",47,071,47071,Emergency Work,true,false,false,false,true,false,false,false,false,false,Winter weather,false,false,false,false,false,false,false,true,false,false,false,75.00,0.00,false,false,false,false,true,false,true,100k_to_1m,https://www.fema.gov/api/open/v2/PublicAssistanceFundedProjectsDetails,https://www.fema.gov/openfema-data-page/public-assistance-funded-projects-details-v2,2026-08-17T06:23:38Z
4898,2026-02-06T00:00:00.000Z,Winter Storm,54,Cut and Toss,000-U015F-00,B,Emergency Protective Measures,Eligible,Obligated,Small,Rutherford County,149,TN,47,446304.21,334728.16,334728.16,2026-06-08T00:00:00.000Z,2026-06-08T00:00:00.000Z,0,1065719,277546,2026-07-23T18:44:06.680Z,29719dee75238d02ab9a2dae6cfd2ac274e2de9e,2026-02-06,2026-06-08,2026-06-08,2026-07-23T18:44:06Z,2026,02,1,2026,2026,122,0,true,Tennessee,4,Region 4 — Atlanta,Atlanta,"AL,FL,GA,KY,MS,NC,SC,TN",47,149,47149,Emergency Work,true,false,false,false,true,false,false,false,false,false,Winter weather,false,false,false,false,false,false,false,true,false,false,false,75.00,0.00,false,false,false,false,true,false,true,100k_to_1m,https://www.fema.gov/api/open/v2/PublicAssistanceFundedProjectsDetails,https://www.fema.gov/openfema-data-page/public-assistance-funded-projects-details-v2,2026-08-17T06:23:38Z
4898,2026-02-06T00:00:00.000Z,Winter Storm,56,Emergency Protective Measures,125-048D5-00,B,Emergency Protective Measures,Eligible,Obligated,Small,Montgomery County,125,TN,47,87781.66,65836.25,65836.25,2026-04-15T00:00:00.000Z,2026-04-15T00:00:00.000Z,0,1065750,278007,2026-07-23T18:44:06.680Z,3833706f3386f24762571ed20f869ff1d2403661,2026-02-06,2026-04-15,2026-04-15,2026-07-23T18:44:06Z,2026,02,1,2026,2026,68,0,true,Tennessee,4,Region 4 — Atlanta,Atlanta,"AL,FL,GA,KY,MS,NC,SC,TN",47,125,47125,Emergency Work,true,false,false,false,true,false,false,false,false,false,Winter weather,false,false,false,false,false,false,false,true,false,false,false,75.00,0.00,false,false,false,false,true,false,true,10k_to_100k,https://www.fema.gov/api/open/v2/PublicAssistanceFundedProjectsDetails,https://www.fema.gov/openfema-data-page/public-assistance-funded-projects-details-v2,2026-08-17T06:23:38Z
4898,2026-02-06T00:00:00.000Z,Winter Storm,57,Debris Removal,101-35160-00,A,Debris Removal,Eligible,Obligated,Small,Lewis County,101,TN,47,114019.89,85514.92,85514.92,2026-06-25T00:00:00.000Z,2026-06-25T00:00:00.000Z,0,1065751,277994,2026-07-23T18:44:06.680Z,4cd9c1adc8b5888ad5dae4babfe75778526b1303,2026-02-06,2026-06-25,2026-06-25,2026-07-23T18:44:06Z,2026,02,1,2026,2026,139,0,true,Tennessee,4,Region 4 — Atlanta,Atlanta,"AL,FL,GA,KY,MS,NC,SC,TN",47,101,47101,Emergency Work,true,false,false,true,false,false,false,false,false,false,Winter weather,false,false,false,false,false,false,false,true,false,false,false,75.00,0.00,false,false,false,false,true,false,true,10k_to_100k,https://www.fema.gov/api/open/v2/PublicAssistanceFundedProjectsDetails,https://www.fema.gov/openfema-data-page/public-assistance-funded-projects-details-v2,2026-08-17T06:23:38Z
4898,2026-02-06T00:00:00.000Z,Winter Storm,58,Emergency Protective Measures,101-35160-00,B,Emergency Protective Measures,Eligible,Obligated,Small,Lewis County,101,TN,47,61021.16,45765.87,45765.87,2026-05-26T00:00:00.000Z,2026-05-26T00:00:00.000Z,0,1065752,277994,2026-07-23T18:44:06.680Z,0b8dcfe1bfd7d385c3593420c84634e25b093999,2026-02-06,2026-05-26,2026-05-26,2026-07-23T18:44:06Z,2026,02,1,2026,2026,109,0,true,Tennessee,4,Region 4 — Atlanta,Atlanta,"AL,FL,GA,KY,MS,NC,SC,TN",47,101,47101,Emergency Work,true,false,false,false,true,false,false,false,false,false,Winter weather,false,false,false,false,false,false,false,true,false,false,false,75.00,0.00,false,false,false,false,true,false,true,10k_to_100k,https://www.fema.gov/api/open/v2/PublicAssistanceFundedProjectsDetails,https://www.fema.gov/openfema-data-page/public-assistance-funded-projects-details-v2,2026-08-17T06:23:38Z
4898,2026-02-06T00:00:00.000Z,Winter Storm,59,Emergency Protective Measure,119-U9VMR-00,B,Emergency Protective Measures,Eligible,Obligated,Small,Maury County,119,TN,47,9986.51,7489.89,7489.89,2026-05-15T00:00:00.000Z,2026-05-15T00:00:00.000Z,0,1065765,278005,2026-07-23T18:44:06.680Z,56cfbe387f1a946fcb58b714fdf538deb077483a,2026-02-06,2026-05-15,2026-05-15,2026-07-23T18:44:06Z,2026,02,1,2026,2026,98,0,true,Tennessee,4,Region 4 — Atlanta,Atlanta,"AL,FL,GA,KY,MS,NC,SC,TN",47,119,47119,Emergency Work,true,false,false,false,true,false,false,false,false,false,Winter weather,false,false,false,false,false,false,false,true,false,false,false,75.00,0.00,false,false,false,false,true,false,true,under_10k,https://www.fema.gov/api/open/v2/PublicAssistanceFundedProjectsDetails,https://www.fema.gov/openfema-data-page/public-assistance-funded-projects-details-v2,2026-08-17T06:23:38Z
4898,2026-02-06T00:00:00.000Z,Winter Storm,60,Emergency Water & Sewer Operating System,187-UHBZR-00,B,Emergency Protective Measures,Eligible,Obligated,Small,Williamson County,187,TN,47,77935.57,58451.68,58451.68,2026-06-30T00:00:00.000Z,2026-06-30T00:00:00.000Z,0,1065766,277860,2026-07-23T18:44:06.680Z,e5902ced5cfc0bfacdb8ae44d174fbae1abe818a,2026-02-06,2026-06-30,2026-06-30,2026-07-23T18:44:06Z,2026,02,1,2026,2026,144,0,true,Tennessee,4,Region 4 — Atlanta,Atlanta,"AL,FL,GA,KY,MS,NC,SC,TN",47,187,47187,Emergency Work,true,false,false,false,true,false,false,false,false,false,Winter weather,false,false,false,false,false,false,false,true,false,false,false,75.00,0.00,false,false,false,false,true,false,true,10k_to_100k,https://www.fema.gov/api/open/v2/PublicAssistanceFundedProjectsDetails,https://www.fema.gov/openfema-data-page/public-assistance-funded-projects-details-v2,2026-08-17T06:23:38Z
4898,2026-02-06T00:00:00.000Z,Winter Storm,61,Countywide Debris Removal,125-99125-00,A,Debris Removal,Eligible,Obligated,Small,Montgomery County,125,TN,47,36024.76,27018.57,27018.57,2026-06-08T00:00:00.000Z,2026-06-08T00:00:00.000Z,0,1065768,278018,2026-07-23T18:44:06.680Z,6842c52028696537d93d24eb309f9683fc2c5c97,2026-02-06,2026-06-08,2026-06-08,2026-07-23T18:44:06Z,2026,02,1,2026,2026,122,0,true,Tennessee,4,Region 4 — Atlanta,Atlanta,"AL,FL,GA,KY,MS,NC,SC,TN",47,125,47125,Emergency Work,true,false,false,true,false,false,false,false,false,false,Winter weather,false,false,false,false,false,false,false,true,false,false,false,75.00,0.00,false,false,false,false,true,false,true,10k_to_100k,https://www.fema.gov/api/open/v2/PublicAssistanceFundedProjectsDetails,https://www.fema.gov/openfema-data-page/public-assistance-funded-projects-details-v2,2026-08-17T06:23:38Z
4898,2026-02-06T00:00:00.000Z,Winter Storm,63,EPM - Emergency Work,125-99125-00,B,Emergency Protective Measures,Eligible,Obligated,Small,Montgomery County,125,TN,47,77342.71,58007.04,58007.04,2026-06-16T00:00:00.000Z,2026-06-16T00:00:00.000Z,0,1065770,278018,2026-07-23T18:44:06.680Z,f6f99056578e7f9658dfeafc48661d7738cff9c8,2026-02-06,2026-06-16,2026-06-16,2026-07-23T18:44:06Z,2026,02,1,2026,2026,130,0,true,Tennessee,4,Region 4 — Atlanta,Atlanta,"AL,FL,GA,KY,MS,NC,SC,TN",47,125,47125,Emergency Work,true,false,false,false,true,false,false,false,false,false,Winter weather,false,false,false,false,false,false,false,true,false,false,false,75.00,0.00,false,false,false,false,true,false,true,10k_to_100k,https://www.fema.gov/api/open/v2/PublicAssistanceFundedProjectsDetails,https://www.fema.gov/openfema-data-page/public-assistance-funded-projects-details-v2,2026-08-17T06:23:38Z
4898,2026-02-06T00:00:00.000Z,Winter Storm,65,Kingston Debris Removal,145-39620-00,A,Debris Removal,Eligible,Obligated,Small,Roane County,145,TN,47,5308.7,3981.53,3981.53,2026-06-02T00:00:00.000Z,2026-06-02T00:00:00.000Z,0,1065778,278094,2026-07-23T18:44:06.680Z,93dd80b1b500e0072cd35871297574c03dd42122,2026-02-06,2026-06-02,2026-06-02,2026-07-23T18:44:06Z,2026,02,1,2026,2026,116,0,true,Tennessee,4,Region 4 — Atlanta,Atlanta,"AL,FL,GA,KY,MS,NC,SC,TN",47,145,47145,Emergency Work,true,false,false,true,false,false,false,false,false,false,Winter weather,false,false,false,false,false,false,false,true,false,false,false,75.00,0.00,false,false,false,false,true,false,true,under_10k,https://www.fema.gov/api/open/v2/PublicAssistanceFundedProjectsDetails,https://www.fema.gov/openfema-data-page/public-assistance-funded-projects-details-v2,2026-08-17T06:23:38Z
4898,2026-02-06T00:00:00.000Z,Winter Storm,66,Town of Scotts Hill Emergency Protective Measures,077-66880-00,B,Emergency Protective Measures,Eligible,Obligated,Small,Henderson County,077,TN,47,49343.75,37007.82,37007.82,2026-06-05T00:00:00.000Z,2026-06-05T00:00:00.000Z,0,1065779,277882,2026-07-23T18:44:06.680Z,8ddf11da76bcce29f0d4fa74e972388a1b1f3007,2026-02-06,2026-06-05,2026-06-05,2026-07-23T18:44:06Z,2026,02,1,2026,2026,119,0,true,Tennessee,4,Region 4 — Atlanta,Atlanta,"AL,FL,GA,KY,MS,NC,SC,TN",47,077,47077,Emergency Work,true,false,false,false,true,false,false,false,false,false,Winter weather,false,false,false,false,false,false,false,true,false,false,false,75.00,0.00,false,false,false,false,true,false,true,10k_to_100k,https://www.fema.gov/api/open/v2/PublicAssistanceFundedProjectsDetails,https://www.fema.gov/openfema-data-page/public-assistance-funded-projects-details-v2,2026-08-17T06:23:38Z
4898,2026-02-06T00:00:00.000Z,Winter Storm,67,Emergency Protective Measures,125-U00B3-00,B,Emergency Protective Measures,Eligible,Obligated,Small,Montgomery County,125,TN,47,156333.75,117250.32,117250.32,2026-06-12T00:00:00.000Z,2026-06-12T00:00:00.000Z,0,1065785,278017,2026-07-23T18:44:06.680Z,0ed019da05744fe63d032dd0809c8f0de185ba65,2026-02-06,2026-06-12,2026-06-12,2026-07-23T18:44:06Z,2026,02,1,2026,2026,126,0,true,Tennessee,4,Region 4 — Atlanta,Atlanta,"AL,FL,GA,KY,MS,NC,SC,TN",47,125,47125,Emergency Work,true,false,false,false,true,false,false,false,false,false,Winter weather,false,false,false,false,false,false,false,true,false,false,false,75.00,0.00,false,false,false,false,true,false,true,100k_to_1m,https://www.fema.gov/api/open/v2/PublicAssistanceFundedProjectsDetails,https://www.fema.gov/openfema-data-page/public-assistance-funded-projects-details-v2,2026-08-17T06:23:38Z
4898,2026-02-06T00:00:00.000Z,Winter Storm,68,Debris Removal,037-U8MLR-00,A,Debris Removal,Eligible,Obligated,Small,Davidson County,037,TN,47,56324,42243,42243,2026-05-23T00:00:00.000Z,2026-05-23T00:00:00.000Z,0,1065793,277726,2026-07-23T18:44:06.680Z,85396dd69e0f3971948b38f4f9bace53c80f3d99,2026-02-06,2026-05-23,2026-05-23,2026-07-23T18:44:06Z,2026,02,1,2026,2026,106,0,true,Tennessee,4,Region 4 — Atlanta,Atlanta,"AL,FL,GA,KY,MS,NC,SC,TN",47,037,47037,Emergency Work,true,false,false,true,false,false,false,false,false,false,Winter weather,false,false,false,false,false,false,false,true,false,false,false,75.00,0.00,false,false,false,false,true,false,true,10k_to_100k,https://www.fema.gov/api/open/v2/PublicAssistanceFundedProjectsDetails,https://www.fema.gov/openfema-data-page/public-assistance-funded-projects-details-v2,2026-08-17T06:23:38Z
4898,2026-02-06T00:00:00.000Z,Winter Storm,69,Campus EPM,037-U8MLR-00,B,Emergency Protective Measures,Eligible,Obligated,Small,Davidson County,037,TN,47,4317.28,3237.96,3237.96,2026-05-05T00:00:00.000Z,2026-05-05T00:00:00.000Z,0,1065795,277726,2026-07-23T18:44:06.680Z,3d4cc2edf59e80948aeb0b2ef9f545ba20c8c212,2026-02-06,2026-05-05,2026-05-05,2026-07-23T18:44:06Z,2026,02,1,2026,2026,88,0,true,Tennessee,4,Region 4 — Atlanta,Atlanta,"AL,FL,GA,KY,MS,NC,SC,TN",47,037,47037,Emergency Work,true,false,false,false,true,false,false,false,false,false,Winter weather,false,false,false,false,false,false,false,true,false,false,false,75.00,0.00,false,false,false,false,true,false,true,under_10k,https://www.fema.gov/api/open/v2/PublicAssistanceFundedProjectsDetails,https://www.fema.gov/openfema-data-page/public-assistance-funded-projects-details-v2,2026-08-17T06:23:38Z
4898,2026-02-06T00:00:00.000Z,Winter Storm,70,Emergency Protective Measures,099-U012D-00,B,Emergency Protective Measures,Eligible,Obligated,Small,Lawrence County,099,TN,47,51814.95,38861.22,38861.22,2026-05-06T00:00:00.000Z,2026-05-06T00:00:00.000Z,0,1065802,278059,2026-07-23T18:44:06.680Z,686596700c422dede09c5edc9e769ed4f892c0dc,2026-02-06,2026-05-06,2026-05-06,2026-07-23T18:44:06Z,2026,02,1,2026,2026,89,0,true,Tennessee,4,Region 4 — Atlanta,Atlanta,"AL,FL,GA,KY,MS,NC,SC,TN",47,099,47099,Emergency Work,true,false,false,false,true,false,false,false,false,false,Winter weather,false,false,false,false,false,false,false,true,false,false,false,75.00,0.00,false,false,false,false,true,false,true,10k_to_100k,https://www.fema.gov/api/open/v2/PublicAssistanceFundedProjectsDetails,https://www.fema.gov/openfema-data-page/public-assistance-funded-projects-details-v2,2026-08-17T06:23:38Z
4898,2026-02-06T00:00:00.000Z,Winter Storm,71,Rhea County Debris Removal,143-99143-00,A,Debris Removal,Eligible,Obligated,Small,Rhea County,143,TN,47,215523.72,161642.79,161642.79,2026-06-29T00:00:00.000Z,2026-06-29T00:00:00.000Z,0,1065807,278044,2026-07-23T18:44:06.680Z,0fd5a9963a6a9157bcb4ddc8fb22fe3db23318e0,2026-02-06,2026-06-29,2026-06-29,2026-07-23T18:44:06Z,2026,02,1,2026,2026,143,0,true,Tennessee,4,Region 4 — Atlanta,Atlanta,"AL,FL,GA,KY,MS,NC,SC,TN",47,143,47143,Emergency Work,true,false,false,true,false,false,false,false,false,false,Winter weather,false,false,false,false,false,false,false,true,false,false,false,75.00,0.00,false,false,false,false,true,false,true,100k_to_1m,https://www.fema.gov/api/open/v2/PublicAssistanceFundedProjectsDetails,https://www.fema.gov/openfema-data-page/public-assistance-funded-projects-details-v2,2026-08-17T06:23:38Z
4898,2026-02-06T00:00:00.000Z,Winter Storm,73,Emergency Protective Measures,119-UH7NC-00,B,Emergency Protective Measures,Eligible,Obligated,Small,Maury County,119,TN,47,15627.2,11720.4,11720.4,2026-04-15T00:00:00.000Z,2026-04-15T00:00:00.000Z,0,1065810,277999,2026-07-23T18:44:06.680Z,c11928322e9d4484fac658f6c95cdf227da1c18d,2026-02-06,2026-04-15,2026-04-15,2026-07-23T18:44:06Z,2026,02,1,2026,2026,68,0,true,Tennessee,4,Region 4 — Atlanta,Atlanta,"AL,FL,GA,KY,MS,NC,SC,TN",47,119,47119,Emergency Work,true,false,false,false,true,false,false,false,false,false,Winter weather,false,false,false,false,false,false,false,true,false,false,false,75.00,0.00,false,false,false,false,true,false,true,10k_to_100k,https://www.fema.gov/api/open/v2/PublicAssistanceFundedProjectsDetails,https://www.fema.gov/openfema-data-page/public-assistance-funded-projects-details-v2,2026-08-17T06:23:38Z
4898,2026-02-06T00:00:00.000Z,Winter Storm,74,City Wide Debris Removal,189-50780-00,A,Debris Removal,Eligible,Obligated,Small,Wilson County,189,TN,47,236405.17,177303.88,177303.88,2026-05-15T00:00:00.000Z,2026-05-15T00:00:00.000Z,0,1065811,278008,2026-07-23T18:44:06.680Z,3ef2adc7d098c7c7bec136d8f93d181f0494e17c,2026-02-06,2026-05-15,2026-05-15,2026-07-23T18:44:06Z,2026,02,1,2026,2026,98,0,true,Tennessee,4,Region 4 — Atlanta,Atlanta,"AL,FL,GA,KY,MS,NC,SC,TN",47,189,47189,Emergency Work,true,false,false,true,false,false,false,false,false,false,Winter weather,false,false,false,false,false,false,false,true,false,false,false,75.00,0.00,false,false,false,false,true,false,true,100k_to_1m,https://www.fema.gov/api/open/v2/PublicAssistanceFundedProjectsDetails,https://www.fema.gov/openfema-data-page/public-assistance-funded-projects-details-v2,2026-08-17T06:23:38Z
4898,2026-02-06T00:00:00.000Z,Winter Storm,75,Lawrence County Emergency Protective Measures,099-99099-00,B,Emergency Protective Measures,Eligible,Obligated,Small,Lawrence County,099,TN,47,5944.87,4458.66,4458.66,2026-04-08T00:00:00.000Z,2026-04-08T00:00:00.000Z,0,1065815,278149,2026-07-23T18:44:06.680Z,a7ddaee075d151af786cedbe44f62a5fe2059982,2026-02-06,2026-04-08,2026-04-08,2026-07-23T18:44:06Z,2026,02,1,2026,2026,61,0,true,Tennessee,4,Region 4 — Atlanta,Atlanta,"AL,FL,GA,KY,MS,NC,SC,TN",47,099,47099,Emergency Work,true,false,false,false,true,false,false,false,false,false,Winter weather,false,false,false,false,false,false,false,true,false,false,false,75.00,0.00,false,false,false,false,true,false,true,under_10k,https://www.fema.gov/api/open/v2/PublicAssistanceFundedProjectsDetails,https://www.fema.gov/openfema-data-page/public-assistance-funded-projects-details-v2,2026-08-17T06:23:38Z
4898,2026-02-06T00:00:00.000Z,Winter Storm,77,EPM,167-17680-00,B,Emergency Protective Measures,Eligible,Obligated,Small,Tipton County,167,TN,47,129461.28,97095.96,97095.96,2026-07-17T00:00:00.000Z,2026-07-17T00:00:00.000Z,0,1065843,278014,2026-07-23T18:44:06.680Z,6085746fded5126e6bf040050ffa3e494b4606a0,2026-02-06,2026-07-17,2026-07-17,2026-07-23T18:44:06Z,2026,02,1,2026,2026,161,0,true,Tennessee,4,Region 4 — Atlanta,Atlanta,"AL,FL,GA,KY,MS,NC,SC,TN",47,167,47167,Emergency Work,true,false,false,false,true,false,false,false,false,false,Winter weather,false,false,false,false,false,false,false,true,false,false,false,75.00,0.00,false,false,false,false,true,false,true,10k_to_100k,https://www.fema.gov/api/open/v2/PublicAssistanceFundedProjectsDetails,https://www.fema.gov/openfema-data-page/public-assistance-funded-projects-details-v2,2026-08-17T06:23:38Z
4898,2026-02-06T00:00:00.000Z,Winter Storm,78,City of Savannah Emergency Protective Measures,071-66720-00,B,Emergency Protective Measures,Eligible,Obligated,Small,Hardin County,071,TN,47,40229.29,30171.97,30171.97,2026-05-19T00:00:00.000Z,2026-05-19T00:00:00.000Z,0,1065844,277927,2026-07-23T18:44:06.680Z,89fb6ad91c402a1a3fe668b171429ebb604c9f41,2026-02-06,2026-05-19,2026-05-19,2026-07-23T18:44:06Z,2026,02,1,2026,2026,102,0,true,Tennessee,4,Region 4 — Atlanta,Atlanta,"AL,FL,GA,KY,MS,NC,SC,TN",47,071,47071,Emergency Work,true,false,false,false,true,false,false,false,false,false,Winter weather,false,false,false,false,false,false,false,true,false,false,false,75.00,0.00,false,false,false,false,true,false,true,10k_to_100k,https://www.fema.gov/api/open/v2/PublicAssistanceFundedProjectsDetails,https://www.fema.gov/openfema-data-page/public-assistance-funded-projects-details-v2,2026-08-17T06:23:38Z
4898,2026-02-06T00:00:00.000Z,Winter Storm,80,Citywide EPM,119-51080-00,B,Emergency Protective Measures,Eligible,Obligated,Small,Maury County,119,TN,47,36068.65,27051.49,27051.49,2026-07-01T00:00:00.000Z,2026-07-01T00:00:00.000Z,0,1065848,278020,2026-07-23T18:44:06.680Z,b4a68aaced4bb176cc4f60380b7c9978864009d0,2026-02-06,2026-07-01,2026-07-01,2026-07-23T18:44:06Z,2026,02,1,2026,2026,145,0,true,Tennessee,4,Region 4 — Atlanta,Atlanta,"AL,FL,GA,KY,MS,NC,SC,TN",47,119,47119,Emergency Work,true,false,false,false,true,false,false,false,false,false,Winter weather,false,false,false,false,false,false,false,true,false,false,false,75.00,0.00,false,false,false,false,true,false,true,10k_to_100k,https://www.fema.gov/api/open/v2/PublicAssistanceFundedProjectsDetails,https://www.fema.gov/openfema-data-page/public-assistance-funded-projects-details-v2,2026-08-17T06:23:38Z
4898,2026-02-06T00:00:00.000Z,Winter Storm,81,Lawrence County County-wide Debris Removal,099-99099-00,A,Debris Removal,Eligible,Obligated,Small,Lawrence County,099,TN,47,132951.57,99713.68,99713.68,2026-06-02T00:00:00.000Z,2026-06-02T00:00:00.000Z,0,1065853,278149,2026-07-23T18:44:06.680Z,570c15e56c1eee7e9bbc94c68ca813a6767151b6,2026-02-06,2026-06-02,2026-06-02,2026-07-23T18:44:06Z,2026,02,1,2026,2026,116,0,true,Tennessee,4,Region 4 — Atlanta,Atlanta,"AL,FL,GA,KY,MS,NC,SC,TN",47,099,47099,Emergency Work,true,false,false,true,false,false,false,false,false,false,Winter weather,false,false,false,false,false,false,false,true,false,false,false,75.00,0.00,false,false,false,false,true,false,true,10k_to_100k,https://www.fema.gov/api/open/v2/PublicAssistanceFundedProjectsDetails,https://www.fema.gov/openfema-data-page/public-assistance-funded-projects-details-v2,2026-08-17T06:23:38Z
4898,2026-02-06T00:00:00.000Z,Winter Storm,82,Wayne County Sheriff Dept Emergency Protective Measures,181-99181-00,B,Emergency Protective Measures,Eligible,Obligated,Small,Wayne County,181,TN,47,9589.37,7192.03,7192.03,2026-08-05T00:00:00.000Z,2026-08-05T00:00:00.000Z,0,1065855,277997,2026-08-06T15:19:50.545Z,021bed9ecfbe51449492b12690cd1aca8909bf1f,2026-02-06,2026-08-05,2026-08-05,2026-08-06T15:19:50Z,2026,02,1,2026,2026,180,0,true,Tennessee,4,Region 4 — Atlanta,Atlanta,"AL,FL,GA,KY,MS,NC,SC,TN",47,181,47181,Emergency Work,true,false,false,false,true,false,false,false,false,false,Winter weather,false,false,false,false,false,false,false,true,false,false,false,75.00,0.00,false,false,false,false,true,false,true,under_10k,https://www.fema.gov/api/open/v2/PublicAssistanceFundedProjectsDetails,https://www.fema.gov/openfema-data-page/public-assistance-funded-projects-details-v2,2026-08-17T06:23:38Z
4898,2026-02-06T00:00:00.000Z,Winter Storm,85,Cheatham County-EPM,021-99021-00,B,Emergency Protective Measures,Eligible,Obligated,Small,Cheatham County,021,TN,47,102416.95,76812.72,76812.72,2026-07-07T00:00:00.000Z,2026-07-07T00:00:00.000Z,0,1065882,278003,2026-07-23T18:44:06.680Z,e8d96dc1859c72061f3d959a608a46526638a14b,2026-02-06,2026-07-07,2026-07-07,2026-07-23T18:44:06Z,2026,02,1,2026,2026,151,0,true,Tennessee,4,Region 4 — Atlanta,Atlanta,"AL,FL,GA,KY,MS,NC,SC,TN",47,021,47021,Emergency Work,true,false,false,false,true,false,false,false,false,false,Winter weather,false,false,false,false,false,false,false,true,false,false,false,75.00,0.00,false,false,false,false,true,false,true,10k_to_100k,https://www.fema.gov/api/open/v2/PublicAssistanceFundedProjectsDetails,https://www.fema.gov/openfema-data-page/public-assistance-funded-projects-details-v2,2026-08-17T06:23:38Z
4898,2026-02-06T00:00:00.000Z,Winter Storm,93,City Wide Debris Removal,135-43160-00,A,Debris Removal,Eligible,Obligated,Small,Perry County,135,TN,47,24942.35,18706.77,18706.77,2026-07-07T00:00:00.000Z,2026-07-07T00:00:00.000Z,0,1065907,277995,2026-07-23T18:44:06.680Z,4aec1b5839a16aee0c2a42c02fc96530e1e35b4e,2026-02-06,2026-07-07,2026-07-07,2026-07-23T18:44:06Z,2026,02,1,2026,2026,151,0,true,Tennessee,4,Region 4 — Atlanta,Atlanta,"AL,FL,GA,KY,MS,NC,SC,TN",47,135,47135,Emergency Work,true,false,false,true,false,false,false,false,false,false,Winter weather,false,false,false,false,false,false,false,true,false,false,false,75.00,0.00,false,false,false,false,true,false,true,10k_to_100k,https://www.fema.gov/api/open/v2/PublicAssistanceFundedProjectsDetails,https://www.fema.gov/openfema-data-page/public-assistance-funded-projects-details-v2,2026-08-17T06:23:38Z
4898,2026-02-06T00:00:00.000Z,Winter Storm,94,CIty of Waynesboro-Debris Removal,181-78600-00,A,Debris Removal,Eligible,Obligated,Small,Wayne County,181,TN,47,187317.79,140488.35,140488.35,2026-06-29T00:00:00.000Z,2026-06-29T00:00:00.000Z,0,1065919,278062,2026-07-23T18:44:06.680Z,448933d2fae8ab60245f2b2e9cc4ebcff2ab9375,2026-02-06,2026-06-29,2026-06-29,2026-07-23T18:44:06Z,2026,02,1,2026,2026,143,0,true,Tennessee,4,Region 4 — Atlanta,Atlanta,"AL,FL,GA,KY,MS,NC,SC,TN",47,181,47181,Emergency Work,true,false,false,true,false,false,false,false,false,false,Winter weather,false,false,false,false,false,false,false,true,false,false,false,75.00,0.00,false,false,false,false,true,false,true,100k_to_1m,https://www.fema.gov/api/open/v2/PublicAssistanceFundedProjectsDetails,https://www.fema.gov/openfema-data-page/public-assistance-funded-projects-details-v2,2026-08-17T06:23:38Z
4898,2026-02-06T00:00:00.000Z,Winter Storm,96,Generator,021-UWHQO-00,B,Emergency Protective Measures,Eligible,Pending Closeout Completion,Small,Cheatham County,021,TN,47,6709.78,5032.34,5032.34,2026-04-15T00:00:00.000Z,2026-04-15T00:00:00.000Z,0,1065925,278186,2026-07-23T18:44:06.680Z,69e2b721a6fb9d30b932b884a5afad9bb56d0d26,2026-02-06,2026-04-15,2026-04-15,2026-07-23T18:44:06Z,2026,02,1,2026,2026,68,0,true,Tennessee,4,Region 4 — Atlanta,Atlanta,"AL,FL,GA,KY,MS,NC,SC,TN",47,021,47021,Emergency Work,true,false,false,false,true,false,false,false,false,false,Winter weather,false,false,false,false,false,false,false,true,false,false,false,75.00,0.00,false,false,false,false,true,false,true,under_10k,https://www.fema.gov/api/open/v2/PublicAssistanceFundedProjectsDetails,https://www.fema.gov/openfema-data-page/public-assistance-funded-projects-details-v2,2026-08-17T06:23:38Z
4898,2026-02-06T00:00:00.000Z,Winter Storm,99,Shelby County Emergency Protective Measures,157-99157-00,B,Emergency Protective Measures,Eligible,Obligated,Small,Shelby County,157,TN,47,21555.81,16166.86,16166.86,2026-05-21T00:00:00.000Z,2026-05-21T00:00:00.000Z,0,1065930,278046,2026-07-23T18:44:06.680Z,efe87d49448c5453f5bda0ed46c11ab21eaa75e7,2026-02-06,2026-05-21,2026-05-21,2026-07-23T18:44:06Z,2026,02,1,2026,2026,104,0,true,Tennessee,4,Region 4 — Atlanta,Atlanta,"AL,FL,GA,KY,MS,NC,SC,TN",47,157,47157,Emergency Work,true,false,false,false,true,false,false,false,false,false,Winter weather,false,false,false,false,false,false,false,true,false,false,false,75.00,0.00,false,false,false,false,true,false,true,10k_to_100k,https://www.fema.gov/api/open/v2/PublicAssistanceFundedProjectsDetails,https://www.fema.gov/openfema-data-page/public-assistance-funded-projects-details-v2,2026-08-17T06:23:38Z
4898,2026-02-06T00:00:00.000Z,Winter Storm,100,"Kingston Springs, Town of - Debris Removal (Townwide)",021-39660-00,A,Debris Removal,Eligible,Obligated,Small,Cheatham County,021,TN,47,35588.86,26691.65,26691.65,2026-05-15T00:00:00.000Z,2026-05-15T00:00:00.000Z,0,1065944,278147,2026-07-23T18:44:06.680Z,29d8f6a7d49f8210f0dcb0bcbc77211fc3c3024e,2026-02-06,2026-05-15,2026-05-15,2026-07-23T18:44:06Z,2026,02,1,2026,2026,98,0,true,Tennessee,4,Region 4 — Atlanta,Atlanta,"AL,FL,GA,KY,MS,NC,SC,TN",47,021,47021,Emergency Work,true,false,false,true,false,false,false,false,false,false,Winter weather,false,false,false,false,false,false,false,true,false,false,false,75.00,0.00,false,false,false,false,true,false,true,10k_to_100k,https://www.fema.gov/api/open/v2/PublicAssistanceFundedProjectsDetails,https://www.fema.gov/openfema-data-page/public-assistance-funded-projects-details-v2,2026-08-17T06:23:38Z
4898,2026-02-06T00:00:00.000Z,Winter Storm,102,Emergency Protective Measures,005-10560-00,B,Emergency Protective Measures,Eligible,Obligated,Small,Benton County,005,TN,47,21886.8,16415.1,16415.1,2026-05-27T00:00:00.000Z,2026-05-27T00:00:00.000Z,0,1065954,278028,2026-07-23T18:44:06.680Z,5a34c4c540e56e0b8992532757976349cb5e7169,2026-02-06,2026-05-27,2026-05-27,2026-07-23T18:44:06Z,2026,02,1,2026,2026,110,0,true,Tennessee,4,Region 4 — Atlanta,Atlanta,"AL,FL,GA,KY,MS,NC,SC,TN",47,005,47005,Emergency Work,true,false,false,false,true,false,false,false,false,false,Winter weather,false,false,false,false,false,false,false,true,false,false,false,75.00,0.00,false,false,false,false,true,false,true,10k_to_100k,https://www.fema.gov/api/open/v2/PublicAssistanceFundedProjectsDetails,https://www.fema.gov/openfema-data-page/public-assistance-funded-projects-details-v2,2026-08-17T06:23:38Z
4898,2026-02-06T00:00:00.000Z,Winter Storm,103,Emergency Operations Coordination,000-UHCTF-00,B,Emergency Protective Measures,Eligible,Obligated,Small,Davidson County,037,TN,47,617353.35,463015.02,463015.02,2026-06-12T00:00:00.000Z,2026-06-12T00:00:00.000Z,0,1065957,277547,2026-07-23T18:44:06.680Z,6994767d3d0da5b84a555860bc5e7a1ece8a0ea8,2026-02-06,2026-06-12,2026-06-12,2026-07-23T18:44:06Z,2026,02,1,2026,2026,126,0,true,Tennessee,4,Region 4 — Atlanta,Atlanta,"AL,FL,GA,KY,MS,NC,SC,TN",47,037,47037,Emergency Work,true,false,false,false,true,false,false,false,false,false,Winter weather,false,false,false,false,false,false,false,true,false,false,false,75.00,0.00,false,false,false,false,true,false,true,100k_to_1m,https://www.fema.gov/api/open/v2/PublicAssistanceFundedProjectsDetails,https://www.fema.gov/openfema-data-page/public-assistance-funded-projects-details-v2,2026-08-17T06:23:38Z
4898,2026-02-06T00:00:00.000Z,Winter Storm,104,Debris Removal,027-99027-00,A,Debris Removal,Eligible,Obligated,Small,Clay County,027,TN,47,430573.73,322930.3,322930.3,2026-06-08T00:00:00.000Z,2026-06-08T00:00:00.000Z,0,1065959,278012,2026-07-23T18:44:06.680Z,b06d19f0da934eb337f3e8a8696c82244dd07c05,2026-02-06,2026-06-08,2026-06-08,2026-07-23T18:44:06Z,2026,02,1,2026,2026,122,0,true,Tennessee,4,Region 4 — Atlanta,Atlanta,"AL,FL,GA,KY,MS,NC,SC,TN",47,027,47027,Emergency Work,true,false,false,true,false,false,false,false,false,false,Winter weather,false,false,false,false,false,false,false,true,false,false,false,75.00,0.00,false,false,false,false,true,false,true,100k_to_1m,https://www.fema.gov/api/open/v2/PublicAssistanceFundedProjectsDetails,https://www.fema.gov/openfema-data-page/public-assistance-funded-projects-details-v2,2026-08-17T06:23:38Z
4898,2026-02-06T00:00:00.000Z,Winter Storm,105,Emergency Protective Measures,027-99027-00,B,Emergency Protective Measures,Eligible,Obligated,Small,Clay County,027,TN,47,17622.22,13216.67,13216.67,2026-05-26T00:00:00.000Z,2026-05-26T00:00:00.000Z,0,1065962,278012,2026-07-23T18:44:06.680Z,97c91171cfac1d20acf0fe113a6ae65482d54f39,2026-02-06,2026-05-26,2026-05-26,2026-07-23T18:44:06Z,2026,02,1,2026,2026,109,0,true,Tennessee,4,Region 4 — Atlanta,Atlanta,"AL,FL,GA,KY,MS,NC,SC,TN",47,027,47027,Emergency Work,true,false,false,false,true,false,false,false,false,false,Winter weather,false,false,false,false,false,false,false,true,false,false,false,75.00,0.00,false,false,false,false,true,false,true,10k_to_100k,https://www.fema.gov/api/open/v2/PublicAssistanceFundedProjectsDetails,https://www.fema.gov/openfema-data-page/public-assistance-funded-projects-details-v2,2026-08-17T06:23:38Z
4898,2026-02-06T00:00:00.000Z,Winter Storm,106,City of Waynesboro-EPM,181-78600-00,B,Emergency Protective Measures,Eligible,Obligated,Small,Wayne County,181,TN,47,14059.38,10544.54,10544.54,2026-05-11T00:00:00.000Z,2026-05-11T00:00:00.000Z,0,1065963,278062,2026-07-23T18:44:06.680Z,54179d438ab92ff1f2ba1b046d118ab0922016ca,2026-02-06,2026-05-11,2026-05-11,2026-07-23T18:44:06Z,2026,02,1,2026,2026,94,0,true,Tennessee,4,Region 4 — Atlanta,Atlanta,"AL,FL,GA,KY,MS,NC,SC,TN",47,181,47181,Emergency Work,true,false,false,false,true,false,false,false,false,false,Winter weather,false,false,false,false,false,false,false,true,false,false,false,75.00,0.00,false,false,false,false,true,false,true,10k_to_100k,https://www.fema.gov/api/open/v2/PublicAssistanceFundedProjectsDetails,https://www.fema.gov/openfema-data-page/public-assistance-funded-projects-details-v2,2026-08-17T06:23:38Z
4898,2026-02-06T00:00:00.000Z,Winter Storm,108,City of Millington Emergency Protective Measures,157-49060-00,B,Emergency Protective Measures,Eligible,Obligated,Small,Shelby County,157,TN,47,7326.17,5494.63,5494.63,2026-05-15T00:00:00.000Z,2026-05-15T00:00:00.000Z,0,1065977,278041,2026-07-23T18:44:06.680Z,7de3d55a466841d2e7ce7c617111bc5c62a0dedb,2026-02-06,2026-05-15,2026-05-15,2026-07-23T18:44:06Z,2026,02,1,2026,2026,98,0,true,Tennessee,4,Region 4 — Atlanta,Atlanta,"AL,FL,GA,KY,MS,NC,SC,TN",47,157,47157,Emergency Work,true,false,false,false,true,false,false,false,false,false,Winter weather,false,false,false,false,false,false,false,true,false,false,false,75.00,0.00,false,false,false,false,true,false,true,under_10k,https://www.fema.gov/api/open/v2/PublicAssistanceFundedProjectsDetails,https://www.fema.gov/openfema-data-page/public-assistance-funded-projects-details-v2,2026-08-17T06:23:38Z
4898,2026-02-06T00:00:00.000Z,Winter Storm,109,Fayette County EPM,047-99047-00,B,Emergency Protective Measures,Eligible,Obligated,Small,Fayette County,047,TN,47,35383.84,26537.88,26537.88,2026-06-18T00:00:00.000Z,2026-06-18T00:00:00.000Z,0,1065978,278034,2026-07-23T18:44:06.680Z,e64b12fecec51da0a6ffbdcd79772f308864dfc1,2026-02-06,2026-06-18,2026-06-18,2026-07-23T18:44:06Z,2026,02,1,2026,2026,132,0,true,Tennessee,4,Region 4 — Atlanta,Atlanta,"AL,FL,GA,KY,MS,NC,SC,TN",47,047,47047,Emergency Work,true,false,false,false,true,false,false,false,false,false,Winter weather,false,false,false,false,false,false,false,true,false,false,false,75.00,0.00,false,false,false,false,true,false,true,10k_to_100k,https://www.fema.gov/api/open/v2/PublicAssistanceFundedProjectsDetails,https://www.fema.gov/openfema-data-page/public-assistance-funded-projects-details-v2,2026-08-17T06:23:38Z
4898,2026-02-06T00:00:00.000Z,Winter Storm,111,Campus Building and Vehicle Damage,037-U8MLR-00,E,Buildings and Equipment,Eligible,Obligated,Small,Davidson County,037,TN,47,52000,39000,39000,2026-06-09T00:00:00.000Z,2026-06-09T00:00:00.000Z,0,1065990,277726,2026-07-23T18:44:06.680Z,de7fc570dc3f030919bd23b36f3d9f8af2a667e1,2026-02-06,2026-06-09,2026-06-09,2026-07-23T18:44:06Z,2026,02,1,2026,2026,123,0,true,Tennessee,4,Region 4 — Atlanta,Atlanta,"AL,FL,GA,KY,MS,NC,SC,TN",47,037,47037,Permanent Work,false,true,false,false,false,false,false,true,false,false,Winter weather,false,false,false,false,false,false,false,true,false,false,false,75.00,0.00,false,false,false,false,true,false,true,10k_to_100k,https://www.fema.gov/api/open/v2/PublicAssistanceFundedProjectsDetails,https://www.fema.gov/openfema-data-page/public-assistance-funded-projects-details-v2,2026-08-17T06:23:38Z
4898,2026-02-06T00:00:00.000Z,Winter Storm,112,Recreational Campus Damages,037-U8MLR-00,G,"Parks, Recreational Facilities, and Other Items",Eligible,Obligated,Small,Davidson County,037,TN,47,4236.37,3177.28,3177.28,2026-05-07T00:00:00.000Z,2026-05-07T00:00:00.000Z,0,1065991,277726,2026-07-23T18:44:06.680Z,b91f9bae98eec87277331eb8ccec849b2f8f1b22,2026-02-06,2026-05-07,2026-05-07,2026-07-23T18:44:06Z,2026,02,1,2026,2026,90,0,true,Tennessee,4,Region 4 — Atlanta,Atlanta,"AL,FL,GA,KY,MS,NC,SC,TN",47,037,47037,Permanent Work,false,true,false,false,false,false,false,false,false,true,Winter weather,false,false,false,false,false,false,false,true,false,false,false,75.00,0.00,false,false,false,false,true,false,true,under_10k,https://www.fema.gov/api/open/v2/PublicAssistanceFundedProjectsDetails,https://www.fema.gov/openfema-data-page/public-assistance-funded-projects-details-v2,2026-08-17T06:23:38Z
4898,2026-02-06T00:00:00.000Z,Winter Storm,113,Emergency Operations Coordination / Call Center,000-UYHKL-00,B,Emergency Protective Measures,Eligible,Obligated,Small,Hickman County,081,TN,47,386156.14,289617.11,289617.11,2026-06-12T00:00:00.000Z,2026-06-12T00:00:00.000Z,0,1065993,277731,2026-07-23T18:44:06.680Z,05f825871f1ad7b3ac5748c66ae012d98c0d5e62,2026-02-06,2026-06-12,2026-06-12,2026-07-23T18:44:06Z,2026,02,1,2026,2026,126,0,true,Tennessee,4,Region 4 — Atlanta,Atlanta,"AL,FL,GA,KY,MS,NC,SC,TN",47,081,47081,Emergency Work,true,false,false,false,true,false,false,false,false,false,Winter weather,false,false,false,false,false,false,false,true,false,false,false,75.00,0.00,false,false,false,false,true,false,true,100k_to_1m,https://www.fema.gov/api/open/v2/PublicAssistanceFundedProjectsDetails,https://www.fema.gov/openfema-data-page/public-assistance-funded-projects-details-v2,2026-08-17T06:23:38Z
4898,2026-02-06T00:00:00.000Z,Winter Storm,114,Kingston Water Department - Damaged Electrical Equipment,145-UR87H-00,F,Utilities,Eligible,Obligated,Small,Roane County,145,TN,47,21969.94,16477.46,16477.46,2026-06-15T00:00:00.000Z,2026-06-15T00:00:00.000Z,14022,1066005,278095,2026-07-23T18:44:06.680Z,f529f657ede410fbb5ddf0125074e7d5b501120b,2026-02-06,2026-06-15,2026-06-15,2026-07-23T18:44:06Z,2026,02,1,2026,2026,129,0,true,Tennessee,4,Region 4 — Atlanta,Atlanta,"AL,FL,GA,KY,MS,NC,SC,TN",47,145,47145,Permanent Work,false,true,false,false,false,false,false,false,true,false,Winter weather,false,false,false,false,false,false,false,true,false,false,false,75.00,63.82,true,false,false,false,true,false,true,10k_to_100k,https://www.fema.gov/api/open/v2/PublicAssistanceFundedProjectsDetails,https://www.fema.gov/openfema-data-page/public-assistance-funded-projects-details-v2,2026-08-17T06:23:38Z
4898,2026-02-06T00:00:00.000Z,Winter Storm,116,Benton County Electric System Utilities,005-U0165-00,F,Utilities,Eligible,Obligated,Small,Benton County,005,TN,47,90783.17,68087.38,68087.38,2026-06-09T00:00:00.000Z,2026-06-09T00:00:00.000Z,0,1066009,278027,2026-07-23T18:44:06.680Z,078fe8983091c9eff40bb54a9f6f0703b2e845b7,2026-02-06,2026-06-09,2026-06-09,2026-07-23T18:44:06Z,2026,02,1,2026,2026,123,0,true,Tennessee,4,Region 4 — Atlanta,Atlanta,"AL,FL,GA,KY,MS,NC,SC,TN",47,005,47005,Permanent Work,false,true,false,false,false,false,false,false,true,false,Winter weather,false,false,false,false,false,false,false,true,false,false,false,75.00,0.00,false,false,false,false,true,false,true,10k_to_100k,https://www.fema.gov/api/open/v2/PublicAssistanceFundedProjectsDetails,https://www.fema.gov/openfema-data-page/public-assistance-funded-projects-details-v2,2026-08-17T06:23:38Z
4898,2026-02-06T00:00:00.000Z,Winter Storm,117,Benton County Electric System Shed,005-U0165-00,E,Buildings and Equipment,Eligible,Obligated,Small,Benton County,005,TN,47,21300,15975,15975,2026-06-02T00:00:00.000Z,2026-06-02T00:00:00.000Z,11300,1066010,278027,2026-07-23T18:44:06.680Z,cc3070cf6f0eb1d39d94bce543568e5b638bc2ae,2026-02-06,2026-06-02,2026-06-02,2026-07-23T18:44:06Z,2026,02,1,2026,2026,116,0,true,Tennessee,4,Region 4 — Atlanta,Atlanta,"AL,FL,GA,KY,MS,NC,SC,TN",47,005,47005,Permanent Work,false,true,false,false,false,false,false,true,false,false,Winter weather,false,false,false,false,false,false,false,true,false,false,false,75.00,53.05,true,false,false,false,true,false,true,10k_to_100k,https://www.fema.gov/api/open/v2/PublicAssistanceFundedProjectsDetails,https://www.fema.gov/openfema-data-page/public-assistance-funded-projects-details-v2,2026-08-17T06:23:38Z
4898,2026-02-06T00:00:00.000Z,Winter Storm,118,Management Costs,000-U00AB-00,Z,Management Costs,Eligible,Obligated,Small,Statewide,037,TN,47,938492.08,938492.08,938492.08,2026-05-15T00:00:00.000Z,2026-05-15T00:00:00.000Z,0,1066011,277531,2026-07-23T18:44:06.680Z,f0df8e6e1d3aa510a46e55516bd801e12ace1adc,2026-02-06,2026-05-15,2026-05-15,2026-07-23T18:44:06Z,2026,02,1,2026,2026,98,0,true,Tennessee,4,Region 4 — Atlanta,Atlanta,"AL,FL,GA,KY,MS,NC,SC,TN",47,037,47037,Management Costs,false,false,true,false,false,false,false,false,false,false,Winter weather,false,false,false,false,false,false,false,true,false,false,false,100.00,0.00,false,false,false,false,true,false,true,100k_to_1m,https://www.fema.gov/api/open/v2/PublicAssistanceFundedProjectsDetails,https://www.fema.gov/openfema-data-page/public-assistance-funded-projects-details-v2,2026-08-17T06:23:38Z
4898,2026-02-06T00:00:00.000Z,Winter Storm,122,Hardeman County Ambulance Service,069-99069-00,E,Buildings and Equipment,Eligible,Obligated,Small,Hardeman County,069,TN,47,5000,3750,3750,2026-06-18T00:00:00.000Z,2026-06-18T00:00:00.000Z,0,1066022,277536,2026-07-23T18:44:06.680Z,fdbeb03718f6a5886727db4396817612c2c816fe,2026-02-06,2026-06-18,2026-06-18,2026-07-23T18:44:06Z,2026,02,1,2026,2026,132,0,true,Tennessee,4,Region 4 — Atlanta,Atlanta,"AL,FL,GA,KY,MS,NC,SC,TN",47,069,47069,Permanent Work,false,true,false,false,false,false,false,true,false,false,Winter weather,false,false,false,false,false,false,false,true,false,false,false,75.00,0.00,false,false,false,false,true,false,true,under_10k,https://www.fema.gov/api/open/v2/PublicAssistanceFundedProjectsDetails,https://www.fema.gov/openfema-data-page/public-assistance-funded-projects-details-v2,2026-08-17T06:23:38Z
4898,2026-02-06T00:00:00.000Z,Winter Storm,123,Reconstruction of Utility Infrastructure,069-ULWON-00,F,Utilities,Eligible,Obligated,Small,Hardeman County,069,TN,47,955684.29,716763.22,716763.22,2026-06-08T00:00:00.000Z,2026-06-08T00:00:00.000Z,0,1066026,277540,2026-07-23T18:44:06.680Z,ffe34f36c2282497c99d467e60b5a1ace39774f5,2026-02-06,2026-06-08,2026-06-08,2026-07-23T18:44:06Z,2026,02,1,2026,2026,122,0,true,Tennessee,4,Region 4 — Atlanta,Atlanta,"AL,FL,GA,KY,MS,NC,SC,TN",47,069,47069,Permanent Work,false,true,false,false,false,false,false,false,true,false,Winter weather,false,false,false,false,false,false,false,true,false,false,false,75.00,0.00,false,false,false,false,true,false,true,100k_to_1m,https://www.fema.gov/api/open/v2/PublicAssistanceFundedProjectsDetails,https://www.fema.gov/openfema-data-page/public-assistance-funded-projects-details-v2,2026-08-17T06:23:38Z
4898,2026-02-06T00:00:00.000Z,Winter Storm,124,Utility Infrastructure Reconstruction,125-000DA-00,F,Utilities,Eligible,Obligated,Large,Montgomery County,125,TN,47,7075054.43,5306290.83,5306290.83,2026-07-08T00:00:00.000Z,2026-07-08T00:00:00.000Z,0,1066027,277675,2026-07-23T18:44:06.680Z,709d46d3e17bd3e6850707074ff5996db5207825,2026-02-06,2026-07-08,2026-07-08,2026-07-23T18:44:06Z,2026,02,1,2026,2026,152,0,true,Tennessee,4,Region 4 — Atlanta,Atlanta,"AL,FL,GA,KY,MS,NC,SC,TN",47,125,47125,Permanent Work,false,true,false,false,false,false,false,false,true,false,Winter weather,false,false,false,false,false,false,false,true,false,false,false,75.00,0.00,false,false,false,true,false,false,true,1m_to_10m,https://www.fema.gov/api/open/v2/PublicAssistanceFundedProjectsDetails,https://www.fema.gov/openfema-data-page/public-assistance-funded-projects-details-v2,2026-08-17T06:23:38Z
4898,2026-02-06T00:00:00.000Z,Winter Storm,131,Utility Restoration,125-048D5-00,F,Utilities,Eligible,Obligated,Small,Montgomery County,125,TN,47,783927.42,587945.57,587945.57,2026-06-08T00:00:00.000Z,2026-06-08T00:00:00.000Z,3041,1066034,278007,2026-07-23T18:44:06.680Z,20a5bab376b162e534bac49fffad20f35186c9ca,2026-02-06,2026-06-08,2026-06-08,2026-07-23T18:44:06Z,2026,02,1,2026,2026,122,0,true,Tennessee,4,Region 4 — Atlanta,Atlanta,"AL,FL,GA,KY,MS,NC,SC,TN",47,125,47125,Permanent Work,false,true,false,false,false,false,false,false,true,false,Winter weather,false,false,false,false,false,false,false,true,false,false,false,75.00,0.39,true,false,false,false,true,false,true,100k_to_1m,https://www.fema.gov/api/open/v2/PublicAssistanceFundedProjectsDetails,https://www.fema.gov/openfema-data-page/public-assistance-funded-projects-details-v2,2026-08-17T06:23:38Z
4898,2026-02-06T00:00:00.000Z,Winter Storm,132,Utility Restoration,125-U00B3-00,F,Utilities,Eligible,Obligated,Small,Montgomery County,125,TN,47,208584.11,156438.09,156438.09,2026-07-08T00:00:00.000Z,2026-07-08T00:00:00.000Z,0,1066035,278017,2026-07-23T18:44:06.680Z,4ba06eafaf12bd7971f29395fd78fca8d24a988d,2026-02-06,2026-07-08,2026-07-08,2026-07-23T18:44:06Z,2026,02,1,2026,2026,152,0,true,Tennessee,4,Region 4 — Atlanta,Atlanta,"AL,FL,GA,KY,MS,NC,SC,TN",47,125,47125,Permanent Work,false,true,false,false,false,false,false,false,true,false,Winter weather,false,false,false,false,false,false,false,true,false,false,false,75.00,0.00,false,false,false,false,true,false,true,100k_to_1m,https://www.fema.gov/api/open/v2/PublicAssistanceFundedProjectsDetails,https://www.fema.gov/openfema-data-page/public-assistance-funded-projects-details-v2,2026-08-17T06:23:38Z
4898,2026-02-06T00:00:00.000Z,Winter Storm,133,Utility Restoration,099-U012D-00,F,Utilities,Eligible,Obligated,Small,Lawrence County,099,TN,47,216498.85,162374.14,162374.14,2026-06-12T00:00:00.000Z,2026-06-12T00:00:00.000Z,0,1066036,278059,2026-07-23T18:44:06.680Z,88f47ae317ff7e772610c21d5307091e394d454b,2026-02-06,2026-06-12,2026-06-12,2026-07-23T18:44:06Z,2026,02,1,2026,2026,126,0,true,Tennessee,4,Region 4 — Atlanta,Atlanta,"AL,FL,GA,KY,MS,NC,SC,TN",47,099,47099,Permanent Work,false,true,false,false,false,false,false,false,true,false,Winter weather,false,false,false,false,false,false,false,true,false,false,false,75.00,0.00,false,false,false,false,true,false,true,100k_to_1m,https://www.fema.gov/api/open/v2/PublicAssistanceFundedProjectsDetails,https://www.fema.gov/openfema-data-page/public-assistance-funded-projects-details-v2,2026-08-17T06:23:38Z
4898,2026-02-06T00:00:00.000Z,Winter Storm,135,Utility Restoration,119-UH7NC-00,F,Utilities,Eligible,Obligated,Small,Maury County,119,TN,47,72244.41,54183.31,54183.31,2026-05-11T00:00:00.000Z,2026-05-11T00:00:00.000Z,0,1066038,277999,2026-07-23T18:44:06.680Z,c88ff3e8094cc0429540ca02def46f3306d9be15,2026-02-06,2026-05-11,2026-05-11,2026-07-23T18:44:06Z,2026,02,1,2026,2026,94,0,true,Tennessee,4,Region 4 — Atlanta,Atlanta,"AL,FL,GA,KY,MS,NC,SC,TN",47,119,47119,Permanent Work,false,true,false,false,false,false,false,false,true,false,Winter weather,false,false,false,false,false,false,false,true,false,false,false,75.00,0.00,false,false,false,false,true,false,true,10k_to_100k,https://www.fema.gov/api/open/v2/PublicAssistanceFundedProjectsDetails,https://www.fema.gov/openfema-data-page/public-assistance-funded-projects-details-v2,2026-08-17T06:23:38Z
4898,2026-02-06T00:00:00.000Z,Winter Storm,138,Giles County Debris Removal,055-99055-00,A,Debris Removal,Eligible,Obligated,Small,Giles County,055,TN,47,28317.05,21237.79,21237.79,2026-07-09T00:00:00.000Z,2026-07-09T00:00:00.000Z,0,1066045,278049,2026-07-23T18:44:06.680Z,b2cb3f732ffafbd9ec119c2c325a2a88e20d3f7a,2026-02-06,2026-07-09,2026-07-09,2026-07-23T18:44:06Z,2026,02,1,2026,2026,153,0,true,Tennessee,4,Region 4 — Atlanta,Atlanta,"AL,FL,GA,KY,MS,NC,SC,TN",47,055,47055,Emergency Work,true,false,false,true,false,false,false,false,false,false,Winter weather,false,false,false,false,false,false,false,true,false,false,false,75.00,0.00,false,false,false,false,true,false,true,10k_to_100k,https://www.fema.gov/api/open/v2/PublicAssistanceFundedProjectsDetails,https://www.fema.gov/openfema-data-page/public-assistance-funded-projects-details-v2,2026-08-17T06:23:38Z
4898,2026-02-06T00:00:00.000Z,Winter Storm,141,Paris Board of Utilities,079-U0HWG-00,F,Utilities,Eligible,Obligated,Small,Henry County,079,TN,47,65610.93,49208.2,49208.2,2026-06-02T00:00:00.000Z,2026-06-02T00:00:00.000Z,0,1066051,278143,2026-07-23T18:44:06.680Z,bea201b0a4762fbc5b7a28605dc194fbc555c450,2026-02-06,2026-06-02,2026-06-02,2026-07-23T18:44:06Z,2026,02,1,2026,2026,116,0,true,Tennessee,4,Region 4 — Atlanta,Atlanta,"AL,FL,GA,KY,MS,NC,SC,TN",47,079,47079,Permanent Work,false,true,false,false,false,false,false,false,true,false,Winter weather,false,false,false,false,false,false,false,true,false,false,false,75.00,0.00,false,false,false,false,true,false,true,10k_to_100k,https://www.fema.gov/api/open/v2/PublicAssistanceFundedProjectsDetails,https://www.fema.gov/openfema-data-page/public-assistance-funded-projects-details-v2,2026-08-17T06:23:38Z
4898,2026-02-06T00:00:00.000Z,Winter Storm,142,Town of Ashland City - Debris Removal (Citywide),021-U73WS-00,A,Debris Removal,Eligible,Obligated,Small,Cheatham County,021,TN,47,44073.01,33054.76,33054.76,2026-07-09T00:00:00.000Z,2026-07-09T00:00:00.000Z,0,1066069,278181,2026-07-23T18:44:06.680Z,bf61ddd7ca488b89f11365ddfebefdb0f0df4b48,2026-02-06,2026-07-09,2026-07-09,2026-07-23T18:44:06Z,2026,02,1,2026,2026,153,0,true,Tennessee,4,Region 4 — Atlanta,Atlanta,"AL,FL,GA,KY,MS,NC,SC,TN",47,021,47021,Emergency Work,true,false,false,true,false,false,false,false,false,false,Winter weather,false,false,false,false,false,false,false,true,false,false,false,75.00,0.00,false,false,false,false,true,false,true,10k_to_100k,https://www.fema.gov/api/open/v2/PublicAssistanceFundedProjectsDetails,https://www.fema.gov/openfema-data-page/public-assistance-funded-projects-details-v2,2026-08-17T06:23:38Z
4898,2026-02-06T00:00:00.000Z,Winter Storm,143,Dyersburg EPM,045-22200-00,B,Emergency Protective Measures,Eligible,Obligated,Small,Dyer County,045,TN,47,5743.14,4307.36,4307.36,2026-06-04T00:00:00.000Z,2026-06-04T00:00:00.000Z,0,1066087,278157,2026-07-23T18:44:06.680Z,d6563a3944ca7552055cce7f696461f1e672f1ed,2026-02-06,2026-06-04,2026-06-04,2026-07-23T18:44:06Z,2026,02,1,2026,2026,118,0,true,Tennessee,4,Region 4 — Atlanta,Atlanta,"AL,FL,GA,KY,MS,NC,SC,TN",47,045,47045,Emergency Work,true,false,false,false,true,false,false,false,false,false,Winter weather,false,false,false,false,false,false,false,true,false,false,false,75.00,0.00,false,false,false,false,true,false,true,under_10k,https://www.fema.gov/api/open/v2/PublicAssistanceFundedProjectsDetails,https://www.fema.gov/openfema-data-page/public-assistance-funded-projects-details-v2,2026-08-17T06:23:38Z
4898,2026-02-06T00:00:00.000Z,Winter Storm,144,Emergency Protective Measures,021-071F1-00,B,Emergency Protective Measures,Eligible,Obligated,Small,Cheatham County,021,TN,47,29424.53,22068.4,22068.4,2026-04-15T00:00:00.000Z,2026-04-15T00:00:00.000Z,0,1066089,278057,2026-07-23T18:44:06.680Z,bdad3b50ea60e960ba1dbc668b85b7356b6ec7f4,2026-02-06,2026-04-15,2026-04-15,2026-07-23T18:44:06Z,2026,02,1,2026,2026,68,0,true,Tennessee,4,Region 4 — Atlanta,Atlanta,"AL,FL,GA,KY,MS,NC,SC,TN",47,021,47021,Emergency Work,true,false,false,false,true,false,false,false,false,false,Winter weather,false,false,false,false,false,false,false,true,false,false,false,75.00,0.00,false,false,false,false,true,false,true,10k_to_100k,https://www.fema.gov/api/open/v2/PublicAssistanceFundedProjectsDetails,https://www.fema.gov/openfema-data-page/public-assistance-funded-projects-details-v2,2026-08-17T06:23:38Z
4898,2026-02-06T00:00:00.000Z,Winter Storm,145,Sewer Line Repair,189-50780-00,F,Utilities,Eligible,Obligated,Small,Wilson County,189,TN,47,12259.29,9194.47,9194.47,2026-05-15T00:00:00.000Z,2026-05-15T00:00:00.000Z,0,1066090,278008,2026-07-23T18:44:06.680Z,9fdd1ca92831ac766886842932d4f6624141a407,2026-02-06,2026-05-15,2026-05-15,2026-07-23T18:44:06Z,2026,02,1,2026,2026,98,0,true,Tennessee,4,Region 4 — Atlanta,Atlanta,"AL,FL,GA,KY,MS,NC,SC,TN",47,189,47189,Permanent Work,false,true,false,false,false,false,false,false,true,false,Winter weather,false,false,false,false,false,false,false,true,false,false,false,75.00,0.00,false,false,false,false,true,false,true,under_10k,https://www.fema.gov/api/open/v2/PublicAssistanceFundedProjectsDetails,https://www.fema.gov/openfema-data-page/public-assistance-funded-projects-details-v2,2026-08-17T06:23:38Z
4898,2026-02-06T00:00:00.000Z,Winter Storm,146,Water Main Breaks,021-071F1-00,F,Utilities,Eligible,Obligated,Small,Cheatham County,021,TN,47,8750.54,6562.91,6562.91,2026-05-06T00:00:00.000Z,2026-05-06T00:00:00.000Z,0,1066093,278057,2026-07-23T18:44:06.680Z,4c48a6b9d1b98cd14a678df496589f5bf58654a4,2026-02-06,2026-05-06,2026-05-06,2026-07-23T18:44:06Z,2026,02,1,2026,2026,89,0,true,Tennessee,4,Region 4 — Atlanta,Atlanta,"AL,FL,GA,KY,MS,NC,SC,TN",47,021,47021,Permanent Work,false,true,false,false,false,false,false,false,true,false,Winter weather,false,false,false,false,false,false,false,true,false,false,false,75.00,0.00,false,false,false,false,true,false,true,under_10k,https://www.fema.gov/api/open/v2/PublicAssistanceFundedProjectsDetails,https://www.fema.gov/openfema-data-page/public-assistance-funded-projects-details-v2,2026-08-17T06:23:38Z
4898,2026-02-06T00:00:00.000Z,Winter Storm,147,City of Savannah Utilities,071-66720-00,F,Utilities,Eligible,Obligated,Small,Hardin County,071,TN,47,61232.51,45924.39,45924.39,2026-06-11T00:00:00.000Z,2026-06-11T00:00:00.000Z,0,1066099,277927,2026-07-23T18:44:06.680Z,85feef04c958d64e1310eff9115fa54cd09f3512,2026-02-06,2026-06-11,2026-06-11,2026-07-23T18:44:06Z,2026,02,1,2026,2026,125,0,true,Tennessee,4,Region 4 — Atlanta,Atlanta,"AL,FL,GA,KY,MS,NC,SC,TN",47,071,47071,Permanent Work,false,true,false,false,false,false,false,false,true,false,Winter weather,false,false,false,false,false,false,false,true,false,false,false,75.00,0.00,false,false,false,false,true,false,true,10k_to_100k,https://www.fema.gov/api/open/v2/PublicAssistanceFundedProjectsDetails,https://www.fema.gov/openfema-data-page/public-assistance-funded-projects-details-v2,2026-08-17T06:23:38Z
4898,2026-02-06T00:00:00.000Z,Winter Storm,149,Debris Removal,169-U4E9F-00,A,Debris Removal,Eligible,Obligated,Small,Trousdale County,169,TN,47,298440.95,223830.72,223830.72,2026-06-12T00:00:00.000Z,2026-06-12T00:00:00.000Z,0,1066122,278170,2026-07-23T18:44:06.680Z,6a6c3b5d2e5fa5badee85d54ec347aeb17d6cc60,2026-02-06,2026-06-12,2026-06-12,2026-07-23T18:44:06Z,2026,02,1,2026,2026,126,0,true,Tennessee,4,Region 4 — Atlanta,Atlanta,"AL,FL,GA,KY,MS,NC,SC,TN",47,169,47169,Emergency Work,true,false,false,true,false,false,false,false,false,false,Winter weather,false,false,false,false,false,false,false,true,false,false,false,75.00,0.00,false,false,false,false,true,false,true,100k_to_1m,https://www.fema.gov/api/open/v2/PublicAssistanceFundedProjectsDetails,https://www.fema.gov/openfema-data-page/public-assistance-funded-projects-details-v2,2026-08-17T06:23:38Z
4898,2026-02-06T00:00:00.000Z,Winter Storm,150,Roane County Emergency Protective Measure,145-99145-00,B,Emergency Protective Measures,Eligible,Obligated,Small,Roane County,145,TN,47,31967.33,23975.5,23975.5,2026-05-06T00:00:00.000Z,2026-05-06T00:00:00.000Z,0,1066123,278045,2026-07-23T18:44:06.680Z,b2bf692ba12620def67e6faccbdda6b19cb9b4b3,2026-02-06,2026-05-06,2026-05-06,2026-07-23T18:44:06Z,2026,02,1,2026,2026,89,0,true,Tennessee,4,Region 4 — Atlanta,Atlanta,"AL,FL,GA,KY,MS,NC,SC,TN",47,145,47145,Emergency Work,true,false,false,false,true,false,false,false,false,false,Winter weather,false,false,false,false,false,false,false,true,false,false,false,75.00,0.00,false,false,false,false,true,false,true,10k_to_100k,https://www.fema.gov/api/open/v2/PublicAssistanceFundedProjectsDetails,https://www.fema.gov/openfema-data-page/public-assistance-funded-projects-details-v2,2026-08-17T06:23:38Z
4898,2026-02-06T00:00:00.000Z,Winter Storm,151,City of Harriman Emergency Protective measure,145-32520-00,B,Emergency Protective Measures,Eligible,Obligated,Small,Roane County,145,TN,47,11893.44,8920.08,8920.08,2026-05-06T00:00:00.000Z,2026-05-06T00:00:00.000Z,0,1066124,278080,2026-07-23T18:44:06.680Z,8ae7f6e86edfbd09daf42040efe030cfc1a5936e,2026-02-06,2026-05-06,2026-05-06,2026-07-23T18:44:06Z,2026,02,1,2026,2026,89,0,true,Tennessee,4,Region 4 — Atlanta,Atlanta,"AL,FL,GA,KY,MS,NC,SC,TN",47,145,47145,Emergency Work,true,false,false,false,true,false,false,false,false,false,Winter weather,false,false,false,false,false,false,false,true,false,false,false,75.00,0.00,false,false,false,false,true,false,true,under_10k,https://www.fema.gov/api/open/v2/PublicAssistanceFundedProjectsDetails,https://www.fema.gov/openfema-data-page/public-assistance-funded-projects-details-v2,2026-08-17T06:23:38Z
4898,2026-02-06T00:00:00.000Z,Winter Storm,152,Town of Michie Debris Removal,109-48180-00,A,Debris Removal,Eligible,Obligated,Small,Madison County,113,TN,47,89241.39,66931.05,66931.05,2026-07-09T00:00:00.000Z,2026-07-09T00:00:00.000Z,0,1066125,278019,2026-07-23T18:44:06.680Z,737e5f7a7912959d7489769b24e1a8dcb610e3ee,2026-02-06,2026-07-09,2026-07-09,2026-07-23T18:44:06Z,2026,02,1,2026,2026,153,0,true,Tennessee,4,Region 4 — Atlanta,Atlanta,"AL,FL,GA,KY,MS,NC,SC,TN",47,113,47113,Emergency Work,true,false,false,true,false,false,false,false,false,false,Winter weather,false,false,false,false,false,false,false,true,false,false,false,75.00,0.00,false,false,false,false,true,false,true,10k_to_100k,https://www.fema.gov/api/open/v2/PublicAssistanceFundedProjectsDetails,https://www.fema.gov/openfema-data-page/public-assistance-funded-projects-details-v2,2026-08-17T06:23:38Z
4898,2026-02-06T00:00:00.000Z,Winter Storm,153,City of Clifton-Debris Removal,181-15480-00,A,Debris Removal,Eligible,Obligated,Small,Wayne County,181,TN,47,28962.36,21721.77,21721.77,2026-06-04T00:00:00.000Z,2026-06-04T00:00:00.000Z,0,1066126,278056,2026-07-23T18:44:06.680Z,e8be74eb2623e38886f180a967fac8ae61c1124c,2026-02-06,2026-06-04,2026-06-04,2026-07-23T18:44:06Z,2026,02,1,2026,2026,118,0,true,Tennessee,4,Region 4 — Atlanta,Atlanta,"AL,FL,GA,KY,MS,NC,SC,TN",47,181,47181,Emergency Work,true,false,false,true,false,false,false,false,false,false,Winter weather,false,false,false,false,false,false,false,true,false,false,false,75.00,0.00,false,false,false,false,true,false,true,10k_to_100k,https://www.fema.gov/api/open/v2/PublicAssistanceFundedProjectsDetails,https://www.fema.gov/openfema-data-page/public-assistance-funded-projects-details-v2,2026-08-17T06:23:38Z
4898,2026-02-06T00:00:00.000Z,Winter Storm,155,Town of Michie Emergency Protective Measures,109-48180-00,B,Emergency Protective Measures,Eligible,Obligated,Small,Madison County,113,TN,47,60480.27,45360.21,45360.21,2026-06-04T00:00:00.000Z,2026-06-04T00:00:00.000Z,0,1066129,278019,2026-07-23T18:44:06.680Z,352ddba108164fe85095beaa3cd28cc6549e38f5,2026-02-06,2026-06-04,2026-06-04,2026-07-23T18:44:06Z,2026,02,1,2026,2026,118,0,true,Tennessee,4,Region 4 — Atlanta,Atlanta,"AL,FL,GA,KY,MS,NC,SC,TN",47,113,47113,Emergency Work,true,false,false,false,true,false,false,false,false,false,Winter weather,false,false,false,false,false,false,false,true,false,false,false,75.00,0.00,false,false,false,false,true,false,true,10k_to_100k,https://www.fema.gov/api/open/v2/PublicAssistanceFundedProjectsDetails,https://www.fema.gov/openfema-data-page/public-assistance-funded-projects-details-v2,2026-08-17T06:23:38Z
4898,2026-02-06T00:00:00.000Z,Winter Storm,156,Debris Removal,037-UF6XE-00,A,Debris Removal,Eligible,Obligated,Small,Davidson County,037,TN,47,6800,5100,5100,2026-05-11T00:00:00.000Z,2026-05-11T00:00:00.000Z,0,1066131,278029,2026-07-23T18:44:06.680Z,d3ff01b3c79e9273a9c1e41ea136dc2cd402a382,2026-02-06,2026-05-11,2026-05-11,2026-07-23T18:44:06Z,2026,02,1,2026,2026,94,0,true,Tennessee,4,Region 4 — Atlanta,Atlanta,"AL,FL,GA,KY,MS,NC,SC,TN",47,037,47037,Emergency Work,true,false,false,true,false,false,false,false,false,false,Winter weather,false,false,false,false,false,false,false,true,false,false,false,75.00,0.00,false,false,false,false,true,false,true,under_10k,https://www.fema.gov/api/open/v2/PublicAssistanceFundedProjectsDetails,https://www.fema.gov/openfema-data-page/public-assistance-funded-projects-details-v2,2026-08-17T06:23:38Z
4898,2026-02-06T00:00:00.000Z,Winter Storm,157,EPM - Cut and Toss,169-U4E9F-00,B,Emergency Protective Measures,Eligible,Obligated,Small,Trousdale County,169,TN,47,8269,6201.75,6201.75,2026-06-02T00:00:00.000Z,2026-06-02T00:00:00.000Z,0,1066140,278170,2026-07-23T18:44:06.680Z,87d8a97d1ed3de2c0f0b66999dd5a7c577cf2cf0,2026-02-06,2026-06-02,2026-06-02,2026-07-23T18:44:06Z,2026,02,1,2026,2026,116,0,true,Tennessee,4,Region 4 — Atlanta,Atlanta,"AL,FL,GA,KY,MS,NC,SC,TN",47,169,47169,Emergency Work,true,false,false,false,true,false,false,false,false,false,Winter weather,false,false,false,false,false,false,false,true,false,false,false,75.00,0.00,false,false,false,false,true,false,true,under_10k,https://www.fema.gov/api/open/v2/PublicAssistanceFundedProjectsDetails,https://www.fema.gov/openfema-data-page/public-assistance-funded-projects-details-v2,2026-08-17T06:23:38Z
4898,2026-02-06T00:00:00.000Z,Winter Storm,162,Townwide EPM,133-43140-00,B,Emergency Protective Measures,Eligible,Obligated,Small,Overton County,133,TN,47,13695.11,10271.34,10271.34,2026-08-03T00:00:00.000Z,2026-08-03T00:00:00.000Z,0,1066154,278151,2026-08-04T15:17:13.615Z,78bf8e180fac6b5a066329d4b5cd6c4cadaee9c9,2026-02-06,2026-08-03,2026-08-03,2026-08-04T15:17:13Z,2026,02,1,2026,2026,178,0,true,Tennessee,4,Region 4 — Atlanta,Atlanta,"AL,FL,GA,KY,MS,NC,SC,TN",47,133,47133,Emergency Work,true,false,false,false,true,false,false,false,false,false,Winter weather,false,false,false,false,false,false,false,true,false,false,false,75.00,0.00,false,false,false,false,true,false,true,10k_to_100k,https://www.fema.gov/api/open/v2/PublicAssistanceFundedProjectsDetails,https://www.fema.gov/openfema-data-page/public-assistance-funded-projects-details-v2,2026-08-17T06:23:38Z
4898,2026-02-06T00:00:00.000Z,Winter Storm,164,Town of Scotts Hill Sheds and Equipment,077-66880-00,E,Buildings and Equipment,Eligible,Obligated,Small,Henderson County,077,TN,47,7750,5812.5,5812.5,2026-08-05T00:00:00.000Z,2026-08-05T00:00:00.000Z,6500,1066156,277882,2026-08-06T15:19:50.545Z,fc2ad507b7d58442feb8f8d6a8be8e4931577212,2026-02-06,2026-08-05,2026-08-05,2026-08-06T15:19:50Z,2026,02,1,2026,2026,180,0,true,Tennessee,4,Region 4 — Atlanta,Atlanta,"AL,FL,GA,KY,MS,NC,SC,TN",47,077,47077,Permanent Work,false,true,false,false,false,false,false,true,false,false,Winter weather,false,false,false,false,false,false,false,true,false,false,false,75.00,83.87,true,false,false,false,true,false,true,under_10k,https://www.fema.gov/api/open/v2/PublicAssistanceFundedProjectsDetails,https://www.fema.gov/openfema-data-page/public-assistance-funded-projects-details-v2,2026-08-17T06:23:38Z
4898,2026-02-06T00:00:00.000Z,Winter Storm,165,Debris Removal,081-90584-00,A,Debris Removal,Eligible,Obligated,Small,Hickman County,081,TN,47,82942.97,62207.23,62207.23,2026-08-05T00:00:00.000Z,2026-08-05T00:00:00.000Z,0,1066163,278160,2026-08-06T15:19:50.545Z,e3ed8800c1db8fc2f98ac3c33446793ff1e185e6,2026-02-06,2026-08-05,2026-08-05,2026-08-06T15:19:50Z,2026,02,1,2026,2026,180,0,true,Tennessee,4,Region 4 — Atlanta,Atlanta,"AL,FL,GA,KY,MS,NC,SC,TN",47,081,47081,Emergency Work,true,false,false,true,false,false,false,false,false,false,Winter weather,false,false,false,false,false,false,false,true,false,false,false,75.00,0.00,false,false,false,false,true,false,true,10k_to_100k,https://www.fema.gov/api/open/v2/PublicAssistanceFundedProjectsDetails,https://www.fema.gov/openfema-data-page/public-assistance-funded-projects-details-v2,2026-08-17T06:23:38Z
4898,2026-02-06T00:00:00.000Z,Winter Storm,166,City Wide Emergency Protection Measures,081-90584-00,B,Emergency Protective Measures,Eligible,Obligated,Small,Hickman County,081,TN,47,105632.02,79224.02,79224.02,2026-07-15T00:00:00.000Z,2026-07-15T00:00:00.000Z,0,1066164,278160,2026-07-23T18:44:06.680Z,7c2dcf962863164678d907d4cd9524862e27f74f,2026-02-06,2026-07-15,2026-07-15,2026-07-23T18:44:06Z,2026,02,1,2026,2026,159,0,true,Tennessee,4,Region 4 — Atlanta,Atlanta,"AL,FL,GA,KY,MS,NC,SC,TN",47,081,47081,Emergency Work,true,false,false,false,true,false,false,false,false,false,Winter weather,false,false,false,false,false,false,false,true,false,false,false,75.00,0.00,false,false,false,false,true,false,true,10k_to_100k,https://www.fema.gov/api/open/v2/PublicAssistanceFundedProjectsDetails,https://www.fema.gov/openfema-data-page/public-assistance-funded-projects-details-v2,2026-08-17T06:23:38Z
4898,2026-02-06T00:00:00.000Z,Winter Storm,167,Debris Removal,187-U3B04-00,A,Debris Removal,Eligible,Obligated,Small,Williamson County,187,TN,47,8245,6183.75,6183.75,2026-06-02T00:00:00.000Z,2026-06-02T00:00:00.000Z,0,1066165,278035,2026-07-23T18:44:06.680Z,a9c111ef2a07ed5f671f265379294cec1f7a25b7,2026-02-06,2026-06-02,2026-06-02,2026-07-23T18:44:06Z,2026,02,1,2026,2026,116,0,true,Tennessee,4,Region 4 — Atlanta,Atlanta,"AL,FL,GA,KY,MS,NC,SC,TN",47,187,47187,Emergency Work,true,false,false,true,false,false,false,false,false,false,Winter weather,false,false,false,false,false,false,false,true,false,false,false,75.00,0.00,false,false,false,false,true,false,true,under_10k,https://www.fema.gov/api/open/v2/PublicAssistanceFundedProjectsDetails,https://www.fema.gov/openfema-data-page/public-assistance-funded-projects-details-v2,2026-08-17T06:23:38Z
4898,2026-02-06T00:00:00.000Z,Winter Storm,169,Church Emergency Protection Measures,037-UK916-00,B,Emergency Protective Measures,Eligible,Obligated,Small,Davidson County,037,TN,47,6594.45,4945.84,4945.84,2026-05-19T00:00:00.000Z,2026-05-19T00:00:00.000Z,0,1066168,277929,2026-07-23T18:44:06.680Z,5916b5b6c2a8ee38f9aaa5adc1f20282b07fb348,2026-02-06,2026-05-19,2026-05-19,2026-07-23T18:44:06Z,2026,02,1,2026,2026,102,0,true,Tennessee,4,Region 4 — Atlanta,Atlanta,"AL,FL,GA,KY,MS,NC,SC,TN",47,037,47037,Emergency Work,true,false,false,false,true,false,false,false,false,false,Winter weather,false,false,false,false,false,false,false,true,false,false,false,75.00,0.00,false,false,false,false,true,false,true,under_10k,https://www.fema.gov/api/open/v2/PublicAssistanceFundedProjectsDetails,https://www.fema.gov/openfema-data-page/public-assistance-funded-projects-details-v2,2026-08-17T06:23:38Z
4898,2026-02-06T00:00:00.000Z,Winter Storm,170,Town of Ashland City - Emergency Protective Measures,021-U73WS-00,B,Emergency Protective Measures,Eligible,Obligated,Small,Cheatham County,021,TN,47,4149.93,3112.45,3112.45,2026-06-18T00:00:00.000Z,2026-06-18T00:00:00.000Z,0,1066170,278181,2026-07-23T18:44:06.680Z,02b6f9fd14e30807f0ead79d59c6cebc69fca61a,2026-02-06,2026-06-18,2026-06-18,2026-07-23T18:44:06Z,2026,02,1,2026,2026,132,0,true,Tennessee,4,Region 4 — Atlanta,Atlanta,"AL,FL,GA,KY,MS,NC,SC,TN",47,021,47021,Emergency Work,true,false,false,false,true,false,false,false,false,false,Winter weather,false,false,false,false,false,false,false,true,false,false,false,75.00,0.00,false,false,false,false,true,false,true,under_10k,https://www.fema.gov/api/open/v2/PublicAssistanceFundedProjectsDetails,https://www.fema.gov/openfema-data-page/public-assistance-funded-projects-details-v2,2026-08-17T06:23:38Z
4898,2026-02-06T00:00:00.000Z,Winter Storm,171,"Pegram, Town of - Debris Removal (Townwide)",021-57480-00,A,Debris Removal,Eligible,Pending Closeout Completion,Small,Cheatham County,021,TN,47,27171.12,20378.34,20378.34,2026-05-14T00:00:00.000Z,2026-05-14T00:00:00.000Z,0,1066171,278187,2026-07-23T18:44:06.680Z,06e0b4f9443e741fd1bd6f02c6a2baa0b6637f50,2026-02-06,2026-05-14,2026-05-14,2026-07-23T18:44:06Z,2026,02,1,2026,2026,97,0,true,Tennessee,4,Region 4 — Atlanta,Atlanta,"AL,FL,GA,KY,MS,NC,SC,TN",47,021,47021,Emergency Work,true,false,false,true,false,false,false,false,false,false,Winter weather,false,false,false,false,false,false,false,true,false,false,false,75.00,0.00,false,false,false,false,true,false,true,10k_to_100k,https://www.fema.gov/api/open/v2/PublicAssistanceFundedProjectsDetails,https://www.fema.gov/openfema-data-page/public-assistance-funded-projects-details-v2,2026-08-17T06:23:38Z
4898,2026-02-06T00:00:00.000Z,Winter Storm,172,Church Building,037-UK916-00,E,Buildings and Equipment,Eligible,Obligated,Small,Davidson County,037,TN,47,48064.15,36048.12,36048.12,2026-05-19T00:00:00.000Z,2026-05-19T00:00:00.000Z,9852.15,1066176,277929,2026-07-23T18:44:06.680Z,caf348e92aa76ea33e016f16f87a083b1c647e81,2026-02-06,2026-05-19,2026-05-19,2026-07-23T18:44:06Z,2026,02,1,2026,2026,102,0,true,Tennessee,4,Region 4 — Atlanta,Atlanta,"AL,FL,GA,KY,MS,NC,SC,TN",47,037,47037,Permanent Work,false,true,false,false,false,false,false,true,false,false,Winter weather,false,false,false,false,false,false,false,true,false,false,false,75.00,20.50,true,false,false,false,true,false,true,10k_to_100k,https://www.fema.gov/api/open/v2/PublicAssistanceFundedProjectsDetails,https://www.fema.gov/openfema-data-page/public-assistance-funded-projects-details-v2,2026-08-17T06:23:38Z
4898,2026-02-06T00:00:00.000Z,Winter Storm,173,Clinton Utilities Board - Morgan and Union County Damaged Electrical,000-U0159-00,F,Utilities,Eligible,Obligated,Small,Anderson County,001,TN,47,16750.73,12563.05,12563.05,2026-05-15T00:00:00.000Z,2026-05-15T00:00:00.000Z,0,1066195,278201,2026-07-23T18:44:06.680Z,3949aa2fde4d8961d7d65bae4060305c123051a1,2026-02-06,2026-05-15,2026-05-15,2026-07-23T18:44:06Z,2026,02,1,2026,2026,98,0,true,Tennessee,4,Region 4 — Atlanta,Atlanta,"AL,FL,GA,KY,MS,NC,SC,TN",47,001,47001,Permanent Work,false,true,false,false,false,false,false,false,true,false,Winter weather,false,false,false,false,false,false,false,true,false,false,false,75.00,0.00,false,false,false,false,true,false,true,10k_to_100k,https://www.fema.gov/api/open/v2/PublicAssistanceFundedProjectsDetails,https://www.fema.gov/openfema-data-page/public-assistance-funded-projects-details-v2,2026-08-17T06:23:38Z
4898,2026-02-06T00:00:00.000Z,Winter Storm,176,Emergency Protective Measures,000-U00A9-00,B,Emergency Protective Measures,Eligible,Obligated,Small,Bedford County,003,TN,47,342888.86,257166.65,257166.65,2026-06-08T00:00:00.000Z,2026-06-08T00:00:00.000Z,0,1066200,278051,2026-07-23T18:44:06.680Z,597ddc263574a83e59dedc8de5363c703e66326c,2026-02-06,2026-06-08,2026-06-08,2026-07-23T18:44:06Z,2026,02,1,2026,2026,122,0,true,Tennessee,4,Region 4 — Atlanta,Atlanta,"AL,FL,GA,KY,MS,NC,SC,TN",47,003,47003,Emergency Work,true,false,false,false,true,false,false,false,false,false,Winter weather,false,false,false,false,false,false,false,true,false,false,false,75.00,0.00,false,false,false,false,true,false,true,100k_to_1m,https://www.fema.gov/api/open/v2/PublicAssistanceFundedProjectsDetails,https://www.fema.gov/openfema-data-page/public-assistance-funded-projects-details-v2,2026-08-17T06:23:38Z
4898,2026-02-06T00:00:00.000Z,Winter Storm,178,BHBC- EPM,037-USO57-00,B,Emergency Protective Measures,Eligible,Obligated,Small,Davidson County,037,TN,47,4750,3562.5,3562.5,2026-05-11T00:00:00.000Z,2026-05-11T00:00:00.000Z,0,1066205,278185,2026-07-23T18:44:06.680Z,217e50717240a0f6a467c81e91bf5f42f7b497de,2026-02-06,2026-05-11,2026-05-11,2026-07-23T18:44:06Z,2026,02,1,2026,2026,94,0,true,Tennessee,4,Region 4 — Atlanta,Atlanta,"AL,FL,GA,KY,MS,NC,SC,TN",47,037,47037,Emergency Work,true,false,false,false,true,false,false,false,false,false,Winter weather,false,false,false,false,false,false,false,true,false,false,false,75.00,0.00,false,false,false,false,true,false,true,under_10k,https://www.fema.gov/api/open/v2/PublicAssistanceFundedProjectsDetails,https://www.fema.gov/openfema-data-page/public-assistance-funded-projects-details-v2,2026-08-17T06:23:38Z
4898,2026-02-06T00:00:00.000Z,Winter Storm,180,Vegetative Park Debris,000-U009C-00,A,Debris Removal,Eligible,Obligated,Large,Statewide,037,TN,47,1368750,1026562.5,1026562.5,2026-06-08T00:00:00.000Z,2026-06-08T00:00:00.000Z,0,1066210,277755,2026-07-23T18:44:06.680Z,b249bbb9c02327508123ef2e7593f321e83aa25e,2026-02-06,2026-06-08,2026-06-08,2026-07-23T18:44:06Z,2026,02,1,2026,2026,122,0,true,Tennessee,4,Region 4 — Atlanta,Atlanta,"AL,FL,GA,KY,MS,NC,SC,TN",47,037,47037,Emergency Work,true,false,false,true,false,false,false,false,false,false,Winter weather,false,false,false,false,false,false,false,true,false,false,false,75.00,0.00,false,false,false,true,false,false,true,1m_to_10m,https://www.fema.gov/api/open/v2/PublicAssistanceFundedProjectsDetails,https://www.fema.gov/openfema-data-page/public-assistance-funded-projects-details-v2,2026-08-17T06:23:38Z
4898,2026-02-06T00:00:00.000Z,Winter Storm,182,Debris Removal,039-57080-00,A,Debris Removal,Eligible,Obligated,Small,Decatur County,039,TN,47,42071.14,31553.36,31553.36,2026-05-28T00:00:00.000Z,2026-05-28T00:00:00.000Z,0,1066214,278054,2026-07-23T18:44:06.680Z,623759326764d21c587439e8b00898a6cdaebdc8,2026-02-06,2026-05-28,2026-05-28,2026-07-23T18:44:06Z,2026,02,1,2026,2026,111,0,true,Tennessee,4,Region 4 — Atlanta,Atlanta,"AL,FL,GA,KY,MS,NC,SC,TN",47,039,47039,Emergency Work,true,false,false,true,false,false,false,false,false,false,Winter weather,false,false,false,false,false,false,false,true,false,false,false,75.00,0.00,false,false,false,false,true,false,true,10k_to_100k,https://www.fema.gov/api/open/v2/PublicAssistanceFundedProjectsDetails,https://www.fema.gov/openfema-data-page/public-assistance-funded-projects-details-v2,2026-08-17T06:23:38Z
4898,2026-02-06T00:00:00.000Z,Winter Storm,183,Utility Restoration,000-U00A9-00,F,Utilities,Eligible,Obligated,Large,Bedford County,003,TN,47,2097765.18,1573323.89,1573323.89,2026-07-08T00:00:00.000Z,2026-07-08T00:00:00.000Z,0,1066215,278051,2026-07-23T18:44:06.680Z,756c1bf96e55ae52b66a9969d51126767f574333,2026-02-06,2026-07-08,2026-07-08,2026-07-23T18:44:06Z,2026,02,1,2026,2026,152,0,true,Tennessee,4,Region 4 — Atlanta,Atlanta,"AL,FL,GA,KY,MS,NC,SC,TN",47,003,47003,Permanent Work,false,true,false,false,false,false,false,false,true,false,Winter weather,false,false,false,false,false,false,false,true,false,false,false,75.00,0.00,false,false,false,true,false,false,true,1m_to_10m,https://www.fema.gov/api/open/v2/PublicAssistanceFundedProjectsDetails,https://www.fema.gov/openfema-data-page/public-assistance-funded-projects-details-v2,2026-08-17T06:23:38Z
4898,2026-02-06T00:00:00.000Z,Winter Storm,184,EPM,187-08280-00,B,Emergency Protective Measures,Eligible,Obligated,Small,Williamson County,187,TN,47,200536.54,150402.41,150402.41,2026-07-08T00:00:00.000Z,2026-07-08T00:00:00.000Z,0,1066220,277859,2026-07-23T18:44:06.680Z,352d09e8a643b4bf808470166870cb15ffd5721d,2026-02-06,2026-07-08,2026-07-08,2026-07-23T18:44:06Z,2026,02,1,2026,2026,152,0,true,Tennessee,4,Region 4 — Atlanta,Atlanta,"AL,FL,GA,KY,MS,NC,SC,TN",47,187,47187,Emergency Work,true,false,false,false,true,false,false,false,false,false,Winter weather,false,false,false,false,false,false,false,true,false,false,false,75.00,0.00,false,false,false,false,true,false,true,100k_to_1m,https://www.fema.gov/api/open/v2/PublicAssistanceFundedProjectsDetails,https://www.fema.gov/openfema-data-page/public-assistance-funded-projects-details-v2,2026-08-17T06:23:38Z
4898,2026-02-06T00:00:00.000Z,Winter Storm,185,City Of Parsons - EPM,039-57080-00,B,Emergency Protective Measures,Eligible,Obligated,Small,Decatur County,039,TN,47,24179.6,18134.7,18134.7,2026-06-02T00:00:00.000Z,2026-06-02T00:00:00.000Z,0,1066224,278054,2026-07-23T18:44:06.680Z,7d4469b1e6c862c7f014487391ac586865edc013,2026-02-06,2026-06-02,2026-06-02,2026-07-23T18:44:06Z,2026,02,1,2026,2026,116,0,true,Tennessee,4,Region 4 — Atlanta,Atlanta,"AL,FL,GA,KY,MS,NC,SC,TN",47,039,47039,Emergency Work,true,false,false,false,true,false,false,false,false,false,Winter weather,false,false,false,false,false,false,false,true,false,false,false,75.00,0.00,false,false,false,false,true,false,true,10k_to_100k,https://www.fema.gov/api/open/v2/PublicAssistanceFundedProjectsDetails,https://www.fema.gov/openfema-data-page/public-assistance-funded-projects-details-v2,2026-08-17T06:23:38Z
4898,2026-02-06T00:00:00.000Z,Winter Storm,186,Water line repairs,039-57080-00,F,Utilities,Eligible,Obligated,Small,Decatur County,039,TN,47,11018.9,8264.18,8264.18,2026-06-09T00:00:00.000Z,2026-06-09T00:00:00.000Z,0,1066248,278054,2026-07-23T18:44:06.680Z,b42cb98ff0aab6c57568e27c0bd7e29c5b4e912a,2026-02-06,2026-06-09,2026-06-09,2026-07-23T18:44:06Z,2026,02,1,2026,2026,123,0,true,Tennessee,4,Region 4 — Atlanta,Atlanta,"AL,FL,GA,KY,MS,NC,SC,TN",47,039,47039,Permanent Work,false,true,false,false,false,false,false,false,true,false,Winter weather,false,false,false,false,false,false,false,true,false,false,false,75.00,0.00,false,false,false,false,true,false,true,under_10k,https://www.fema.gov/api/open/v2/PublicAssistanceFundedProjectsDetails,https://www.fema.gov/openfema-data-page/public-assistance-funded-projects-details-v2,2026-08-17T06:23:38Z
4898,2026-02-06T00:00:00.000Z,Winter Storm,189,Overton County - Debris Removal (Countywide),133-99133-00,A,Debris Removal,Eligible,Obligated,Small,Overton County,133,TN,47,54827.88,41120.91,41120.91,2026-05-28T00:00:00.000Z,2026-05-28T00:00:00.000Z,0,1066257,278138,2026-07-23T18:44:06.680Z,ace1eb435381158135eb9552336bdd3be24f2a03,2026-02-06,2026-05-28,2026-05-28,2026-07-23T18:44:06Z,2026,02,1,2026,2026,111,0,true,Tennessee,4,Region 4 — Atlanta,Atlanta,"AL,FL,GA,KY,MS,NC,SC,TN",47,133,47133,Emergency Work,true,false,false,true,false,false,false,false,false,false,Winter weather,false,false,false,false,false,false,false,true,false,false,false,75.00,0.00,false,false,false,false,true,false,true,10k_to_100k,https://www.fema.gov/api/open/v2/PublicAssistanceFundedProjectsDetails,https://www.fema.gov/openfema-data-page/public-assistance-funded-projects-details-v2,2026-08-17T06:23:38Z
4898,2026-02-06T00:00:00.000Z,Winter Storm,190,Overton County- Emergency Protective Measures,133-99133-00,B,Emergency Protective Measures,Eligible,Obligated,Small,Overton County,133,TN,47,15742.76,11807.07,11807.07,2026-06-05T00:00:00.000Z,2026-06-05T00:00:00.000Z,0,1066258,278138,2026-07-23T18:44:06.680Z,2397e4b6cfa1894e0e58886725ed7439d3f13dee,2026-02-06,2026-06-05,2026-06-05,2026-07-23T18:44:06Z,2026,02,1,2026,2026,119,0,true,Tennessee,4,Region 4 — Atlanta,Atlanta,"AL,FL,GA,KY,MS,NC,SC,TN",47,133,47133,Emergency Work,true,false,false,false,true,false,false,false,false,false,Winter weather,false,false,false,false,false,false,false,true,false,false,false,75.00,0.00,false,false,false,false,true,false,true,10k_to_100k,https://www.fema.gov/api/open/v2/PublicAssistanceFundedProjectsDetails,https://www.fema.gov/openfema-data-page/public-assistance-funded-projects-details-v2,2026-08-17T06:23:38Z
4898,2026-02-06T00:00:00.000Z,Winter Storm,191,"Pegram, Town of - Emergency Protective Measure",021-57480-00,B,Emergency Protective Measures,Eligible,Pending Closeout Completion,Small,Cheatham County,021,TN,47,4664.66,3498.5,3498.5,2026-05-15T00:00:00.000Z,2026-05-15T00:00:00.000Z,0,1066259,278187,2026-07-23T18:44:06.680Z,757e360208ee09667b6f784465fb902fb9ca6b89,2026-02-06,2026-05-15,2026-05-15,2026-07-23T18:44:06Z,2026,02,1,2026,2026,98,0,true,Tennessee,4,Region 4 — Atlanta,Atlanta,"AL,FL,GA,KY,MS,NC,SC,TN",47,021,47021,Emergency Work,true,false,false,false,true,false,false,false,false,false,Winter weather,false,false,false,false,false,false,false,true,false,false,false,75.00,0.00,false,false,false,false,true,false,true,under_10k,https://www.fema.gov/api/open/v2/PublicAssistanceFundedProjectsDetails,https://www.fema.gov/openfema-data-page/public-assistance-funded-projects-details-v2,2026-08-17T06:23:38Z
4898,2026-02-06T00:00:00.000Z,Winter Storm,192,Humphreys County Debris Removal,085-99085-00,A,Debris Removal,Eligible,Obligated,Small,Humphreys County,085,TN,47,10032.85,7524.64,7524.64,2026-06-02T00:00:00.000Z,2026-06-02T00:00:00.000Z,0,1066264,278144,2026-07-23T18:44:06.680Z,efec28c273ae12e2f959a6c4862f1e1b2f9d722a,2026-02-06,2026-06-02,2026-06-02,2026-07-23T18:44:06Z,2026,02,1,2026,2026,116,0,true,Tennessee,4,Region 4 — Atlanta,Atlanta,"AL,FL,GA,KY,MS,NC,SC,TN",47,085,47085,Emergency Work,true,false,false,true,false,false,false,false,false,false,Winter weather,false,false,false,false,false,false,false,true,false,false,false,75.00,0.00,false,false,false,false,true,false,true,under_10k,https://www.fema.gov/api/open/v2/PublicAssistanceFundedProjectsDetails,https://www.fema.gov/openfema-data-page/public-assistance-funded-projects-details-v2,2026-08-17T06:23:38Z
4898,2026-02-06T00:00:00.000Z,Winter Storm,193,City of Clifton-EPM,181-15480-00,B,Emergency Protective Measures,Eligible,Obligated,Small,Wayne County,181,TN,47,20534.17,15400.63,15400.63,2026-05-21T00:00:00.000Z,2026-05-21T00:00:00.000Z,0,1066265,278056,2026-07-23T18:44:06.680Z,f8312e83dd2d3eff06b9f1eafab0f7e79603d0f8,2026-02-06,2026-05-21,2026-05-21,2026-07-23T18:44:06Z,2026,02,1,2026,2026,104,0,true,Tennessee,4,Region 4 — Atlanta,Atlanta,"AL,FL,GA,KY,MS,NC,SC,TN",47,181,47181,Emergency Work,true,false,false,false,true,false,false,false,false,false,Winter weather,false,false,false,false,false,false,false,true,false,false,false,75.00,0.00,false,false,false,false,true,false,true,10k_to_100k,https://www.fema.gov/api/open/v2/PublicAssistanceFundedProjectsDetails,https://www.fema.gov/openfema-data-page/public-assistance-funded-projects-details-v2,2026-08-17T06:23:38Z
4898,2026-02-06T00:00:00.000Z,Winter Storm,194,Hickman County -Emergency Protective Measures (EMS Dept),081-99081-00,B,Emergency Protective Measures,Eligible,Obligated,Small,Hickman County,081,TN,47,23095.44,17321.58,17321.58,2026-05-26T00:00:00.000Z,2026-05-26T00:00:00.000Z,0,1066275,278159,2026-07-23T18:44:06.680Z,f57d7397c7678e492e0f1ced32878da63231bbc0,2026-02-06,2026-05-26,2026-05-26,2026-07-23T18:44:06Z,2026,02,1,2026,2026,109,0,true,Tennessee,4,Region 4 — Atlanta,Atlanta,"AL,FL,GA,KY,MS,NC,SC,TN",47,081,47081,Emergency Work,true,false,false,false,true,false,false,false,false,false,Winter weather,false,false,false,false,false,false,false,true,false,false,false,75.00,0.00,false,false,false,false,true,false,true,10k_to_100k,https://www.fema.gov/api/open/v2/PublicAssistanceFundedProjectsDetails,https://www.fema.gov/openfema-data-page/public-assistance-funded-projects-details-v2,2026-08-17T06:23:38Z
4898,2026-02-06T00:00:00.000Z,Winter Storm,195,Emergency Protective Measures,000-U0146-00,B,Emergency Protective Measures,Eligible,Pending Closeout Completion,Small,Statewide,159,TN,47,60794.55,45595.92,45595.92,2026-04-21T00:00:00.000Z,2026-04-21T00:00:00.000Z,0,1066286,278048,2026-07-23T18:44:06.680Z,ea6ac01be9807fa1d0aafbcbc8a73938092d2543,2026-02-06,2026-04-21,2026-04-21,2026-07-23T18:44:06Z,2026,02,1,2026,2026,74,0,true,Tennessee,4,Region 4 — Atlanta,Atlanta,"AL,FL,GA,KY,MS,NC,SC,TN",47,159,47159,Emergency Work,true,false,false,false,true,false,false,false,false,false,Winter weather,false,false,false,false,false,false,false,true,false,false,false,75.00,0.00,false,false,false,false,true,false,true,10k_to_100k,https://www.fema.gov/api/open/v2/PublicAssistanceFundedProjectsDetails,https://www.fema.gov/openfema-data-page/public-assistance-funded-projects-details-v2,2026-08-17T06:23:38Z
4898,2026-02-06T00:00:00.000Z,Winter Storm,197,Stump Removal,165-33280-00,A,Debris Removal,Eligible,Obligated,Small,Sumner County,165,TN,47,104844,78633,78633,2026-04-29T00:00:00.000Z,2026-04-29T00:00:00.000Z,0,1066292,277735,2026-07-23T18:44:06.680Z,fdae75b525ca0d74e927608781dd2d3f0ae6b708,2026-02-06,2026-04-29,2026-04-29,2026-07-23T18:44:06Z,2026,02,1,2026,2026,82,0,true,Tennessee,4,Region 4 — Atlanta,Atlanta,"AL,FL,GA,KY,MS,NC,SC,TN",47,165,47165,Emergency Work,true,false,false,true,false,false,false,false,false,false,Winter weather,false,false,false,false,false,false,false,true,false,false,false,75.00,0.00,false,false,false,false,true,false,true,10k_to_100k,https://www.fema.gov/api/open/v2/PublicAssistanceFundedProjectsDetails,https://www.fema.gov/openfema-data-page/public-assistance-funded-projects-details-v2,2026-08-17T06:23:38Z
4898,2026-02-06T00:00:00.000Z,Winter Storm,198,Utility Restoration,000-U0146-00,F,Utilities,Eligible,Pending Closeout Completion,Small,Statewide,159,TN,47,278251.57,208688.68,208688.68,2026-06-08T00:00:00.000Z,2026-06-08T00:00:00.000Z,427.8,1066295,278048,2026-07-23T18:44:06.680Z,ab6814863d3faa71b4f9041ed3864361b3d34840,2026-02-06,2026-06-08,2026-06-08,2026-07-23T18:44:06Z,2026,02,1,2026,2026,122,0,true,Tennessee,4,Region 4 — Atlanta,Atlanta,"AL,FL,GA,KY,MS,NC,SC,TN",47,159,47159,Permanent Work,false,true,false,false,false,false,false,false,true,false,Winter weather,false,false,false,false,false,false,false,true,false,false,false,75.00,0.15,true,false,false,false,true,false,true,100k_to_1m,https://www.fema.gov/api/open/v2/PublicAssistanceFundedProjectsDetails,https://www.fema.gov/openfema-data-page/public-assistance-funded-projects-details-v2,2026-08-17T06:23:38Z
4898,2026-02-06T00:00:00.000Z,Winter Storm,199,"Smith, County of - Debris Removal (Countywide)",159-99159-00,A,Debris Removal,Eligible,Pending Closeout Completion,Small,Smith County,159,TN,47,21327.76,15995.82,15995.82,2026-05-14T00:00:00.000Z,2026-05-14T00:00:00.000Z,0,1066296,278199,2026-07-23T18:44:06.680Z,a740b0a7f78a7dc1aae4e75ce155ed33b9117c92,2026-02-06,2026-05-14,2026-05-14,2026-07-23T18:44:06Z,2026,02,1,2026,2026,97,0,true,Tennessee,4,Region 4 — Atlanta,Atlanta,"AL,FL,GA,KY,MS,NC,SC,TN",47,159,47159,Emergency Work,true,false,false,true,false,false,false,false,false,false,Winter weather,false,false,false,false,false,false,false,true,false,false,false,75.00,0.00,false,false,false,false,true,false,true,10k_to_100k,https://www.fema.gov/api/open/v2/PublicAssistanceFundedProjectsDetails,https://www.fema.gov/openfema-data-page/public-assistance-funded-projects-details-v2,2026-08-17T06:23:38Z
4898,2026-02-06T00:00:00.000Z,Winter Storm,201,Highway Debris Removal,101-U2IYH-00,A,Debris Removal,Eligible,Obligated,Small,Lewis County,101,TN,47,475001.23,356250.93,356250.93,2026-06-08T00:00:00.000Z,2026-06-08T00:00:00.000Z,0,1066317,278167,2026-07-23T18:44:06.680Z,e65fc9ccfad4448858087020fb89b9b9f4241b61,2026-02-06,2026-06-08,2026-06-08,2026-07-23T18:44:06Z,2026,02,1,2026,2026,122,0,true,Tennessee,4,Region 4 — Atlanta,Atlanta,"AL,FL,GA,KY,MS,NC,SC,TN",47,101,47101,Emergency Work,true,false,false,true,false,false,false,false,false,false,Winter weather,false,false,false,false,false,false,false,true,false,false,false,75.00,0.00,false,false,false,false,true,false,true,100k_to_1m,https://www.fema.gov/api/open/v2/PublicAssistanceFundedProjectsDetails,https://www.fema.gov/openfema-data-page/public-assistance-funded-projects-details-v2,2026-08-17T06:23:38Z
4898,2026-02-06T00:00:00.000Z,Winter Storm,203,Jackson Energy Authority -CAT B - EPM,113-07C7F-00,B,Emergency Protective Measures,Eligible,Obligated,Small,Madison County,113,TN,47,28065.85,21049.39,21049.39,2026-05-21T00:00:00.000Z,2026-05-21T00:00:00.000Z,0,1066333,278052,2026-07-23T18:44:06.680Z,a1aa5d53a0fb4334ebe17966d27ca822a4d57607,2026-02-06,2026-05-21,2026-05-21,2026-07-23T18:44:06Z,2026,02,1,2026,2026,104,0,true,Tennessee,4,Region 4 — Atlanta,Atlanta,"AL,FL,GA,KY,MS,NC,SC,TN",47,113,47113,Emergency Work,true,false,false,false,true,false,false,false,false,false,Winter weather,false,false,false,false,false,false,false,true,false,false,false,75.00,0.00,false,false,false,false,true,false,true,10k_to_100k,https://www.fema.gov/api/open/v2/PublicAssistanceFundedProjectsDetails,https://www.fema.gov/openfema-data-page/public-assistance-funded-projects-details-v2,2026-08-17T06:23:38Z
4898,2026-02-06T00:00:00.000Z,Winter Storm,206,Selmer EPM,109-66940-00,B,Emergency Protective Measures,Eligible,Obligated,Small,McNairy County,109,TN,47,29918.41,22438.81,22438.81,2026-07-23T00:00:00.000Z,2026-07-23T00:00:00.000Z,0,1066341,278055,2026-07-24T15:07:02.020Z,aaba035d042da4734db9b71d77e1f765f303e14b,2026-02-06,2026-07-23,2026-07-23,2026-07-24T15:07:02Z,2026,02,1,2026,2026,167,0,true,Tennessee,4,Region 4 — Atlanta,Atlanta,"AL,FL,GA,KY,MS,NC,SC,TN",47,109,47109,Emergency Work,true,false,false,false,true,false,false,false,false,false,Winter weather,false,false,false,false,false,false,false,true,false,false,false,75.00,0.00,false,false,false,false,true,false,true,10k_to_100k,https://www.fema.gov/api/open/v2/PublicAssistanceFundedProjectsDetails,https://www.fema.gov/openfema-data-page/public-assistance-funded-projects-details-v2,2026-08-17T06:23:38Z
4898,2026-02-06T00:00:00.000Z,Winter Storm,207,Harriman Utility Board - County-wide Damaged Electrical,145-00E44-00,F,Utilities,Eligible,Obligated,Small,Roane County,145,TN,47,937873,703404.75,703404.75,2026-07-08T00:00:00.000Z,2026-07-08T00:00:00.000Z,0,1066343,278077,2026-07-23T18:44:06.680Z,fe301352bb45b4e74763a1190683d3e1014bed6f,2026-02-06,2026-07-08,2026-07-08,2026-07-23T18:44:06Z,2026,02,1,2026,2026,152,0,true,Tennessee,4,Region 4 — Atlanta,Atlanta,"AL,FL,GA,KY,MS,NC,SC,TN",47,145,47145,Permanent Work,false,true,false,false,false,false,false,false,true,false,Winter weather,false,false,false,false,false,false,false,true,false,false,false,75.00,0.00,false,false,false,false,true,false,true,100k_to_1m,https://www.fema.gov/api/open/v2/PublicAssistanceFundedProjectsDetails,https://www.fema.gov/openfema-data-page/public-assistance-funded-projects-details-v2,2026-08-17T06:23:38Z
4898,2026-02-06T00:00:00.000Z,Winter Storm,210,City of Goodlettsville_Cat B - Emergency Protective Measures,037-29920-00,B,Emergency Protective Measures,Eligible,Obligated,Small,Davidson County,037,TN,47,62129.88,46597.41,46597.41,2026-06-25T00:00:00.000Z,2026-06-25T00:00:00.000Z,0,1066349,278058,2026-07-23T18:44:06.680Z,cd914c27958da99f46192e51b10ea6badb4ecbb9,2026-02-06,2026-06-25,2026-06-25,2026-07-23T18:44:06Z,2026,02,1,2026,2026,139,0,true,Tennessee,4,Region 4 — Atlanta,Atlanta,"AL,FL,GA,KY,MS,NC,SC,TN",47,037,47037,Emergency Work,true,false,false,false,true,false,false,false,false,false,Winter weather,false,false,false,false,false,false,false,true,false,false,false,75.00,0.00,false,false,false,false,true,false,true,10k_to_100k,https://www.fema.gov/api/open/v2/PublicAssistanceFundedProjectsDetails,https://www.fema.gov/openfema-data-page/public-assistance-funded-projects-details-v2,2026-08-17T06:23:38Z
4898,2026-02-06T00:00:00.000Z,Winter Storm,211,Town of Smyrna_Cat B - Emergency Protective Measures,149-69420-00,B,Emergency Protective Measures,Eligible,Obligated,Small,Rutherford County,149,TN,47,69901.39,52426.05,52426.05,2026-05-26T00:00:00.000Z,2026-05-26T00:00:00.000Z,0,1066351,278031,2026-07-23T18:44:06.680Z,6c08d1b56e485449b4de60fae915584e3c12468c,2026-02-06,2026-05-26,2026-05-26,2026-07-23T18:44:06Z,2026,02,1,2026,2026,109,0,true,Tennessee,4,Region 4 — Atlanta,Atlanta,"AL,FL,GA,KY,MS,NC,SC,TN",47,149,47149,Emergency Work,true,false,false,false,true,false,false,false,false,false,Winter weather,false,false,false,false,false,false,false,true,false,false,false,75.00,0.00,false,false,false,false,true,false,true,10k_to_100k,https://www.fema.gov/api/open/v2/PublicAssistanceFundedProjectsDetails,https://www.fema.gov/openfema-data-page/public-assistance-funded-projects-details-v2,2026-08-17T06:23:38Z
4898,2026-02-06T00:00:00.000Z,Winter Storm,212,DR4898 - TN Town of Ashland City - Watermain Repair,021-U73WS-00,F,Utilities,Eligible,Obligated,Small,Cheatham County,021,TN,47,15537.51,11653.14,11653.14,2026-06-05T00:00:00.000Z,2026-06-05T00:00:00.000Z,0,1066353,278181,2026-07-23T18:44:06.680Z,b024fd44ba7c6e0da11e1cc37b7edf1e84e0b7c6,2026-02-06,2026-06-05,2026-06-05,2026-07-23T18:44:06Z,2026,02,1,2026,2026,119,0,true,Tennessee,4,Region 4 — Atlanta,Atlanta,"AL,FL,GA,KY,MS,NC,SC,TN",47,021,47021,Permanent Work,false,true,false,false,false,false,false,false,true,false,Winter weather,false,false,false,false,false,false,false,true,false,false,false,75.00,0.00,false,false,false,false,true,false,true,10k_to_100k,https://www.fema.gov/api/open/v2/PublicAssistanceFundedProjectsDetails,https://www.fema.gov/openfema-data-page/public-assistance-funded-projects-details-v2,2026-08-17T06:23:38Z
4898,2026-02-06T00:00:00.000Z,Winter Storm,213,Town of Michie Utilities,109-48180-00,F,Utilities,Eligible,Obligated,Small,Madison County,113,TN,47,21769.26,16326.95,16326.95,2026-05-27T00:00:00.000Z,2026-05-27T00:00:00.000Z,0,1066360,278019,2026-07-23T18:44:06.680Z,8556394bedcb08742918a8f9ab5422ec549a065a,2026-02-06,2026-05-27,2026-05-27,2026-07-23T18:44:06Z,2026,02,1,2026,2026,110,0,true,Tennessee,4,Region 4 — Atlanta,Atlanta,"AL,FL,GA,KY,MS,NC,SC,TN",47,113,47113,Permanent Work,false,true,false,false,false,false,false,false,true,false,Winter weather,false,false,false,false,false,false,false,true,false,false,false,75.00,0.00,false,false,false,false,true,false,true,10k_to_100k,https://www.fema.gov/api/open/v2/PublicAssistanceFundedProjectsDetails,https://www.fema.gov/openfema-data-page/public-assistance-funded-projects-details-v2,2026-08-17T06:23:38Z
4898,2026-02-06T00:00:00.000Z,Winter Storm,219,Macon Hospital-EPM,111-UJU5Q-00,B,Emergency Protective Measures,Eligible,Obligated,Small,Macon County,111,TN,47,9945.13,7458.85,7458.85,2026-05-19T00:00:00.000Z,2026-05-19T00:00:00.000Z,0,1066367,278179,2026-07-23T18:44:06.680Z,4c9e409424d790572a043e9322afc8789010b978,2026-02-06,2026-05-19,2026-05-19,2026-07-23T18:44:06Z,2026,02,1,2026,2026,102,0,true,Tennessee,4,Region 4 — Atlanta,Atlanta,"AL,FL,GA,KY,MS,NC,SC,TN",47,111,47111,Emergency Work,true,false,false,false,true,false,false,false,false,false,Winter weather,false,false,false,false,false,false,false,true,false,false,false,75.00,0.00,false,false,false,false,true,false,true,under_10k,https://www.fema.gov/api/open/v2/PublicAssistanceFundedProjectsDetails,https://www.fema.gov/openfema-data-page/public-assistance-funded-projects-details-v2,2026-08-17T06:23:38Z
4898,2026-02-06T00:00:00.000Z,Winter Storm,220,Adamsville Utility Fire Hydrant Damage,109-02ABE-00,F,Utilities,Eligible,Obligated,Small,McNairy County,109,TN,47,19325.15,14493.87,14493.87,2026-06-24T00:00:00.000Z,2026-06-24T00:00:00.000Z,0,1066368,277982,2026-07-23T18:44:06.680Z,672c69142bc5ebd080eeba574367d7d17c122f4e,2026-02-06,2026-06-24,2026-06-24,2026-07-23T18:44:06Z,2026,02,1,2026,2026,138,0,true,Tennessee,4,Region 4 — Atlanta,Atlanta,"AL,FL,GA,KY,MS,NC,SC,TN",47,109,47109,Permanent Work,false,true,false,false,false,false,false,false,true,false,Winter weather,false,false,false,false,false,false,false,true,false,false,false,75.00,0.00,false,false,false,false,true,false,true,10k_to_100k,https://www.fema.gov/api/open/v2/PublicAssistanceFundedProjectsDetails,https://www.fema.gov/openfema-data-page/public-assistance-funded-projects-details-v2,2026-08-17T06:23:38Z
4898,2026-02-06T00:00:00.000Z,Winter Storm,221,Adamsville Utility Leapwood Station,109-02ABE-00,F,Utilities,Eligible,Obligated,Small,McNairy County,109,TN,47,5502.5,4126.88,4126.88,2026-06-24T00:00:00.000Z,2026-06-24T00:00:00.000Z,0,1066375,277982,2026-07-23T18:44:06.680Z,9cbab4725edfbe530a20340b33732b3815c9a48b,2026-02-06,2026-06-24,2026-06-24,2026-07-23T18:44:06Z,2026,02,1,2026,2026,138,0,true,Tennessee,4,Region 4 — Atlanta,Atlanta,"AL,FL,GA,KY,MS,NC,SC,TN",47,109,47109,Permanent Work,false,true,false,false,false,false,false,false,true,false,Winter weather,false,false,false,false,false,false,false,true,false,false,false,75.00,0.00,false,false,false,false,true,false,true,under_10k,https://www.fema.gov/api/open/v2/PublicAssistanceFundedProjectsDetails,https://www.fema.gov/openfema-data-page/public-assistance-funded-projects-details-v2,2026-08-17T06:23:38Z
4898,2026-02-06T00:00:00.000Z,Winter Storm,222,Humphreys County Emergency Protective Measures,085-99085-00,B,Emergency Protective Measures,Eligible,Obligated,Small,Humphreys County,085,TN,47,89035.3,66776.48,66776.48,2026-05-15T00:00:00.000Z,2026-05-15T00:00:00.000Z,0,1066384,278144,2026-07-23T18:44:06.680Z,ae4dae41fd0f1f4ba1c469082718138a83a03f67,2026-02-06,2026-05-15,2026-05-15,2026-07-23T18:44:06Z,2026,02,1,2026,2026,98,0,true,Tennessee,4,Region 4 — Atlanta,Atlanta,"AL,FL,GA,KY,MS,NC,SC,TN",47,085,47085,Emergency Work,true,false,false,false,true,false,false,false,false,false,Winter weather,false,false,false,false,false,false,false,true,false,false,false,75.00,0.00,false,false,false,false,true,false,true,10k_to_100k,https://www.fema.gov/api/open/v2/PublicAssistanceFundedProjectsDetails,https://www.fema.gov/openfema-data-page/public-assistance-funded-projects-details-v2,2026-08-17T06:23:38Z
4898,2026-02-06T00:00:00.000Z,Winter Storm,223,"Grand Junction, City of - Culvert damage",069-30280-00,C,Roads and Bridges,Eligible,Obligated,Small,Hardeman County,069,TN,47,6100,4575,4575,2026-05-05T00:00:00.000Z,2026-05-05T00:00:00.000Z,0,1066388,277541,2026-07-23T18:44:06.680Z,e99063172376f1e9188a3d2b9b8b0422aaa1373e,2026-02-06,2026-05-05,2026-05-05,2026-07-23T18:44:06Z,2026,02,1,2026,2026,88,0,true,Tennessee,4,Region 4 — Atlanta,Atlanta,"AL,FL,GA,KY,MS,NC,SC,TN",47,069,47069,Permanent Work,false,true,false,false,false,true,false,false,false,false,Winter weather,false,false,false,false,false,false,false,true,false,false,false,75.00,0.00,false,false,false,false,true,false,true,under_10k,https://www.fema.gov/api/open/v2/PublicAssistanceFundedProjectsDetails,https://www.fema.gov/openfema-data-page/public-assistance-funded-projects-details-v2,2026-08-17T06:23:38Z
4898,2026-02-06T00:00:00.000Z,Winter Storm,225,City Of Camden Water Department,005-10560-00,F,Utilities,Eligible,Obligated,Small,Benton County,005,TN,47,43457.65,32593.24,32593.24,2026-06-18T00:00:00.000Z,2026-06-18T00:00:00.000Z,0,1066398,278028,2026-07-23T18:44:06.680Z,c6816bdc056c0312492b495683e96373f3eb63ed,2026-02-06,2026-06-18,2026-06-18,2026-07-23T18:44:06Z,2026,02,1,2026,2026,132,0,true,Tennessee,4,Region 4 — Atlanta,Atlanta,"AL,FL,GA,KY,MS,NC,SC,TN",47,005,47005,Permanent Work,false,true,false,false,false,false,false,false,true,false,Winter weather,false,false,false,false,false,false,false,true,false,false,false,75.00,0.00,false,false,false,false,true,false,true,10k_to_100k,https://www.fema.gov/api/open/v2/PublicAssistanceFundedProjectsDetails,https://www.fema.gov/openfema-data-page/public-assistance-funded-projects-details-v2,2026-08-17T06:23:38Z
4898,2026-02-06T00:00:00.000Z,Winter Storm,226,Cheekwood Estate and Gardens Debris Removal,037-UN2E7-00,A,Debris Removal,Eligible,Obligated,Small,Davidson County,037,TN,47,853469.01,640101.76,640101.76,2026-07-08T00:00:00.000Z,2026-07-08T00:00:00.000Z,0,1066403,278097,2026-07-23T18:44:06.680Z,b7e0bf4cf4c1e7bcb3416ff8c9e1d4ee67acdc81,2026-02-06,2026-07-08,2026-07-08,2026-07-23T18:44:06Z,2026,02,1,2026,2026,152,0,true,Tennessee,4,Region 4 — Atlanta,Atlanta,"AL,FL,GA,KY,MS,NC,SC,TN",47,037,47037,Emergency Work,true,false,false,true,false,false,false,false,false,false,Winter weather,false,false,false,false,false,false,false,true,false,false,false,75.00,0.00,false,false,false,false,true,false,true,100k_to_1m,https://www.fema.gov/api/open/v2/PublicAssistanceFundedProjectsDetails,https://www.fema.gov/openfema-data-page/public-assistance-funded-projects-details-v2,2026-08-17T06:23:38Z
4898,2026-02-06T00:00:00.000Z,Winter Storm,227,Giles County Emergency Protective Measures,055-99055-00,B,Emergency Protective Measures,Eligible,Obligated,Small,Giles County,055,TN,47,45101.73,33826.3,33826.3,2026-07-23T00:00:00.000Z,2026-07-23T00:00:00.000Z,0,1066404,278049,2026-07-24T15:07:02.020Z,7d5f4b31c997a854e9b9fa9bcb4cce16e67227e7,2026-02-06,2026-07-23,2026-07-23,2026-07-24T15:07:02Z,2026,02,1,2026,2026,167,0,true,Tennessee,4,Region 4 — Atlanta,Atlanta,"AL,FL,GA,KY,MS,NC,SC,TN",47,055,47055,Emergency Work,true,false,false,false,true,false,false,false,false,false,Winter weather,false,false,false,false,false,false,false,true,false,false,false,75.00,0.00,false,false,false,false,true,false,true,10k_to_100k,https://www.fema.gov/api/open/v2/PublicAssistanceFundedProjectsDetails,https://www.fema.gov/openfema-data-page/public-assistance-funded-projects-details-v2,2026-08-17T06:23:38Z
4898,2026-02-06T00:00:00.000Z,Winter Storm,231,"Grand Junction, City of - damaged water valve",069-30280-00,F,Utilities,Eligible,Obligated,Small,Hardeman County,069,TN,47,4989.81,3742.36,3742.36,2026-05-05T00:00:00.000Z,2026-05-05T00:00:00.000Z,0,1066432,277541,2026-07-23T18:44:06.680Z,3a82c64ff71f5c4146d646626d4c2dca88484249,2026-02-06,2026-05-05,2026-05-05,2026-07-23T18:44:06Z,2026,02,1,2026,2026,88,0,true,Tennessee,4,Region 4 — Atlanta,Atlanta,"AL,FL,GA,KY,MS,NC,SC,TN",47,069,47069,Permanent Work,false,true,false,false,false,false,false,false,true,false,Winter weather,false,false,false,false,false,false,false,true,false,false,false,75.00,0.00,false,false,false,false,true,false,true,under_10k,https://www.fema.gov/api/open/v2/PublicAssistanceFundedProjectsDetails,https://www.fema.gov/openfema-data-page/public-assistance-funded-projects-details-v2,2026-08-17T06:23:38Z
4898,2026-02-06T00:00:00.000Z,Winter Storm,232,Macon Hospital Equipment,111-UJU5Q-00,E,Buildings and Equipment,Eligible,Obligated,Small,Macon County,111,TN,47,5000,3750,3750,2026-06-02T00:00:00.000Z,2026-06-02T00:00:00.000Z,0,1066434,278179,2026-07-23T18:44:06.680Z,908f7d7459f8e44425d4543159a9781b97031f79,2026-02-06,2026-06-02,2026-06-02,2026-07-23T18:44:06Z,2026,02,1,2026,2026,116,0,true,Tennessee,4,Region 4 — Atlanta,Atlanta,"AL,FL,GA,KY,MS,NC,SC,TN",47,111,47111,Permanent Work,false,true,false,false,false,false,false,true,false,false,Winter weather,false,false,false,false,false,false,false,true,false,false,false,75.00,0.00,false,false,false,false,true,false,true,under_10k,https://www.fema.gov/api/open/v2/PublicAssistanceFundedProjectsDetails,https://www.fema.gov/openfema-data-page/public-assistance-funded-projects-details-v2,2026-08-17T06:23:38Z
4898,2026-02-06T00:00:00.000Z,Winter Storm,234,BHBC-Church Building /Playground Fence & equipment Damages,037-USO57-00,E,Buildings and Equipment,Eligible,Obligated,Small,Davidson County,037,TN,47,4246.99,3185.25,3185.25,2026-06-02T00:00:00.000Z,2026-06-02T00:00:00.000Z,0,1066442,278185,2026-07-23T18:44:06.680Z,db2b1eaa8fe8f4e8b9119f0552b2a4eb4e1ee539,2026-02-06,2026-06-02,2026-06-02,2026-07-23T18:44:06Z,2026,02,1,2026,2026,116,0,true,Tennessee,4,Region 4 — Atlanta,Atlanta,"AL,FL,GA,KY,MS,NC,SC,TN",47,037,47037,Permanent Work,false,true,false,false,false,false,false,true,false,false,Winter weather,false,false,false,false,false,false,false,true,false,false,false,75.00,0.00,false,false,false,false,true,false,true,under_10k,https://www.fema.gov/api/open/v2/PublicAssistanceFundedProjectsDetails,https://www.fema.gov/openfema-data-page/public-assistance-funded-projects-details-v2,2026-08-17T06:23:38Z
4898,2026-02-06T00:00:00.000Z,Winter Storm,236,Henderson Board of Education - EPM - Equipment,077-018CE-00,B,Emergency Protective Measures,Eligible,Obligated,Small,Henderson County,077,TN,47,4179.2,3134.4,3134.4,2026-07-28T00:00:00.000Z,2026-07-28T00:00:00.000Z,0,1066449,278180,2026-07-30T15:10:03.208Z,90697c4ff9d74631f3ce722797ee9fe6d7d7953c,2026-02-06,2026-07-28,2026-07-28,2026-07-30T15:10:03Z,2026,02,1,2026,2026,172,0,true,Tennessee,4,Region 4 — Atlanta,Atlanta,"AL,FL,GA,KY,MS,NC,SC,TN",47,077,47077,Emergency Work,true,false,false,false,true,false,false,false,false,false,Winter weather,false,false,false,false,false,false,false,true,false,false,false,75.00,0.00,false,false,false,false,true,false,true,under_10k,https://www.fema.gov/api/open/v2/PublicAssistanceFundedProjectsDetails,https://www.fema.gov/openfema-data-page/public-assistance-funded-projects-details-v2,2026-08-17T06:23:38Z
4898,2026-02-06T00:00:00.000Z,Winter Storm,238,City of Dayton - Electrical Damages,143-19700-00,F,Utilities,Eligible,Obligated,Small,Rhea County,143,TN,47,51256.38,38442.29,38442.29,2026-06-11T00:00:00.000Z,2026-06-11T00:00:00.000Z,0,1066451,278192,2026-07-23T18:44:06.680Z,5074c62544f26dc5abc290a3c5abe2776c9daf03,2026-02-06,2026-06-11,2026-06-11,2026-07-23T18:44:06Z,2026,02,1,2026,2026,125,0,true,Tennessee,4,Region 4 — Atlanta,Atlanta,"AL,FL,GA,KY,MS,NC,SC,TN",47,143,47143,Permanent Work,false,true,false,false,false,false,false,false,true,false,Winter weather,false,false,false,false,false,false,false,true,false,false,false,75.00,0.00,false,false,false,false,true,false,true,10k_to_100k,https://www.fema.gov/api/open/v2/PublicAssistanceFundedProjectsDetails,https://www.fema.gov/openfema-data-page/public-assistance-funded-projects-details-v2,2026-08-17T06:23:38Z
4898,2026-02-06T00:00:00.000Z,Winter Storm,246,Woodmont Baptist Church Debris Removal,037-006E6-00,A,Debris Removal,Eligible,Obligated,Small,Davidson County,037,TN,47,9500,7125,7125,2026-05-15T00:00:00.000Z,2026-05-15T00:00:00.000Z,0,1066461,278156,2026-07-23T18:44:06.680Z,cb0129402147bb95511b866f1c67feea1535c646,2026-02-06,2026-05-15,2026-05-15,2026-07-23T18:44:06Z,2026,02,1,2026,2026,98,0,true,Tennessee,4,Region 4 — Atlanta,Atlanta,"AL,FL,GA,KY,MS,NC,SC,TN",47,037,47037,Emergency Work,true,false,false,true,false,false,false,false,false,false,Winter weather,false,false,false,false,false,false,false,true,false,false,false,75.00,0.00,false,false,false,false,true,false,true,under_10k,https://www.fema.gov/api/open/v2/PublicAssistanceFundedProjectsDetails,https://www.fema.gov/openfema-data-page/public-assistance-funded-projects-details-v2,2026-08-17T06:23:38Z
4898,2026-02-06T00:00:00.000Z,Winter Storm,247,"Sewer and Water Plant, Pumpstation, and water main",181-78600-00,F,Utilities,Eligible,Obligated,Small,Wayne County,181,TN,47,71430.06,53572.55,53572.55,2026-07-10T00:00:00.000Z,2026-07-10T00:00:00.000Z,6750,1066465,278062,2026-07-23T18:44:06.680Z,8ac6eecbd55c2754a450093835a113a033a8803f,2026-02-06,2026-07-10,2026-07-10,2026-07-23T18:44:06Z,2026,02,1,2026,2026,154,0,true,Tennessee,4,Region 4 — Atlanta,Atlanta,"AL,FL,GA,KY,MS,NC,SC,TN",47,181,47181,Permanent Work,false,true,false,false,false,false,false,false,true,false,Winter weather,false,false,false,false,false,false,false,true,false,false,false,75.00,9.45,true,false,false,false,true,false,true,10k_to_100k,https://www.fema.gov/api/open/v2/PublicAssistanceFundedProjectsDetails,https://www.fema.gov/openfema-data-page/public-assistance-funded-projects-details-v2,2026-08-17T06:23:38Z
4898,2026-02-06T00:00:00.000Z,Winter Storm,248,Selmer Debris Removal,109-66940-00,A,Debris Removal,Eligible,Obligated,Small,McNairy County,109,TN,47,201839.96,151379.97,151379.97,2026-07-08T00:00:00.000Z,2026-07-08T00:00:00.000Z,0,1066467,278055,2026-07-23T18:44:06.680Z,ae73b1b56dca6f2da8e1f921c9e11b5baceaec8b,2026-02-06,2026-07-08,2026-07-08,2026-07-23T18:44:06Z,2026,02,1,2026,2026,152,0,true,Tennessee,4,Region 4 — Atlanta,Atlanta,"AL,FL,GA,KY,MS,NC,SC,TN",47,109,47109,Emergency Work,true,false,false,true,false,false,false,false,false,false,Winter weather,false,false,false,false,false,false,false,true,false,false,false,75.00,0.00,false,false,false,false,true,false,true,100k_to_1m,https://www.fema.gov/api/open/v2/PublicAssistanceFundedProjectsDetails,https://www.fema.gov/openfema-data-page/public-assistance-funded-projects-details-v2,2026-08-17T06:23:38Z
4898,2026-02-06T00:00:00.000Z,Winter Storm,252,City of Henderson Emergency Protective Measures,023-33260-00,B,Emergency Protective Measures,Eligible,Obligated,Small,Chester County,023,TN,47,15827.04,11870.28,11870.28,2026-07-17T00:00:00.000Z,2026-07-17T00:00:00.000Z,0,1066474,278082,2026-07-23T18:44:06.680Z,1c7403a3ea5769249491a119d2e22c1bbe160f88,2026-02-06,2026-07-17,2026-07-17,2026-07-23T18:44:06Z,2026,02,1,2026,2026,161,0,true,Tennessee,4,Region 4 — Atlanta,Atlanta,"AL,FL,GA,KY,MS,NC,SC,TN",47,023,47023,Emergency Work,true,false,false,false,true,false,false,false,false,false,Winter weather,false,false,false,false,false,false,false,true,false,false,false,75.00,0.00,false,false,false,false,true,false,true,10k_to_100k,https://www.fema.gov/api/open/v2/PublicAssistanceFundedProjectsDetails,https://www.fema.gov/openfema-data-page/public-assistance-funded-projects-details-v2,2026-08-17T06:23:38Z
4898,2026-02-06T00:00:00.000Z,Winter Storm,260,City of Germantown Utilities,157-28960-00,F,Utilities,Eligible,Obligated,Small,Shelby County,157,TN,47,6054.01,4540.51,4540.51,2026-06-02T00:00:00.000Z,2026-06-02T00:00:00.000Z,0,1066501,278135,2026-07-23T18:44:06.680Z,fb8bf63da916eb574e0af5cc081871d38676ce2f,2026-02-06,2026-06-02,2026-06-02,2026-07-23T18:44:06Z,2026,02,1,2026,2026,116,0,true,Tennessee,4,Region 4 — Atlanta,Atlanta,"AL,FL,GA,KY,MS,NC,SC,TN",47,157,47157,Permanent Work,false,true,false,false,false,false,false,false,true,false,Winter weather,false,false,false,false,false,false,false,true,false,false,false,75.00,0.00,false,false,false,false,true,false,true,under_10k,https://www.fema.gov/api/open/v2/PublicAssistanceFundedProjectsDetails,https://www.fema.gov/openfema-data-page/public-assistance-funded-projects-details-v2,2026-08-17T06:23:38Z
4898,2026-02-06T00:00:00.000Z,Winter Storm,264,Selmer Utility Damage,109-66940-00,F,Utilities,Eligible,Obligated,Small,McNairy County,109,TN,47,29318.58,21988.94,21988.94,2026-08-03T00:00:00.000Z,2026-08-03T00:00:00.000Z,0,1066511,278055,2026-08-04T15:17:13.615Z,469eb8430d1414afcb73beb913726744d28e866d,2026-02-06,2026-08-03,2026-08-03,2026-08-04T15:17:13Z,2026,02,1,2026,2026,178,0,true,Tennessee,4,Region 4 — Atlanta,Atlanta,"AL,FL,GA,KY,MS,NC,SC,TN",47,109,47109,Permanent Work,false,true,false,false,false,false,false,false,true,false,Winter weather,false,false,false,false,false,false,false,true,false,false,false,75.00,0.00,false,false,false,false,true,false,true,10k_to_100k,https://www.fema.gov/api/open/v2/PublicAssistanceFundedProjectsDetails,https://www.fema.gov/openfema-data-page/public-assistance-funded-projects-details-v2,2026-08-17T06:23:38Z
4898,2026-02-06T00:00:00.000Z,Winter Storm,266,Water System,119-UOXKF-00,F,Utilities,Eligible,Obligated,Small,Maury County,119,TN,47,77853.58,58390.19,58390.19,2026-05-05T00:00:00.000Z,2026-05-05T00:00:00.000Z,0,1066515,278184,2026-07-23T18:44:06.680Z,973e2ab7928e5ee6b7f7dc04af9dc5a2677e2ee6,2026-02-06,2026-05-05,2026-05-05,2026-07-23T18:44:06Z,2026,02,1,2026,2026,88,0,true,Tennessee,4,Region 4 — Atlanta,Atlanta,"AL,FL,GA,KY,MS,NC,SC,TN",47,119,47119,Permanent Work,false,true,false,false,false,false,false,false,true,false,Winter weather,false,false,false,false,false,false,false,true,false,false,false,75.00,0.00,false,false,false,false,true,false,true,10k_to_100k,https://www.fema.gov/api/open/v2/PublicAssistanceFundedProjectsDetails,https://www.fema.gov/openfema-data-page/public-assistance-funded-projects-details-v2,2026-08-17T06:23:38Z
4898,2026-02-06T00:00:00.000Z,Winter Storm,267,Broadband,119-UOXKF-00,F,Utilities,Eligible,Obligated,Small,Maury County,119,TN,47,26288.1,19716.08,19716.08,2026-06-02T00:00:00.000Z,2026-06-02T00:00:00.000Z,0,1066517,278184,2026-07-23T18:44:06.680Z,0f58d023a90501562f38e375b8f70aade7bc703c,2026-02-06,2026-06-02,2026-06-02,2026-07-23T18:44:06Z,2026,02,1,2026,2026,116,0,true,Tennessee,4,Region 4 — Atlanta,Atlanta,"AL,FL,GA,KY,MS,NC,SC,TN",47,119,47119,Permanent Work,false,true,false,false,false,false,false,false,true,false,Winter weather,false,false,false,false,false,false,false,true,false,false,false,75.00,0.00,false,false,false,false,true,false,true,10k_to_100k,https://www.fema.gov/api/open/v2/PublicAssistanceFundedProjectsDetails,https://www.fema.gov/openfema-data-page/public-assistance-funded-projects-details-v2,2026-08-17T06:23:38Z
4898,2026-02-06T00:00:00.000Z,Winter Storm,268,Electrical System,119-UOXKF-00,F,Utilities,Eligible,Obligated,Small,Maury County,119,TN,47,438772.37,329079.28,329079.28,2026-06-12T00:00:00.000Z,2026-06-12T00:00:00.000Z,0,1066518,278184,2026-07-23T18:44:06.680Z,c181a0e15f4b1c4db9a4ea46a07790868d283b4c,2026-02-06,2026-06-12,2026-06-12,2026-07-23T18:44:06Z,2026,02,1,2026,2026,126,0,true,Tennessee,4,Region 4 — Atlanta,Atlanta,"AL,FL,GA,KY,MS,NC,SC,TN",47,119,47119,Permanent Work,false,true,false,false,false,false,false,false,true,false,Winter weather,false,false,false,false,false,false,false,true,false,false,false,75.00,0.00,false,false,false,false,true,false,true,100k_to_1m,https://www.fema.gov/api/open/v2/PublicAssistanceFundedProjectsDetails,https://www.fema.gov/openfema-data-page/public-assistance-funded-projects-details-v2,2026-08-17T06:23:38Z
4898,2026-02-06T00:00:00.000Z,Winter Storm,269,Emergency Protective Measures,119-UOXKF-00,B,Emergency Protective Measures,Eligible,Obligated,Small,Maury County,119,TN,47,40888.48,30666.36,30666.36,2026-05-05T00:00:00.000Z,2026-05-05T00:00:00.000Z,0,1066520,278184,2026-07-23T18:44:06.680Z,2867aa05adcc488efa897ee8b3958f5724b0ce1d,2026-02-06,2026-05-05,2026-05-05,2026-07-23T18:44:06Z,2026,02,1,2026,2026,88,0,true,Tennessee,4,Region 4 — Atlanta,Atlanta,"AL,FL,GA,KY,MS,NC,SC,TN",47,119,47119,Emergency Work,true,false,false,false,true,false,false,false,false,false,Winter weather,false,false,false,false,false,false,false,true,false,false,false,75.00,0.00,false,false,false,false,true,false,true,10k_to_100k,https://www.fema.gov/api/open/v2/PublicAssistanceFundedProjectsDetails,https://www.fema.gov/openfema-data-page/public-assistance-funded-projects-details-v2,2026-08-17T06:23:38Z
4898,2026-02-06T00:00:00.000Z,Winter Storm,270,Roots Tree Service - Cat B (Emergency Protective Measures),037-54780-00,B,Emergency Protective Measures,Eligible,Obligated,Small,Davidson County,037,TN,47,8750,6562.5,6562.5,2026-05-30T00:00:00.000Z,2026-05-19T00:00:00.000Z,0,1066521,278088,2026-07-23T18:44:06.680Z,ecbb9343d287cfb90b3066843b0b526fb480c119,2026-02-06,2026-05-19,2026-05-30,2026-07-23T18:44:06Z,2026,02,1,2026,2026,102,11,false,Tennessee,4,Region 4 — Atlanta,Atlanta,"AL,FL,GA,KY,MS,NC,SC,TN",47,037,47037,Emergency Work,true,false,false,false,true,false,false,false,false,false,Winter weather,false,false,false,false,false,false,false,true,false,false,false,75.00,0.00,false,false,false,false,true,false,true,under_10k,https://www.fema.gov/api/open/v2/PublicAssistanceFundedProjectsDetails,https://www.fema.gov/openfema-data-page/public-assistance-funded-projects-details-v2,2026-08-17T06:23:38Z
4898,2026-02-06T00:00:00.000Z,Winter Storm,272,City Wide Water Main Break - Multiple,187-27740-00,F,Utilities,Eligible,Obligated,Small,Williamson County,187,TN,47,34195.06,25646.3,25646.3,2026-06-12T00:00:00.000Z,2026-06-12T00:00:00.000Z,0,1066536,277887,2026-07-23T18:44:06.680Z,547e9ae8b2795a78dae03729965459cbd16afc10,2026-02-06,2026-06-12,2026-06-12,2026-07-23T18:44:06Z,2026,02,1,2026,2026,126,0,true,Tennessee,4,Region 4 — Atlanta,Atlanta,"AL,FL,GA,KY,MS,NC,SC,TN",47,187,47187,Permanent Work,false,true,false,false,false,false,false,false,true,false,Winter weather,false,false,false,false,false,false,false,true,false,false,false,75.00,0.00,false,false,false,false,true,false,true,10k_to_100k,https://www.fema.gov/api/open/v2/PublicAssistanceFundedProjectsDetails,https://www.fema.gov/openfema-data-page/public-assistance-funded-projects-details-v2,2026-08-17T06:23:38Z
4898,2026-02-06T00:00:00.000Z,Winter Storm,273,City Parks,187-27740-00,G,"Parks, Recreational Facilities, and Other Items",Eligible,Obligated,Small,Williamson County,187,TN,47,11038.84,8279.13,8279.13,2026-06-24T00:00:00.000Z,2026-06-24T00:00:00.000Z,0,1066537,277887,2026-07-23T18:44:06.680Z,11be2fb48c0a7582d81049bc4f31d75dfde00066,2026-02-06,2026-06-24,2026-06-24,2026-07-23T18:44:06Z,2026,02,1,2026,2026,138,0,true,Tennessee,4,Region 4 — Atlanta,Atlanta,"AL,FL,GA,KY,MS,NC,SC,TN",47,187,47187,Permanent Work,false,true,false,false,false,false,false,false,false,true,Winter weather,false,false,false,false,false,false,false,true,false,false,false,75.00,0.00,false,false,false,false,true,false,true,under_10k,https://www.fema.gov/api/open/v2/PublicAssistanceFundedProjectsDetails,https://www.fema.gov/openfema-data-page/public-assistance-funded-projects-details-v2,2026-08-17T06:23:38Z
4898,2026-02-06T00:00:00.000Z,Winter Storm,275,Kingsbury High School & Kingsbury Middle School Building/Equipment Damages,157-U6UVJ-00,E,Buildings and Equipment,Eligible,Obligated,Small,Shelby County,157,TN,47,52276.7,39207.53,39207.53,2026-06-30T00:00:00.000Z,2026-06-30T00:00:00.000Z,0,1066540,278038,2026-07-23T18:44:06.680Z,2e96a7f1f7c7732decb9039557b42d4dba61fd16,2026-02-06,2026-06-30,2026-06-30,2026-07-23T18:44:06Z,2026,02,1,2026,2026,144,0,true,Tennessee,4,Region 4 — Atlanta,Atlanta,"AL,FL,GA,KY,MS,NC,SC,TN",47,157,47157,Permanent Work,false,true,false,false,false,false,false,true,false,false,Winter weather,false,false,false,false,false,false,false,true,false,false,false,75.00,0.00,false,false,false,false,true,false,true,10k_to_100k,https://www.fema.gov/api/open/v2/PublicAssistanceFundedProjectsDetails,https://www.fema.gov/openfema-data-page/public-assistance-funded-projects-details-v2,2026-08-17T06:23:38Z
4898,2026-02-06T00:00:00.000Z,Winter Storm,276,Management Costs,021-UWHQO-00,Z,Management Costs,Eligible,Obligated,Small,Cheatham County,021,TN,47,226.8,226.8,226.8,2026-04-21T00:00:00.000Z,2026-04-21T00:00:00.000Z,0,1066542,278186,2026-07-23T18:44:06.680Z,ff6eee0429a9bb37021a5d7e671c7a6f45a1d609,2026-02-06,2026-04-21,2026-04-21,2026-07-23T18:44:06Z,2026,02,1,2026,2026,74,0,true,Tennessee,4,Region 4 — Atlanta,Atlanta,"AL,FL,GA,KY,MS,NC,SC,TN",47,021,47021,Management Costs,false,false,true,false,false,false,false,false,false,false,Winter weather,false,false,false,false,false,false,false,true,false,false,false,100.00,0.00,false,false,false,false,true,false,true,under_10k,https://www.fema.gov/api/open/v2/PublicAssistanceFundedProjectsDetails,https://www.fema.gov/openfema-data-page/public-assistance-funded-projects-details-v2,2026-08-17T06:23:38Z
4898,2026-02-06T00:00:00.000Z,Winter Storm,277,City of Lobelville - Water Plant Pumps Damaged,135-43160-00,F,Utilities,Eligible,Obligated,Small,Perry County,135,TN,47,14419.73,10814.8,10814.8,2026-05-21T00:00:00.000Z,2026-05-21T00:00:00.000Z,0,1066543,277995,2026-07-23T18:44:06.680Z,afb04dc912776540f47349ee22dd284502c20a87,2026-02-06,2026-05-21,2026-05-21,2026-07-23T18:44:06Z,2026,02,1,2026,2026,104,0,true,Tennessee,4,Region 4 — Atlanta,Atlanta,"AL,FL,GA,KY,MS,NC,SC,TN",47,135,47135,Permanent Work,false,true,false,false,false,false,false,false,true,false,Winter weather,false,false,false,false,false,false,false,true,false,false,false,75.00,0.00,false,false,false,false,true,false,true,10k_to_100k,https://www.fema.gov/api/open/v2/PublicAssistanceFundedProjectsDetails,https://www.fema.gov/openfema-data-page/public-assistance-funded-projects-details-v2,2026-08-17T06:23:38Z
4898,2026-02-06T00:00:00.000Z,Winter Storm,278,City of Lobelville - EPM,135-43160-00,B,Emergency Protective Measures,Eligible,Obligated,Small,Perry County,135,TN,47,18877.41,14158.06,14158.06,2026-05-15T00:00:00.000Z,2026-05-15T00:00:00.000Z,0,1066545,277995,2026-07-23T18:44:06.680Z,b0ba9271b63cef3806ae5e637bc86e52e7573cad,2026-02-06,2026-05-15,2026-05-15,2026-07-23T18:44:06Z,2026,02,1,2026,2026,98,0,true,Tennessee,4,Region 4 — Atlanta,Atlanta,"AL,FL,GA,KY,MS,NC,SC,TN",47,135,47135,Emergency Work,true,false,false,false,true,false,false,false,false,false,Winter weather,false,false,false,false,false,false,false,true,false,false,false,75.00,0.00,false,false,false,false,true,false,true,10k_to_100k,https://www.fema.gov/api/open/v2/PublicAssistanceFundedProjectsDetails,https://www.fema.gov/openfema-data-page/public-assistance-funded-projects-details-v2,2026-08-17T06:23:38Z
4898,2026-02-06T00:00:00.000Z,Winter Storm,281,County Wide Debris,135-99135-00,A,Debris Removal,Eligible,Obligated,Small,Perry County,135,TN,47,63316.08,47487.06,47487.06,2026-07-17T00:00:00.000Z,2026-07-17T00:00:00.000Z,0,1066564,278152,2026-07-23T18:44:06.680Z,e5823faed4cc3268ad9c535719355d5631f56d05,2026-02-06,2026-07-17,2026-07-17,2026-07-23T18:44:06Z,2026,02,1,2026,2026,161,0,true,Tennessee,4,Region 4 — Atlanta,Atlanta,"AL,FL,GA,KY,MS,NC,SC,TN",47,135,47135,Emergency Work,true,false,false,true,false,false,false,false,false,false,Winter weather,false,false,false,false,false,false,false,true,false,false,false,75.00,0.00,false,false,false,false,true,false,true,10k_to_100k,https://www.fema.gov/api/open/v2/PublicAssistanceFundedProjectsDetails,https://www.fema.gov/openfema-data-page/public-assistance-funded-projects-details-v2,2026-08-17T06:23:38Z
4898,2026-02-06T00:00:00.000Z,Winter Storm,282,Williamson County Sheriff Office - Multiple Vehicle Damage,187-99187-00,E,Buildings and Equipment,Eligible,Obligated,Small,Williamson County,187,TN,47,12647.19,9485.4,9485.4,2026-06-19T00:00:00.000Z,2026-06-19T00:00:00.000Z,0,1066566,277857,2026-07-23T18:44:06.680Z,9eca18dc446b1d6efd6a42c537dc929fdc4cd578,2026-02-06,2026-06-19,2026-06-19,2026-07-23T18:44:06Z,2026,02,1,2026,2026,133,0,true,Tennessee,4,Region 4 — Atlanta,Atlanta,"AL,FL,GA,KY,MS,NC,SC,TN",47,187,47187,Permanent Work,false,true,false,false,false,false,false,true,false,false,Winter weather,false,false,false,false,false,false,false,true,false,false,false,75.00,0.00,false,false,false,false,true,false,true,under_10k,https://www.fema.gov/api/open/v2/PublicAssistanceFundedProjectsDetails,https://www.fema.gov/openfema-data-page/public-assistance-funded-projects-details-v2,2026-08-17T06:23:38Z
4898,2026-02-06T00:00:00.000Z,Winter Storm,284,Lexington - Water System,077-U0401-00,F,Utilities,Eligible,Obligated,Small,Henderson County,077,TN,47,45877.02,34407.77,34407.77,2026-05-27T00:00:00.000Z,2026-05-27T00:00:00.000Z,0,1066579,277737,2026-07-23T18:44:06.680Z,3aa84c106d97add36fd1a65ff4453f2319cbe71e,2026-02-06,2026-05-27,2026-05-27,2026-07-23T18:44:06Z,2026,02,1,2026,2026,110,0,true,Tennessee,4,Region 4 — Atlanta,Atlanta,"AL,FL,GA,KY,MS,NC,SC,TN",47,077,47077,Permanent Work,false,true,false,false,false,false,false,false,true,false,Winter weather,false,false,false,false,false,false,false,true,false,false,false,75.00,0.00,false,false,false,false,true,false,true,10k_to_100k,https://www.fema.gov/api/open/v2/PublicAssistanceFundedProjectsDetails,https://www.fema.gov/openfema-data-page/public-assistance-funded-projects-details-v2,2026-08-17T06:23:38Z
4898,2026-02-06T00:00:00.000Z,Winter Storm,285,Lexington Gas System,077-02EFF-00,F,Utilities,Eligible,Obligated,Small,Henderson County,077,TN,47,15959.53,11969.65,11969.65,2026-05-27T00:00:00.000Z,2026-05-27T00:00:00.000Z,0,1066580,277738,2026-07-23T18:44:06.680Z,3eece61085891f6a4231284cd9137ff5ce28b185,2026-02-06,2026-05-27,2026-05-27,2026-07-23T18:44:06Z,2026,02,1,2026,2026,110,0,true,Tennessee,4,Region 4 — Atlanta,Atlanta,"AL,FL,GA,KY,MS,NC,SC,TN",47,077,47077,Permanent Work,false,true,false,false,false,false,false,false,true,false,Winter weather,false,false,false,false,false,false,false,true,false,false,false,75.00,0.00,false,false,false,false,true,false,true,10k_to_100k,https://www.fema.gov/api/open/v2/PublicAssistanceFundedProjectsDetails,https://www.fema.gov/openfema-data-page/public-assistance-funded-projects-details-v2,2026-08-17T06:23:38Z
4898,2026-02-06T00:00:00.000Z,Winter Storm,289,County of Chester Emergency Protective Measures,023-99023-00,B,Emergency Protective Measures,Eligible,Obligated,Small,Chester County,023,TN,47,65230.03,48922.53,48922.53,2026-08-06T00:00:00.000Z,2026-08-06T00:00:00.000Z,0,1066590,278053,2026-08-07T15:23:14.370Z,200d27698756e5bf90678cbba85f6994b2067561,2026-02-06,2026-08-06,2026-08-06,2026-08-07T15:23:14Z,2026,02,1,2026,2026,181,0,true,Tennessee,4,Region 4 — Atlanta,Atlanta,"AL,FL,GA,KY,MS,NC,SC,TN",47,023,47023,Emergency Work,true,false,false,false,true,false,false,false,false,false,Winter weather,false,false,false,false,false,false,false,true,false,false,false,75.00,0.00,false,false,false,false,true,false,true,10k_to_100k,https://www.fema.gov/api/open/v2/PublicAssistanceFundedProjectsDetails,https://www.fema.gov/openfema-data-page/public-assistance-funded-projects-details-v2,2026-08-17T06:23:38Z
4898,2026-02-06T00:00:00.000Z,Winter Storm,290,County Wide Debris Removal,043-99043-00,A,Debris Removal,Eligible,Obligated,Small,Dickson County,043,TN,47,601325.45,450994.09,450994.09,2026-06-08T00:00:00.000Z,2026-06-08T00:00:00.000Z,0,1066600,277811,2026-07-23T18:44:06.680Z,93b56283987d28565ab7763a967b0ed2b502d24c,2026-02-06,2026-06-08,2026-06-08,2026-07-23T18:44:06Z,2026,02,1,2026,2026,122,0,true,Tennessee,4,Region 4 — Atlanta,Atlanta,"AL,FL,GA,KY,MS,NC,SC,TN",47,043,47043,Emergency Work,true,false,false,true,false,false,false,false,false,false,Winter weather,false,false,false,false,false,false,false,true,false,false,false,75.00,0.00,false,false,false,false,true,false,true,100k_to_1m,https://www.fema.gov/api/open/v2/PublicAssistanceFundedProjectsDetails,https://www.fema.gov/openfema-data-page/public-assistance-funded-projects-details-v2,2026-08-17T06:23:38Z
4898,2026-02-06T00:00:00.000Z,Winter Storm,292,City of Bartlett Emergency Protective Measures,157-03440-00,B,Emergency Protective Measures,Eligible,Obligated,Small,Shelby County,157,TN,47,26767.06,20075.3,20075.3,2026-06-02T00:00:00.000Z,2026-06-02T00:00:00.000Z,0,1066603,278198,2026-07-23T18:44:06.680Z,570ddb5df3795b63f63993e660e93355b4392a90,2026-02-06,2026-06-02,2026-06-02,2026-07-23T18:44:06Z,2026,02,1,2026,2026,116,0,true,Tennessee,4,Region 4 — Atlanta,Atlanta,"AL,FL,GA,KY,MS,NC,SC,TN",47,157,47157,Emergency Work,true,false,false,false,true,false,false,false,false,false,Winter weather,false,false,false,false,false,false,false,true,false,false,false,75.00,0.00,false,false,false,false,true,false,true,10k_to_100k,https://www.fema.gov/api/open/v2/PublicAssistanceFundedProjectsDetails,https://www.fema.gov/openfema-data-page/public-assistance-funded-projects-details-v2,2026-08-17T06:23:38Z
4898,2026-02-06T00:00:00.000Z,Winter Storm,293,County wide EPM'S,043-99043-00,B,Emergency Protective Measures,Eligible,Obligated,Small,Dickson County,043,TN,47,29196.57,21897.43,21897.43,2026-06-09T00:00:00.000Z,2026-06-09T00:00:00.000Z,0,1066608,277811,2026-07-23T18:44:06.680Z,de7a4b1ef5ba9a17958aa49aab6c4d3329fad01e,2026-02-06,2026-06-09,2026-06-09,2026-07-23T18:44:06Z,2026,02,1,2026,2026,123,0,true,Tennessee,4,Region 4 — Atlanta,Atlanta,"AL,FL,GA,KY,MS,NC,SC,TN",47,043,47043,Emergency Work,true,false,false,false,true,false,false,false,false,false,Winter weather,false,false,false,false,false,false,false,true,false,false,false,75.00,0.00,false,false,false,false,true,false,true,10k_to_100k,https://www.fema.gov/api/open/v2/PublicAssistanceFundedProjectsDetails,https://www.fema.gov/openfema-data-page/public-assistance-funded-projects-details-v2,2026-08-17T06:23:38Z
4898,2026-02-06T00:00:00.000Z,Winter Storm,294,Wilson County Debris Removal,189-99189-00,A,Debris Removal,Eligible,Obligated,Large,Wilson County,189,TN,47,4674137.8,3505603.35,3505603.35,2026-07-08T00:00:00.000Z,2026-07-08T00:00:00.000Z,0,1066629,278155,2026-07-23T18:44:06.680Z,9eac9c0611f40551bc7f29bcfe53e22538855af2,2026-02-06,2026-07-08,2026-07-08,2026-07-23T18:44:06Z,2026,02,1,2026,2026,152,0,true,Tennessee,4,Region 4 — Atlanta,Atlanta,"AL,FL,GA,KY,MS,NC,SC,TN",47,189,47189,Emergency Work,true,false,false,true,false,false,false,false,false,false,Winter weather,false,false,false,false,false,false,false,true,false,false,false,75.00,0.00,false,false,false,true,false,false,true,1m_to_10m,https://www.fema.gov/api/open/v2/PublicAssistanceFundedProjectsDetails,https://www.fema.gov/openfema-data-page/public-assistance-funded-projects-details-v2,2026-08-17T06:23:38Z
4898,2026-02-06T00:00:00.000Z,Winter Storm,295,City of Memphis Warming Center,157-48000-00,B,Emergency Protective Measures,Eligible,Obligated,Small,Shelby County,157,TN,47,63992.7,47994.53,47994.53,2026-07-08T00:00:00.000Z,2026-07-08T00:00:00.000Z,0,1066631,278039,2026-07-23T18:44:06.680Z,5d07d0a0bd742faaf3b23ea0eebba4dae8770e39,2026-02-06,2026-07-08,2026-07-08,2026-07-23T18:44:06Z,2026,02,1,2026,2026,152,0,true,Tennessee,4,Region 4 — Atlanta,Atlanta,"AL,FL,GA,KY,MS,NC,SC,TN",47,157,47157,Emergency Work,true,false,false,false,true,false,false,false,false,false,Winter weather,false,false,false,false,false,false,false,true,false,false,false,75.00,0.00,false,false,false,false,true,false,true,10k_to_100k,https://www.fema.gov/api/open/v2/PublicAssistanceFundedProjectsDetails,https://www.fema.gov/openfema-data-page/public-assistance-funded-projects-details-v2,2026-08-17T06:23:38Z
4898,2026-02-06T00:00:00.000Z,Winter Storm,296,City of Memphis EOC,157-48000-00,B,Emergency Protective Measures,Eligible,Obligated,Small,Shelby County,157,TN,47,42020.95,31515.72,31515.72,2026-06-30T00:00:00.000Z,2026-06-30T00:00:00.000Z,0,1066633,278039,2026-07-23T18:44:06.680Z,826a133f713f281a598fa0e4f6525770d2e992cf,2026-02-06,2026-06-30,2026-06-30,2026-07-23T18:44:06Z,2026,02,1,2026,2026,144,0,true,Tennessee,4,Region 4 — Atlanta,Atlanta,"AL,FL,GA,KY,MS,NC,SC,TN",47,157,47157,Emergency Work,true,false,false,false,true,false,false,false,false,false,Winter weather,false,false,false,false,false,false,false,true,false,false,false,75.00,0.00,false,false,false,false,true,false,true,10k_to_100k,https://www.fema.gov/api/open/v2/PublicAssistanceFundedProjectsDetails,https://www.fema.gov/openfema-data-page/public-assistance-funded-projects-details-v2,2026-08-17T06:23:38Z
4898,2026-02-06T00:00:00.000Z,Winter Storm,299,City of Lafayette Debris Removal,111-40160-00,A,Debris Removal,Eligible,Obligated,Small,Macon County,111,TN,47,160843.21,120632.41,120632.41,2026-07-08T00:00:00.000Z,2026-07-08T00:00:00.000Z,0,1066645,278161,2026-07-23T18:44:06.680Z,faae2eccc4cd7280d8b0f3f832f1d7164b775075,2026-02-06,2026-07-08,2026-07-08,2026-07-23T18:44:06Z,2026,02,1,2026,2026,152,0,true,Tennessee,4,Region 4 — Atlanta,Atlanta,"AL,FL,GA,KY,MS,NC,SC,TN",47,111,47111,Emergency Work,true,false,false,true,false,false,false,false,false,false,Winter weather,false,false,false,false,false,false,false,true,false,false,false,75.00,0.00,false,false,false,false,true,false,true,100k_to_1m,https://www.fema.gov/api/open/v2/PublicAssistanceFundedProjectsDetails,https://www.fema.gov/openfema-data-page/public-assistance-funded-projects-details-v2,2026-08-17T06:23:38Z
4898,2026-02-06T00:00:00.000Z,Winter Storm,301,Andrew Jackson Foundation Debris Removal,037-UXYVL-00,A,Debris Removal,Eligible,Obligated,Small,Davidson County,037,TN,47,47119.63,35339.73,35339.73,2026-07-17T00:00:00.000Z,2026-07-17T00:00:00.000Z,0,1066652,278132,2026-07-23T18:44:06.680Z,97be54ca9f851024a6a223b07662903f3f69924a,2026-02-06,2026-07-17,2026-07-17,2026-07-23T18:44:06Z,2026,02,1,2026,2026,161,0,true,Tennessee,4,Region 4 — Atlanta,Atlanta,"AL,FL,GA,KY,MS,NC,SC,TN",47,037,47037,Emergency Work,true,false,false,true,false,false,false,false,false,false,Winter weather,false,false,false,false,false,false,false,true,false,false,false,75.00,0.00,false,false,false,false,true,false,true,10k_to_100k,https://www.fema.gov/api/open/v2/PublicAssistanceFundedProjectsDetails,https://www.fema.gov/openfema-data-page/public-assistance-funded-projects-details-v2,2026-08-17T06:23:38Z
4898,2026-02-06T00:00:00.000Z,Winter Storm,302,Macon County Emergency Protective Measures,111-99111-00,B,Emergency Protective Measures,Eligible,Obligated,Small,Macon County,111,TN,47,88680.56,66510.42,66510.42,2026-06-09T00:00:00.000Z,2026-06-09T00:00:00.000Z,0,1066658,278158,2026-07-23T18:44:06.680Z,c962ba91e6a0c9d93e2a41dc7d90ea60ff8768e9,2026-02-06,2026-06-09,2026-06-09,2026-07-23T18:44:06Z,2026,02,1,2026,2026,123,0,true,Tennessee,4,Region 4 — Atlanta,Atlanta,"AL,FL,GA,KY,MS,NC,SC,TN",47,111,47111,Emergency Work,true,false,false,false,true,false,false,false,false,false,Winter weather,false,false,false,false,false,false,false,true,false,false,false,75.00,0.00,false,false,false,false,true,false,true,10k_to_100k,https://www.fema.gov/api/open/v2/PublicAssistanceFundedProjectsDetails,https://www.fema.gov/openfema-data-page/public-assistance-funded-projects-details-v2,2026-08-17T06:23:38Z
4898,2026-02-06T00:00:00.000Z,Winter Storm,304,"First Baptist Church of Henderson, Inc. Building",023-U6SXA-00,E,Buildings and Equipment,Eligible,Obligated,Small,Chester County,023,TN,47,144020.43,108015.33,108015.33,2026-08-10T00:00:00.000Z,2026-05-15T00:00:00.000Z,37181.2,1066670,278172,2026-08-12T15:21:33.184Z,dbf78b3a349ad6ced35091d411e0dc66f253bee3,2026-02-06,2026-05-15,2026-08-10,2026-08-12T15:21:33Z,2026,02,1,2026,2026,98,87,false,Tennessee,4,Region 4 — Atlanta,Atlanta,"AL,FL,GA,KY,MS,NC,SC,TN",47,023,47023,Permanent Work,false,true,false,false,false,false,false,true,false,false,Winter weather,false,false,false,false,false,false,false,true,false,false,false,75.00,25.82,true,false,false,false,true,false,true,100k_to_1m,https://www.fema.gov/api/open/v2/PublicAssistanceFundedProjectsDetails,https://www.fema.gov/openfema-data-page/public-assistance-funded-projects-details-v2,2026-08-17T06:23:38Z
4898,2026-02-06T00:00:00.000Z,Winter Storm,309,Adamsville Building Damage,109-00240-00,E,Buildings and Equipment,Eligible,Obligated,Small,McNairy County,109,TN,47,4100.4,3075.3,3075.3,2026-07-17T00:00:00.000Z,2026-07-17T00:00:00.000Z,1600.4,1066681,277981,2026-07-23T18:44:06.680Z,ece463e20ea739d1190a2a9aa3f20998240c96fd,2026-02-06,2026-07-17,2026-07-17,2026-07-23T18:44:06Z,2026,02,1,2026,2026,161,0,true,Tennessee,4,Region 4 — Atlanta,Atlanta,"AL,FL,GA,KY,MS,NC,SC,TN",47,109,47109,Permanent Work,false,true,false,false,false,false,false,true,false,false,Winter weather,false,false,false,false,false,false,false,true,false,false,false,75.00,39.03,true,false,false,false,true,false,true,under_10k,https://www.fema.gov/api/open/v2/PublicAssistanceFundedProjectsDetails,https://www.fema.gov/openfema-data-page/public-assistance-funded-projects-details-v2,2026-08-17T06:23:38Z
4898,2026-02-06T00:00:00.000Z,Winter Storm,313,Countywide Emergency Response,003-99003-00,B,Emergency Protective Measures,Eligible,Pending Closeout Completion,Small,Bedford County,003,TN,47,15867.72,11900.79,11900.79,2026-06-02T00:00:00.000Z,2026-06-02T00:00:00.000Z,0,1066715,278211,2026-07-23T18:44:06.680Z,a5a2e9414385ac79b2329e12616c82667baed090,2026-02-06,2026-06-02,2026-06-02,2026-07-23T18:44:06Z,2026,02,1,2026,2026,116,0,true,Tennessee,4,Region 4 — Atlanta,Atlanta,"AL,FL,GA,KY,MS,NC,SC,TN",47,003,47003,Emergency Work,true,false,false,false,true,false,false,false,false,false,Winter weather,false,false,false,false,false,false,false,true,false,false,false,75.00,0.00,false,false,false,false,true,false,true,10k_to_100k,https://www.fema.gov/api/open/v2/PublicAssistanceFundedProjectsDetails,https://www.fema.gov/openfema-data-page/public-assistance-funded-projects-details-v2,2026-08-17T06:23:38Z
4898,2026-02-06T00:00:00.000Z,Winter Storm,316,Town of Michie Generator,109-48180-00,F,Utilities,Eligible,Obligated,Small,Madison County,113,TN,47,110392,82794,82794,2026-06-04T00:00:00.000Z,2026-06-04T00:00:00.000Z,0,1066768,278019,2026-07-23T18:44:06.680Z,87e54640b9669d7b02829f79846e1826b594d3b1,2026-02-06,2026-06-04,2026-06-04,2026-07-23T18:44:06Z,2026,02,1,2026,2026,118,0,true,Tennessee,4,Region 4 — Atlanta,Atlanta,"AL,FL,GA,KY,MS,NC,SC,TN",47,113,47113,Permanent Work,false,true,false,false,false,false,false,false,true,false,Winter weather,false,false,false,false,false,false,false,true,false,false,false,75.00,0.00,false,false,false,false,true,false,true,10k_to_100k,https://www.fema.gov/api/open/v2/PublicAssistanceFundedProjectsDetails,https://www.fema.gov/openfema-data-page/public-assistance-funded-projects-details-v2,2026-08-17T06:23:38Z
4898,2026-02-06T00:00:00.000Z,Winter Storm,317,Rutherford Co. Power Restoration Emergency Measures,000-U015F-00,B,Emergency Protective Measures,Eligible,Obligated,Small,Rutherford County,149,TN,47,547050.96,410288.22,410288.22,2026-06-12T00:00:00.000Z,2026-06-12T00:00:00.000Z,0,1066770,277546,2026-07-23T18:44:06.680Z,beec12b7c72b046f8ae3524b25ccf4e3933fb4c5,2026-02-06,2026-06-12,2026-06-12,2026-07-23T18:44:06Z,2026,02,1,2026,2026,126,0,true,Tennessee,4,Region 4 — Atlanta,Atlanta,"AL,FL,GA,KY,MS,NC,SC,TN",47,149,47149,Emergency Work,true,false,false,false,true,false,false,false,false,false,Winter weather,false,false,false,false,false,false,false,true,false,false,false,75.00,0.00,false,false,false,false,true,false,true,100k_to_1m,https://www.fema.gov/api/open/v2/PublicAssistanceFundedProjectsDetails,https://www.fema.gov/openfema-data-page/public-assistance-funded-projects-details-v2,2026-08-17T06:23:38Z
4898,2026-02-06T00:00:00.000Z,Winter Storm,319,Church Mechanical Room,037-006E6-00,E,Buildings and Equipment,Eligible,Obligated,Small,Davidson County,037,TN,47,47348.92,35511.69,35511.69,2026-05-21T00:00:00.000Z,2026-05-21T00:00:00.000Z,4725,1066780,278156,2026-07-23T18:44:06.680Z,0d4d14a5396bfecda6822455d6ee496665262f50,2026-02-06,2026-05-21,2026-05-21,2026-07-23T18:44:06Z,2026,02,1,2026,2026,104,0,true,Tennessee,4,Region 4 — Atlanta,Atlanta,"AL,FL,GA,KY,MS,NC,SC,TN",47,037,47037,Permanent Work,false,true,false,false,false,false,false,true,false,false,Winter weather,false,false,false,false,false,false,false,true,false,false,false,75.00,9.98,true,false,false,false,true,false,true,10k_to_100k,https://www.fema.gov/api/open/v2/PublicAssistanceFundedProjectsDetails,https://www.fema.gov/openfema-data-page/public-assistance-funded-projects-details-v2,2026-08-17T06:23:38Z
4898,2026-02-06T00:00:00.000Z,Winter Storm,320,Knoxville Utilities - Union County Damaged Electrical,093-000F0-00,F,Utilities,Eligible,Obligated,Small,Knox County,093,TN,47,74154.22,55615.67,55615.67,2026-07-17T00:00:00.000Z,2026-07-17T00:00:00.000Z,0,1066781,278205,2026-07-23T18:44:06.680Z,0d077f76368b98c15378bcdef31700ce00ddfdc4,2026-02-06,2026-07-17,2026-07-17,2026-07-23T18:44:06Z,2026,02,1,2026,2026,161,0,true,Tennessee,4,Region 4 — Atlanta,Atlanta,"AL,FL,GA,KY,MS,NC,SC,TN",47,093,47093,Permanent Work,false,true,false,false,false,false,false,false,true,false,Winter weather,false,false,false,false,false,false,false,true,false,false,false,75.00,0.00,false,false,false,false,true,false,true,10k_to_100k,https://www.fema.gov/api/open/v2/PublicAssistanceFundedProjectsDetails,https://www.fema.gov/openfema-data-page/public-assistance-funded-projects-details-v2,2026-08-17T06:23:38Z
4898,2026-02-06T00:00:00.000Z,Winter Storm,323,Hamilton County - EPM,065-99065-00,B,Emergency Protective Measures,Eligible,Obligated,Small,Hamilton County,065,TN,47,36625.45,27469.09,27469.09,2026-05-26T00:00:00.000Z,2026-05-26T00:00:00.000Z,0,1066795,278194,2026-07-23T18:44:06.680Z,96ec9a233227d875a8b9d4cb0fd188185023921a,2026-02-06,2026-05-26,2026-05-26,2026-07-23T18:44:06Z,2026,02,1,2026,2026,109,0,true,Tennessee,4,Region 4 — Atlanta,Atlanta,"AL,FL,GA,KY,MS,NC,SC,TN",47,065,47065,Emergency Work,true,false,false,false,true,false,false,false,false,false,Winter weather,false,false,false,false,false,false,false,true,false,false,false,75.00,0.00,false,false,false,false,true,false,true,10k_to_100k,https://www.fema.gov/api/open/v2/PublicAssistanceFundedProjectsDetails,https://www.fema.gov/openfema-data-page/public-assistance-funded-projects-details-v2,2026-08-17T06:23:38Z
4898,2026-02-06T00:00:00.000Z,Winter Storm,324,Hamilton Count - Debris removal,065-99065-00,A,Debris Removal,Eligible,Obligated,Small,Hamilton County,065,TN,47,170454.11,127840.59,127840.59,2026-06-08T00:00:00.000Z,2026-06-08T00:00:00.000Z,0,1066796,278194,2026-07-23T18:44:06.680Z,f4b4b262d98d681d2ba075995536e0a2f6ff3f06,2026-02-06,2026-06-08,2026-06-08,2026-07-23T18:44:06Z,2026,02,1,2026,2026,122,0,true,Tennessee,4,Region 4 — Atlanta,Atlanta,"AL,FL,GA,KY,MS,NC,SC,TN",47,065,47065,Emergency Work,true,false,false,true,false,false,false,false,false,false,Winter weather,false,false,false,false,false,false,false,true,false,false,false,75.00,0.00,false,false,false,false,true,false,true,100k_to_1m,https://www.fema.gov/api/open/v2/PublicAssistanceFundedProjectsDetails,https://www.fema.gov/openfema-data-page/public-assistance-funded-projects-details-v2,2026-08-17T06:23:38Z
4898,2026-02-06T00:00:00.000Z,Winter Storm,326,City EPM,187-25440-00,B,Emergency Protective Measures,Eligible,Obligated,Small,Williamson County,187,TN,47,33109.12,24831.84,24831.84,2026-06-02T00:00:00.000Z,2026-06-02T00:00:00.000Z,0,1066800,278065,2026-07-23T18:44:06.680Z,64804cc116f66713ce831cfdc46b4bdc51f03a97,2026-02-06,2026-06-02,2026-06-02,2026-07-23T18:44:06Z,2026,02,1,2026,2026,116,0,true,Tennessee,4,Region 4 — Atlanta,Atlanta,"AL,FL,GA,KY,MS,NC,SC,TN",47,187,47187,Emergency Work,true,false,false,false,true,false,false,false,false,false,Winter weather,false,false,false,false,false,false,false,true,false,false,false,75.00,0.00,false,false,false,false,true,false,true,10k_to_100k,https://www.fema.gov/api/open/v2/PublicAssistanceFundedProjectsDetails,https://www.fema.gov/openfema-data-page/public-assistance-funded-projects-details-v2,2026-08-17T06:23:38Z
4898,2026-02-06T00:00:00.000Z,Winter Storm,327,Atoka,167-02340-00,B,Emergency Protective Measures,Eligible,Obligated,Small,Tipton County,167,TN,47,9221.55,6916.17,6916.17,2026-07-07T00:00:00.000Z,2026-07-07T00:00:00.000Z,0,1066812,278210,2026-07-23T18:44:06.680Z,a5c5d14231c103151891efab9be7dad3563386c4,2026-02-06,2026-07-07,2026-07-07,2026-07-23T18:44:06Z,2026,02,1,2026,2026,151,0,true,Tennessee,4,Region 4 — Atlanta,Atlanta,"AL,FL,GA,KY,MS,NC,SC,TN",47,167,47167,Emergency Work,true,false,false,false,true,false,false,false,false,false,Winter weather,false,false,false,false,false,false,false,true,false,false,false,75.00,0.00,false,false,false,false,true,false,true,under_10k,https://www.fema.gov/api/open/v2/PublicAssistanceFundedProjectsDetails,https://www.fema.gov/openfema-data-page/public-assistance-funded-projects-details-v2,2026-08-17T06:23:38Z
4898,2026-02-06T00:00:00.000Z,Winter Storm,328,Andrew Jackson Foundation - Emergency Protective Measures,037-UXYVL-00,B,Emergency Protective Measures,Eligible,Obligated,Small,Davidson County,037,TN,47,5777.28,4332.96,4332.96,2026-06-18T00:00:00.000Z,2026-06-18T00:00:00.000Z,0,1066817,278132,2026-07-23T18:44:06.680Z,c204261aa1170fabaaef555ac0a56ffdeba65fac,2026-02-06,2026-06-18,2026-06-18,2026-07-23T18:44:06Z,2026,02,1,2026,2026,132,0,true,Tennessee,4,Region 4 — Atlanta,Atlanta,"AL,FL,GA,KY,MS,NC,SC,TN",47,037,47037,Emergency Work,true,false,false,false,true,false,false,false,false,false,Winter weather,false,false,false,false,false,false,false,true,false,false,false,75.00,0.00,false,false,false,false,true,false,true,under_10k,https://www.fema.gov/api/open/v2/PublicAssistanceFundedProjectsDetails,https://www.fema.gov/openfema-data-page/public-assistance-funded-projects-details-v2,2026-08-17T06:23:38Z
4898,2026-02-06T00:00:00.000Z,Winter Storm,329,Town of Westmoreland Debris Removal,165-79420-00,A,Debris Removal,Eligible,Obligated,Small,Sumner County,165,TN,47,92954.4,69715.8,69715.8,2026-07-09T00:00:00.000Z,2026-07-09T00:00:00.000Z,0,1066844,278154,2026-07-23T18:44:06.680Z,465d9cfdc9a431e0b5fa274452fffe9841a98b25,2026-02-06,2026-07-09,2026-07-09,2026-07-23T18:44:06Z,2026,02,1,2026,2026,153,0,true,Tennessee,4,Region 4 — Atlanta,Atlanta,"AL,FL,GA,KY,MS,NC,SC,TN",47,165,47165,Emergency Work,true,false,false,true,false,false,false,false,false,false,Winter weather,false,false,false,false,false,false,false,true,false,false,false,75.00,0.00,false,false,false,false,true,false,true,10k_to_100k,https://www.fema.gov/api/open/v2/PublicAssistanceFundedProjectsDetails,https://www.fema.gov/openfema-data-page/public-assistance-funded-projects-details-v2,2026-08-17T06:23:38Z
4898,2026-02-06T00:00:00.000Z,Winter Storm,330,Town of Westmoreland EPM's,165-79420-00,B,Emergency Protective Measures,Eligible,Obligated,Small,Sumner County,165,TN,47,6152.13,4614.1,4614.1,2026-07-15T00:00:00.000Z,2026-07-15T00:00:00.000Z,0,1066846,278154,2026-07-23T18:44:06.680Z,4ab8019ca4b46238eafb685b1ca2ff3dd7cc8021,2026-02-06,2026-07-15,2026-07-15,2026-07-23T18:44:06Z,2026,02,1,2026,2026,159,0,true,Tennessee,4,Region 4 — Atlanta,Atlanta,"AL,FL,GA,KY,MS,NC,SC,TN",47,165,47165,Emergency Work,true,false,false,false,true,false,false,false,false,false,Winter weather,false,false,false,false,false,false,false,true,false,false,false,75.00,0.00,false,false,false,false,true,false,true,under_10k,https://www.fema.gov/api/open/v2/PublicAssistanceFundedProjectsDetails,https://www.fema.gov/openfema-data-page/public-assistance-funded-projects-details-v2,2026-08-17T06:23:38Z
4898,2026-02-06T00:00:00.000Z,Winter Storm,331,Perry County EPM Winter Storm Fern,135-99135-00,B,Emergency Protective Measures,Eligible,Obligated,Small,Perry County,135,TN,47,48732,36549,36549,2026-06-02T00:00:00.000Z,2026-06-02T00:00:00.000Z,0,1066848,278152,2026-07-23T18:44:06.680Z,7b3a5d24c8a904a964689f80aed3476ff45b5955,2026-02-06,2026-06-02,2026-06-02,2026-07-23T18:44:06Z,2026,02,1,2026,2026,116,0,true,Tennessee,4,Region 4 — Atlanta,Atlanta,"AL,FL,GA,KY,MS,NC,SC,TN",47,135,47135,Emergency Work,true,false,false,false,true,false,false,false,false,false,Winter weather,false,false,false,false,false,false,false,true,false,false,false,75.00,0.00,false,false,false,false,true,false,true,10k_to_100k,https://www.fema.gov/api/open/v2/PublicAssistanceFundedProjectsDetails,https://www.fema.gov/openfema-data-page/public-assistance-funded-projects-details-v2,2026-08-17T06:23:38Z
4898,2026-02-06T00:00:00.000Z,Winter Storm,332,COFH - MOU - Debris Removal,037-006D9-00,A,Debris Removal,Eligible,Obligated,Large,Davidson County,037,TN,47,2350810.36,1763107.77,1763107.77,2026-06-12T00:00:00.000Z,2026-06-12T00:00:00.000Z,0,1066869,278168,2026-07-23T18:44:06.680Z,577e9592bc4e9e7341beaea0554f24ced5acd3ff,2026-02-06,2026-06-12,2026-06-12,2026-07-23T18:44:06Z,2026,02,1,2026,2026,126,0,true,Tennessee,4,Region 4 — Atlanta,Atlanta,"AL,FL,GA,KY,MS,NC,SC,TN",47,037,47037,Emergency Work,true,false,false,true,false,false,false,false,false,false,Winter weather,false,false,false,false,false,false,false,true,false,false,false,75.00,0.00,false,false,false,true,false,false,true,1m_to_10m,https://www.fema.gov/api/open/v2/PublicAssistanceFundedProjectsDetails,https://www.fema.gov/openfema-data-page/public-assistance-funded-projects-details-v2,2026-08-17T06:23:38Z
4898,2026-02-06T00:00:00.000Z,Winter Storm,333,"Cut & Toss, and emergency repairs of fiber optics and AC unit.",000-UWWO4-00,B,Emergency Protective Measures,Eligible,Obligated,Small,Sumner County,165,TN,47,145987.9,109490.93,109490.93,2026-06-29T00:00:00.000Z,2026-06-29T00:00:00.000Z,0,1066892,278042,2026-07-23T18:44:06.680Z,bc566bb767cf6db261b45ea54157847e62488d57,2026-02-06,2026-06-29,2026-06-29,2026-07-23T18:44:06Z,2026,02,1,2026,2026,143,0,true,Tennessee,4,Region 4 — Atlanta,Atlanta,"AL,FL,GA,KY,MS,NC,SC,TN",47,165,47165,Emergency Work,true,false,false,false,true,false,false,false,false,false,Winter weather,false,false,false,false,false,false,false,true,false,false,false,75.00,0.00,false,false,false,false,true,false,true,100k_to_1m,https://www.fema.gov/api/open/v2/PublicAssistanceFundedProjectsDetails,https://www.fema.gov/openfema-data-page/public-assistance-funded-projects-details-v2,2026-08-17T06:23:38Z
4898,2026-02-06T00:00:00.000Z,Winter Storm,335,City of Clarksville - Buildings and Equipment,125-15160-00,E,Buildings and Equipment,Eligible,Obligated,Small,Montgomery County,125,TN,47,16720,12540,12540,2026-06-24T00:00:00.000Z,2026-06-24T00:00:00.000Z,0,1066907,278006,2026-07-23T18:44:06.680Z,8fe2eeda23d44c783a862fd67059db13a9d8d697,2026-02-06,2026-06-24,2026-06-24,2026-07-23T18:44:06Z,2026,02,1,2026,2026,138,0,true,Tennessee,4,Region 4 — Atlanta,Atlanta,"AL,FL,GA,KY,MS,NC,SC,TN",47,125,47125,Permanent Work,false,true,false,false,false,false,false,true,false,false,Winter weather,false,false,false,false,false,false,false,true,false,false,false,75.00,0.00,false,false,false,false,true,false,true,10k_to_100k,https://www.fema.gov/api/open/v2/PublicAssistanceFundedProjectsDetails,https://www.fema.gov/openfema-data-page/public-assistance-funded-projects-details-v2,2026-08-17T06:23:38Z
4898,2026-02-06T00:00:00.000Z,Winter Storm,336,"Snow Plowing, Shoveling and Ice melt",187-UHN1I-00,B,Emergency Protective Measures,Eligible,Obligated,Small,Williamson County,187,TN,47,35460,26595,26595,2026-06-24T00:00:00.000Z,2026-06-24T00:00:00.000Z,0,1066911,278009,2026-07-23T18:44:06.680Z,0e49c1ff5a87553dafaa264271a045c40599d328,2026-02-06,2026-06-24,2026-06-24,2026-07-23T18:44:06Z,2026,02,1,2026,2026,138,0,true,Tennessee,4,Region 4 — Atlanta,Atlanta,"AL,FL,GA,KY,MS,NC,SC,TN",47,187,47187,Emergency Work,true,false,false,false,true,false,false,false,false,false,Winter weather,false,false,false,false,false,false,false,true,false,false,false,75.00,0.00,false,false,false,false,true,false,true,10k_to_100k,https://www.fema.gov/api/open/v2/PublicAssistanceFundedProjectsDetails,https://www.fema.gov/openfema-data-page/public-assistance-funded-projects-details-v2,2026-08-17T06:23:38Z
4898,2026-02-06T00:00:00.000Z,Winter Storm,338,Emergency Protective Measures and Response,000-U0067-00,B,Emergency Protective Measures,Eligible,Obligated,Small,Statewide,037,TN,47,121701.07,91275.81,91275.81,2026-08-06T00:00:00.000Z,2026-08-06T00:00:00.000Z,0,1066917,278079,2026-08-07T15:23:14.370Z,fe55fdad572d51d2386726e847cae5e02c67d3c5,2026-02-06,2026-08-06,2026-08-06,2026-08-07T15:23:14Z,2026,02,1,2026,2026,181,0,true,Tennessee,4,Region 4 — Atlanta,Atlanta,"AL,FL,GA,KY,MS,NC,SC,TN",47,037,47037,Emergency Work,true,false,false,false,true,false,false,false,false,false,Winter weather,false,false,false,false,false,false,false,true,false,false,false,75.00,0.00,false,false,false,false,true,false,true,10k_to_100k,https://www.fema.gov/api/open/v2/PublicAssistanceFundedProjectsDetails,https://www.fema.gov/openfema-data-page/public-assistance-funded-projects-details-v2,2026-08-17T06:23:38Z
4898,2026-02-06T00:00:00.000Z,Winter Storm,339,Freedom Intermediate School,187-00257-00,E,Buildings and Equipment,Eligible,Obligated,Small,Williamson County,187,TN,47,8966.04,6724.53,6724.53,2026-07-21T00:00:00.000Z,2026-07-21T00:00:00.000Z,0,1066927,278036,2026-07-23T18:44:06.680Z,b7b0312830e86b7806f908d4bc9f49170c0b2541,2026-02-06,2026-07-21,2026-07-21,2026-07-23T18:44:06Z,2026,02,1,2026,2026,165,0,true,Tennessee,4,Region 4 — Atlanta,Atlanta,"AL,FL,GA,KY,MS,NC,SC,TN",47,187,47187,Permanent Work,false,true,false,false,false,false,false,true,false,false,Winter weather,false,false,false,false,false,false,false,true,false,false,false,75.00,0.00,false,false,false,false,true,false,true,under_10k,https://www.fema.gov/api/open/v2/PublicAssistanceFundedProjectsDetails,https://www.fema.gov/openfema-data-page/public-assistance-funded-projects-details-v2,2026-08-17T06:23:38Z
4898,2026-02-06T00:00:00.000Z,Winter Storm,341,Freedom Middle School Road & Parking Lot,187-00257-00,C,Roads and Bridges,Eligible,Obligated,Small,Williamson County,187,TN,47,59000,44250,44250,2026-07-21T00:00:00.000Z,2026-07-21T00:00:00.000Z,0,1066930,278036,2026-07-23T18:44:06.680Z,1d52880c0c031bd95488760a936bce55184c9e44,2026-02-06,2026-07-21,2026-07-21,2026-07-23T18:44:06Z,2026,02,1,2026,2026,165,0,true,Tennessee,4,Region 4 — Atlanta,Atlanta,"AL,FL,GA,KY,MS,NC,SC,TN",47,187,47187,Permanent Work,false,true,false,false,false,true,false,false,false,false,Winter weather,false,false,false,false,false,false,false,true,false,false,false,75.00,0.00,false,false,false,false,true,false,true,10k_to_100k,https://www.fema.gov/api/open/v2/PublicAssistanceFundedProjectsDetails,https://www.fema.gov/openfema-data-page/public-assistance-funded-projects-details-v2,2026-08-17T06:23:38Z
4898,2026-02-06T00:00:00.000Z,Winter Storm,344,City of Belle Meade-MOU-Debris Removal,037-04620-00,A,Debris Removal,Eligible,Pending Large Project Review,Small,Davidson County,037,TN,47,866067.02,649550.27,649550.27,2026-06-12T00:00:00.000Z,2026-06-12T00:00:00.000Z,0,1066948,278162,2026-07-23T18:44:06.680Z,14b72d3d15b5f8a2b480f936a205105bbb80dd87,2026-02-06,2026-06-12,2026-06-12,2026-07-23T18:44:06Z,2026,02,1,2026,2026,126,0,true,Tennessee,4,Region 4 — Atlanta,Atlanta,"AL,FL,GA,KY,MS,NC,SC,TN",47,037,47037,Emergency Work,true,false,false,true,false,false,false,false,false,false,Winter weather,false,false,false,false,false,false,false,true,false,false,false,75.00,0.00,false,false,false,false,true,false,true,100k_to_1m,https://www.fema.gov/api/open/v2/PublicAssistanceFundedProjectsDetails,https://www.fema.gov/openfema-data-page/public-assistance-funded-projects-details-v2,2026-08-17T06:23:38Z
4898,2026-02-06T00:00:00.000Z,Winter Storm,345,City of Belle Meade Winter Storm Fern EPM,037-04620-00,B,Emergency Protective Measures,Eligible,Obligated,Small,Davidson County,037,TN,47,25749.52,19312.14,19312.14,2026-05-26T00:00:00.000Z,2026-05-26T00:00:00.000Z,0,1066949,278162,2026-07-23T18:44:06.680Z,2cfcb69669b51c063097c012a0fec1b3fa54ea15,2026-02-06,2026-05-26,2026-05-26,2026-07-23T18:44:06Z,2026,02,1,2026,2026,109,0,true,Tennessee,4,Region 4 — Atlanta,Atlanta,"AL,FL,GA,KY,MS,NC,SC,TN",47,037,47037,Emergency Work,true,false,false,false,true,false,false,false,false,false,Winter weather,false,false,false,false,false,false,false,true,false,false,false,75.00,0.00,false,false,false,false,true,false,true,10k_to_100k,https://www.fema.gov/api/open/v2/PublicAssistanceFundedProjectsDetails,https://www.fema.gov/openfema-data-page/public-assistance-funded-projects-details-v2,2026-08-17T06:23:38Z
4898,2026-02-06T00:00:00.000Z,Winter Storm,346,Hickman County Sheriff Department - Emergency Protective Measures,081-99081-00,B,Emergency Protective Measures,Eligible,Obligated,Small,Hickman County,081,TN,47,36443.21,27332.41,27332.41,2026-06-24T00:00:00.000Z,2026-06-24T00:00:00.000Z,0,1066950,278159,2026-07-23T18:44:06.680Z,085fb155999606dc6a64d8d2ef394f7581210555,2026-02-06,2026-06-24,2026-06-24,2026-07-23T18:44:06Z,2026,02,1,2026,2026,138,0,true,Tennessee,4,Region 4 — Atlanta,Atlanta,"AL,FL,GA,KY,MS,NC,SC,TN",47,081,47081,Emergency Work,true,false,false,false,true,false,false,false,false,false,Winter weather,false,false,false,false,false,false,false,true,false,false,false,75.00,0.00,false,false,false,false,true,false,true,10k_to_100k,https://www.fema.gov/api/open/v2/PublicAssistanceFundedProjectsDetails,https://www.fema.gov/openfema-data-page/public-assistance-funded-projects-details-v2,2026-08-17T06:23:38Z
4898,2026-02-06T00:00:00.000Z,Winter Storm,347,County of Robertson_Cat B - Emergency Protective Measures,147-99147-00,B,Emergency Protective Measures,Eligible,Obligated,Small,Robertson County,147,TN,47,14787.35,11090.52,11090.52,2026-07-15T00:00:00.000Z,2026-07-15T00:00:00.000Z,0,1066952,278148,2026-07-23T18:44:06.680Z,e4c9f5bb747ca563d699ef5e81018984b5703a7c,2026-02-06,2026-07-15,2026-07-15,2026-07-23T18:44:06Z,2026,02,1,2026,2026,159,0,true,Tennessee,4,Region 4 — Atlanta,Atlanta,"AL,FL,GA,KY,MS,NC,SC,TN",47,147,47147,Emergency Work,true,false,false,false,true,false,false,false,false,false,Winter weather,false,false,false,false,false,false,false,true,false,false,false,75.00,0.00,false,false,false,false,true,false,true,10k_to_100k,https://www.fema.gov/api/open/v2/PublicAssistanceFundedProjectsDetails,https://www.fema.gov/openfema-data-page/public-assistance-funded-projects-details-v2,2026-08-17T06:23:38Z
4898,2026-02-06T00:00:00.000Z,Winter Storm,348,MLGW EPM,157-0464A-00,B,Emergency Protective Measures,Eligible,Obligated,Small,Shelby County,157,TN,47,22547.55,16910.67,16910.67,2026-06-09T00:00:00.000Z,2026-06-09T00:00:00.000Z,0,1066955,278200,2026-07-23T18:44:06.680Z,79cf21445cd8f1d425caf205ec183df062fb8c2d,2026-02-06,2026-06-09,2026-06-09,2026-07-23T18:44:06Z,2026,02,1,2026,2026,123,0,true,Tennessee,4,Region 4 — Atlanta,Atlanta,"AL,FL,GA,KY,MS,NC,SC,TN",47,157,47157,Emergency Work,true,false,false,false,true,false,false,false,false,false,Winter weather,false,false,false,false,false,false,false,true,false,false,false,75.00,0.00,false,false,false,false,true,false,true,10k_to_100k,https://www.fema.gov/api/open/v2/PublicAssistanceFundedProjectsDetails,https://www.fema.gov/openfema-data-page/public-assistance-funded-projects-details-v2,2026-08-17T06:23:38Z
4898,2026-02-06T00:00:00.000Z,Winter Storm,353,Utilities Restoration,000-UMEXZ-00,F,Utilities,Eligible,Obligated,Small,Statewide,047,TN,47,157573.56,118180.17,118180.17,2026-06-08T00:00:00.000Z,2026-06-08T00:00:00.000Z,0,1066992,278175,2026-07-23T18:44:06.680Z,f079b1de525359f520c62aa2b45c97ba6344c047,2026-02-06,2026-06-08,2026-06-08,2026-07-23T18:44:06Z,2026,02,1,2026,2026,122,0,true,Tennessee,4,Region 4 — Atlanta,Atlanta,"AL,FL,GA,KY,MS,NC,SC,TN",47,047,47047,Permanent Work,false,true,false,false,false,false,false,false,true,false,Winter weather,false,false,false,false,false,false,false,true,false,false,false,75.00,0.00,false,false,false,false,true,false,true,100k_to_1m,https://www.fema.gov/api/open/v2/PublicAssistanceFundedProjectsDetails,https://www.fema.gov/openfema-data-page/public-assistance-funded-projects-details-v2,2026-08-17T06:23:38Z
4898,2026-02-06T00:00:00.000Z,Winter Storm,354,City of Lafayette Emergency Protective Measures,111-40160-00,B,Emergency Protective Measures,Eligible,Obligated,Small,Macon County,111,TN,47,176246.61,132184.96,132184.96,2026-07-08T00:00:00.000Z,2026-07-08T00:00:00.000Z,0,1067001,278161,2026-07-23T18:44:06.680Z,286d42910c73a5f50a6595583154f3967c200f64,2026-02-06,2026-07-08,2026-07-08,2026-07-23T18:44:06Z,2026,02,1,2026,2026,152,0,true,Tennessee,4,Region 4 — Atlanta,Atlanta,"AL,FL,GA,KY,MS,NC,SC,TN",47,111,47111,Emergency Work,true,false,false,false,true,false,false,false,false,false,Winter weather,false,false,false,false,false,false,false,true,false,false,false,75.00,0.00,false,false,false,false,true,false,true,100k_to_1m,https://www.fema.gov/api/open/v2/PublicAssistanceFundedProjectsDetails,https://www.fema.gov/openfema-data-page/public-assistance-funded-projects-details-v2,2026-08-17T06:23:38Z
4898,2026-02-06T00:00:00.000Z,Winter Storm,355,EMERGENCY PROTECTIVE MEASURES -DEBRIS CLEARANCE (CUT AND TOSS)  HIGHWAY DEPT STAFF,043-99043-00,B,Emergency Protective Measures,Eligible,Obligated,Small,Dickson County,043,TN,47,16701.64,12526.23,12526.23,2026-05-26T00:00:00.000Z,2026-05-26T00:00:00.000Z,0,1067008,277811,2026-07-23T18:44:06.680Z,ca2048c5a82e8e5639888a1b1ddfae307a3fb0be,2026-02-06,2026-05-26,2026-05-26,2026-07-23T18:44:06Z,2026,02,1,2026,2026,109,0,true,Tennessee,4,Region 4 — Atlanta,Atlanta,"AL,FL,GA,KY,MS,NC,SC,TN",47,043,47043,Emergency Work,true,false,false,false,true,false,false,false,false,false,Winter weather,false,false,false,false,false,false,false,true,false,false,false,75.00,0.00,false,false,false,false,true,false,true,10k_to_100k,https://www.fema.gov/api/open/v2/PublicAssistanceFundedProjectsDetails,https://www.fema.gov/openfema-data-page/public-assistance-funded-projects-details-v2,2026-08-17T06:23:38Z
4898,2026-02-06T00:00:00.000Z,Winter Storm,356,Temporary Weather Head Repairs,101-35160-00,B,Emergency Protective Measures,Eligible,Obligated,Small,Lewis County,101,TN,47,7418.82,5564.12,5564.12,2026-05-26T00:00:00.000Z,2026-05-26T00:00:00.000Z,0,1067031,277994,2026-07-23T18:44:06.680Z,1875d2605d2af26431f30c7763769d5f1024a0c3,2026-02-06,2026-05-26,2026-05-26,2026-07-23T18:44:06Z,2026,02,1,2026,2026,109,0,true,Tennessee,4,Region 4 — Atlanta,Atlanta,"AL,FL,GA,KY,MS,NC,SC,TN",47,101,47101,Emergency Work,true,false,false,false,true,false,false,false,false,false,Winter weather,false,false,false,false,false,false,false,true,false,false,false,75.00,0.00,false,false,false,false,true,false,true,under_10k,https://www.fema.gov/api/open/v2/PublicAssistanceFundedProjectsDetails,https://www.fema.gov/openfema-data-page/public-assistance-funded-projects-details-v2,2026-08-17T06:23:38Z
4898,2026-02-06T00:00:00.000Z,Winter Storm,357,Benton County Emergency Protective Measures,005-99005-00,B,Emergency Protective Measures,Eligible,Obligated,Small,Benton County,005,TN,47,16270.88,12203.16,12203.16,2026-05-07T00:00:00.000Z,2026-05-07T00:00:00.000Z,0,1067035,278025,2026-07-23T18:44:06.680Z,6e0bb932b5800049bc84217745a884ae15eb9cc8,2026-02-06,2026-05-07,2026-05-07,2026-07-23T18:44:06Z,2026,02,1,2026,2026,90,0,true,Tennessee,4,Region 4 — Atlanta,Atlanta,"AL,FL,GA,KY,MS,NC,SC,TN",47,005,47005,Emergency Work,true,false,false,false,true,false,false,false,false,false,Winter weather,false,false,false,false,false,false,false,true,false,false,false,75.00,0.00,false,false,false,false,true,false,true,10k_to_100k,https://www.fema.gov/api/open/v2/PublicAssistanceFundedProjectsDetails,https://www.fema.gov/openfema-data-page/public-assistance-funded-projects-details-v2,2026-08-17T06:23:38Z
4898,2026-02-06T00:00:00.000Z,Winter Storm,359,REU - County-wide Damaged Electrical,000-U0158-00,F,Utilities,Eligible,Obligated,Small,Statewide,145,TN,47,356480.93,267360.7,267360.7,2026-06-12T00:00:00.000Z,2026-06-12T00:00:00.000Z,0,1067043,278197,2026-07-23T18:44:06.680Z,bec7cd5c99c54e5a411111772a3c223b930402af,2026-02-06,2026-06-12,2026-06-12,2026-07-23T18:44:06Z,2026,02,1,2026,2026,126,0,true,Tennessee,4,Region 4 — Atlanta,Atlanta,"AL,FL,GA,KY,MS,NC,SC,TN",47,145,47145,Permanent Work,false,true,false,false,false,false,false,false,true,false,Winter weather,false,false,false,false,false,false,false,true,false,false,false,75.00,0.00,false,false,false,false,true,false,true,100k_to_1m,https://www.fema.gov/api/open/v2/PublicAssistanceFundedProjectsDetails,https://www.fema.gov/openfema-data-page/public-assistance-funded-projects-details-v2,2026-08-17T06:23:38Z
4898,2026-02-06T00:00:00.000Z,Winter Storm,362,Overton County - Utility District Water Leak Repairs,133-99133-00,F,Utilities,Eligible,Obligated,Small,Overton County,133,TN,47,39568.43,29676.33,29676.33,2026-06-12T00:00:00.000Z,2026-06-12T00:00:00.000Z,0,1067052,278138,2026-07-23T18:44:06.680Z,5c4dc1f8ea390ffb988a60ab0f609193d789fcd1,2026-02-06,2026-06-12,2026-06-12,2026-07-23T18:44:06Z,2026,02,1,2026,2026,126,0,true,Tennessee,4,Region 4 — Atlanta,Atlanta,"AL,FL,GA,KY,MS,NC,SC,TN",47,133,47133,Permanent Work,false,true,false,false,false,false,false,false,true,false,Winter weather,false,false,false,false,false,false,false,true,false,false,false,75.00,0.00,false,false,false,false,true,false,true,10k_to_100k,https://www.fema.gov/api/open/v2/PublicAssistanceFundedProjectsDetails,https://www.fema.gov/openfema-data-page/public-assistance-funded-projects-details-v2,2026-08-17T06:23:38Z
4898,2026-02-06T00:00:00.000Z,Winter Storm,363,City of Bartlett Park,157-03440-00,G,"Parks, Recreational Facilities, and Other Items",Eligible,Obligated,Small,Shelby County,157,TN,47,8136.91,6102.69,6102.69,2026-06-08T00:00:00.000Z,2026-06-08T00:00:00.000Z,1200,1067054,278198,2026-07-23T18:44:06.680Z,36d691b66fc467b7d697390e4e46d763781e0d49,2026-02-06,2026-06-08,2026-06-08,2026-07-23T18:44:06Z,2026,02,1,2026,2026,122,0,true,Tennessee,4,Region 4 — Atlanta,Atlanta,"AL,FL,GA,KY,MS,NC,SC,TN",47,157,47157,Permanent Work,false,true,false,false,false,false,false,false,false,true,Winter weather,false,false,false,false,false,false,false,true,false,false,false,75.00,14.75,true,false,false,false,true,false,true,under_10k,https://www.fema.gov/api/open/v2/PublicAssistanceFundedProjectsDetails,https://www.fema.gov/openfema-data-page/public-assistance-funded-projects-details-v2,2026-08-17T06:23:38Z
4898,2026-02-06T00:00:00.000Z,Winter Storm,364,Wayne County Sheriff Department - Debris Removal,181-99181-00,A,Debris Removal,Eligible,Obligated,Small,Wayne County,181,TN,47,34803.2,26102.4,26102.4,2026-06-11T00:00:00.000Z,2026-06-11T00:00:00.000Z,0,1067085,277997,2026-07-23T18:44:06.680Z,a9f5d2cdf5746cdd46f80fb18f0a397a480d2595,2026-02-06,2026-06-11,2026-06-11,2026-07-23T18:44:06Z,2026,02,1,2026,2026,125,0,true,Tennessee,4,Region 4 — Atlanta,Atlanta,"AL,FL,GA,KY,MS,NC,SC,TN",47,181,47181,Emergency Work,true,false,false,true,false,false,false,false,false,false,Winter weather,false,false,false,false,false,false,false,true,false,false,false,75.00,0.00,false,false,false,false,true,false,true,10k_to_100k,https://www.fema.gov/api/open/v2/PublicAssistanceFundedProjectsDetails,https://www.fema.gov/openfema-data-page/public-assistance-funded-projects-details-v2,2026-08-17T06:23:38Z
4898,2026-02-06T00:00:00.000Z,Winter Storm,366,Town of Scotts Hill Utilities,077-66880-00,F,Utilities,Eligible,Obligated,Small,Henderson County,077,TN,47,42373.05,31779.79,31779.79,2026-07-21T00:00:00.000Z,2026-07-21T00:00:00.000Z,0,1067097,277882,2026-07-23T18:44:06.680Z,fc1023a50be6383e0e0df19e25b4fe19cbb1d64b,2026-02-06,2026-07-21,2026-07-21,2026-07-23T18:44:06Z,2026,02,1,2026,2026,165,0,true,Tennessee,4,Region 4 — Atlanta,Atlanta,"AL,FL,GA,KY,MS,NC,SC,TN",47,077,47077,Permanent Work,false,true,false,false,false,false,false,false,true,false,Winter weather,false,false,false,false,false,false,false,true,false,false,false,75.00,0.00,false,false,false,false,true,false,true,10k_to_100k,https://www.fema.gov/api/open/v2/PublicAssistanceFundedProjectsDetails,https://www.fema.gov/openfema-data-page/public-assistance-funded-projects-details-v2,2026-08-17T06:23:38Z
4898,2026-02-06T00:00:00.000Z,Winter Storm,369,Church Mission House,037-006E6-00,E,Buildings and Equipment,Eligible,Obligated,Small,Davidson County,037,TN,47,7657.69,5743.27,5743.27,2026-06-02T00:00:00.000Z,2026-06-02T00:00:00.000Z,0,1067111,278156,2026-07-23T18:44:06.680Z,dec7fd7b6fbd502746bb1f4a329fcb72547cbaba,2026-02-06,2026-06-02,2026-06-02,2026-07-23T18:44:06Z,2026,02,1,2026,2026,116,0,true,Tennessee,4,Region 4 — Atlanta,Atlanta,"AL,FL,GA,KY,MS,NC,SC,TN",47,037,47037,Permanent Work,false,true,false,false,false,false,false,true,false,false,Winter weather,false,false,false,false,false,false,false,true,false,false,false,75.00,0.00,false,false,false,false,true,false,true,under_10k,https://www.fema.gov/api/open/v2/PublicAssistanceFundedProjectsDetails,https://www.fema.gov/openfema-data-page/public-assistance-funded-projects-details-v2,2026-08-17T06:23:38Z
4898,2026-02-06T00:00:00.000Z,Winter Storm,370,"Jackson Energy Authority - Water main breaks- Pole and Transformer, and Primary line",113-07C7F-00,F,Utilities,Eligible,Obligated,Small,Madison County,113,TN,47,300313.21,225234.91,225234.91,2026-06-29T00:00:00.000Z,2026-06-29T00:00:00.000Z,0,1067116,278052,2026-07-23T18:44:06.680Z,bb8d9a21455093d68df0e87c7e3e577ee868587f,2026-02-06,2026-06-29,2026-06-29,2026-07-23T18:44:06Z,2026,02,1,2026,2026,143,0,true,Tennessee,4,Region 4 — Atlanta,Atlanta,"AL,FL,GA,KY,MS,NC,SC,TN",47,113,47113,Permanent Work,false,true,false,false,false,false,false,false,true,false,Winter weather,false,false,false,false,false,false,false,true,false,false,false,75.00,0.00,false,false,false,false,true,false,true,100k_to_1m,https://www.fema.gov/api/open/v2/PublicAssistanceFundedProjectsDetails,https://www.fema.gov/openfema-data-page/public-assistance-funded-projects-details-v2,2026-08-17T06:23:38Z
4898,2026-02-06T00:00:00.000Z,Winter Storm,375,City of Millington Utilities,157-49060-00,F,Utilities,Eligible,Obligated,Small,Shelby County,157,TN,47,17651.42,13238.57,13238.57,2026-06-02T00:00:00.000Z,2026-06-02T00:00:00.000Z,0,1067174,278041,2026-07-23T18:44:06.680Z,619f573c941c91ed2fe5caebd0a6bf26c6d8e843,2026-02-06,2026-06-02,2026-06-02,2026-07-23T18:44:06Z,2026,02,1,2026,2026,116,0,true,Tennessee,4,Region 4 — Atlanta,Atlanta,"AL,FL,GA,KY,MS,NC,SC,TN",47,157,47157,Permanent Work,false,true,false,false,false,false,false,false,true,false,Winter weather,false,false,false,false,false,false,false,true,false,false,false,75.00,0.00,false,false,false,false,true,false,true,10k_to_100k,https://www.fema.gov/api/open/v2/PublicAssistanceFundedProjectsDetails,https://www.fema.gov/openfema-data-page/public-assistance-funded-projects-details-v2,2026-08-17T06:23:38Z
4898,2026-02-06T00:00:00.000Z,Winter Storm,377,City of Lakeland Buildings,157-40350-00,E,Buildings and Equipment,Eligible,Obligated,Small,Shelby County,157,TN,47,10000,7500,7500,2026-06-25T00:00:00.000Z,2026-06-25T00:00:00.000Z,0,1067231,278174,2026-07-23T18:44:06.680Z,47950fc9240de3e2518f351ea023c7a1c72bf214,2026-02-06,2026-06-25,2026-06-25,2026-07-23T18:44:06Z,2026,02,1,2026,2026,139,0,true,Tennessee,4,Region 4 — Atlanta,Atlanta,"AL,FL,GA,KY,MS,NC,SC,TN",47,157,47157,Permanent Work,false,true,false,false,false,false,false,true,false,false,Winter weather,false,false,false,false,false,false,false,true,false,false,false,75.00,0.00,false,false,false,false,true,false,true,under_10k,https://www.fema.gov/api/open/v2/PublicAssistanceFundedProjectsDetails,https://www.fema.gov/openfema-data-page/public-assistance-funded-projects-details-v2,2026-08-17T06:23:38Z
4898,2026-02-06T00:00:00.000Z,Winter Storm,379,"Middle College (Busted Coil), Southwind HS (Busted Sprinkler Head), Bayer Building #7 (Busted Sprinkler Head), Craigmont HS (Drum Drip), Havenview MS (Domestic Water Line)- Building Damages",157-U6UVJ-00,E,Buildings and Equipment,Eligible,Obligated,Small,Shelby County,157,TN,47,21893.35,16420.02,16420.02,2026-06-19T00:00:00.000Z,2026-06-19T00:00:00.000Z,0,1067232,278038,2026-07-23T18:44:06.680Z,96312a6b22821fdeba717f220a7056346a7c4a1b,2026-02-06,2026-06-19,2026-06-19,2026-07-23T18:44:06Z,2026,02,1,2026,2026,133,0,true,Tennessee,4,Region 4 — Atlanta,Atlanta,"AL,FL,GA,KY,MS,NC,SC,TN",47,157,47157,Permanent Work,false,true,false,false,false,false,false,true,false,false,Winter weather,false,false,false,false,false,false,false,true,false,false,false,75.00,0.00,false,false,false,false,true,false,true,10k_to_100k,https://www.fema.gov/api/open/v2/PublicAssistanceFundedProjectsDetails,https://www.fema.gov/openfema-data-page/public-assistance-funded-projects-details-v2,2026-08-17T06:23:38Z
4898,2026-02-06T00:00:00.000Z,Winter Storm,380,"Germanshire Elementary, Kirby High School & Hickory Ridge Elementary Building Damages",157-U6UVJ-00,E,Buildings and Equipment,Eligible,Obligated,Small,Shelby County,157,TN,47,84172.83,63129.63,63129.63,2026-06-30T00:00:00.000Z,2026-06-30T00:00:00.000Z,31802.19,1067234,278038,2026-07-23T18:44:06.680Z,1522b71efd64a75f5c59dbb9e3398de9c4a503df,2026-02-06,2026-06-30,2026-06-30,2026-07-23T18:44:06Z,2026,02,1,2026,2026,144,0,true,Tennessee,4,Region 4 — Atlanta,Atlanta,"AL,FL,GA,KY,MS,NC,SC,TN",47,157,47157,Permanent Work,false,true,false,false,false,false,false,true,false,false,Winter weather,false,false,false,false,false,false,false,true,false,false,false,75.00,37.78,true,false,false,false,true,false,true,10k_to_100k,https://www.fema.gov/api/open/v2/PublicAssistanceFundedProjectsDetails,https://www.fema.gov/openfema-data-page/public-assistance-funded-projects-details-v2,2026-08-17T06:23:38Z
4898,2026-02-06T00:00:00.000Z,Winter Storm,383,Beacon College Prep & Freedom Preparatory Academy Millbranch Elementary Damages,157-U6UVJ-00,E,Buildings and Equipment,Eligible,Obligated,Small,Shelby County,157,TN,47,17953.33,13465,13465,2026-06-30T00:00:00.000Z,2026-06-30T00:00:00.000Z,5710,1067237,278038,2026-07-23T18:44:06.680Z,be2b7801073e7621cd21494f787b0485641844ba,2026-02-06,2026-06-30,2026-06-30,2026-07-23T18:44:06Z,2026,02,1,2026,2026,144,0,true,Tennessee,4,Region 4 — Atlanta,Atlanta,"AL,FL,GA,KY,MS,NC,SC,TN",47,157,47157,Permanent Work,false,true,false,false,false,false,false,true,false,false,Winter weather,false,false,false,false,false,false,false,true,false,false,false,75.00,31.80,true,false,false,false,true,false,true,10k_to_100k,https://www.fema.gov/api/open/v2/PublicAssistanceFundedProjectsDetails,https://www.fema.gov/openfema-data-page/public-assistance-funded-projects-details-v2,2026-08-17T06:23:38Z
4898,2026-02-06T00:00:00.000Z,Winter Storm,385,Southwest Career and Technical School (Greenhouse/ Busted Pipe Inside Shop Area) & Teacher Learning Academy (Canopy) Damages,157-U6UVJ-00,E,Buildings and Equipment,Eligible,Obligated,Small,Shelby County,157,TN,47,109770.58,82327.94,82327.94,2026-06-30T00:00:00.000Z,2026-06-30T00:00:00.000Z,21439.45,1067241,278038,2026-07-23T18:44:06.680Z,890644d71ffaa5e3023e56b31cc249c4d9d1f848,2026-02-06,2026-06-30,2026-06-30,2026-07-23T18:44:06Z,2026,02,1,2026,2026,144,0,true,Tennessee,4,Region 4 — Atlanta,Atlanta,"AL,FL,GA,KY,MS,NC,SC,TN",47,157,47157,Permanent Work,false,true,false,false,false,false,false,true,false,false,Winter weather,false,false,false,false,false,false,false,true,false,false,false,75.00,19.53,true,false,false,false,true,false,true,10k_to_100k,https://www.fema.gov/api/open/v2/PublicAssistanceFundedProjectsDetails,https://www.fema.gov/openfema-data-page/public-assistance-funded-projects-details-v2,2026-08-17T06:23:38Z
4898,2026-02-06T00:00:00.000Z,Winter Storm,405,Management Costs,145-99145-00,Z,Management Costs,Eligible,Obligated,Small,Roane County,145,TN,47,599.94,599.94,599.94,2026-05-15T00:00:00.000Z,2026-05-15T00:00:00.000Z,0,1067386,278045,2026-07-23T18:44:06.680Z,8631418f47678b21ae36abbf7baf8a512538c011,2026-02-06,2026-05-15,2026-05-15,2026-07-23T18:44:06Z,2026,02,1,2026,2026,98,0,true,Tennessee,4,Region 4 — Atlanta,Atlanta,"AL,FL,GA,KY,MS,NC,SC,TN",47,145,47145,Management Costs,false,false,true,false,false,false,false,false,false,false,Winter weather,false,false,false,false,false,false,false,true,false,false,false,100.00,0.00,false,false,false,false,true,false,true,under_10k,https://www.fema.gov/api/open/v2/PublicAssistanceFundedProjectsDetails,https://www.fema.gov/openfema-data-page/public-assistance-funded-projects-details-v2,2026-08-17T06:23:38Z
4898,2026-02-06T00:00:00.000Z,Winter Storm,413,Management Costs – 4898DR-TN,021-071F1-00,Z,Management Costs,Eligible,Obligated,Small,Cheatham County,021,TN,47,1908.74,1908.74,1908.74,2026-05-15T00:00:00.000Z,2026-05-15T00:00:00.000Z,0,1067477,278057,2026-07-23T18:44:06.680Z,fdab2b766ca31a7bf1d63e1d1bed854787ea61d5,2026-02-06,2026-05-15,2026-05-15,2026-07-23T18:44:06Z,2026,02,1,2026,2026,98,0,true,Tennessee,4,Region 4 — Atlanta,Atlanta,"AL,FL,GA,KY,MS,NC,SC,TN",47,021,47021,Management Costs,false,false,true,false,false,false,false,false,false,false,Winter weather,false,false,false,false,false,false,false,true,false,false,false,100.00,0.00,false,false,false,false,true,false,true,under_10k,https://www.fema.gov/api/open/v2/PublicAssistanceFundedProjectsDetails,https://www.fema.gov/openfema-data-page/public-assistance-funded-projects-details-v2,2026-08-17T06:23:38Z
4898,2026-02-06T00:00:00.000Z,Winter Storm,415,City of Memphis Parks and Buildings,157-48000-00,E,Buildings and Equipment,Eligible,Obligated,Small,Shelby County,157,TN,47,9384.76,7038.57,7038.57,2026-06-18T00:00:00.000Z,2026-06-18T00:00:00.000Z,0,1067516,278039,2026-07-23T18:44:06.680Z,0e66d1cf11b08410b4ff3a141501bbc4a0de6a92,2026-02-06,2026-06-18,2026-06-18,2026-07-23T18:44:06Z,2026,02,1,2026,2026,132,0,true,Tennessee,4,Region 4 — Atlanta,Atlanta,"AL,FL,GA,KY,MS,NC,SC,TN",47,157,47157,Permanent Work,false,true,false,false,false,false,false,true,false,false,Winter weather,false,false,false,false,false,false,false,true,false,false,false,75.00,0.00,false,false,false,false,true,false,true,under_10k,https://www.fema.gov/api/open/v2/PublicAssistanceFundedProjectsDetails,https://www.fema.gov/openfema-data-page/public-assistance-funded-projects-details-v2,2026-08-17T06:23:38Z
4898,2026-02-06T00:00:00.000Z,Winter Storm,420,Management Costs Application,119-UH7NC-00,Z,Management Costs,Eligible,Obligated,Small,Maury County,119,TN,47,4393.58,4393.58,4393.58,2026-05-15T00:00:00.000Z,2026-05-15T00:00:00.000Z,0,1067594,277999,2026-07-23T18:44:06.680Z,825cf7845b5596425899e3f2747c7699106f1e6a,2026-02-06,2026-05-15,2026-05-15,2026-07-23T18:44:06Z,2026,02,1,2026,2026,98,0,true,Tennessee,4,Region 4 — Atlanta,Atlanta,"AL,FL,GA,KY,MS,NC,SC,TN",47,119,47119,Management Costs,false,false,true,false,false,false,false,false,false,false,Winter weather,false,false,false,false,false,false,false,true,false,false,false,100.00,0.00,false,false,false,false,true,false,true,under_10k,https://www.fema.gov/api/open/v2/PublicAssistanceFundedProjectsDetails,https://www.fema.gov/openfema-data-page/public-assistance-funded-projects-details-v2,2026-08-17T06:23:38Z
4898,2026-02-06T00:00:00.000Z,Winter Storm,422,City Of Clarksville - Police Department,125-15160-00,B,Emergency Protective Measures,Eligible,Obligated,Small,Montgomery County,125,TN,47,16147.94,12110.96,12110.96,2026-06-04T00:00:00.000Z,2026-06-04T00:00:00.000Z,0,1067630,278006,2026-07-23T18:44:06.680Z,06363ea7c42b1b9ca83006cf2740bc5f422c727b,2026-02-06,2026-06-04,2026-06-04,2026-07-23T18:44:06Z,2026,02,1,2026,2026,118,0,true,Tennessee,4,Region 4 — Atlanta,Atlanta,"AL,FL,GA,KY,MS,NC,SC,TN",47,125,47125,Emergency Work,true,false,false,false,true,false,false,false,false,false,Winter weather,false,false,false,false,false,false,false,true,false,false,false,75.00,0.00,false,false,false,false,true,false,true,10k_to_100k,https://www.fema.gov/api/open/v2/PublicAssistanceFundedProjectsDetails,https://www.fema.gov/openfema-data-page/public-assistance-funded-projects-details-v2,2026-08-17T06:23:38Z
4898,2026-02-06T00:00:00.000Z,Winter Storm,423,County-wide Leaner/Hangers & Debris Removal,000-U015F-00,A,Debris Removal,Eligible,Obligated,Small,Rutherford County,149,TN,47,79102.84,59327.13,59327.13,2026-06-30T00:00:00.000Z,2026-06-30T00:00:00.000Z,0,1067676,277546,2026-07-23T18:44:06.680Z,9e02b97bf5f643cd27ec0cb8c6504dce63c49384,2026-02-06,2026-06-30,2026-06-30,2026-07-23T18:44:06Z,2026,02,1,2026,2026,144,0,true,Tennessee,4,Region 4 — Atlanta,Atlanta,"AL,FL,GA,KY,MS,NC,SC,TN",47,149,47149,Emergency Work,true,false,false,true,false,false,false,false,false,false,Winter weather,false,false,false,false,false,false,false,true,false,false,false,75.00,0.00,false,false,false,false,true,false,true,10k_to_100k,https://www.fema.gov/api/open/v2/PublicAssistanceFundedProjectsDetails,https://www.fema.gov/openfema-data-page/public-assistance-funded-projects-details-v2,2026-08-17T06:23:38Z
4898,2026-02-06T00:00:00.000Z,Winter Storm,426,Shelby County School District Multiple Exterior Security Camera Damages,157-U6UVJ-00,E,Buildings and Equipment,Eligible,Obligated,Small,Shelby County,157,TN,47,299877.98,224908.49,224908.49,2026-07-17T00:00:00.000Z,2026-07-17T00:00:00.000Z,0,1067702,278038,2026-07-23T18:44:06.680Z,c18a5488b8ebcc39735830309553af6cd47c0279,2026-02-06,2026-07-17,2026-07-17,2026-07-23T18:44:06Z,2026,02,1,2026,2026,161,0,true,Tennessee,4,Region 4 — Atlanta,Atlanta,"AL,FL,GA,KY,MS,NC,SC,TN",47,157,47157,Permanent Work,false,true,false,false,false,false,false,true,false,false,Winter weather,false,false,false,false,false,false,false,true,false,false,false,75.00,0.00,false,false,false,false,true,false,true,100k_to_1m,https://www.fema.gov/api/open/v2/PublicAssistanceFundedProjectsDetails,https://www.fema.gov/openfema-data-page/public-assistance-funded-projects-details-v2,2026-08-17T06:23:38Z
4898,2026-02-06T00:00:00.000Z,Winter Storm,427,Citywide Emergency Debris Push & ROW Clearance (Phase 1),037-006D9-00,B,Emergency Protective Measures,Eligible,Obligated,Small,Davidson County,037,TN,47,126155,94616.25,94616.25,2026-07-01T00:00:00.000Z,2026-07-01T00:00:00.000Z,0,1067720,278168,2026-07-23T18:44:06.680Z,d7b3b8175e143dc8fcf029ef548145620afba65b,2026-02-06,2026-07-01,2026-07-01,2026-07-23T18:44:06Z,2026,02,1,2026,2026,145,0,true,Tennessee,4,Region 4 — Atlanta,Atlanta,"AL,FL,GA,KY,MS,NC,SC,TN",47,037,47037,Emergency Work,true,false,false,false,true,false,false,false,false,false,Winter weather,false,false,false,false,false,false,false,true,false,false,false,75.00,0.00,false,false,false,false,true,false,true,10k_to_100k,https://www.fema.gov/api/open/v2/PublicAssistanceFundedProjectsDetails,https://www.fema.gov/openfema-data-page/public-assistance-funded-projects-details-v2,2026-08-17T06:23:38Z
4898,2026-02-06T00:00:00.000Z,Winter Storm,428,Emergency Hazardous Clearance & Public Safety Access (Phase 1),037-006D9-00,B,Emergency Protective Measures,Eligible,Obligated,Small,Davidson County,037,TN,47,28517.53,21388.15,21388.15,2026-08-11T00:00:00.000Z,2026-08-11T00:00:00.000Z,0,1067721,278168,2026-08-12T15:21:33.184Z,dc9108ef69b098fcf53bb976bedc4a9e4ec7f21c,2026-02-06,2026-08-11,2026-08-11,2026-08-12T15:21:33Z,2026,02,1,2026,2026,186,0,true,Tennessee,4,Region 4 — Atlanta,Atlanta,"AL,FL,GA,KY,MS,NC,SC,TN",47,037,47037,Emergency Work,true,false,false,false,true,false,false,false,false,false,Winter weather,false,false,false,false,false,false,false,true,false,false,false,75.00,0.00,false,false,false,false,true,false,true,10k_to_100k,https://www.fema.gov/api/open/v2/PublicAssistanceFundedProjectsDetails,https://www.fema.gov/openfema-data-page/public-assistance-funded-projects-details-v2,2026-08-17T06:23:38Z
4898,2026-02-06T00:00:00.000Z,Winter Storm,431,Citywide Culvert Enhancement Project,157-40350-00,C,Roads and Bridges,Eligible,Obligated,Small,Shelby County,157,TN,47,17543.41,13157.56,13157.56,2026-07-21T00:00:00.000Z,2026-07-21T00:00:00.000Z,0,1067764,278174,2026-07-23T18:44:06.680Z,cfb770b6a57f24df9b43cd7227cde88aafbf1f3e,2026-02-06,2026-07-21,2026-07-21,2026-07-23T18:44:06Z,2026,02,1,2026,2026,165,0,true,Tennessee,4,Region 4 — Atlanta,Atlanta,"AL,FL,GA,KY,MS,NC,SC,TN",47,157,47157,Permanent Work,false,true,false,false,false,true,false,false,false,false,Winter weather,false,false,false,false,false,false,false,true,false,false,false,75.00,0.00,false,false,false,false,true,false,true,10k_to_100k,https://www.fema.gov/api/open/v2/PublicAssistanceFundedProjectsDetails,https://www.fema.gov/openfema-data-page/public-assistance-funded-projects-details-v2,2026-08-17T06:23:38Z
4898,2026-02-06T00:00:00.000Z,Winter Storm,432,Management Costs,159-99159-00,Z,Management Costs,Eligible,Obligated,Small,Smith County,159,TN,47,449.64,449.64,449.64,2026-05-21T00:00:00.000Z,2026-05-21T00:00:00.000Z,0,1067767,278199,2026-07-23T18:44:06.680Z,33ba39e812b523fb228e76487a85d1cd9bfe9a6c,2026-02-06,2026-05-21,2026-05-21,2026-07-23T18:44:06Z,2026,02,1,2026,2026,104,0,true,Tennessee,4,Region 4 — Atlanta,Atlanta,"AL,FL,GA,KY,MS,NC,SC,TN",47,159,47159,Management Costs,false,false,true,false,false,false,false,false,false,false,Winter weather,false,false,false,false,false,false,false,true,false,false,false,100.00,0.00,false,false,false,false,true,false,true,under_10k,https://www.fema.gov/api/open/v2/PublicAssistanceFundedProjectsDetails,https://www.fema.gov/openfema-data-page/public-assistance-funded-projects-details-v2,2026-08-17T06:23:38Z
4898,2026-02-06T00:00:00.000Z,Winter Storm,433,Management Costs,021-57480-00,Z,Management Costs,Eligible,Obligated,Small,Cheatham County,021,TN,47,1591.79,1591.79,1591.79,2026-06-04T00:00:00.000Z,2026-06-04T00:00:00.000Z,0,1067772,278187,2026-07-23T18:44:06.680Z,132b7682a1220e56f808d9db7025d86dce1af1ec,2026-02-06,2026-06-04,2026-06-04,2026-07-23T18:44:06Z,2026,02,1,2026,2026,118,0,true,Tennessee,4,Region 4 — Atlanta,Atlanta,"AL,FL,GA,KY,MS,NC,SC,TN",47,021,47021,Management Costs,false,false,true,false,false,false,false,false,false,false,Winter weather,false,false,false,false,false,false,false,true,false,false,false,100.00,0.00,false,false,false,false,true,false,true,under_10k,https://www.fema.gov/api/open/v2/PublicAssistanceFundedProjectsDetails,https://www.fema.gov/openfema-data-page/public-assistance-funded-projects-details-v2,2026-08-17T06:23:38Z
4898,2026-02-06T00:00:00.000Z,Winter Storm,440,Citywide Gas and Water Damages,119-51080-00,F,Utilities,Eligible,Obligated,Small,Maury County,119,TN,47,7532.75,5649.57,5649.57,2026-07-08T00:00:00.000Z,2026-07-08T00:00:00.000Z,460.23,1067822,278020,2026-07-23T18:44:06.680Z,cf700ea0a60bc067fedec5a39ff9a63366156924,2026-02-06,2026-07-08,2026-07-08,2026-07-23T18:44:06Z,2026,02,1,2026,2026,152,0,true,Tennessee,4,Region 4 — Atlanta,Atlanta,"AL,FL,GA,KY,MS,NC,SC,TN",47,119,47119,Permanent Work,false,true,false,false,false,false,false,false,true,false,Winter weather,false,false,false,false,false,false,false,true,false,false,false,75.00,6.11,true,false,false,false,true,false,true,under_10k,https://www.fema.gov/api/open/v2/PublicAssistanceFundedProjectsDetails,https://www.fema.gov/openfema-data-page/public-assistance-funded-projects-details-v2,2026-08-17T06:23:38Z
4898,2026-02-06T00:00:00.000Z,Winter Storm,449,Management Costs,119-U9VMR-00,Z,Management Costs,Eligible,Obligated,Small,Maury County,119,TN,47,499.33,499.33,499.33,2026-05-21T00:00:00.000Z,2026-05-21T00:00:00.000Z,0,1067946,278005,2026-07-23T18:44:06.680Z,bed3f532f4ab619102fda08a8be1a698e6c4494c,2026-02-06,2026-05-21,2026-05-21,2026-07-23T18:44:06Z,2026,02,1,2026,2026,104,0,true,Tennessee,4,Region 4 — Atlanta,Atlanta,"AL,FL,GA,KY,MS,NC,SC,TN",47,119,47119,Management Costs,false,false,true,false,false,false,false,false,false,false,Winter weather,false,false,false,false,false,false,false,true,false,false,false,100.00,0.00,false,false,false,false,true,false,true,under_10k,https://www.fema.gov/api/open/v2/PublicAssistanceFundedProjectsDetails,https://www.fema.gov/openfema-data-page/public-assistance-funded-projects-details-v2,2026-08-17T06:23:38Z
4898,2026-02-06T00:00:00.000Z,Winter Storm,451,Management Costs,021-39660-00,Z,Management Costs,Eligible,Obligated,Small,Cheatham County,021,TN,47,1168.47,1168.47,1168.47,2026-05-26T00:00:00.000Z,2026-05-26T00:00:00.000Z,0,1067954,278147,2026-07-23T18:44:06.680Z,08e26b74746b8631dac740fbcb5201765fd30542,2026-02-06,2026-05-26,2026-05-26,2026-07-23T18:44:06Z,2026,02,1,2026,2026,109,0,true,Tennessee,4,Region 4 — Atlanta,Atlanta,"AL,FL,GA,KY,MS,NC,SC,TN",47,021,47021,Management Costs,false,false,true,false,false,false,false,false,false,false,Winter weather,false,false,false,false,false,false,false,true,false,false,false,100.00,0.00,false,false,false,false,true,false,true,under_10k,https://www.fema.gov/api/open/v2/PublicAssistanceFundedProjectsDetails,https://www.fema.gov/openfema-data-page/public-assistance-funded-projects-details-v2,2026-08-17T06:23:38Z
4898,2026-02-06T00:00:00.000Z,Winter Storm,454,City of Belle Meade Sewage System,037-04620-00,F,Utilities,Eligible,Obligated,Small,Davidson County,037,TN,47,27054.63,20290.98,20290.98,2026-06-08T00:00:00.000Z,2026-06-08T00:00:00.000Z,0,1068008,278162,2026-07-23T18:44:06.680Z,ad07224b2c8583796bfa55f13872c0149ee61b97,2026-02-06,2026-06-08,2026-06-08,2026-07-23T18:44:06Z,2026,02,1,2026,2026,122,0,true,Tennessee,4,Region 4 — Atlanta,Atlanta,"AL,FL,GA,KY,MS,NC,SC,TN",47,037,47037,Permanent Work,false,true,false,false,false,false,false,false,true,false,Winter weather,false,false,false,false,false,false,false,true,false,false,false,75.00,0.00,false,false,false,false,true,false,true,10k_to_100k,https://www.fema.gov/api/open/v2/PublicAssistanceFundedProjectsDetails,https://www.fema.gov/openfema-data-page/public-assistance-funded-projects-details-v2,2026-08-17T06:23:38Z
4898,2026-02-06T00:00:00.000Z,Winter Storm,455,Overton County - Emergency Protective Measures rented and deployed potable water tankers,133-99133-00,B,Emergency Protective Measures,Eligible,Obligated,Small,Overton County,133,TN,47,8670,6502.5,6502.5,2026-06-09T00:00:00.000Z,2026-06-09T00:00:00.000Z,0,1068049,278138,2026-07-23T18:44:06.680Z,954bf806aea915428ab502632bb156a66d9436fb,2026-02-06,2026-06-09,2026-06-09,2026-07-23T18:44:06Z,2026,02,1,2026,2026,123,0,true,Tennessee,4,Region 4 — Atlanta,Atlanta,"AL,FL,GA,KY,MS,NC,SC,TN",47,133,47133,Emergency Work,true,false,false,false,true,false,false,false,false,false,Winter weather,false,false,false,false,false,false,false,true,false,false,false,75.00,0.00,false,false,false,false,true,false,true,under_10k,https://www.fema.gov/api/open/v2/PublicAssistanceFundedProjectsDetails,https://www.fema.gov/openfema-data-page/public-assistance-funded-projects-details-v2,2026-08-17T06:23:38Z
4898,2026-02-06T00:00:00.000Z,Winter Storm,456,Management Costs,037-UK916-00,Z,Management Costs,Eligible,Obligated,Small,Davidson County,037,TN,47,2732.93,2732.93,2732.93,2026-06-19T00:00:00.000Z,2026-06-19T00:00:00.000Z,0,1068061,277929,2026-07-23T18:44:06.680Z,4af2eea49cacd176c6567ba10e2d89a58670d77e,2026-02-06,2026-06-19,2026-06-19,2026-07-23T18:44:06Z,2026,02,1,2026,2026,133,0,true,Tennessee,4,Region 4 — Atlanta,Atlanta,"AL,FL,GA,KY,MS,NC,SC,TN",47,037,47037,Management Costs,false,false,true,false,false,false,false,false,false,false,Winter weather,false,false,false,false,false,false,false,true,false,false,false,100.00,0.00,false,false,false,false,true,false,true,under_10k,https://www.fema.gov/api/open/v2/PublicAssistanceFundedProjectsDetails,https://www.fema.gov/openfema-data-page/public-assistance-funded-projects-details-v2,2026-08-17T06:23:38Z
4898,2026-02-06T00:00:00.000Z,Winter Storm,463,City of Savannah Water and Gas Shut off,071-66720-00,B,Emergency Protective Measures,Eligible,Obligated,Small,Hardin County,071,TN,47,37637.06,28227.8,28227.8,2026-06-08T00:00:00.000Z,2026-06-08T00:00:00.000Z,0,1068213,277927,2026-07-23T18:44:06.680Z,cd5583d8aaf8892d762b78e0c30e2d0828dca6a2,2026-02-06,2026-06-08,2026-06-08,2026-07-23T18:44:06Z,2026,02,1,2026,2026,122,0,true,Tennessee,4,Region 4 — Atlanta,Atlanta,"AL,FL,GA,KY,MS,NC,SC,TN",47,071,47071,Emergency Work,true,false,false,false,true,false,false,false,false,false,Winter weather,false,false,false,false,false,false,false,true,false,false,false,75.00,0.00,false,false,false,false,true,false,true,10k_to_100k,https://www.fema.gov/api/open/v2/PublicAssistanceFundedProjectsDetails,https://www.fema.gov/openfema-data-page/public-assistance-funded-projects-details-v2,2026-08-17T06:23:38Z
4898,2026-02-06T00:00:00.000Z,Winter Storm,464,Town of Smyrna_Cat Z - Management Costs,149-69420-00,Z,Management Costs,Eligible,Obligated,Small,Rutherford County,149,TN,47,3495.07,3495.07,3495.07,2026-06-05T00:00:00.000Z,2026-06-05T00:00:00.000Z,0,1068275,278031,2026-07-23T18:44:06.680Z,b40d6f7fb9da6be377cf50050ca88359e9496b39,2026-02-06,2026-06-05,2026-06-05,2026-07-23T18:44:06Z,2026,02,1,2026,2026,119,0,true,Tennessee,4,Region 4 — Atlanta,Atlanta,"AL,FL,GA,KY,MS,NC,SC,TN",47,149,47149,Management Costs,false,false,true,false,false,false,false,false,false,false,Winter weather,false,false,false,false,false,false,false,true,false,false,false,100.00,0.00,false,false,false,false,true,false,true,under_10k,https://www.fema.gov/api/open/v2/PublicAssistanceFundedProjectsDetails,https://www.fema.gov/openfema-data-page/public-assistance-funded-projects-details-v2,2026-08-17T06:23:38Z
4898,2026-02-06T00:00:00.000Z,Winter Storm,465,Midtown Heritage Garage#3 Elevator,037-UOR1B-00,E,Buildings and Equipment,Eligible,Obligated,Small,Davidson County,037,TN,47,34000,25500,25500,2026-08-07T00:00:00.000Z,2026-08-07T00:00:00.000Z,34000,1068287,278129,2026-08-12T15:21:33.184Z,f7b89a7318ca8412cbd60d89fb07c968ff9dcf14,2026-02-06,2026-08-07,2026-08-07,2026-08-12T15:21:33Z,2026,02,1,2026,2026,182,0,true,Tennessee,4,Region 4 — Atlanta,Atlanta,"AL,FL,GA,KY,MS,NC,SC,TN",47,037,47037,Permanent Work,false,true,false,false,false,false,false,true,false,false,Winter weather,false,false,false,false,false,false,false,true,false,false,false,75.00,100.00,true,false,false,false,true,false,true,10k_to_100k,https://www.fema.gov/api/open/v2/PublicAssistanceFundedProjectsDetails,https://www.fema.gov/openfema-data-page/public-assistance-funded-projects-details-v2,2026-08-17T06:23:38Z
4898,2026-02-06T00:00:00.000Z,Winter Storm,481,Humphreys County Management Costs,085-99085-00,Z,Management Costs,Eligible,Obligated,Small,Humphreys County,085,TN,47,4451.77,4451.77,4451.77,2026-06-05T00:00:00.000Z,2026-06-05T00:00:00.000Z,0,1068423,278144,2026-07-23T18:44:06.680Z,00c4301c40de9df51f1d0ea8a3984e02f5bc2e3a,2026-02-06,2026-06-05,2026-06-05,2026-07-23T18:44:06Z,2026,02,1,2026,2026,119,0,true,Tennessee,4,Region 4 — Atlanta,Atlanta,"AL,FL,GA,KY,MS,NC,SC,TN",47,085,47085,Management Costs,false,false,true,false,false,false,false,false,false,false,Winter weather,false,false,false,false,false,false,false,true,false,false,false,100.00,0.00,false,false,false,false,true,false,true,under_10k,https://www.fema.gov/api/open/v2/PublicAssistanceFundedProjectsDetails,https://www.fema.gov/openfema-data-page/public-assistance-funded-projects-details-v2,2026-08-17T06:23:38Z
4898,2026-02-06T00:00:00.000Z,Winter Storm,482,Overton County - Management Costs,133-99133-00,Z,Management Costs,Eligible,Obligated,Small,Overton County,133,TN,47,5940.45,5940.45,5940.45,2026-06-30T00:00:00.000Z,2026-06-30T00:00:00.000Z,0,1068456,278138,2026-07-23T18:44:06.680Z,c87d498abbddb028af36a9f9f4bb0c350a908360,2026-02-06,2026-06-30,2026-06-30,2026-07-23T18:44:06Z,2026,02,1,2026,2026,144,0,true,Tennessee,4,Region 4 — Atlanta,Atlanta,"AL,FL,GA,KY,MS,NC,SC,TN",47,133,47133,Management Costs,false,false,true,false,false,false,false,false,false,false,Winter weather,false,false,false,false,false,false,false,true,false,false,false,100.00,0.00,false,false,false,false,true,false,true,under_10k,https://www.fema.gov/api/open/v2/PublicAssistanceFundedProjectsDetails,https://www.fema.gov/openfema-data-page/public-assistance-funded-projects-details-v2,2026-08-17T06:23:38Z
4898,2026-02-06T00:00:00.000Z,Winter Storm,483,Management Costs,145-39620-00,Z,Management Costs,Eligible,Obligated,Small,Roane County,145,TN,47,265.44,265.44,265.44,2026-06-09T00:00:00.000Z,2026-06-09T00:00:00.000Z,0,1068466,278094,2026-07-23T18:44:06.680Z,d783716a508fcc600f042828a87b8fbeb6e90d51,2026-02-06,2026-06-09,2026-06-09,2026-07-23T18:44:06Z,2026,02,1,2026,2026,123,0,true,Tennessee,4,Region 4 — Atlanta,Atlanta,"AL,FL,GA,KY,MS,NC,SC,TN",47,145,47145,Management Costs,false,false,true,false,false,false,false,false,false,false,Winter weather,false,false,false,false,false,false,false,true,false,false,false,100.00,0.00,false,false,false,false,true,false,true,under_10k,https://www.fema.gov/api/open/v2/PublicAssistanceFundedProjectsDetails,https://www.fema.gov/openfema-data-page/public-assistance-funded-projects-details-v2,2026-08-17T06:23:38Z
4898,2026-02-06T00:00:00.000Z,Winter Storm,484,Management Costs,111-UJU5Q-00,Z,Management Costs,Eligible,Obligated,Small,Macon County,111,TN,47,747.25,747.25,747.25,2026-06-11T00:00:00.000Z,2026-06-11T00:00:00.000Z,0,1068476,278179,2026-07-23T18:44:06.680Z,ab0a29bfd3f5df28d0920cfad0199753c332f8cf,2026-02-06,2026-06-11,2026-06-11,2026-07-23T18:44:06Z,2026,02,1,2026,2026,125,0,true,Tennessee,4,Region 4 — Atlanta,Atlanta,"AL,FL,GA,KY,MS,NC,SC,TN",47,111,47111,Management Costs,false,false,true,false,false,false,false,false,false,false,Winter weather,false,false,false,false,false,false,false,true,false,false,false,100.00,0.00,false,false,false,false,true,false,true,under_10k,https://www.fema.gov/api/open/v2/PublicAssistanceFundedProjectsDetails,https://www.fema.gov/openfema-data-page/public-assistance-funded-projects-details-v2,2026-08-17T06:23:38Z
4898,2026-02-06T00:00:00.000Z,Winter Storm,485,Management Costs,037-006E6-00,Z,Management Costs,Eligible,Obligated,Small,Davidson County,037,TN,47,3225.34,3225.34,3225.34,2026-06-24T00:00:00.000Z,2026-06-24T00:00:00.000Z,0,1068492,278156,2026-07-23T18:44:06.680Z,fb83a8fe748e275ac536d8ee305a88cfdc45ff9c,2026-02-06,2026-06-24,2026-06-24,2026-07-23T18:44:06Z,2026,02,1,2026,2026,138,0,true,Tennessee,4,Region 4 — Atlanta,Atlanta,"AL,FL,GA,KY,MS,NC,SC,TN",47,037,47037,Management Costs,false,false,true,false,false,false,false,false,false,false,Winter weather,false,false,false,false,false,false,false,true,false,false,false,100.00,0.00,false,false,false,false,true,false,true,under_10k,https://www.fema.gov/api/open/v2/PublicAssistanceFundedProjectsDetails,https://www.fema.gov/openfema-data-page/public-assistance-funded-projects-details-v2,2026-08-17T06:23:38Z
4898,2026-02-06T00:00:00.000Z,Winter Storm,486,Germantown Management Costs,157-28960-00,Z,Management Costs,Eligible,Obligated,Small,Shelby County,157,TN,47,302.71,302.71,302.71,2026-06-05T00:00:00.000Z,2026-06-05T00:00:00.000Z,0,1068501,278135,2026-07-23T18:44:06.680Z,9ec8691cab17f571f91e6fcd1247e8d09495e77d,2026-02-06,2026-06-05,2026-06-05,2026-07-23T18:44:06Z,2026,02,1,2026,2026,119,0,true,Tennessee,4,Region 4 — Atlanta,Atlanta,"AL,FL,GA,KY,MS,NC,SC,TN",47,157,47157,Management Costs,false,false,true,false,false,false,false,false,false,false,Winter weather,false,false,false,false,false,false,false,true,false,false,false,100.00,0.00,false,false,false,false,true,false,true,under_10k,https://www.fema.gov/api/open/v2/PublicAssistanceFundedProjectsDetails,https://www.fema.gov/openfema-data-page/public-assistance-funded-projects-details-v2,2026-08-17T06:23:38Z
4898,2026-02-06T00:00:00.000Z,Winter Storm,487,Brook Hollow Baptist Church- Donated Resources1,037-USO57-00,B,Emergency Work Donated Resources,Eligible,Obligated,Small,Davidson County,037,TN,47,1583.34,1187.51,1187.51,2026-06-11T00:00:00.000Z,2026-06-11T00:00:00.000Z,0,1068518,278185,2026-07-23T18:44:06.680Z,1a36ba5729221a3637f2946ad77d0d1de80e0fad,2026-02-06,2026-06-11,2026-06-11,2026-07-23T18:44:06Z,2026,02,1,2026,2026,125,0,true,Tennessee,4,Region 4 — Atlanta,Atlanta,"AL,FL,GA,KY,MS,NC,SC,TN",47,037,47037,Emergency Work,true,false,false,false,true,false,false,false,false,false,Winter weather,false,false,false,false,false,false,false,true,false,false,false,75.00,0.00,false,false,false,false,true,false,true,under_10k,https://www.fema.gov/api/open/v2/PublicAssistanceFundedProjectsDetails,https://www.fema.gov/openfema-data-page/public-assistance-funded-projects-details-v2,2026-08-17T06:23:38Z
4898,2026-02-06T00:00:00.000Z,Winter Storm,488,Management Costs,157-49060-00,Z,Management Costs,Eligible,Obligated,Small,Shelby County,157,TN,47,1248.88,1248.88,1248.88,2026-06-05T00:00:00.000Z,2026-06-05T00:00:00.000Z,0,1068524,278041,2026-07-23T18:44:06.680Z,249c2b32e35f3583395b184287322232eb1f9c4f,2026-02-06,2026-06-05,2026-06-05,2026-07-23T18:44:06Z,2026,02,1,2026,2026,119,0,true,Tennessee,4,Region 4 — Atlanta,Atlanta,"AL,FL,GA,KY,MS,NC,SC,TN",47,157,47157,Management Costs,false,false,true,false,false,false,false,false,false,false,Winter weather,false,false,false,false,false,false,false,true,false,false,false,100.00,0.00,false,false,false,false,true,false,true,under_10k,https://www.fema.gov/api/open/v2/PublicAssistanceFundedProjectsDetails,https://www.fema.gov/openfema-data-page/public-assistance-funded-projects-details-v2,2026-08-17T06:23:38Z
4898,2026-02-06T00:00:00.000Z,Winter Storm,489,Emergency Communications Center EPM,165-99165-00,B,Emergency Protective Measures,Eligible,Obligated,Small,Sumner County,165,TN,47,9671.18,7253.39,7253.39,2026-06-24T00:00:00.000Z,2026-06-24T00:00:00.000Z,0,1068674,278040,2026-07-23T18:44:06.680Z,394af0ecef7909b956ca78f7b4aacb0bbdfad604,2026-02-06,2026-06-24,2026-06-24,2026-07-23T18:44:06Z,2026,02,1,2026,2026,138,0,true,Tennessee,4,Region 4 — Atlanta,Atlanta,"AL,FL,GA,KY,MS,NC,SC,TN",47,165,47165,Emergency Work,true,false,false,false,true,false,false,false,false,false,Winter weather,false,false,false,false,false,false,false,true,false,false,false,75.00,0.00,false,false,false,false,true,false,true,under_10k,https://www.fema.gov/api/open/v2/PublicAssistanceFundedProjectsDetails,https://www.fema.gov/openfema-data-page/public-assistance-funded-projects-details-v2,2026-08-17T06:23:38Z
4898,2026-02-06T00:00:00.000Z,Winter Storm,490,Paris Board of Public Utilities Management Costs,079-U0HWG-00,Z,Management Costs,Eligible,Obligated,Small,Henry County,079,TN,47,557.42,557.42,557.42,2026-06-11T00:00:00.000Z,2026-06-11T00:00:00.000Z,0,1068676,278143,2026-07-23T18:44:06.680Z,a285780e479be19372bb837a7795e78fbc2d1d11,2026-02-06,2026-06-11,2026-06-11,2026-07-23T18:44:06Z,2026,02,1,2026,2026,125,0,true,Tennessee,4,Region 4 — Atlanta,Atlanta,"AL,FL,GA,KY,MS,NC,SC,TN",47,079,47079,Management Costs,false,false,true,false,false,false,false,false,false,false,Winter weather,false,false,false,false,false,false,false,true,false,false,false,100.00,0.00,false,false,false,false,true,false,true,under_10k,https://www.fema.gov/api/open/v2/PublicAssistanceFundedProjectsDetails,https://www.fema.gov/openfema-data-page/public-assistance-funded-projects-details-v2,2026-08-17T06:23:38Z
4898,2026-02-06T00:00:00.000Z,Winter Storm,491,City of Clifton -DR,181-15480-00,B,Emergency Work Donated Resources,Eligible,Obligated,Small,Wayne County,181,TN,47,16498.84,12374.14,12374.14,2026-07-07T00:00:00.000Z,2026-07-07T00:00:00.000Z,0,1068677,278056,2026-07-23T18:44:06.680Z,de47d2d866c2ef4f8f4968f343f8a32709f5ee7d,2026-02-06,2026-07-07,2026-07-07,2026-07-23T18:44:06Z,2026,02,1,2026,2026,151,0,true,Tennessee,4,Region 4 — Atlanta,Atlanta,"AL,FL,GA,KY,MS,NC,SC,TN",47,181,47181,Emergency Work,true,false,false,false,true,false,false,false,false,false,Winter weather,false,false,false,false,false,false,false,true,false,false,false,75.00,0.00,false,false,false,false,true,false,true,10k_to_100k,https://www.fema.gov/api/open/v2/PublicAssistanceFundedProjectsDetails,https://www.fema.gov/openfema-data-page/public-assistance-funded-projects-details-v2,2026-08-17T06:23:38Z
4898,2026-02-06T00:00:00.000Z,Winter Storm,492,Portland Waterlines and Electrical Equipment,165-60280-00,F,Utilities,Eligible,Obligated,Small,Sumner County,165,TN,47,14207.76,10655.82,10655.82,2026-07-07T00:00:00.000Z,2026-07-07T00:00:00.000Z,0,1068692,278043,2026-07-23T18:44:06.680Z,369a8425386c52f76f3f303fb222cdd446762d8d,2026-02-06,2026-07-07,2026-07-07,2026-07-23T18:44:06Z,2026,02,1,2026,2026,151,0,true,Tennessee,4,Region 4 — Atlanta,Atlanta,"AL,FL,GA,KY,MS,NC,SC,TN",47,165,47165,Permanent Work,false,true,false,false,false,false,false,false,true,false,Winter weather,false,false,false,false,false,false,false,true,false,false,false,75.00,0.00,false,false,false,false,true,false,true,10k_to_100k,https://www.fema.gov/api/open/v2/PublicAssistanceFundedProjectsDetails,https://www.fema.gov/openfema-data-page/public-assistance-funded-projects-details-v2,2026-08-17T06:23:38Z
4898,2026-02-06T00:00:00.000Z,Winter Storm,493,Sheriff's Department EPM,165-99165-00,B,Emergency Protective Measures,Eligible,Obligated,Small,Sumner County,165,TN,47,6666.54,4999.91,4999.91,2026-06-18T00:00:00.000Z,2026-06-18T00:00:00.000Z,0,1068703,278040,2026-07-23T18:44:06.680Z,68e81af63632c3d7063515bce37b7c7f82e19e75,2026-02-06,2026-06-18,2026-06-18,2026-07-23T18:44:06Z,2026,02,1,2026,2026,132,0,true,Tennessee,4,Region 4 — Atlanta,Atlanta,"AL,FL,GA,KY,MS,NC,SC,TN",47,165,47165,Emergency Work,true,false,false,false,true,false,false,false,false,false,Winter weather,false,false,false,false,false,false,false,true,false,false,false,75.00,0.00,false,false,false,false,true,false,true,under_10k,https://www.fema.gov/api/open/v2/PublicAssistanceFundedProjectsDetails,https://www.fema.gov/openfema-data-page/public-assistance-funded-projects-details-v2,2026-08-17T06:23:38Z
4898,2026-02-06T00:00:00.000Z,Winter Storm,495,Overton County - Emergency Work Donated Resources,133-99133-00,B,Emergency Work Donated Resources,Eligible,Obligated,Small,Overton County,133,TN,47,15200,11400,11400,2026-06-24T00:00:00.000Z,2026-06-24T00:00:00.000Z,0,1068740,278138,2026-07-23T18:44:06.680Z,8a22810da31b05bd6e95fc3649380dc8b60847d0,2026-02-06,2026-06-24,2026-06-24,2026-07-23T18:44:06Z,2026,02,1,2026,2026,138,0,true,Tennessee,4,Region 4 — Atlanta,Atlanta,"AL,FL,GA,KY,MS,NC,SC,TN",47,133,47133,Emergency Work,true,false,false,false,true,false,false,false,false,false,Winter weather,false,false,false,false,false,false,false,true,false,false,false,75.00,0.00,false,false,false,false,true,false,true,10k_to_100k,https://www.fema.gov/api/open/v2/PublicAssistanceFundedProjectsDetails,https://www.fema.gov/openfema-data-page/public-assistance-funded-projects-details-v2,2026-08-17T06:23:38Z
4898,2026-02-06T00:00:00.000Z,Winter Storm,496,Management Costs,101-99101-00,Z,Management Costs,Eligible,Obligated,Small,Lewis County,101,TN,47,3831.59,3831.59,3831.59,2026-06-11T00:00:00.000Z,2026-06-11T00:00:00.000Z,0,1068776,277714,2026-07-23T18:44:06.680Z,c7638f3866268531d83f566e1fc087fd91f2c578,2026-02-06,2026-06-11,2026-06-11,2026-07-23T18:44:06Z,2026,02,1,2026,2026,125,0,true,Tennessee,4,Region 4 — Atlanta,Atlanta,"AL,FL,GA,KY,MS,NC,SC,TN",47,101,47101,Management Costs,false,false,true,false,false,false,false,false,false,false,Winter weather,false,false,false,false,false,false,false,true,false,false,false,100.00,0.00,false,false,false,false,true,false,true,under_10k,https://www.fema.gov/api/open/v2/PublicAssistanceFundedProjectsDetails,https://www.fema.gov/openfema-data-page/public-assistance-funded-projects-details-v2,2026-08-17T06:23:38Z
4898,2026-02-06T00:00:00.000Z,Winter Storm,499,Cat Z,069-ULWON-00,Z,Management Costs,Eligible,Obligated,Small,Hardeman County,069,TN,47,47277.77,47277.77,47277.77,2026-06-11T00:00:00.000Z,2026-06-11T00:00:00.000Z,0,1068808,277540,2026-07-23T18:44:06.680Z,be1034e0e88f4d05f090fb8501010cdaa2dc1aec,2026-02-06,2026-06-11,2026-06-11,2026-07-23T18:44:06Z,2026,02,1,2026,2026,125,0,true,Tennessee,4,Region 4 — Atlanta,Atlanta,"AL,FL,GA,KY,MS,NC,SC,TN",47,069,47069,Management Costs,false,false,true,false,false,false,false,false,false,false,Winter weather,false,false,false,false,false,false,false,true,false,false,false,100.00,0.00,false,false,false,false,true,false,true,10k_to_100k,https://www.fema.gov/api/open/v2/PublicAssistanceFundedProjectsDetails,https://www.fema.gov/openfema-data-page/public-assistance-funded-projects-details-v2,2026-08-17T06:23:38Z
4898,2026-02-06T00:00:00.000Z,Winter Storm,500,Cat Z,000-UMEXZ-00,Z,Management Costs,Eligible,Obligated,Small,Statewide,047,TN,47,7878.68,7878.68,7878.68,2026-06-24T00:00:00.000Z,2026-06-24T00:00:00.000Z,0,1068814,278175,2026-07-23T18:44:06.680Z,f2779aeb664780139545909746020253e4663776,2026-02-06,2026-06-24,2026-06-24,2026-07-23T18:44:06Z,2026,02,1,2026,2026,138,0,true,Tennessee,4,Region 4 — Atlanta,Atlanta,"AL,FL,GA,KY,MS,NC,SC,TN",47,047,47047,Management Costs,false,false,true,false,false,false,false,false,false,false,Winter weather,false,false,false,false,false,false,false,true,false,false,false,100.00,0.00,false,false,false,false,true,false,true,under_10k,https://www.fema.gov/api/open/v2/PublicAssistanceFundedProjectsDetails,https://www.fema.gov/openfema-data-page/public-assistance-funded-projects-details-v2,2026-08-17T06:23:38Z
4898,2026-02-06T00:00:00.000Z,Winter Storm,501,MGMT Cost,000-U0146-00,Z,Management Costs,Eligible,Obligated,Small,Statewide,159,TN,47,16952.31,16952.31,16952.31,2026-06-19T00:00:00.000Z,2026-06-19T00:00:00.000Z,0,1068825,278048,2026-07-23T18:44:06.680Z,b12f4330e9261c3b2cc4bb8a016a1afe3b8bc07c,2026-02-06,2026-06-19,2026-06-19,2026-07-23T18:44:06Z,2026,02,1,2026,2026,133,0,true,Tennessee,4,Region 4 — Atlanta,Atlanta,"AL,FL,GA,KY,MS,NC,SC,TN",47,159,47159,Management Costs,false,false,true,false,false,false,false,false,false,false,Winter weather,false,false,false,false,false,false,false,true,false,false,false,100.00,0.00,false,false,false,false,true,false,true,10k_to_100k,https://www.fema.gov/api/open/v2/PublicAssistanceFundedProjectsDetails,https://www.fema.gov/openfema-data-page/public-assistance-funded-projects-details-v2,2026-08-17T06:23:38Z
4898,2026-02-06T00:00:00.000Z,Winter Storm,502,Management Costs,125-048D5-00,Z,Management Costs,Eligible,Obligated,Small,Montgomery County,125,TN,47,41697.49,41697.49,41697.49,2026-06-12T00:00:00.000Z,2026-06-12T00:00:00.000Z,0,1068828,278007,2026-07-23T18:44:06.680Z,9178b3f314acde16d65bf4b61eee7200bcfc787f,2026-02-06,2026-06-12,2026-06-12,2026-07-23T18:44:06Z,2026,02,1,2026,2026,126,0,true,Tennessee,4,Region 4 — Atlanta,Atlanta,"AL,FL,GA,KY,MS,NC,SC,TN",47,125,47125,Management Costs,false,false,true,false,false,false,false,false,false,false,Winter weather,false,false,false,false,false,false,false,true,false,false,false,100.00,0.00,false,false,false,false,true,false,true,10k_to_100k,https://www.fema.gov/api/open/v2/PublicAssistanceFundedProjectsDetails,https://www.fema.gov/openfema-data-page/public-assistance-funded-projects-details-v2,2026-08-17T06:23:38Z
4898,2026-02-06T00:00:00.000Z,Winter Storm,503,Management Costs,119-99119-00,Z,Management Costs,Eligible,Obligated,Small,Maury County,119,TN,47,9539.19,9539.19,9539.19,2026-06-11T00:00:00.000Z,2026-06-11T00:00:00.000Z,0,1068847,277870,2026-07-23T18:44:06.680Z,e3bfd3ed804a88f7c5a6ee37e5e4b3051626bdd4,2026-02-06,2026-06-11,2026-06-11,2026-07-23T18:44:06Z,2026,02,1,2026,2026,125,0,true,Tennessee,4,Region 4 — Atlanta,Atlanta,"AL,FL,GA,KY,MS,NC,SC,TN",47,119,47119,Management Costs,false,false,true,false,false,false,false,false,false,false,Winter weather,false,false,false,false,false,false,false,true,false,false,false,100.00,0.00,false,false,false,false,true,false,true,under_10k,https://www.fema.gov/api/open/v2/PublicAssistanceFundedProjectsDetails,https://www.fema.gov/openfema-data-page/public-assistance-funded-projects-details-v2,2026-08-17T06:23:38Z
4898,2026-02-06T00:00:00.000Z,Winter Storm,504,Management Costs,099-99099-00,Z,Management Costs,Eligible,Obligated,Small,Lawrence County,099,TN,47,6944.82,6944.82,6944.82,2026-06-15T00:00:00.000Z,2026-06-15T00:00:00.000Z,0,1068894,278149,2026-07-23T18:44:06.680Z,434d9fb2e64bf9b5dfe7da8414ff9f92d1045c91,2026-02-06,2026-06-15,2026-06-15,2026-07-23T18:44:06Z,2026,02,1,2026,2026,129,0,true,Tennessee,4,Region 4 — Atlanta,Atlanta,"AL,FL,GA,KY,MS,NC,SC,TN",47,099,47099,Management Costs,false,false,true,false,false,false,false,false,false,false,Winter weather,false,false,false,false,false,false,false,true,false,false,false,100.00,0.00,false,false,false,false,true,false,true,under_10k,https://www.fema.gov/api/open/v2/PublicAssistanceFundedProjectsDetails,https://www.fema.gov/openfema-data-page/public-assistance-funded-projects-details-v2,2026-08-17T06:23:38Z
4898,2026-02-06T00:00:00.000Z,Winter Storm,505,OEM- Office of Emergency Management,055-99055-00,B,Emergency Protective Measures,Eligible,Obligated,Small,Giles County,055,TN,47,9212.11,6909.09,6909.09,2026-06-24T00:00:00.000Z,2026-06-24T00:00:00.000Z,0,1068898,278049,2026-07-23T18:44:06.680Z,d7322ac78a18ec1b8c3afa50670eb2d5473b4ac6,2026-02-06,2026-06-24,2026-06-24,2026-07-23T18:44:06Z,2026,02,1,2026,2026,138,0,true,Tennessee,4,Region 4 — Atlanta,Atlanta,"AL,FL,GA,KY,MS,NC,SC,TN",47,055,47055,Emergency Work,true,false,false,false,true,false,false,false,false,false,Winter weather,false,false,false,false,false,false,false,true,false,false,false,75.00,0.00,false,false,false,false,true,false,true,under_10k,https://www.fema.gov/api/open/v2/PublicAssistanceFundedProjectsDetails,https://www.fema.gov/openfema-data-page/public-assistance-funded-projects-details-v2,2026-08-17T06:23:38Z
4898,2026-02-06T00:00:00.000Z,Winter Storm,506,Management Costs,027-99027-00,Z,Management Costs,Eligible,Obligated,Small,Clay County,027,TN,47,22409.8,22409.8,22409.8,2026-06-18T00:00:00.000Z,2026-06-18T00:00:00.000Z,0,1068899,278012,2026-07-23T18:44:06.680Z,c4995be831df7b68664ccb232a88bed946fc32f5,2026-02-06,2026-06-18,2026-06-18,2026-07-23T18:44:06Z,2026,02,1,2026,2026,132,0,true,Tennessee,4,Region 4 — Atlanta,Atlanta,"AL,FL,GA,KY,MS,NC,SC,TN",47,027,47027,Management Costs,false,false,true,false,false,false,false,false,false,false,Winter weather,false,false,false,false,false,false,false,true,false,false,false,100.00,0.00,false,false,false,false,true,false,true,10k_to_100k,https://www.fema.gov/api/open/v2/PublicAssistanceFundedProjectsDetails,https://www.fema.gov/openfema-data-page/public-assistance-funded-projects-details-v2,2026-08-17T06:23:38Z
4898,2026-02-06T00:00:00.000Z,Winter Storm,507,Management Costs,037-U8MLR-00,Z,Management Costs,Eligible,Obligated,Small,Davidson County,037,TN,47,5843.89,5843.89,5843.89,2026-06-19T00:00:00.000Z,2026-06-19T00:00:00.000Z,0,1068916,277726,2026-07-23T18:44:06.680Z,54f3ce86be4395d8e6df4da0f4eda5f3ed4294cf,2026-02-06,2026-06-19,2026-06-19,2026-07-23T18:44:06Z,2026,02,1,2026,2026,133,0,true,Tennessee,4,Region 4 — Atlanta,Atlanta,"AL,FL,GA,KY,MS,NC,SC,TN",47,037,47037,Management Costs,false,false,true,false,false,false,false,false,false,false,Winter weather,false,false,false,false,false,false,false,true,false,false,false,100.00,0.00,false,false,false,false,true,false,true,under_10k,https://www.fema.gov/api/open/v2/PublicAssistanceFundedProjectsDetails,https://www.fema.gov/openfema-data-page/public-assistance-funded-projects-details-v2,2026-08-17T06:23:38Z
4898,2026-02-06T00:00:00.000Z,Winter Storm,508,"Temporary Measures, Boiler Rental",000-U00AA-00,B,Emergency Protective Measures,Eligible,Obligated,Small,Statewide,037,TN,47,90137.75,67603.32,67603.32,2026-07-01T00:00:00.000Z,2026-07-01T00:00:00.000Z,0,1068917,278183,2026-07-23T18:44:06.680Z,b5c20a6de6a0ed808cb34ca527b918ee3c322f79,2026-02-06,2026-07-01,2026-07-01,2026-07-23T18:44:06Z,2026,02,1,2026,2026,145,0,true,Tennessee,4,Region 4 — Atlanta,Atlanta,"AL,FL,GA,KY,MS,NC,SC,TN",47,037,47037,Emergency Work,true,false,false,false,true,false,false,false,false,false,Winter weather,false,false,false,false,false,false,false,true,false,false,false,75.00,0.00,false,false,false,false,true,false,true,10k_to_100k,https://www.fema.gov/api/open/v2/PublicAssistanceFundedProjectsDetails,https://www.fema.gov/openfema-data-page/public-assistance-funded-projects-details-v2,2026-08-17T06:23:38Z
4898,2026-02-06T00:00:00.000Z,Winter Storm,509,Management Costs,043-99043-00,Z,Management Costs,Eligible,Obligated,Small,Dickson County,043,TN,47,32361.18,32361.18,32361.18,2026-06-15T00:00:00.000Z,2026-06-15T00:00:00.000Z,0,1068918,277811,2026-07-23T18:44:06.680Z,f7feefd39aec033f090d7b99887bf98f313659d0,2026-02-06,2026-06-15,2026-06-15,2026-07-23T18:44:06Z,2026,02,1,2026,2026,129,0,true,Tennessee,4,Region 4 — Atlanta,Atlanta,"AL,FL,GA,KY,MS,NC,SC,TN",47,043,47043,Management Costs,false,false,true,false,false,false,false,false,false,false,Winter weather,false,false,false,false,false,false,false,true,false,false,false,100.00,0.00,false,false,false,false,true,false,true,10k_to_100k,https://www.fema.gov/api/open/v2/PublicAssistanceFundedProjectsDetails,https://www.fema.gov/openfema-data-page/public-assistance-funded-projects-details-v2,2026-08-17T06:23:38Z
4898,2026-02-06T00:00:00.000Z,Winter Storm,510,Management Costs,005-U0165-00,Z,Management Costs,Eligible,Obligated,Small,Benton County,005,TN,47,5604.16,5604.16,5604.16,2026-06-18T00:00:00.000Z,2026-06-18T00:00:00.000Z,0,1068956,278027,2026-07-23T18:44:06.680Z,89eb0eb6be20fd7a1428e35919113d82db9a7576,2026-02-06,2026-06-18,2026-06-18,2026-07-23T18:44:06Z,2026,02,1,2026,2026,132,0,true,Tennessee,4,Region 4 — Atlanta,Atlanta,"AL,FL,GA,KY,MS,NC,SC,TN",47,005,47005,Management Costs,false,false,true,false,false,false,false,false,false,false,Winter weather,false,false,false,false,false,false,false,true,false,false,false,100.00,0.00,false,false,false,false,true,false,true,under_10k,https://www.fema.gov/api/open/v2/PublicAssistanceFundedProjectsDetails,https://www.fema.gov/openfema-data-page/public-assistance-funded-projects-details-v2,2026-08-17T06:23:38Z
4898,2026-02-06T00:00:00.000Z,Winter Storm,511,Management Costs,101-U2IYH-00,Z,Management Costs,Eligible,Obligated,Small,Lewis County,101,TN,47,23750,23750,23750,2026-06-16T00:00:00.000Z,2026-06-16T00:00:00.000Z,0,1068979,278167,2026-07-23T18:44:06.680Z,71a0a0ce988c7795dbff24b70d3d2890c430873e,2026-02-06,2026-06-16,2026-06-16,2026-07-23T18:44:06Z,2026,02,1,2026,2026,130,0,true,Tennessee,4,Region 4 — Atlanta,Atlanta,"AL,FL,GA,KY,MS,NC,SC,TN",47,101,47101,Management Costs,false,false,true,false,false,false,false,false,false,false,Winter weather,false,false,false,false,false,false,false,true,false,false,false,100.00,0.00,false,false,false,false,true,false,true,10k_to_100k,https://www.fema.gov/api/open/v2/PublicAssistanceFundedProjectsDetails,https://www.fema.gov/openfema-data-page/public-assistance-funded-projects-details-v2,2026-08-17T06:23:38Z
4898,2026-02-06T00:00:00.000Z,Winter Storm,512,BHBC-Management Cost,037-USO57-00,Z,Management Costs,Eligible,Obligated,Small,Davidson County,037,TN,47,449.85,449.85,449.85,2026-06-19T00:00:00.000Z,2026-06-19T00:00:00.000Z,0,1069040,278185,2026-07-23T18:44:06.680Z,0b4cbfa0ed7b2398a7ece34a963c5ab30bf0bcd4,2026-02-06,2026-06-19,2026-06-19,2026-07-23T18:44:06Z,2026,02,1,2026,2026,133,0,true,Tennessee,4,Region 4 — Atlanta,Atlanta,"AL,FL,GA,KY,MS,NC,SC,TN",47,037,47037,Management Costs,false,false,true,false,false,false,false,false,false,false,Winter weather,false,false,false,false,false,false,false,true,false,false,false,100.00,0.00,false,false,false,false,true,false,true,under_10k,https://www.fema.gov/api/open/v2/PublicAssistanceFundedProjectsDetails,https://www.fema.gov/openfema-data-page/public-assistance-funded-projects-details-v2,2026-08-17T06:23:38Z
4898,2026-02-06T00:00:00.000Z,Winter Storm,514,Cat Z - Management Costs,000-U0158-00,Z,Management Costs,Eligible,Obligated,Small,Statewide,145,TN,47,17824.05,17824.05,17824.05,2026-06-19T00:00:00.000Z,2026-06-19T00:00:00.000Z,0,1069057,278197,2026-07-23T18:44:06.680Z,5c6c3794a1c94a5d3be27835aca6a2ad75e08e7c,2026-02-06,2026-06-19,2026-06-19,2026-07-23T18:44:06Z,2026,02,1,2026,2026,133,0,true,Tennessee,4,Region 4 — Atlanta,Atlanta,"AL,FL,GA,KY,MS,NC,SC,TN",47,145,47145,Management Costs,false,false,true,false,false,false,false,false,false,false,Winter weather,false,false,false,false,false,false,false,true,false,false,false,100.00,0.00,false,false,false,false,true,false,true,10k_to_100k,https://www.fema.gov/api/open/v2/PublicAssistanceFundedProjectsDetails,https://www.fema.gov/openfema-data-page/public-assistance-funded-projects-details-v2,2026-08-17T06:23:38Z
4898,2026-02-06T00:00:00.000Z,Winter Storm,516,Management Costs,169-U4E9F-00,Z,Management Costs,Eligible,Obligated,Small,Trousdale County,169,TN,47,15335.5,15335.5,15335.5,2026-06-19T00:00:00.000Z,2026-06-19T00:00:00.000Z,0,1069084,278170,2026-07-23T18:44:06.680Z,6cb2ea487486f748869e4d7e2181aeec7eeedd66,2026-02-06,2026-06-19,2026-06-19,2026-07-23T18:44:06Z,2026,02,1,2026,2026,133,0,true,Tennessee,4,Region 4 — Atlanta,Atlanta,"AL,FL,GA,KY,MS,NC,SC,TN",47,169,47169,Management Costs,false,false,true,false,false,false,false,false,false,false,Winter weather,false,false,false,false,false,false,false,true,false,false,false,100.00,0.00,false,false,false,false,true,false,true,10k_to_100k,https://www.fema.gov/api/open/v2/PublicAssistanceFundedProjectsDetails,https://www.fema.gov/openfema-data-page/public-assistance-funded-projects-details-v2,2026-08-17T06:23:38Z
4898,2026-02-06T00:00:00.000Z,Winter Storm,517,City of Belle Meade Management Costs,037-04620-00,Z,Management Costs,Eligible,Obligated,Small,Davidson County,037,TN,47,45943.56,45943.56,45943.56,2026-06-24T00:00:00.000Z,2026-06-24T00:00:00.000Z,0,1069098,278162,2026-07-23T18:44:06.680Z,d5e739182f0ab7bf8a7adeb434bf3e552d54ce00,2026-02-06,2026-06-24,2026-06-24,2026-07-23T18:44:06Z,2026,02,1,2026,2026,138,0,true,Tennessee,4,Region 4 — Atlanta,Atlanta,"AL,FL,GA,KY,MS,NC,SC,TN",47,037,47037,Management Costs,false,false,true,false,false,false,false,false,false,false,Winter weather,false,false,false,false,false,false,false,true,false,false,false,100.00,0.00,false,false,false,false,true,false,true,10k_to_100k,https://www.fema.gov/api/open/v2/PublicAssistanceFundedProjectsDetails,https://www.fema.gov/openfema-data-page/public-assistance-funded-projects-details-v2,2026-08-17T06:23:38Z
4898,2026-02-06T00:00:00.000Z,Winter Storm,518,Management Costs,119-UOXKF-00,Z,Management Costs,Eligible,Obligated,Small,Maury County,119,TN,47,29190.13,29190.13,29190.13,2026-06-19T00:00:00.000Z,2026-06-19T00:00:00.000Z,0,1069108,278184,2026-07-23T18:44:06.680Z,086b4a9c3cb21b662db7fdfbf0858a12849b51dd,2026-02-06,2026-06-19,2026-06-19,2026-07-23T18:44:06Z,2026,02,1,2026,2026,133,0,true,Tennessee,4,Region 4 — Atlanta,Atlanta,"AL,FL,GA,KY,MS,NC,SC,TN",47,119,47119,Management Costs,false,false,true,false,false,false,false,false,false,false,Winter weather,false,false,false,false,false,false,false,true,false,false,false,100.00,0.00,false,false,false,false,true,false,true,10k_to_100k,https://www.fema.gov/api/open/v2/PublicAssistanceFundedProjectsDetails,https://www.fema.gov/openfema-data-page/public-assistance-funded-projects-details-v2,2026-08-17T06:23:38Z
4898,2026-02-06T00:00:00.000Z,Winter Storm,519,Estimated Management Costs,099-U012D-00,Z,Management Costs,Eligible,Obligated,Small,Lawrence County,099,TN,47,13415.69,13415.69,13415.69,2026-06-19T00:00:00.000Z,2026-06-19T00:00:00.000Z,0,1069111,278059,2026-07-23T18:44:06.680Z,625b83e77113afb8d7c455f590b8abfb394aafc9,2026-02-06,2026-06-19,2026-06-19,2026-07-23T18:44:06Z,2026,02,1,2026,2026,133,0,true,Tennessee,4,Region 4 — Atlanta,Atlanta,"AL,FL,GA,KY,MS,NC,SC,TN",47,099,47099,Management Costs,false,false,true,false,false,false,false,false,false,false,Winter weather,false,false,false,false,false,false,false,true,false,false,false,100.00,0.00,false,false,false,false,true,false,true,10k_to_100k,https://www.fema.gov/api/open/v2/PublicAssistanceFundedProjectsDetails,https://www.fema.gov/openfema-data-page/public-assistance-funded-projects-details-v2,2026-08-17T06:23:38Z
4898,2026-02-06T00:00:00.000Z,Winter Storm,520,Management Costs,145-UR87H-00,Z,Management Costs,Eligible,Obligated,Small,Roane County,145,TN,47,1098.5,1098.5,1098.5,2026-06-19T00:00:00.000Z,2026-06-19T00:00:00.000Z,0,1069126,278095,2026-07-23T18:44:06.680Z,b2355cc272c9da002c3172f6ac09c95be4d36db3,2026-02-06,2026-06-19,2026-06-19,2026-07-23T18:44:06Z,2026,02,1,2026,2026,133,0,true,Tennessee,4,Region 4 — Atlanta,Atlanta,"AL,FL,GA,KY,MS,NC,SC,TN",47,145,47145,Management Costs,false,false,true,false,false,false,false,false,false,false,Winter weather,false,false,false,false,false,false,false,true,false,false,false,100.00,0.00,false,false,false,false,true,false,true,under_10k,https://www.fema.gov/api/open/v2/PublicAssistanceFundedProjectsDetails,https://www.fema.gov/openfema-data-page/public-assistance-funded-projects-details-v2,2026-08-17T06:23:38Z
4898,2026-02-06T00:00:00.000Z,Winter Storm,522,Donated Resources,125-99125-00,B,Emergency Work Donated Resources,Eligible,Obligated,Small,Montgomery County,125,TN,47,7088.9,5316.68,5316.68,2026-06-25T00:00:00.000Z,2026-06-25T00:00:00.000Z,0,1069181,278018,2026-07-23T18:44:06.680Z,8f013edad5a662d51d675c03a6e196c3d3e21f15,2026-02-06,2026-06-25,2026-06-25,2026-07-23T18:44:06Z,2026,02,1,2026,2026,139,0,true,Tennessee,4,Region 4 — Atlanta,Atlanta,"AL,FL,GA,KY,MS,NC,SC,TN",47,125,47125,Emergency Work,true,false,false,false,true,false,false,false,false,false,Winter weather,false,false,false,false,false,false,false,true,false,false,false,75.00,0.00,false,false,false,false,true,false,true,under_10k,https://www.fema.gov/api/open/v2/PublicAssistanceFundedProjectsDetails,https://www.fema.gov/openfema-data-page/public-assistance-funded-projects-details-v2,2026-08-17T06:23:38Z
4898,2026-02-06T00:00:00.000Z,Winter Storm,523,Management Costs,119-16540-00,Z,Management Costs,Eligible,Obligated,Small,Maury County,119,TN,47,5631.3,5631.3,5631.3,2026-06-24T00:00:00.000Z,2026-06-24T00:00:00.000Z,0,1069194,277871,2026-07-23T18:44:06.680Z,ddd724e0812149e1cfbd872371ceaac113e64aba,2026-02-06,2026-06-24,2026-06-24,2026-07-23T18:44:06Z,2026,02,1,2026,2026,138,0,true,Tennessee,4,Region 4 — Atlanta,Atlanta,"AL,FL,GA,KY,MS,NC,SC,TN",47,119,47119,Management Costs,false,false,true,false,false,false,false,false,false,false,Winter weather,false,false,false,false,false,false,false,true,false,false,false,100.00,0.00,false,false,false,false,true,false,true,under_10k,https://www.fema.gov/api/open/v2/PublicAssistanceFundedProjectsDetails,https://www.fema.gov/openfema-data-page/public-assistance-funded-projects-details-v2,2026-08-17T06:23:38Z
4898,2026-02-06T00:00:00.000Z,Winter Storm,524,Decaturville Town of Donated Resources,039-19900-00,B,Emergency Work Donated Resources,Eligible,Obligated,Small,Decatur County,039,TN,47,503.36,377.53,377.53,2026-07-09T00:00:00.000Z,2026-07-09T00:00:00.000Z,0,1069210,277565,2026-07-23T18:44:06.680Z,1a89c001fd2c97e09767bbb7af22558408ad6eaf,2026-02-06,2026-07-09,2026-07-09,2026-07-23T18:44:06Z,2026,02,1,2026,2026,153,0,true,Tennessee,4,Region 4 — Atlanta,Atlanta,"AL,FL,GA,KY,MS,NC,SC,TN",47,039,47039,Emergency Work,true,false,false,false,true,false,false,false,false,false,Winter weather,false,false,false,false,false,false,false,true,false,false,false,75.00,0.00,false,false,false,false,true,false,true,under_10k,https://www.fema.gov/api/open/v2/PublicAssistanceFundedProjectsDetails,https://www.fema.gov/openfema-data-page/public-assistance-funded-projects-details-v2,2026-08-17T06:23:38Z
4898,2026-02-06T00:00:00.000Z,Winter Storm,525,Fayette County Management Costs,047-99047-00,Z,Management Costs,Eligible,Obligated,Small,Fayette County,047,TN,47,1769.2,1769.2,1769.2,2026-06-24T00:00:00.000Z,2026-06-24T00:00:00.000Z,0,1069227,278034,2026-07-23T18:44:06.680Z,7a0af5796b74f033acb46703e700ae5147eb06b1,2026-02-06,2026-06-24,2026-06-24,2026-07-23T18:44:06Z,2026,02,1,2026,2026,138,0,true,Tennessee,4,Region 4 — Atlanta,Atlanta,"AL,FL,GA,KY,MS,NC,SC,TN",47,047,47047,Management Costs,false,false,true,false,false,false,false,false,false,false,Winter weather,false,false,false,false,false,false,false,true,false,false,false,100.00,0.00,false,false,false,false,true,false,true,under_10k,https://www.fema.gov/api/open/v2/PublicAssistanceFundedProjectsDetails,https://www.fema.gov/openfema-data-page/public-assistance-funded-projects-details-v2,2026-08-17T06:23:38Z
4898,2026-02-06T00:00:00.000Z,Winter Storm,527,Management Costs,005-10560-00,Z,Management Costs,Eligible,Obligated,Small,Benton County,005,TN,47,3267.23,3267.23,3267.23,2026-06-24T00:00:00.000Z,2026-06-24T00:00:00.000Z,0,1069243,278028,2026-07-23T18:44:06.680Z,296527a1193135eb288584cbcdec892746b320e2,2026-02-06,2026-06-24,2026-06-24,2026-07-23T18:44:06Z,2026,02,1,2026,2026,138,0,true,Tennessee,4,Region 4 — Atlanta,Atlanta,"AL,FL,GA,KY,MS,NC,SC,TN",47,005,47005,Management Costs,false,false,true,false,false,false,false,false,false,false,Winter weather,false,false,false,false,false,false,false,true,false,false,false,100.00,0.00,false,false,false,false,true,false,true,under_10k,https://www.fema.gov/api/open/v2/PublicAssistanceFundedProjectsDetails,https://www.fema.gov/openfema-data-page/public-assistance-funded-projects-details-v2,2026-08-17T06:23:38Z
4898,2026-02-06T00:00:00.000Z,Winter Storm,528,Debris Removal - Cut and Toss,187-00257-00,B,Emergency Protective Measures,Eligible,Obligated,Small,Williamson County,187,TN,47,19778.89,14834.17,14834.17,2026-07-21T00:00:00.000Z,2026-07-21T00:00:00.000Z,0,1069259,278036,2026-07-23T18:44:06.680Z,b7b6d5e73a9f725bfb9579fa5916c7f64e3cf765,2026-02-06,2026-07-21,2026-07-21,2026-07-23T18:44:06Z,2026,02,1,2026,2026,165,0,true,Tennessee,4,Region 4 — Atlanta,Atlanta,"AL,FL,GA,KY,MS,NC,SC,TN",47,187,47187,Emergency Work,true,false,false,false,true,false,false,false,false,false,Winter weather,false,false,false,false,false,false,false,true,false,false,false,75.00,0.00,false,false,false,false,true,false,true,10k_to_100k,https://www.fema.gov/api/open/v2/PublicAssistanceFundedProjectsDetails,https://www.fema.gov/openfema-data-page/public-assistance-funded-projects-details-v2,2026-08-17T06:23:38Z
4898,2026-02-06T00:00:00.000Z,Winter Storm,529,Debris Removal,037-UV0ER-00,A,Debris Removal,Eligible,Obligated,Small,Davidson County,037,TN,47,8061.01,6045.76,6045.76,2026-08-11T00:00:00.000Z,2026-08-11T00:00:00.000Z,0,1069362,278217,2026-08-12T15:21:33.184Z,c025e58ee27761a340f31e88971af9b1a59c03c8,2026-02-06,2026-08-11,2026-08-11,2026-08-12T15:21:33Z,2026,02,1,2026,2026,186,0,true,Tennessee,4,Region 4 — Atlanta,Atlanta,"AL,FL,GA,KY,MS,NC,SC,TN",47,037,47037,Emergency Work,true,false,false,true,false,false,false,false,false,false,Winter weather,false,false,false,false,false,false,false,true,false,false,false,75.00,0.00,false,false,false,false,true,false,true,under_10k,https://www.fema.gov/api/open/v2/PublicAssistanceFundedProjectsDetails,https://www.fema.gov/openfema-data-page/public-assistance-funded-projects-details-v2,2026-08-17T06:23:38Z
4898,2026-02-06T00:00:00.000Z,Winter Storm,530,Management Costs,077-41980-00,Z,Management Costs,Eligible,Obligated,Small,Henderson County,077,TN,47,3275.92,3275.92,3275.92,2026-07-09T00:00:00.000Z,2026-07-09T00:00:00.000Z,0,1069437,277736,2026-07-23T18:44:06.680Z,ffe3caa8581964897aed5a717fe3cf452347e056,2026-02-06,2026-07-09,2026-07-09,2026-07-23T18:44:06Z,2026,02,1,2026,2026,153,0,true,Tennessee,4,Region 4 — Atlanta,Atlanta,"AL,FL,GA,KY,MS,NC,SC,TN",47,077,47077,Management Costs,false,false,true,false,false,false,false,false,false,false,Winter weather,false,false,false,false,false,false,false,true,false,false,false,100.00,0.00,false,false,false,false,true,false,true,under_10k,https://www.fema.gov/api/open/v2/PublicAssistanceFundedProjectsDetails,https://www.fema.gov/openfema-data-page/public-assistance-funded-projects-details-v2,2026-08-17T06:23:38Z
4898,2026-02-06T00:00:00.000Z,Winter Storm,531,Management Costs,077-U0401-00,Z,Management Costs,Eligible,Obligated,Small,Henderson County,077,TN,47,2293.86,2293.86,2293.86,2026-07-09T00:00:00.000Z,2026-07-09T00:00:00.000Z,0,1069444,277737,2026-07-23T18:44:06.680Z,7f533d9acd41c5895f48747d81d2393e38718d9e,2026-02-06,2026-07-09,2026-07-09,2026-07-23T18:44:06Z,2026,02,1,2026,2026,153,0,true,Tennessee,4,Region 4 — Atlanta,Atlanta,"AL,FL,GA,KY,MS,NC,SC,TN",47,077,47077,Management Costs,false,false,true,false,false,false,false,false,false,false,Winter weather,false,false,false,false,false,false,false,true,false,false,false,100.00,0.00,false,false,false,false,true,false,true,under_10k,https://www.fema.gov/api/open/v2/PublicAssistanceFundedProjectsDetails,https://www.fema.gov/openfema-data-page/public-assistance-funded-projects-details-v2,2026-08-17T06:23:38Z
4898,2026-02-06T00:00:00.000Z,Winter Storm,532,Management Costs,077-02EFF-00,Z,Management Costs,Eligible,Obligated,Small,Henderson County,077,TN,47,797.98,797.98,797.98,2026-07-09T00:00:00.000Z,2026-07-09T00:00:00.000Z,0,1069445,277738,2026-07-23T18:44:06.680Z,861cf324a11a9caeba94a047f1dc1c3da8f9f906,2026-02-06,2026-07-09,2026-07-09,2026-07-23T18:44:06Z,2026,02,1,2026,2026,153,0,true,Tennessee,4,Region 4 — Atlanta,Atlanta,"AL,FL,GA,KY,MS,NC,SC,TN",47,077,47077,Management Costs,false,false,true,false,false,false,false,false,false,false,Winter weather,false,false,false,false,false,false,false,true,false,false,false,100.00,0.00,false,false,false,false,true,false,true,under_10k,https://www.fema.gov/api/open/v2/PublicAssistanceFundedProjectsDetails,https://www.fema.gov/openfema-data-page/public-assistance-funded-projects-details-v2,2026-08-17T06:23:38Z
4898,2026-02-06T00:00:00.000Z,Winter Storm,533,Management Costs,039-57080-00,Z,Management Costs,Eligible,Obligated,Small,Decatur County,039,TN,47,3863.49,3863.49,3863.49,2026-07-09T00:00:00.000Z,2026-07-09T00:00:00.000Z,0,1069474,278054,2026-07-23T18:44:06.680Z,7f721b2571525d5cb88da5deac28ec3146bda9f6,2026-02-06,2026-07-09,2026-07-09,2026-07-23T18:44:06Z,2026,02,1,2026,2026,153,0,true,Tennessee,4,Region 4 — Atlanta,Atlanta,"AL,FL,GA,KY,MS,NC,SC,TN",47,039,47039,Management Costs,false,false,true,false,false,false,false,false,false,false,Winter weather,false,false,false,false,false,false,false,true,false,false,false,100.00,0.00,false,false,false,false,true,false,true,under_10k,https://www.fema.gov/api/open/v2/PublicAssistanceFundedProjectsDetails,https://www.fema.gov/openfema-data-page/public-assistance-funded-projects-details-v2,2026-08-17T06:23:38Z
4898,2026-02-06T00:00:00.000Z,Winter Storm,534,Management Costs,125-15160-00,Z,Management Costs,Eligible,Obligated,Small,Montgomery County,125,TN,47,2043.3,2043.3,2043.3,2026-06-30T00:00:00.000Z,2026-06-30T00:00:00.000Z,0,1069507,278006,2026-07-23T18:44:06.680Z,9c7067f4e2d7ca32f4f8d6a491a54c5fd381764d,2026-02-06,2026-06-30,2026-06-30,2026-07-23T18:44:06Z,2026,02,1,2026,2026,144,0,true,Tennessee,4,Region 4 — Atlanta,Atlanta,"AL,FL,GA,KY,MS,NC,SC,TN",47,125,47125,Management Costs,false,false,true,false,false,false,false,false,false,false,Winter weather,false,false,false,false,false,false,false,true,false,false,false,100.00,0.00,false,false,false,false,true,false,true,under_10k,https://www.fema.gov/api/open/v2/PublicAssistanceFundedProjectsDetails,https://www.fema.gov/openfema-data-page/public-assistance-funded-projects-details-v2,2026-08-17T06:23:38Z
4898,2026-02-06T00:00:00.000Z,Winter Storm,535,Management Costs,125-99125-00,Z,Management Costs,Eligible,Obligated,Small,Montgomery County,125,TN,47,5668.38,5668.38,5668.38,2026-07-09T00:00:00.000Z,2026-07-09T00:00:00.000Z,0,1069536,278018,2026-07-23T18:44:06.680Z,476d2f2cbaf33aae3780e8a801b339901e29f0e7,2026-02-06,2026-07-09,2026-07-09,2026-07-23T18:44:06Z,2026,02,1,2026,2026,153,0,true,Tennessee,4,Region 4 — Atlanta,Atlanta,"AL,FL,GA,KY,MS,NC,SC,TN",47,125,47125,Management Costs,false,false,true,false,false,false,false,false,false,false,Winter weather,false,false,false,false,false,false,false,true,false,false,false,100.00,0.00,false,false,false,false,true,false,true,under_10k,https://www.fema.gov/api/open/v2/PublicAssistanceFundedProjectsDetails,https://www.fema.gov/openfema-data-page/public-assistance-funded-projects-details-v2,2026-08-17T06:23:38Z
4898,2026-02-06T00:00:00.000Z,Winter Storm,536,Management Costs,135-42720-00,Z,Management Costs,Eligible,Obligated,Small,Perry County,135,TN,47,6294.77,6294.77,6294.77,2026-07-09T00:00:00.000Z,2026-07-09T00:00:00.000Z,0,1069538,278011,2026-07-23T18:44:06.680Z,b754a87f7c80cec4103e3a993556adc0141e6622,2026-02-06,2026-07-09,2026-07-09,2026-07-23T18:44:06Z,2026,02,1,2026,2026,153,0,true,Tennessee,4,Region 4 — Atlanta,Atlanta,"AL,FL,GA,KY,MS,NC,SC,TN",47,135,47135,Management Costs,false,false,true,false,false,false,false,false,false,false,Winter weather,false,false,false,false,false,false,false,true,false,false,false,100.00,0.00,false,false,false,false,true,false,true,under_10k,https://www.fema.gov/api/open/v2/PublicAssistanceFundedProjectsDetails,https://www.fema.gov/openfema-data-page/public-assistance-funded-projects-details-v2,2026-08-17T06:23:38Z
4898,2026-02-06T00:00:00.000Z,Winter Storm,537,Management Costs,101-35160-00,Z,Management Costs,Eligible,Obligated,Small,Lewis County,101,TN,47,9123,9123,9123,2026-07-09T00:00:00.000Z,2026-07-09T00:00:00.000Z,0,1069604,277994,2026-07-23T18:44:06.680Z,bd54a7b519510144aea3ba28dfc13457b72a9e66,2026-02-06,2026-07-09,2026-07-09,2026-07-23T18:44:06Z,2026,02,1,2026,2026,153,0,true,Tennessee,4,Region 4 — Atlanta,Atlanta,"AL,FL,GA,KY,MS,NC,SC,TN",47,101,47101,Management Costs,false,false,true,false,false,false,false,false,false,false,Winter weather,false,false,false,false,false,false,false,true,false,false,false,100.00,0.00,false,false,false,false,true,false,true,under_10k,https://www.fema.gov/api/open/v2/PublicAssistanceFundedProjectsDetails,https://www.fema.gov/openfema-data-page/public-assistance-funded-projects-details-v2,2026-08-17T06:23:38Z
4898,2026-02-06T00:00:00.000Z,Winter Storm,538,Management Costs,113-07C7F-00,Z,Management Costs,Eligible,Obligated,Small,Madison County,113,TN,47,16418.96,16418.96,16418.96,2026-07-09T00:00:00.000Z,2026-07-09T00:00:00.000Z,0,1069624,278052,2026-07-23T18:44:06.680Z,627fdedd55606d63f712305713ffc2a1e8f280f1,2026-02-06,2026-07-09,2026-07-09,2026-07-23T18:44:06Z,2026,02,1,2026,2026,153,0,true,Tennessee,4,Region 4 — Atlanta,Atlanta,"AL,FL,GA,KY,MS,NC,SC,TN",47,113,47113,Management Costs,false,false,true,false,false,false,false,false,false,false,Winter weather,false,false,false,false,false,false,false,true,false,false,false,100.00,0.00,false,false,false,false,true,false,true,10k_to_100k,https://www.fema.gov/api/open/v2/PublicAssistanceFundedProjectsDetails,https://www.fema.gov/openfema-data-page/public-assistance-funded-projects-details-v2,2026-08-17T06:23:38Z
4898,2026-02-06T00:00:00.000Z,Winter Storm,542,Management Costs,187-UHBZR-00,Z,Management Costs,Eligible,Obligated,Small,Williamson County,187,TN,47,3896.78,3896.78,3896.78,2026-07-09T00:00:00.000Z,2026-07-09T00:00:00.000Z,0,1069714,277860,2026-07-23T18:44:06.680Z,94adc5aadfb92f92c6cf90f3f8b242adedb18759,2026-02-06,2026-07-09,2026-07-09,2026-07-23T18:44:06Z,2026,02,1,2026,2026,153,0,true,Tennessee,4,Region 4 — Atlanta,Atlanta,"AL,FL,GA,KY,MS,NC,SC,TN",47,187,47187,Management Costs,false,false,true,false,false,false,false,false,false,false,Winter weather,false,false,false,false,false,false,false,true,false,false,false,100.00,0.00,false,false,false,false,true,false,true,under_10k,https://www.fema.gov/api/open/v2/PublicAssistanceFundedProjectsDetails,https://www.fema.gov/openfema-data-page/public-assistance-funded-projects-details-v2,2026-08-17T06:23:38Z
4898,2026-02-06T00:00:00.000Z,Winter Storm,545,Management Costs,069-99069-00,Z,Management Costs,Eligible,Obligated,Small,Hardeman County,069,TN,47,680,680,680,2026-07-27T00:00:00.000Z,2026-07-27T00:00:00.000Z,0,1069757,277536,2026-07-28T15:17:24.735Z,64d1eac825006094b8a7ae75c51c0b2cae285885,2026-02-06,2026-07-27,2026-07-27,2026-07-28T15:17:24Z,2026,02,1,2026,2026,171,0,true,Tennessee,4,Region 4 — Atlanta,Atlanta,"AL,FL,GA,KY,MS,NC,SC,TN",47,069,47069,Management Costs,false,false,true,false,false,false,false,false,false,false,Winter weather,false,false,false,false,false,false,false,true,false,false,false,100.00,0.00,false,false,false,false,true,false,true,under_10k,https://www.fema.gov/api/open/v2/PublicAssistanceFundedProjectsDetails,https://www.fema.gov/openfema-data-page/public-assistance-funded-projects-details-v2,2026-08-17T06:23:38Z
4898,2026-02-06T00:00:00.000Z,Winter Storm,548,City of Clifton-Management Costs,181-15480-00,Z,Management Costs,Eligible,Obligated,Small,Wayne County,181,TN,47,2474.83,2474.83,2474.83,2026-07-10T00:00:00.000Z,2026-07-10T00:00:00.000Z,0,1069956,278056,2026-07-23T18:44:06.680Z,20ee025026aa0a0306887c59d12589c62b0ddae1,2026-02-06,2026-07-10,2026-07-10,2026-07-23T18:44:06Z,2026,02,1,2026,2026,154,0,true,Tennessee,4,Region 4 — Atlanta,Atlanta,"AL,FL,GA,KY,MS,NC,SC,TN",47,181,47181,Management Costs,false,false,true,false,false,false,false,false,false,false,Winter weather,false,false,false,false,false,false,false,true,false,false,false,100.00,0.00,false,false,false,false,true,false,true,under_10k,https://www.fema.gov/api/open/v2/PublicAssistanceFundedProjectsDetails,https://www.fema.gov/openfema-data-page/public-assistance-funded-projects-details-v2,2026-08-17T06:23:38Z
4898,2026-02-06T00:00:00.000Z,Winter Storm,549,Selmer EPM Donated Resources,109-66940-00,B,Emergency Work Donated Resources,Eligible,Obligated,Small,McNairy County,109,TN,47,71107.16,53330.38,53330.38,2026-07-30T00:00:00.000Z,2026-07-30T00:00:00.000Z,0,1069960,278055,2026-07-31T15:06:08.793Z,dbf7d117dacf439c59be07517666f46ec3cdea55,2026-02-06,2026-07-30,2026-07-30,2026-07-31T15:06:08Z,2026,02,1,2026,2026,174,0,true,Tennessee,4,Region 4 — Atlanta,Atlanta,"AL,FL,GA,KY,MS,NC,SC,TN",47,109,47109,Emergency Work,true,false,false,false,true,false,false,false,false,false,Winter weather,false,false,false,false,false,false,false,true,false,false,false,75.00,0.00,false,false,false,false,true,false,true,10k_to_100k,https://www.fema.gov/api/open/v2/PublicAssistanceFundedProjectsDetails,https://www.fema.gov/openfema-data-page/public-assistance-funded-projects-details-v2,2026-08-17T06:23:38Z
4898,2026-02-06T00:00:00.000Z,Winter Storm,554,Management Costs,119-51080-00,Z,Management Costs,Eligible,Obligated,Small,Maury County,119,TN,47,2180.07,2180.07,2180.07,2026-07-15T00:00:00.000Z,2026-07-15T00:00:00.000Z,0,1070003,278020,2026-07-23T18:44:06.680Z,371b397e56ed2f54244513bd290cc405c437a6cb,2026-02-06,2026-07-15,2026-07-15,2026-07-23T18:44:06Z,2026,02,1,2026,2026,159,0,true,Tennessee,4,Region 4 — Atlanta,Atlanta,"AL,FL,GA,KY,MS,NC,SC,TN",47,119,47119,Management Costs,false,false,true,false,false,false,false,false,false,false,Winter weather,false,false,false,false,false,false,false,true,false,false,false,100.00,0.00,false,false,false,false,true,false,true,under_10k,https://www.fema.gov/api/open/v2/PublicAssistanceFundedProjectsDetails,https://www.fema.gov/openfema-data-page/public-assistance-funded-projects-details-v2,2026-08-17T06:23:38Z
4898,2026-02-06T00:00:00.000Z,Winter Storm,555,Henderson County Donated Resources,077-99077-00,B,Emergency Work Donated Resources,Eligible,Obligated,Small,Henderson County,077,TN,47,26839.2,20129.4,20129.4,2026-08-07T00:00:00.000Z,2026-08-07T00:00:00.000Z,0,1070008,277703,2026-08-12T15:21:33.184Z,e0e78ba1e4bab548c26aa563634f6b7011771031,2026-02-06,2026-08-07,2026-08-07,2026-08-12T15:21:33Z,2026,02,1,2026,2026,182,0,true,Tennessee,4,Region 4 — Atlanta,Atlanta,"AL,FL,GA,KY,MS,NC,SC,TN",47,077,47077,Emergency Work,true,false,false,false,true,false,false,false,false,false,Winter weather,false,false,false,false,false,false,false,true,false,false,false,75.00,0.00,false,false,false,false,true,false,true,10k_to_100k,https://www.fema.gov/api/open/v2/PublicAssistanceFundedProjectsDetails,https://www.fema.gov/openfema-data-page/public-assistance-funded-projects-details-v2,2026-08-17T06:23:38Z
4898,2026-02-06T00:00:00.000Z,Winter Storm,558,Management Costs,145-00E44-00,Z,Management Costs,Eligible,Obligated,Small,Roane County,145,TN,47,46893,46893,46893,2026-07-17T00:00:00.000Z,2026-07-17T00:00:00.000Z,0,1070035,278077,2026-07-23T18:44:06.680Z,6cd3a80d2ead64a0ed38801dc552f54674f3b8f2,2026-02-06,2026-07-17,2026-07-17,2026-07-23T18:44:06Z,2026,02,1,2026,2026,161,0,true,Tennessee,4,Region 4 — Atlanta,Atlanta,"AL,FL,GA,KY,MS,NC,SC,TN",47,145,47145,Management Costs,false,false,true,false,false,false,false,false,false,false,Winter weather,false,false,false,false,false,false,false,true,false,false,false,100.00,0.00,false,false,false,false,true,false,true,10k_to_100k,https://www.fema.gov/api/open/v2/PublicAssistanceFundedProjectsDetails,https://www.fema.gov/openfema-data-page/public-assistance-funded-projects-details-v2,2026-08-17T06:23:38Z
4898,2026-02-06T00:00:00.000Z,Winter Storm,560,Management Costs,125-U00B3-00,Z,Management Costs,Eligible,Obligated,Small,Montgomery County,125,TN,47,18245.88,18245.88,18245.88,2026-07-15T00:00:00.000Z,2026-07-15T00:00:00.000Z,0,1070100,278017,2026-07-23T18:44:06.680Z,0df6d3a184a4213bcfcef16c4891c98ab6ffec65,2026-02-06,2026-07-15,2026-07-15,2026-07-23T18:44:06Z,2026,02,1,2026,2026,159,0,true,Tennessee,4,Region 4 — Atlanta,Atlanta,"AL,FL,GA,KY,MS,NC,SC,TN",47,125,47125,Management Costs,false,false,true,false,false,false,false,false,false,false,Winter weather,false,false,false,false,false,false,false,true,false,false,false,100.00,0.00,false,false,false,false,true,false,true,10k_to_100k,https://www.fema.gov/api/open/v2/PublicAssistanceFundedProjectsDetails,https://www.fema.gov/openfema-data-page/public-assistance-funded-projects-details-v2,2026-08-17T06:23:38Z
4898,2026-02-06T00:00:00.000Z,Winter Storm,561,Town of Ashland City - Donated Resources for Warming Shelter,021-U73WS-00,B,Emergency Work Donated Resources,Eligible,Obligated,Small,Cheatham County,021,TN,47,8164.95,6123.72,6123.72,2026-07-23T00:00:00.000Z,2026-07-23T00:00:00.000Z,0,1070108,278181,2026-07-24T15:07:02.020Z,52bea7d97bf21b65b605898c06e341d44c9cb470,2026-02-06,2026-07-23,2026-07-23,2026-07-24T15:07:02Z,2026,02,1,2026,2026,167,0,true,Tennessee,4,Region 4 — Atlanta,Atlanta,"AL,FL,GA,KY,MS,NC,SC,TN",47,021,47021,Emergency Work,true,false,false,false,true,false,false,false,false,false,Winter weather,false,false,false,false,false,false,false,true,false,false,false,75.00,0.00,false,false,false,false,true,false,true,under_10k,https://www.fema.gov/api/open/v2/PublicAssistanceFundedProjectsDetails,https://www.fema.gov/openfema-data-page/public-assistance-funded-projects-details-v2,2026-08-17T06:23:38Z
4898,2026-02-06T00:00:00.000Z,Winter Storm,562,Management Costs,037-UN2E7-00,Z,Management Costs,Eligible,Obligated,Small,Davidson County,037,TN,47,42673.46,42673.46,42673.46,2026-07-21T00:00:00.000Z,2026-07-21T00:00:00.000Z,0,1070109,278097,2026-07-23T18:44:06.680Z,630c440e16f40af683fed3ba3d5a45beb6d2e16a,2026-02-06,2026-07-21,2026-07-21,2026-07-23T18:44:06Z,2026,02,1,2026,2026,165,0,true,Tennessee,4,Region 4 — Atlanta,Atlanta,"AL,FL,GA,KY,MS,NC,SC,TN",47,037,47037,Management Costs,false,false,true,false,false,false,false,false,false,false,Winter weather,false,false,false,false,false,false,false,true,false,false,false,100.00,0.00,false,false,false,false,true,false,true,10k_to_100k,https://www.fema.gov/api/open/v2/PublicAssistanceFundedProjectsDetails,https://www.fema.gov/openfema-data-page/public-assistance-funded-projects-details-v2,2026-08-17T06:23:38Z
4898,2026-02-06T00:00:00.000Z,Winter Storm,563,City of Waynesboro-Management Costs,181-78600-00,Z,Management Costs,Eligible,Obligated,Small,Wayne County,181,TN,47,13640.36,13640.36,13640.36,2026-07-17T00:00:00.000Z,2026-07-17T00:00:00.000Z,0,1070167,278062,2026-07-23T18:44:06.680Z,64e806e26273d0973e5d301af82436dae3519739,2026-02-06,2026-07-17,2026-07-17,2026-07-23T18:44:06Z,2026,02,1,2026,2026,161,0,true,Tennessee,4,Region 4 — Atlanta,Atlanta,"AL,FL,GA,KY,MS,NC,SC,TN",47,181,47181,Management Costs,false,false,true,false,false,false,false,false,false,false,Winter weather,false,false,false,false,false,false,false,true,false,false,false,100.00,0.00,false,false,false,false,true,false,true,10k_to_100k,https://www.fema.gov/api/open/v2/PublicAssistanceFundedProjectsDetails,https://www.fema.gov/openfema-data-page/public-assistance-funded-projects-details-v2,2026-08-17T06:23:38Z
4898,2026-02-06T00:00:00.000Z,Winter Storm,564,Management Costs,189-50780-00,Z,Management Costs,Eligible,Obligated,Small,Wilson County,189,TN,47,16038.19,16038.19,16038.19,2026-07-21T00:00:00.000Z,2026-07-21T00:00:00.000Z,0,1070219,278008,2026-07-23T18:44:06.680Z,0119dbf112eeae7362ffeb961828ec626f6ad195,2026-02-06,2026-07-21,2026-07-21,2026-07-23T18:44:06Z,2026,02,1,2026,2026,165,0,true,Tennessee,4,Region 4 — Atlanta,Atlanta,"AL,FL,GA,KY,MS,NC,SC,TN",47,189,47189,Management Costs,false,false,true,false,false,false,false,false,false,false,Winter weather,false,false,false,false,false,false,false,true,false,false,false,100.00,0.00,false,false,false,false,true,false,true,10k_to_100k,https://www.fema.gov/api/open/v2/PublicAssistanceFundedProjectsDetails,https://www.fema.gov/openfema-data-page/public-assistance-funded-projects-details-v2,2026-08-17T06:23:38Z
4898,2026-02-06T00:00:00.000Z,Winter Storm,566,Management Costs,187-UHN1I-00,Z,Management Costs,Eligible,Obligated,Small,Williamson County,187,TN,47,1773,1773,1773,2026-07-17T00:00:00.000Z,2026-07-17T00:00:00.000Z,0,1070226,278009,2026-07-23T18:44:06.680Z,b76fdec634b384368298511d5f12ed43c2a02e8e,2026-02-06,2026-07-17,2026-07-17,2026-07-23T18:44:06Z,2026,02,1,2026,2026,161,0,true,Tennessee,4,Region 4 — Atlanta,Atlanta,"AL,FL,GA,KY,MS,NC,SC,TN",47,187,47187,Management Costs,false,false,true,false,false,false,false,false,false,false,Winter weather,false,false,false,false,false,false,false,true,false,false,false,100.00,0.00,false,false,false,false,true,false,true,under_10k,https://www.fema.gov/api/open/v2/PublicAssistanceFundedProjectsDetails,https://www.fema.gov/openfema-data-page/public-assistance-funded-projects-details-v2,2026-08-17T06:23:38Z
4898,2026-02-06T00:00:00.000Z,Winter Storm,568,County of Robertson-Management Costs,147-99147-00,Z,Management Costs,Eligible,Obligated,Small,Robertson County,147,TN,47,739.37,739.37,739.37,2026-07-28T00:00:00.000Z,2026-07-28T00:00:00.000Z,0,1070266,278148,2026-07-30T15:10:03.208Z,bf34e243e3581fdb9590cf377d8b4d1b8ff43fa3,2026-02-06,2026-07-28,2026-07-28,2026-07-30T15:10:03Z,2026,02,1,2026,2026,172,0,true,Tennessee,4,Region 4 — Atlanta,Atlanta,"AL,FL,GA,KY,MS,NC,SC,TN",47,147,47147,Management Costs,false,false,true,false,false,false,false,false,false,false,Winter weather,false,false,false,false,false,false,false,true,false,false,false,100.00,0.00,false,false,false,false,true,false,true,under_10k,https://www.fema.gov/api/open/v2/PublicAssistanceFundedProjectsDetails,https://www.fema.gov/openfema-data-page/public-assistance-funded-projects-details-v2,2026-08-17T06:23:38Z
4898,2026-02-06T00:00:00.000Z,Winter Storm,569,Management Costs,157-48000-00,Z,Management Costs,Eligible,Obligated,Small,Shelby County,157,TN,47,5769.92,5769.92,5769.92,2026-07-30T00:00:00.000Z,2026-07-30T00:00:00.000Z,0,1070412,278039,2026-07-31T15:06:08.793Z,0791541c7cc8cdb11abbc07a1efbc13f56374600,2026-02-06,2026-07-30,2026-07-30,2026-07-31T15:06:08Z,2026,02,1,2026,2026,174,0,true,Tennessee,4,Region 4 — Atlanta,Atlanta,"AL,FL,GA,KY,MS,NC,SC,TN",47,157,47157,Management Costs,false,false,true,false,false,false,false,false,false,false,Winter weather,false,false,false,false,false,false,false,true,false,false,false,100.00,0.00,false,false,false,false,true,false,true,under_10k,https://www.fema.gov/api/open/v2/PublicAssistanceFundedProjectsDetails,https://www.fema.gov/openfema-data-page/public-assistance-funded-projects-details-v2,2026-08-17T06:23:38Z
4898,2026-02-06T00:00:00.000Z,Winter Storm,570,Management Costs,167-17680-00,Z,Management Costs,Eligible,Obligated,Small,Tipton County,167,TN,47,6473.06,6473.06,6473.06,2026-07-30T00:00:00.000Z,2026-07-30T00:00:00.000Z,0,1070499,278014,2026-07-31T15:06:08.793Z,dfb2792e49d346f148bbad236a6004bced9704ce,2026-02-06,2026-07-30,2026-07-30,2026-07-31T15:06:08Z,2026,02,1,2026,2026,174,0,true,Tennessee,4,Region 4 — Atlanta,Atlanta,"AL,FL,GA,KY,MS,NC,SC,TN",47,167,47167,Management Costs,false,false,true,false,false,false,false,false,false,false,Winter weather,false,false,false,false,false,false,false,true,false,false,false,100.00,0.00,false,false,false,false,true,false,true,under_10k,https://www.fema.gov/api/open/v2/PublicAssistanceFundedProjectsDetails,https://www.fema.gov/openfema-data-page/public-assistance-funded-projects-details-v2,2026-08-17T06:23:38Z
4898,2026-02-06T00:00:00.000Z,Winter Storm,571,Management Costs,165-28540-00,Z,Management Costs,Eligible,Obligated,Small,Sumner County,165,TN,47,39225,39225,39225,2026-07-23T00:00:00.000Z,2026-07-23T00:00:00.000Z,0,1070505,277850,2026-07-24T15:07:02.020Z,dc23039d430ae1242e59880bc8ca61c48f68bc15,2026-02-06,2026-07-23,2026-07-23,2026-07-24T15:07:02Z,2026,02,1,2026,2026,167,0,true,Tennessee,4,Region 4 — Atlanta,Atlanta,"AL,FL,GA,KY,MS,NC,SC,TN",47,165,47165,Management Costs,false,false,true,false,false,false,false,false,false,false,Winter weather,false,false,false,false,false,false,false,true,false,false,false,100.00,0.00,false,false,false,false,true,false,true,10k_to_100k,https://www.fema.gov/api/open/v2/PublicAssistanceFundedProjectsDetails,https://www.fema.gov/openfema-data-page/public-assistance-funded-projects-details-v2,2026-08-17T06:23:38Z
4898,2026-02-06T00:00:00.000Z,Winter Storm,572,Management Costs,093-000F0-00,Z,Management Costs,Eligible,Obligated,Small,Knox County,093,TN,47,3707.71,3707.71,3707.71,2026-07-23T00:00:00.000Z,2026-07-23T00:00:00.000Z,0,1070578,278205,2026-07-24T15:07:02.020Z,859c8658a7ae88401290e2ae553d097cf39450a5,2026-02-06,2026-07-23,2026-07-23,2026-07-24T15:07:02Z,2026,02,1,2026,2026,167,0,true,Tennessee,4,Region 4 — Atlanta,Atlanta,"AL,FL,GA,KY,MS,NC,SC,TN",47,093,47093,Management Costs,false,false,true,false,false,false,false,false,false,false,Winter weather,false,false,false,false,false,false,false,true,false,false,false,100.00,0.00,false,false,false,false,true,false,true,under_10k,https://www.fema.gov/api/open/v2/PublicAssistanceFundedProjectsDetails,https://www.fema.gov/openfema-data-page/public-assistance-funded-projects-details-v2,2026-08-17T06:23:38Z
4898,2026-02-06T00:00:00.000Z,Winter Storm,573,Emergency Protective Measures,037-UV0ER-00,B,Emergency Protective Measures,Eligible,Obligated,Small,Davidson County,037,TN,47,8328.96,6246.72,6246.72,2026-08-06T00:00:00.000Z,2026-08-06T00:00:00.000Z,0,1070644,278217,2026-08-07T15:23:14.370Z,3599e72e7f738cd4738b28a5df607656ecdd2bad,2026-02-06,2026-08-06,2026-08-06,2026-08-07T15:23:14Z,2026,02,1,2026,2026,181,0,true,Tennessee,4,Region 4 — Atlanta,Atlanta,"AL,FL,GA,KY,MS,NC,SC,TN",47,037,47037,Emergency Work,true,false,false,false,true,false,false,false,false,false,Winter weather,false,false,false,false,false,false,false,true,false,false,false,75.00,0.00,false,false,false,false,true,false,true,under_10k,https://www.fema.gov/api/open/v2/PublicAssistanceFundedProjectsDetails,https://www.fema.gov/openfema-data-page/public-assistance-funded-projects-details-v2,2026-08-17T06:23:38Z
4898,2026-02-06T00:00:00.000Z,Winter Storm,574,Giles County Management Costs,055-99055-00,Z,Management Costs,Eligible,Obligated,Small,Giles County,055,TN,47,4131.54,4131.54,4131.54,2026-07-29T00:00:00.000Z,2026-07-29T00:00:00.000Z,0,1070645,278049,2026-07-30T15:10:03.208Z,be1927198300748a5ce7439dc8e9957b916f0d64,2026-02-06,2026-07-29,2026-07-29,2026-07-30T15:10:03Z,2026,02,1,2026,2026,173,0,true,Tennessee,4,Region 4 — Atlanta,Atlanta,"AL,FL,GA,KY,MS,NC,SC,TN",47,055,47055,Management Costs,false,false,true,false,false,false,false,false,false,false,Winter weather,false,false,false,false,false,false,false,true,false,false,false,100.00,0.00,false,false,false,false,true,false,true,under_10k,https://www.fema.gov/api/open/v2/PublicAssistanceFundedProjectsDetails,https://www.fema.gov/openfema-data-page/public-assistance-funded-projects-details-v2,2026-08-17T06:23:38Z
4898,2026-02-06T00:00:00.000Z,Winter Storm,575,Perry County CAT B Donated Resources,135-99135-00,B,Emergency Work Donated Resources,Eligible,Obligated,Small,Perry County,135,TN,47,32896.44,24672.33,24672.33,2026-07-27T00:00:00.000Z,2026-07-27T00:00:00.000Z,0,1070664,278152,2026-07-28T15:17:24.735Z,97227fac6f3f344e2762b5da79a516cf826e70d1,2026-02-06,2026-07-27,2026-07-27,2026-07-28T15:17:24Z,2026,02,1,2026,2026,171,0,true,Tennessee,4,Region 4 — Atlanta,Atlanta,"AL,FL,GA,KY,MS,NC,SC,TN",47,135,47135,Emergency Work,true,false,false,false,true,false,false,false,false,false,Winter weather,false,false,false,false,false,false,false,true,false,false,false,75.00,0.00,false,false,false,false,true,false,true,10k_to_100k,https://www.fema.gov/api/open/v2/PublicAssistanceFundedProjectsDetails,https://www.fema.gov/openfema-data-page/public-assistance-funded-projects-details-v2,2026-08-17T06:23:38Z
4898,2026-02-06T00:00:00.000Z,Winter Storm,576,Management Costs,187-00257-00,Z,Management Costs,Eligible,Obligated,Small,Williamson County,187,TN,47,4387.25,4387.25,4387.25,2026-07-28T00:00:00.000Z,2026-07-28T00:00:00.000Z,0,1070674,278036,2026-07-30T15:10:03.208Z,dfb4ac2c4496af38638191f4c20497b2be3868d2,2026-02-06,2026-07-28,2026-07-28,2026-07-30T15:10:03Z,2026,02,1,2026,2026,172,0,true,Tennessee,4,Region 4 — Atlanta,Atlanta,"AL,FL,GA,KY,MS,NC,SC,TN",47,187,47187,Management Costs,false,false,true,false,false,false,false,false,false,false,Winter weather,false,false,false,false,false,false,false,true,false,false,false,100.00,0.00,false,false,false,false,true,false,true,under_10k,https://www.fema.gov/api/open/v2/PublicAssistanceFundedProjectsDetails,https://www.fema.gov/openfema-data-page/public-assistance-funded-projects-details-v2,2026-08-17T06:23:38Z
4898,2026-02-06T00:00:00.000Z,Winter Storm,577,Westmoreland Management Costs,165-79420-00,Z,Management Costs,Eligible,Obligated,Small,Sumner County,165,TN,47,4955.33,4955.33,4955.33,2026-07-28T00:00:00.000Z,2026-07-28T00:00:00.000Z,0,1070694,278154,2026-07-30T15:10:03.208Z,9231983f25048051b4cf34e7c2a60de7e785601f,2026-02-06,2026-07-28,2026-07-28,2026-07-30T15:10:03Z,2026,02,1,2026,2026,172,0,true,Tennessee,4,Region 4 — Atlanta,Atlanta,"AL,FL,GA,KY,MS,NC,SC,TN",47,165,47165,Management Costs,false,false,true,false,false,false,false,false,false,false,Winter weather,false,false,false,false,false,false,false,true,false,false,false,100.00,0.00,false,false,false,false,true,false,true,under_10k,https://www.fema.gov/api/open/v2/PublicAssistanceFundedProjectsDetails,https://www.fema.gov/openfema-data-page/public-assistance-funded-projects-details-v2,2026-08-17T06:23:38Z
4898,2026-02-06T00:00:00.000Z,Winter Storm,578,Management Costs,021-U73WS-00,Z,Management Costs,Eligible,Obligated,Small,Cheatham County,021,TN,47,3188.02,3188.02,3188.02,2026-07-29T00:00:00.000Z,2026-07-29T00:00:00.000Z,0,1070742,278181,2026-07-30T15:10:03.208Z,caffe66b5807d97bd14adbccc669104a4250c3a6,2026-02-06,2026-07-29,2026-07-29,2026-07-30T15:10:03Z,2026,02,1,2026,2026,173,0,true,Tennessee,4,Region 4 — Atlanta,Atlanta,"AL,FL,GA,KY,MS,NC,SC,TN",47,021,47021,Management Costs,false,false,true,false,false,false,false,false,false,false,Winter weather,false,false,false,false,false,false,false,true,false,false,false,100.00,0.00,false,false,false,false,true,false,true,under_10k,https://www.fema.gov/api/open/v2/PublicAssistanceFundedProjectsDetails,https://www.fema.gov/openfema-data-page/public-assistance-funded-projects-details-v2,2026-08-17T06:23:38Z
4898,2026-02-06T00:00:00.000Z,Winter Storm,579,Perry County Management Costs,135-99135-00,Z,Management Costs,Eligible,Obligated,Small,Perry County,135,TN,47,5602.4,5602.4,5602.4,2026-07-30T00:00:00.000Z,2026-07-30T00:00:00.000Z,0,1070883,278152,2026-07-31T15:06:08.793Z,b689d52c49bf4be11b1933c72b9f5f0a172386fc,2026-02-06,2026-07-30,2026-07-30,2026-07-31T15:06:08Z,2026,02,1,2026,2026,174,0,true,Tennessee,4,Region 4 — Atlanta,Atlanta,"AL,FL,GA,KY,MS,NC,SC,TN",47,135,47135,Management Costs,false,false,true,false,false,false,false,false,false,false,Winter weather,false,false,false,false,false,false,false,true,false,false,false,100.00,0.00,false,false,false,false,true,false,true,under_10k,https://www.fema.gov/api/open/v2/PublicAssistanceFundedProjectsDetails,https://www.fema.gov/openfema-data-page/public-assistance-funded-projects-details-v2,2026-08-17T06:23:38Z
