femaDeclarationString,disasterNumber,state,declarationType,declarationDate,fyDeclared,incidentType,declarationTitle,ihProgramDeclared,iaProgramDeclared,paProgramDeclared,hmProgramDeclared,incidentBeginDate,incidentEndDate,disasterCloseoutDate,tribalRequest,fipsStateCode,fipsCountyCode,placeCode,designatedArea,declarationRequestNumber,lastIAFilingDate,incidentId,region,designatedIncidentTypes,lastRefresh,hash,id,declaration_date_iso,incident_begin_date_iso,incident_end_date_iso,disaster_closeout_date_iso,last_ia_filing_date_iso,last_refresh_iso,declaration_year,declaration_month,declaration_quarter,incident_begin_year,incident_duration_days,days_incident_start_to_declaration,days_declaration_to_closeout,is_incident_open,is_disaster_closed,declaration_type_label,state_name,region_name,region_hq_city,region_states,incident_type_group,designated_incident_type_labels,is_hurricane,is_flood,is_fire,is_covid,is_tornado,is_earthquake,is_drought,is_winter,is_severe_storm,is_biological,is_tropical,programs_declared_count,has_individual_assistance,has_public_assistance,has_hazard_mitigation,fips_geoid,source_api_endpoint,source_dataset_page,fetched_at
EM-3651-IN,3651,IN,EM,2026-08-15T00:00:00.000Z,2026,Flood,"SEVERE STORMS, STRAIGHT-LINE WINDS, TORNADOES, AND FLOODING",false,false,true,false,2026-08-11T00:00:00.000Z,,,false,18,181,99181,White (County),26137,,2026081403,5,"2,W,Z,F,T",2026-08-15T22:01:31.930Z,b3184ec9f67c6d09408525451f9d49bd69727fcf,0eea3a5d-b9ef-46e8-abff-9a1867b4a068,2026-08-15,2026-08-11,,,,2026-08-15T22:01:31Z,2026,08,3,2026,,4,,true,false,Emergency,Indiana,Region 5 — Chicago,Chicago,"IL,IN,MI,MN,OH,WI",Flood,Straight-Line Winds; Severe Storm; Other; Flood; Tornado,false,true,false,false,true,false,false,false,true,false,false,1,false,true,false,18181,https://www.fema.gov/api/open/v2/DisasterDeclarationsSummaries,https://www.fema.gov/openfema-data-page/disaster-declarations-summaries-v2,2026-08-16T23:00:55Z
EM-3651-IN,3651,IN,EM,2026-08-15T00:00:00.000Z,2026,Flood,"SEVERE STORMS, STRAIGHT-LINE WINDS, TORNADOES, AND FLOODING",false,false,true,false,2026-08-11T00:00:00.000Z,,,false,18,177,99177,Wayne (County),26137,,2026081403,5,"2,W,Z,F,T",2026-08-15T22:01:31.930Z,b8bbb03a31deaf5fe207d04d08cd658f289ca12f,fafaf5c0-5aa4-4f92-b3f7-f005008a45c4,2026-08-15,2026-08-11,,,,2026-08-15T22:01:31Z,2026,08,3,2026,,4,,true,false,Emergency,Indiana,Region 5 — Chicago,Chicago,"IL,IN,MI,MN,OH,WI",Flood,Straight-Line Winds; Severe Storm; Other; Flood; Tornado,false,true,false,false,true,false,false,false,true,false,false,1,false,true,false,18177,https://www.fema.gov/api/open/v2/DisasterDeclarationsSummaries,https://www.fema.gov/openfema-data-page/disaster-declarations-summaries-v2,2026-08-16T23:00:55Z
EM-3651-IN,3651,IN,EM,2026-08-15T00:00:00.000Z,2026,Flood,"SEVERE STORMS, STRAIGHT-LINE WINDS, TORNADOES, AND FLOODING",false,false,true,false,2026-08-11T00:00:00.000Z,,,false,18,175,99175,Washington (County),26137,,2026081403,5,"2,W,Z,F,T",2026-08-15T22:01:31.930Z,05fd77c6f825065b1c218fdf09cb087e1f154e55,6393b172-7103-4798-877a-161a28916700,2026-08-15,2026-08-11,,,,2026-08-15T22:01:31Z,2026,08,3,2026,,4,,true,false,Emergency,Indiana,Region 5 — Chicago,Chicago,"IL,IN,MI,MN,OH,WI",Flood,Straight-Line Winds; Severe Storm; Other; Flood; Tornado,false,true,false,false,true,false,false,false,true,false,false,1,false,true,false,18175,https://www.fema.gov/api/open/v2/DisasterDeclarationsSummaries,https://www.fema.gov/openfema-data-page/disaster-declarations-summaries-v2,2026-08-16T23:00:55Z
EM-3651-IN,3651,IN,EM,2026-08-15T00:00:00.000Z,2026,Flood,"SEVERE STORMS, STRAIGHT-LINE WINDS, TORNADOES, AND FLOODING",false,false,true,false,2026-08-11T00:00:00.000Z,,,false,18,171,99171,Warren (County),26137,,2026081403,5,"2,W,Z,F,T",2026-08-15T22:01:31.930Z,d4a35490d406232e1a0effec24532746e7aeb666,77d118ca-5b62-42f7-b4f5-77e481db47d0,2026-08-15,2026-08-11,,,,2026-08-15T22:01:31Z,2026,08,3,2026,,4,,true,false,Emergency,Indiana,Region 5 — Chicago,Chicago,"IL,IN,MI,MN,OH,WI",Flood,Straight-Line Winds; Severe Storm; Other; Flood; Tornado,false,true,false,false,true,false,false,false,true,false,false,1,false,true,false,18171,https://www.fema.gov/api/open/v2/DisasterDeclarationsSummaries,https://www.fema.gov/openfema-data-page/disaster-declarations-summaries-v2,2026-08-16T23:00:55Z
EM-3651-IN,3651,IN,EM,2026-08-15T00:00:00.000Z,2026,Flood,"SEVERE STORMS, STRAIGHT-LINE WINDS, TORNADOES, AND FLOODING",false,false,true,false,2026-08-11T00:00:00.000Z,,,false,18,169,99169,Wabash (County),26137,,2026081403,5,"2,W,Z,F,T",2026-08-15T22:01:31.930Z,2e1c4de28850e9e4d9eb82d39a5cf9fae95b5c00,4ec4c1f8-56e4-400a-bd7b-d63967e0c061,2026-08-15,2026-08-11,,,,2026-08-15T22:01:31Z,2026,08,3,2026,,4,,true,false,Emergency,Indiana,Region 5 — Chicago,Chicago,"IL,IN,MI,MN,OH,WI",Flood,Straight-Line Winds; Severe Storm; Other; Flood; Tornado,false,true,false,false,true,false,false,false,true,false,false,1,false,true,false,18169,https://www.fema.gov/api/open/v2/DisasterDeclarationsSummaries,https://www.fema.gov/openfema-data-page/disaster-declarations-summaries-v2,2026-08-16T23:00:55Z
EM-3651-IN,3651,IN,EM,2026-08-15T00:00:00.000Z,2026,Flood,"SEVERE STORMS, STRAIGHT-LINE WINDS, TORNADOES, AND FLOODING",false,false,true,false,2026-08-11T00:00:00.000Z,,,false,18,161,99161,Union (County),26137,,2026081403,5,"2,W,Z,F,T",2026-08-15T22:01:31.930Z,67e4d180f2216dd964d63799b3cfbe6c38a0bf45,6ae11dfd-ee16-4de2-8032-2edb7698655e,2026-08-15,2026-08-11,,,,2026-08-15T22:01:31Z,2026,08,3,2026,,4,,true,false,Emergency,Indiana,Region 5 — Chicago,Chicago,"IL,IN,MI,MN,OH,WI",Flood,Straight-Line Winds; Severe Storm; Other; Flood; Tornado,false,true,false,false,true,false,false,false,true,false,false,1,false,true,false,18161,https://www.fema.gov/api/open/v2/DisasterDeclarationsSummaries,https://www.fema.gov/openfema-data-page/disaster-declarations-summaries-v2,2026-08-16T23:00:55Z
EM-3651-IN,3651,IN,EM,2026-08-15T00:00:00.000Z,2026,Flood,"SEVERE STORMS, STRAIGHT-LINE WINDS, TORNADOES, AND FLOODING",false,false,true,false,2026-08-11T00:00:00.000Z,,,false,18,159,99159,Tipton (County),26137,,2026081403,5,"2,W,Z,F,T",2026-08-15T22:01:31.930Z,bdac54bf66001ef7c3b64dcb93f3a8ac24981fc3,7ad27f21-1c53-41f3-9ffa-7175c8999ec1,2026-08-15,2026-08-11,,,,2026-08-15T22:01:31Z,2026,08,3,2026,,4,,true,false,Emergency,Indiana,Region 5 — Chicago,Chicago,"IL,IN,MI,MN,OH,WI",Flood,Straight-Line Winds; Severe Storm; Other; Flood; Tornado,false,true,false,false,true,false,false,false,true,false,false,1,false,true,false,18159,https://www.fema.gov/api/open/v2/DisasterDeclarationsSummaries,https://www.fema.gov/openfema-data-page/disaster-declarations-summaries-v2,2026-08-16T23:00:55Z
EM-3651-IN,3651,IN,EM,2026-08-15T00:00:00.000Z,2026,Flood,"SEVERE STORMS, STRAIGHT-LINE WINDS, TORNADOES, AND FLOODING",false,false,true,false,2026-08-11T00:00:00.000Z,,,false,18,149,99149,Starke (County),26137,,2026081403,5,"2,W,Z,F,T",2026-08-15T22:01:31.930Z,7a43f603e2c9c9e93a8e4e5f233295cc08f4ce75,ba9dd5c8-9281-4bad-bb86-35efbd67c25c,2026-08-15,2026-08-11,,,,2026-08-15T22:01:31Z,2026,08,3,2026,,4,,true,false,Emergency,Indiana,Region 5 — Chicago,Chicago,"IL,IN,MI,MN,OH,WI",Flood,Straight-Line Winds; Severe Storm; Other; Flood; Tornado,false,true,false,false,true,false,false,false,true,false,false,1,false,true,false,18149,https://www.fema.gov/api/open/v2/DisasterDeclarationsSummaries,https://www.fema.gov/openfema-data-page/disaster-declarations-summaries-v2,2026-08-16T23:00:55Z
EM-3651-IN,3651,IN,EM,2026-08-15T00:00:00.000Z,2026,Flood,"SEVERE STORMS, STRAIGHT-LINE WINDS, TORNADOES, AND FLOODING",false,false,true,false,2026-08-11T00:00:00.000Z,,,false,18,145,99145,Shelby (County),26137,,2026081403,5,"2,W,Z,F,T",2026-08-15T22:01:31.930Z,728f9fa6f5caccb631e6e9bb6aaafdaa47af8625,5fbd709d-aa66-4db3-babd-9c039fee0254,2026-08-15,2026-08-11,,,,2026-08-15T22:01:31Z,2026,08,3,2026,,4,,true,false,Emergency,Indiana,Region 5 — Chicago,Chicago,"IL,IN,MI,MN,OH,WI",Flood,Straight-Line Winds; Severe Storm; Other; Flood; Tornado,false,true,false,false,true,false,false,false,true,false,false,1,false,true,false,18145,https://www.fema.gov/api/open/v2/DisasterDeclarationsSummaries,https://www.fema.gov/openfema-data-page/disaster-declarations-summaries-v2,2026-08-16T23:00:55Z
EM-3651-IN,3651,IN,EM,2026-08-15T00:00:00.000Z,2026,Flood,"SEVERE STORMS, STRAIGHT-LINE WINDS, TORNADOES, AND FLOODING",false,false,true,false,2026-08-11T00:00:00.000Z,,,false,18,141,99141,St. Joseph (County),26137,,2026081403,5,"2,W,Z,F,T",2026-08-15T22:01:31.930Z,0bd3bd4da50c58841cd6ba9cccc47893f85abc05,598d5f39-a4a2-4ae1-83a0-1b7674f5b9c5,2026-08-15,2026-08-11,,,,2026-08-15T22:01:31Z,2026,08,3,2026,,4,,true,false,Emergency,Indiana,Region 5 — Chicago,Chicago,"IL,IN,MI,MN,OH,WI",Flood,Straight-Line Winds; Severe Storm; Other; Flood; Tornado,false,true,false,false,true,false,false,false,true,false,false,1,false,true,false,18141,https://www.fema.gov/api/open/v2/DisasterDeclarationsSummaries,https://www.fema.gov/openfema-data-page/disaster-declarations-summaries-v2,2026-08-16T23:00:55Z
EM-3651-IN,3651,IN,EM,2026-08-15T00:00:00.000Z,2026,Flood,"SEVERE STORMS, STRAIGHT-LINE WINDS, TORNADOES, AND FLOODING",false,false,true,false,2026-08-11T00:00:00.000Z,,,false,18,139,99139,Rush (County),26137,,2026081403,5,"2,W,Z,F,T",2026-08-15T22:01:31.930Z,d2bc10bae5fc4ff046830bf58f97f3c9fff4514b,eedc4e42-4265-4265-9700-8bab59977be2,2026-08-15,2026-08-11,,,,2026-08-15T22:01:31Z,2026,08,3,2026,,4,,true,false,Emergency,Indiana,Region 5 — Chicago,Chicago,"IL,IN,MI,MN,OH,WI",Flood,Straight-Line Winds; Severe Storm; Other; Flood; Tornado,false,true,false,false,true,false,false,false,true,false,false,1,false,true,false,18139,https://www.fema.gov/api/open/v2/DisasterDeclarationsSummaries,https://www.fema.gov/openfema-data-page/disaster-declarations-summaries-v2,2026-08-16T23:00:55Z
EM-3651-IN,3651,IN,EM,2026-08-15T00:00:00.000Z,2026,Flood,"SEVERE STORMS, STRAIGHT-LINE WINDS, TORNADOES, AND FLOODING",false,false,true,false,2026-08-11T00:00:00.000Z,,,false,18,137,99137,Ripley (County),26137,,2026081403,5,"2,W,Z,F,T",2026-08-15T22:01:31.930Z,41421250c88b552ecfeeab37f08347600deac1c0,76ee95db-86c1-479d-b61a-896ea1839e63,2026-08-15,2026-08-11,,,,2026-08-15T22:01:31Z,2026,08,3,2026,,4,,true,false,Emergency,Indiana,Region 5 — Chicago,Chicago,"IL,IN,MI,MN,OH,WI",Flood,Straight-Line Winds; Severe Storm; Other; Flood; Tornado,false,true,false,false,true,false,false,false,true,false,false,1,false,true,false,18137,https://www.fema.gov/api/open/v2/DisasterDeclarationsSummaries,https://www.fema.gov/openfema-data-page/disaster-declarations-summaries-v2,2026-08-16T23:00:55Z
EM-3651-IN,3651,IN,EM,2026-08-15T00:00:00.000Z,2026,Flood,"SEVERE STORMS, STRAIGHT-LINE WINDS, TORNADOES, AND FLOODING",false,false,true,false,2026-08-11T00:00:00.000Z,,,false,18,135,99135,Randolph (County),26137,,2026081403,5,"2,W,Z,F,T",2026-08-15T22:01:31.930Z,fe51880103ca57d67349fc719d4476a5093ee1aa,9a53be06-5f90-4a23-b46d-220b4f429ffc,2026-08-15,2026-08-11,,,,2026-08-15T22:01:31Z,2026,08,3,2026,,4,,true,false,Emergency,Indiana,Region 5 — Chicago,Chicago,"IL,IN,MI,MN,OH,WI",Flood,Straight-Line Winds; Severe Storm; Other; Flood; Tornado,false,true,false,false,true,false,false,false,true,false,false,1,false,true,false,18135,https://www.fema.gov/api/open/v2/DisasterDeclarationsSummaries,https://www.fema.gov/openfema-data-page/disaster-declarations-summaries-v2,2026-08-16T23:00:55Z
EM-3651-IN,3651,IN,EM,2026-08-15T00:00:00.000Z,2026,Flood,"SEVERE STORMS, STRAIGHT-LINE WINDS, TORNADOES, AND FLOODING",false,false,true,false,2026-08-11T00:00:00.000Z,,,false,18,131,99131,Pulaski (County),26137,,2026081403,5,"2,W,Z,F,T",2026-08-15T22:01:31.930Z,1e6200ae01acfeeb0e8a515fde0a25048a7f4dc1,4cc5d834-64a7-444d-bf00-03bad69039de,2026-08-15,2026-08-11,,,,2026-08-15T22:01:31Z,2026,08,3,2026,,4,,true,false,Emergency,Indiana,Region 5 — Chicago,Chicago,"IL,IN,MI,MN,OH,WI",Flood,Straight-Line Winds; Severe Storm; Other; Flood; Tornado,false,true,false,false,true,false,false,false,true,false,false,1,false,true,false,18131,https://www.fema.gov/api/open/v2/DisasterDeclarationsSummaries,https://www.fema.gov/openfema-data-page/disaster-declarations-summaries-v2,2026-08-16T23:00:55Z
EM-3651-IN,3651,IN,EM,2026-08-15T00:00:00.000Z,2026,Flood,"SEVERE STORMS, STRAIGHT-LINE WINDS, TORNADOES, AND FLOODING",false,false,true,false,2026-08-11T00:00:00.000Z,,,false,18,127,99127,Porter (County),26137,,2026081403,5,"2,W,Z,F,T",2026-08-15T22:01:31.930Z,7c903ee9eba8271ba23814132a040cbcdbec57eb,d5d3d34c-481b-4ac1-b0fd-576dd9132af8,2026-08-15,2026-08-11,,,,2026-08-15T22:01:31Z,2026,08,3,2026,,4,,true,false,Emergency,Indiana,Region 5 — Chicago,Chicago,"IL,IN,MI,MN,OH,WI",Flood,Straight-Line Winds; Severe Storm; Other; Flood; Tornado,false,true,false,false,true,false,false,false,true,false,false,1,false,true,false,18127,https://www.fema.gov/api/open/v2/DisasterDeclarationsSummaries,https://www.fema.gov/openfema-data-page/disaster-declarations-summaries-v2,2026-08-16T23:00:55Z
EM-3651-IN,3651,IN,EM,2026-08-15T00:00:00.000Z,2026,Flood,"SEVERE STORMS, STRAIGHT-LINE WINDS, TORNADOES, AND FLOODING",false,false,true,false,2026-08-11T00:00:00.000Z,,,false,18,125,99125,Pike (County),26137,,2026081403,5,"2,W,Z,F,T",2026-08-15T22:01:31.930Z,8bd9eef0272491aa877143ecde888332823a14e9,79229fef-65d5-48da-a42a-5fd30b1cb07b,2026-08-15,2026-08-11,,,,2026-08-15T22:01:31Z,2026,08,3,2026,,4,,true,false,Emergency,Indiana,Region 5 — Chicago,Chicago,"IL,IN,MI,MN,OH,WI",Flood,Straight-Line Winds; Severe Storm; Other; Flood; Tornado,false,true,false,false,true,false,false,false,true,false,false,1,false,true,false,18125,https://www.fema.gov/api/open/v2/DisasterDeclarationsSummaries,https://www.fema.gov/openfema-data-page/disaster-declarations-summaries-v2,2026-08-16T23:00:55Z
EM-3651-IN,3651,IN,EM,2026-08-15T00:00:00.000Z,2026,Flood,"SEVERE STORMS, STRAIGHT-LINE WINDS, TORNADOES, AND FLOODING",false,false,true,false,2026-08-11T00:00:00.000Z,,,false,18,123,99123,Perry (County),26137,,2026081403,5,"2,W,Z,F,T",2026-08-15T22:01:31.930Z,914087193504460ba110a828cbbb8cd1669c8abe,f0da817b-d32b-42af-9a1b-804a39aef62d,2026-08-15,2026-08-11,,,,2026-08-15T22:01:31Z,2026,08,3,2026,,4,,true,false,Emergency,Indiana,Region 5 — Chicago,Chicago,"IL,IN,MI,MN,OH,WI",Flood,Straight-Line Winds; Severe Storm; Other; Flood; Tornado,false,true,false,false,true,false,false,false,true,false,false,1,false,true,false,18123,https://www.fema.gov/api/open/v2/DisasterDeclarationsSummaries,https://www.fema.gov/openfema-data-page/disaster-declarations-summaries-v2,2026-08-16T23:00:55Z
EM-3651-IN,3651,IN,EM,2026-08-15T00:00:00.000Z,2026,Flood,"SEVERE STORMS, STRAIGHT-LINE WINDS, TORNADOES, AND FLOODING",false,false,true,false,2026-08-11T00:00:00.000Z,,,false,18,121,99121,Parke (County),26137,,2026081403,5,"2,W,Z,F,T",2026-08-15T22:01:31.930Z,b0f801613d8dcfffad212b2d73c14321f6f03bb0,f7cd4a93-9fda-4fa0-8f00-d6187108c4f3,2026-08-15,2026-08-11,,,,2026-08-15T22:01:31Z,2026,08,3,2026,,4,,true,false,Emergency,Indiana,Region 5 — Chicago,Chicago,"IL,IN,MI,MN,OH,WI",Flood,Straight-Line Winds; Severe Storm; Other; Flood; Tornado,false,true,false,false,true,false,false,false,true,false,false,1,false,true,false,18121,https://www.fema.gov/api/open/v2/DisasterDeclarationsSummaries,https://www.fema.gov/openfema-data-page/disaster-declarations-summaries-v2,2026-08-16T23:00:55Z
EM-3651-IN,3651,IN,EM,2026-08-15T00:00:00.000Z,2026,Flood,"SEVERE STORMS, STRAIGHT-LINE WINDS, TORNADOES, AND FLOODING",false,false,true,false,2026-08-11T00:00:00.000Z,,,false,18,119,99119,Owen (County),26137,,2026081403,5,"2,W,Z,F,T",2026-08-15T22:01:31.930Z,0a5fb5da40e2d946e00c7cde4bcdd3eae3ea78ca,f9a637fb-04cf-404c-9b73-27545cd6c532,2026-08-15,2026-08-11,,,,2026-08-15T22:01:31Z,2026,08,3,2026,,4,,true,false,Emergency,Indiana,Region 5 — Chicago,Chicago,"IL,IN,MI,MN,OH,WI",Flood,Straight-Line Winds; Severe Storm; Other; Flood; Tornado,false,true,false,false,true,false,false,false,true,false,false,1,false,true,false,18119,https://www.fema.gov/api/open/v2/DisasterDeclarationsSummaries,https://www.fema.gov/openfema-data-page/disaster-declarations-summaries-v2,2026-08-16T23:00:55Z
EM-3651-IN,3651,IN,EM,2026-08-15T00:00:00.000Z,2026,Flood,"SEVERE STORMS, STRAIGHT-LINE WINDS, TORNADOES, AND FLOODING",false,false,true,false,2026-08-11T00:00:00.000Z,,,false,18,117,99117,Orange (County),26137,,2026081403,5,"2,W,Z,F,T",2026-08-15T22:01:31.930Z,47dea98c8e8252b685d5b8a47a136bd7b7c3b3c9,3cf3eea5-3da6-467a-a55f-e7491b37d05c,2026-08-15,2026-08-11,,,,2026-08-15T22:01:31Z,2026,08,3,2026,,4,,true,false,Emergency,Indiana,Region 5 — Chicago,Chicago,"IL,IN,MI,MN,OH,WI",Flood,Straight-Line Winds; Severe Storm; Other; Flood; Tornado,false,true,false,false,true,false,false,false,true,false,false,1,false,true,false,18117,https://www.fema.gov/api/open/v2/DisasterDeclarationsSummaries,https://www.fema.gov/openfema-data-page/disaster-declarations-summaries-v2,2026-08-16T23:00:55Z
EM-3651-IN,3651,IN,EM,2026-08-15T00:00:00.000Z,2026,Flood,"SEVERE STORMS, STRAIGHT-LINE WINDS, TORNADOES, AND FLOODING",false,false,true,false,2026-08-11T00:00:00.000Z,,,false,18,111,99111,Newton (County),26137,,2026081403,5,"2,W,Z,F,T",2026-08-15T22:01:31.930Z,1946b37fc5212e28a589c09ed91c4869e8bd7b8b,2186cdcf-0b5d-4e53-9f77-3ff9ac3f9efb,2026-08-15,2026-08-11,,,,2026-08-15T22:01:31Z,2026,08,3,2026,,4,,true,false,Emergency,Indiana,Region 5 — Chicago,Chicago,"IL,IN,MI,MN,OH,WI",Flood,Straight-Line Winds; Severe Storm; Other; Flood; Tornado,false,true,false,false,true,false,false,false,true,false,false,1,false,true,false,18111,https://www.fema.gov/api/open/v2/DisasterDeclarationsSummaries,https://www.fema.gov/openfema-data-page/disaster-declarations-summaries-v2,2026-08-16T23:00:55Z
EM-3651-IN,3651,IN,EM,2026-08-15T00:00:00.000Z,2026,Flood,"SEVERE STORMS, STRAIGHT-LINE WINDS, TORNADOES, AND FLOODING",false,false,true,false,2026-08-11T00:00:00.000Z,,,false,18,109,99109,Morgan (County),26137,,2026081403,5,"2,W,Z,F,T",2026-08-15T22:01:31.930Z,bd4a3999f77564d402a8aee3acdc9effb0c77a99,af809773-7efe-4363-a6d8-0cd5525b3bc2,2026-08-15,2026-08-11,,,,2026-08-15T22:01:31Z,2026,08,3,2026,,4,,true,false,Emergency,Indiana,Region 5 — Chicago,Chicago,"IL,IN,MI,MN,OH,WI",Flood,Straight-Line Winds; Severe Storm; Other; Flood; Tornado,false,true,false,false,true,false,false,false,true,false,false,1,false,true,false,18109,https://www.fema.gov/api/open/v2/DisasterDeclarationsSummaries,https://www.fema.gov/openfema-data-page/disaster-declarations-summaries-v2,2026-08-16T23:00:55Z
EM-3651-IN,3651,IN,EM,2026-08-15T00:00:00.000Z,2026,Flood,"SEVERE STORMS, STRAIGHT-LINE WINDS, TORNADOES, AND FLOODING",false,false,true,false,2026-08-11T00:00:00.000Z,,,false,18,103,99103,Miami (County),26137,,2026081403,5,"2,W,Z,F,T",2026-08-15T22:01:31.930Z,3f97705a09bdb7477060103aee5f2617aad700a2,831858a0-0907-4c53-8270-2b4302f3416b,2026-08-15,2026-08-11,,,,2026-08-15T22:01:31Z,2026,08,3,2026,,4,,true,false,Emergency,Indiana,Region 5 — Chicago,Chicago,"IL,IN,MI,MN,OH,WI",Flood,Straight-Line Winds; Severe Storm; Other; Flood; Tornado,false,true,false,false,true,false,false,false,true,false,false,1,false,true,false,18103,https://www.fema.gov/api/open/v2/DisasterDeclarationsSummaries,https://www.fema.gov/openfema-data-page/disaster-declarations-summaries-v2,2026-08-16T23:00:55Z
EM-3651-IN,3651,IN,EM,2026-08-15T00:00:00.000Z,2026,Flood,"SEVERE STORMS, STRAIGHT-LINE WINDS, TORNADOES, AND FLOODING",false,false,true,false,2026-08-11T00:00:00.000Z,,,false,18,099,99099,Marshall (County),26137,,2026081403,5,"2,W,Z,F,T",2026-08-15T22:01:31.930Z,34906402dff9128a6075f5c3612edd1b105913dc,3995db8b-71b9-4fe6-aa98-33443d26e13a,2026-08-15,2026-08-11,,,,2026-08-15T22:01:31Z,2026,08,3,2026,,4,,true,false,Emergency,Indiana,Region 5 — Chicago,Chicago,"IL,IN,MI,MN,OH,WI",Flood,Straight-Line Winds; Severe Storm; Other; Flood; Tornado,false,true,false,false,true,false,false,false,true,false,false,1,false,true,false,18099,https://www.fema.gov/api/open/v2/DisasterDeclarationsSummaries,https://www.fema.gov/openfema-data-page/disaster-declarations-summaries-v2,2026-08-16T23:00:55Z
EM-3651-IN,3651,IN,EM,2026-08-15T00:00:00.000Z,2026,Flood,"SEVERE STORMS, STRAIGHT-LINE WINDS, TORNADOES, AND FLOODING",false,false,true,false,2026-08-11T00:00:00.000Z,,,false,18,097,99097,Marion (County),26137,,2026081403,5,"2,W,Z,F,T",2026-08-15T22:01:31.930Z,ce9e0c603ea6c316dad78c88d6741e8e594b2c75,9b7d964e-455e-49a8-bbfd-e5d3cbcb4b61,2026-08-15,2026-08-11,,,,2026-08-15T22:01:31Z,2026,08,3,2026,,4,,true,false,Emergency,Indiana,Region 5 — Chicago,Chicago,"IL,IN,MI,MN,OH,WI",Flood,Straight-Line Winds; Severe Storm; Other; Flood; Tornado,false,true,false,false,true,false,false,false,true,false,false,1,false,true,false,18097,https://www.fema.gov/api/open/v2/DisasterDeclarationsSummaries,https://www.fema.gov/openfema-data-page/disaster-declarations-summaries-v2,2026-08-16T23:00:55Z
EM-3651-IN,3651,IN,EM,2026-08-15T00:00:00.000Z,2026,Flood,"SEVERE STORMS, STRAIGHT-LINE WINDS, TORNADOES, AND FLOODING",false,false,true,false,2026-08-11T00:00:00.000Z,,,false,18,095,99095,Madison (County),26137,,2026081403,5,"2,W,Z,F,T",2026-08-15T22:01:31.930Z,a827a1a816ec39fbdfe9e410f45854d0d06107b7,f6ede40f-11f5-4150-b52e-ca64b967fa65,2026-08-15,2026-08-11,,,,2026-08-15T22:01:31Z,2026,08,3,2026,,4,,true,false,Emergency,Indiana,Region 5 — Chicago,Chicago,"IL,IN,MI,MN,OH,WI",Flood,Straight-Line Winds; Severe Storm; Other; Flood; Tornado,false,true,false,false,true,false,false,false,true,false,false,1,false,true,false,18095,https://www.fema.gov/api/open/v2/DisasterDeclarationsSummaries,https://www.fema.gov/openfema-data-page/disaster-declarations-summaries-v2,2026-08-16T23:00:55Z
EM-3651-IN,3651,IN,EM,2026-08-15T00:00:00.000Z,2026,Flood,"SEVERE STORMS, STRAIGHT-LINE WINDS, TORNADOES, AND FLOODING",false,false,true,false,2026-08-11T00:00:00.000Z,,,false,18,091,99091,LaPorte (County),26137,,2026081403,5,"2,W,Z,F,T",2026-08-15T22:01:31.930Z,f615037eb055f775ee92cbf2255736661c491b77,ccbb75c7-2c37-4b8c-8b50-971dcb6ee832,2026-08-15,2026-08-11,,,,2026-08-15T22:01:31Z,2026,08,3,2026,,4,,true,false,Emergency,Indiana,Region 5 — Chicago,Chicago,"IL,IN,MI,MN,OH,WI",Flood,Straight-Line Winds; Severe Storm; Other; Flood; Tornado,false,true,false,false,true,false,false,false,true,false,false,1,false,true,false,18091,https://www.fema.gov/api/open/v2/DisasterDeclarationsSummaries,https://www.fema.gov/openfema-data-page/disaster-declarations-summaries-v2,2026-08-16T23:00:55Z
EM-3651-IN,3651,IN,EM,2026-08-15T00:00:00.000Z,2026,Flood,"SEVERE STORMS, STRAIGHT-LINE WINDS, TORNADOES, AND FLOODING",false,false,true,false,2026-08-11T00:00:00.000Z,,,false,18,089,99089,Lake (County),26137,,2026081403,5,"2,W,Z,F,T",2026-08-15T22:01:31.930Z,797f87269c793a16f33db6555ffc0b309ccc743d,f307e252-a3a2-41ba-9ab9-772178ad9e4a,2026-08-15,2026-08-11,,,,2026-08-15T22:01:31Z,2026,08,3,2026,,4,,true,false,Emergency,Indiana,Region 5 — Chicago,Chicago,"IL,IN,MI,MN,OH,WI",Flood,Straight-Line Winds; Severe Storm; Other; Flood; Tornado,false,true,false,false,true,false,false,false,true,false,false,1,false,true,false,18089,https://www.fema.gov/api/open/v2/DisasterDeclarationsSummaries,https://www.fema.gov/openfema-data-page/disaster-declarations-summaries-v2,2026-08-16T23:00:55Z
EM-3651-IN,3651,IN,EM,2026-08-15T00:00:00.000Z,2026,Flood,"SEVERE STORMS, STRAIGHT-LINE WINDS, TORNADOES, AND FLOODING",false,false,true,false,2026-08-11T00:00:00.000Z,,,false,18,085,99085,Kosciusko (County),26137,,2026081403,5,"2,W,Z,F,T",2026-08-15T22:01:31.930Z,6e763d0f9e9279c648053a691dfe9f8a01fb655c,25849590-54df-420d-8522-31192353a5fd,2026-08-15,2026-08-11,,,,2026-08-15T22:01:31Z,2026,08,3,2026,,4,,true,false,Emergency,Indiana,Region 5 — Chicago,Chicago,"IL,IN,MI,MN,OH,WI",Flood,Straight-Line Winds; Severe Storm; Other; Flood; Tornado,false,true,false,false,true,false,false,false,true,false,false,1,false,true,false,18085,https://www.fema.gov/api/open/v2/DisasterDeclarationsSummaries,https://www.fema.gov/openfema-data-page/disaster-declarations-summaries-v2,2026-08-16T23:00:55Z
EM-3651-IN,3651,IN,EM,2026-08-15T00:00:00.000Z,2026,Flood,"SEVERE STORMS, STRAIGHT-LINE WINDS, TORNADOES, AND FLOODING",false,false,true,false,2026-08-11T00:00:00.000Z,,,false,18,083,99083,Knox (County),26137,,2026081403,5,"2,W,Z,F,T",2026-08-15T22:01:31.930Z,237264d3e6c7d8d1cb3ad4646722aa383b72f0aa,02a46c2f-da9b-45d8-a04c-afafe84c425a,2026-08-15,2026-08-11,,,,2026-08-15T22:01:31Z,2026,08,3,2026,,4,,true,false,Emergency,Indiana,Region 5 — Chicago,Chicago,"IL,IN,MI,MN,OH,WI",Flood,Straight-Line Winds; Severe Storm; Other; Flood; Tornado,false,true,false,false,true,false,false,false,true,false,false,1,false,true,false,18083,https://www.fema.gov/api/open/v2/DisasterDeclarationsSummaries,https://www.fema.gov/openfema-data-page/disaster-declarations-summaries-v2,2026-08-16T23:00:55Z
EM-3651-IN,3651,IN,EM,2026-08-15T00:00:00.000Z,2026,Flood,"SEVERE STORMS, STRAIGHT-LINE WINDS, TORNADOES, AND FLOODING",false,false,true,false,2026-08-11T00:00:00.000Z,,,false,18,079,99079,Jennings (County),26137,,2026081403,5,"2,W,Z,F,T",2026-08-15T22:01:31.930Z,927e581d77d5a36b06ec17f20f358df2579d9b2e,93bf30d7-4ad6-4d81-a6a8-2546d93953b1,2026-08-15,2026-08-11,,,,2026-08-15T22:01:31Z,2026,08,3,2026,,4,,true,false,Emergency,Indiana,Region 5 — Chicago,Chicago,"IL,IN,MI,MN,OH,WI",Flood,Straight-Line Winds; Severe Storm; Other; Flood; Tornado,false,true,false,false,true,false,false,false,true,false,false,1,false,true,false,18079,https://www.fema.gov/api/open/v2/DisasterDeclarationsSummaries,https://www.fema.gov/openfema-data-page/disaster-declarations-summaries-v2,2026-08-16T23:00:55Z
EM-3651-IN,3651,IN,EM,2026-08-15T00:00:00.000Z,2026,Flood,"SEVERE STORMS, STRAIGHT-LINE WINDS, TORNADOES, AND FLOODING",false,false,true,false,2026-08-11T00:00:00.000Z,,,false,18,077,99077,Jefferson (County),26137,,2026081403,5,"2,W,Z,F,T",2026-08-15T22:01:31.930Z,bdbceba76a2142180c51b6b0cc8a56fd58d10ef2,6ba1c248-8ef1-4282-80aa-0511835f9b1c,2026-08-15,2026-08-11,,,,2026-08-15T22:01:31Z,2026,08,3,2026,,4,,true,false,Emergency,Indiana,Region 5 — Chicago,Chicago,"IL,IN,MI,MN,OH,WI",Flood,Straight-Line Winds; Severe Storm; Other; Flood; Tornado,false,true,false,false,true,false,false,false,true,false,false,1,false,true,false,18077,https://www.fema.gov/api/open/v2/DisasterDeclarationsSummaries,https://www.fema.gov/openfema-data-page/disaster-declarations-summaries-v2,2026-08-16T23:00:55Z
EM-3651-IN,3651,IN,EM,2026-08-15T00:00:00.000Z,2026,Flood,"SEVERE STORMS, STRAIGHT-LINE WINDS, TORNADOES, AND FLOODING",false,false,true,false,2026-08-11T00:00:00.000Z,,,false,18,075,99075,Jay (County),26137,,2026081403,5,"2,W,Z,F,T",2026-08-15T22:01:31.930Z,2563c137bff6c6d76b63e166a0526950d7445def,59f9317e-9657-4e32-b846-39b547ab5448,2026-08-15,2026-08-11,,,,2026-08-15T22:01:31Z,2026,08,3,2026,,4,,true,false,Emergency,Indiana,Region 5 — Chicago,Chicago,"IL,IN,MI,MN,OH,WI",Flood,Straight-Line Winds; Severe Storm; Other; Flood; Tornado,false,true,false,false,true,false,false,false,true,false,false,1,false,true,false,18075,https://www.fema.gov/api/open/v2/DisasterDeclarationsSummaries,https://www.fema.gov/openfema-data-page/disaster-declarations-summaries-v2,2026-08-16T23:00:55Z
EM-3651-IN,3651,IN,EM,2026-08-15T00:00:00.000Z,2026,Flood,"SEVERE STORMS, STRAIGHT-LINE WINDS, TORNADOES, AND FLOODING",false,false,true,false,2026-08-11T00:00:00.000Z,,,false,18,073,99073,Jasper (County),26137,,2026081403,5,"2,W,Z,F,T",2026-08-15T22:01:31.930Z,a0905f1fe1bc6fc9368e3399f00ba86d71a1d1db,2f9c9edd-3b68-4952-9ba8-f122c43fda10,2026-08-15,2026-08-11,,,,2026-08-15T22:01:31Z,2026,08,3,2026,,4,,true,false,Emergency,Indiana,Region 5 — Chicago,Chicago,"IL,IN,MI,MN,OH,WI",Flood,Straight-Line Winds; Severe Storm; Other; Flood; Tornado,false,true,false,false,true,false,false,false,true,false,false,1,false,true,false,18073,https://www.fema.gov/api/open/v2/DisasterDeclarationsSummaries,https://www.fema.gov/openfema-data-page/disaster-declarations-summaries-v2,2026-08-16T23:00:55Z
EM-3651-IN,3651,IN,EM,2026-08-15T00:00:00.000Z,2026,Flood,"SEVERE STORMS, STRAIGHT-LINE WINDS, TORNADOES, AND FLOODING",false,false,true,false,2026-08-11T00:00:00.000Z,,,false,18,065,99065,Henry (County),26137,,2026081403,5,"2,W,Z,F,T",2026-08-15T22:01:31.930Z,474150ee45a876eee609a4926975ecad5ab6e5a3,d62bfdd2-9eb1-49b0-9dd5-c2514a0e797d,2026-08-15,2026-08-11,,,,2026-08-15T22:01:31Z,2026,08,3,2026,,4,,true,false,Emergency,Indiana,Region 5 — Chicago,Chicago,"IL,IN,MI,MN,OH,WI",Flood,Straight-Line Winds; Severe Storm; Other; Flood; Tornado,false,true,false,false,true,false,false,false,true,false,false,1,false,true,false,18065,https://www.fema.gov/api/open/v2/DisasterDeclarationsSummaries,https://www.fema.gov/openfema-data-page/disaster-declarations-summaries-v2,2026-08-16T23:00:55Z
EM-3651-IN,3651,IN,EM,2026-08-15T00:00:00.000Z,2026,Flood,"SEVERE STORMS, STRAIGHT-LINE WINDS, TORNADOES, AND FLOODING",false,false,true,false,2026-08-11T00:00:00.000Z,,,false,18,063,99063,Hendricks (County),26137,,2026081403,5,"2,W,Z,F,T",2026-08-15T22:01:31.930Z,46d79933ae09244e56979696ac9acda79ca48a43,6838ac52-98d9-4040-acfb-4827577854a7,2026-08-15,2026-08-11,,,,2026-08-15T22:01:31Z,2026,08,3,2026,,4,,true,false,Emergency,Indiana,Region 5 — Chicago,Chicago,"IL,IN,MI,MN,OH,WI",Flood,Straight-Line Winds; Severe Storm; Other; Flood; Tornado,false,true,false,false,true,false,false,false,true,false,false,1,false,true,false,18063,https://www.fema.gov/api/open/v2/DisasterDeclarationsSummaries,https://www.fema.gov/openfema-data-page/disaster-declarations-summaries-v2,2026-08-16T23:00:55Z
EM-3651-IN,3651,IN,EM,2026-08-15T00:00:00.000Z,2026,Flood,"SEVERE STORMS, STRAIGHT-LINE WINDS, TORNADOES, AND FLOODING",false,false,true,false,2026-08-11T00:00:00.000Z,,,false,18,061,99061,Harrison (County),26137,,2026081403,5,"2,W,Z,F,T",2026-08-15T22:01:31.930Z,b6f5aa811a443904e18e16326edfb8064e2ba0e7,760df8d4-cf44-4521-8772-fbb1ff019231,2026-08-15,2026-08-11,,,,2026-08-15T22:01:31Z,2026,08,3,2026,,4,,true,false,Emergency,Indiana,Region 5 — Chicago,Chicago,"IL,IN,MI,MN,OH,WI",Flood,Straight-Line Winds; Severe Storm; Other; Flood; Tornado,false,true,false,false,true,false,false,false,true,false,false,1,false,true,false,18061,https://www.fema.gov/api/open/v2/DisasterDeclarationsSummaries,https://www.fema.gov/openfema-data-page/disaster-declarations-summaries-v2,2026-08-16T23:00:55Z
EM-3651-IN,3651,IN,EM,2026-08-15T00:00:00.000Z,2026,Flood,"SEVERE STORMS, STRAIGHT-LINE WINDS, TORNADOES, AND FLOODING",false,false,true,false,2026-08-11T00:00:00.000Z,,,false,18,059,99059,Hancock (County),26137,,2026081403,5,"2,W,Z,F,T",2026-08-15T22:01:31.930Z,354d9fd292807935998b9f50050b7ee4991d7979,348a2f58-d2d7-4ae1-b443-f3beb210981a,2026-08-15,2026-08-11,,,,2026-08-15T22:01:31Z,2026,08,3,2026,,4,,true,false,Emergency,Indiana,Region 5 — Chicago,Chicago,"IL,IN,MI,MN,OH,WI",Flood,Straight-Line Winds; Severe Storm; Other; Flood; Tornado,false,true,false,false,true,false,false,false,true,false,false,1,false,true,false,18059,https://www.fema.gov/api/open/v2/DisasterDeclarationsSummaries,https://www.fema.gov/openfema-data-page/disaster-declarations-summaries-v2,2026-08-16T23:00:55Z
EM-3651-IN,3651,IN,EM,2026-08-15T00:00:00.000Z,2026,Flood,"SEVERE STORMS, STRAIGHT-LINE WINDS, TORNADOES, AND FLOODING",false,false,true,false,2026-08-11T00:00:00.000Z,,,false,18,057,99057,Hamilton (County),26137,,2026081403,5,"2,W,Z,F,T",2026-08-15T22:01:31.930Z,28bb9cd5464cf6ba917898fada7af0b4dca492d3,a565c23e-6e37-4efe-8f89-9134a6f7cae9,2026-08-15,2026-08-11,,,,2026-08-15T22:01:31Z,2026,08,3,2026,,4,,true,false,Emergency,Indiana,Region 5 — Chicago,Chicago,"IL,IN,MI,MN,OH,WI",Flood,Straight-Line Winds; Severe Storm; Other; Flood; Tornado,false,true,false,false,true,false,false,false,true,false,false,1,false,true,false,18057,https://www.fema.gov/api/open/v2/DisasterDeclarationsSummaries,https://www.fema.gov/openfema-data-page/disaster-declarations-summaries-v2,2026-08-16T23:00:55Z
EM-3651-IN,3651,IN,EM,2026-08-15T00:00:00.000Z,2026,Flood,"SEVERE STORMS, STRAIGHT-LINE WINDS, TORNADOES, AND FLOODING",false,false,true,false,2026-08-11T00:00:00.000Z,,,false,18,053,99053,Grant (County),26137,,2026081403,5,"2,W,Z,F,T",2026-08-15T22:01:31.930Z,906d4791ac744edd1203b0f1694cb07b04fc0004,bba02bd8-9724-4796-8509-84efd72e46fc,2026-08-15,2026-08-11,,,,2026-08-15T22:01:31Z,2026,08,3,2026,,4,,true,false,Emergency,Indiana,Region 5 — Chicago,Chicago,"IL,IN,MI,MN,OH,WI",Flood,Straight-Line Winds; Severe Storm; Other; Flood; Tornado,false,true,false,false,true,false,false,false,true,false,false,1,false,true,false,18053,https://www.fema.gov/api/open/v2/DisasterDeclarationsSummaries,https://www.fema.gov/openfema-data-page/disaster-declarations-summaries-v2,2026-08-16T23:00:55Z
EM-3651-IN,3651,IN,EM,2026-08-15T00:00:00.000Z,2026,Flood,"SEVERE STORMS, STRAIGHT-LINE WINDS, TORNADOES, AND FLOODING",false,false,true,false,2026-08-11T00:00:00.000Z,,,false,18,049,99049,Fulton (County),26137,,2026081403,5,"2,W,Z,F,T",2026-08-15T22:01:31.930Z,55280a22c9b4ee09c08940d0df88c6d0b8492f02,0981839e-6beb-4124-85fb-51f58dd69bd6,2026-08-15,2026-08-11,,,,2026-08-15T22:01:31Z,2026,08,3,2026,,4,,true,false,Emergency,Indiana,Region 5 — Chicago,Chicago,"IL,IN,MI,MN,OH,WI",Flood,Straight-Line Winds; Severe Storm; Other; Flood; Tornado,false,true,false,false,true,false,false,false,true,false,false,1,false,true,false,18049,https://www.fema.gov/api/open/v2/DisasterDeclarationsSummaries,https://www.fema.gov/openfema-data-page/disaster-declarations-summaries-v2,2026-08-16T23:00:55Z
EM-3651-IN,3651,IN,EM,2026-08-15T00:00:00.000Z,2026,Flood,"SEVERE STORMS, STRAIGHT-LINE WINDS, TORNADOES, AND FLOODING",false,false,true,false,2026-08-11T00:00:00.000Z,,,false,18,047,99047,Franklin (County),26137,,2026081403,5,"2,W,Z,F,T",2026-08-15T22:01:31.930Z,ae778505f164e8d6e2a6cdc8eeb607db63718412,7113928f-5184-4453-8172-6214602f744d,2026-08-15,2026-08-11,,,,2026-08-15T22:01:31Z,2026,08,3,2026,,4,,true,false,Emergency,Indiana,Region 5 — Chicago,Chicago,"IL,IN,MI,MN,OH,WI",Flood,Straight-Line Winds; Severe Storm; Other; Flood; Tornado,false,true,false,false,true,false,false,false,true,false,false,1,false,true,false,18047,https://www.fema.gov/api/open/v2/DisasterDeclarationsSummaries,https://www.fema.gov/openfema-data-page/disaster-declarations-summaries-v2,2026-08-16T23:00:55Z
EM-3651-IN,3651,IN,EM,2026-08-15T00:00:00.000Z,2026,Flood,"SEVERE STORMS, STRAIGHT-LINE WINDS, TORNADOES, AND FLOODING",false,false,true,false,2026-08-11T00:00:00.000Z,,,false,18,045,99045,Fountain (County),26137,,2026081403,5,"2,W,Z,F,T",2026-08-15T22:01:31.930Z,11663b8fe22153a766976614a215e65d32b848d8,b9182687-02ce-47f3-a444-5aecd2b66342,2026-08-15,2026-08-11,,,,2026-08-15T22:01:31Z,2026,08,3,2026,,4,,true,false,Emergency,Indiana,Region 5 — Chicago,Chicago,"IL,IN,MI,MN,OH,WI",Flood,Straight-Line Winds; Severe Storm; Other; Flood; Tornado,false,true,false,false,true,false,false,false,true,false,false,1,false,true,false,18045,https://www.fema.gov/api/open/v2/DisasterDeclarationsSummaries,https://www.fema.gov/openfema-data-page/disaster-declarations-summaries-v2,2026-08-16T23:00:55Z
EM-3651-IN,3651,IN,EM,2026-08-15T00:00:00.000Z,2026,Flood,"SEVERE STORMS, STRAIGHT-LINE WINDS, TORNADOES, AND FLOODING",false,false,true,false,2026-08-11T00:00:00.000Z,,,false,18,041,99041,Fayette (County),26137,,2026081403,5,"2,W,Z,F,T",2026-08-15T22:01:31.930Z,5a5100f9cdb3449b497377aa80984897fd5fd7c3,4e1ce0c7-51d7-43a6-8bcb-6986cc26878a,2026-08-15,2026-08-11,,,,2026-08-15T22:01:31Z,2026,08,3,2026,,4,,true,false,Emergency,Indiana,Region 5 — Chicago,Chicago,"IL,IN,MI,MN,OH,WI",Flood,Straight-Line Winds; Severe Storm; Other; Flood; Tornado,false,true,false,false,true,false,false,false,true,false,false,1,false,true,false,18041,https://www.fema.gov/api/open/v2/DisasterDeclarationsSummaries,https://www.fema.gov/openfema-data-page/disaster-declarations-summaries-v2,2026-08-16T23:00:55Z
EM-3651-IN,3651,IN,EM,2026-08-15T00:00:00.000Z,2026,Flood,"SEVERE STORMS, STRAIGHT-LINE WINDS, TORNADOES, AND FLOODING",false,false,true,false,2026-08-11T00:00:00.000Z,,,false,18,035,99035,Delaware (County),26137,,2026081403,5,"2,W,Z,F,T",2026-08-15T22:01:31.930Z,b450be20b6f13bfab9dfeda2222d02c264551423,28d72913-39df-46c8-b3ae-43896c35d8ac,2026-08-15,2026-08-11,,,,2026-08-15T22:01:31Z,2026,08,3,2026,,4,,true,false,Emergency,Indiana,Region 5 — Chicago,Chicago,"IL,IN,MI,MN,OH,WI",Flood,Straight-Line Winds; Severe Storm; Other; Flood; Tornado,false,true,false,false,true,false,false,false,true,false,false,1,false,true,false,18035,https://www.fema.gov/api/open/v2/DisasterDeclarationsSummaries,https://www.fema.gov/openfema-data-page/disaster-declarations-summaries-v2,2026-08-16T23:00:55Z
EM-3651-IN,3651,IN,EM,2026-08-15T00:00:00.000Z,2026,Flood,"SEVERE STORMS, STRAIGHT-LINE WINDS, TORNADOES, AND FLOODING",false,false,true,false,2026-08-11T00:00:00.000Z,,,false,18,031,99031,Decatur (County),26137,,2026081403,5,"2,W,Z,F,T",2026-08-15T22:01:31.930Z,689359b5209f5a9e5c06c49d006b5b1b3578edb6,38b0203c-1606-453f-a093-4eac5ff8bb1f,2026-08-15,2026-08-11,,,,2026-08-15T22:01:31Z,2026,08,3,2026,,4,,true,false,Emergency,Indiana,Region 5 — Chicago,Chicago,"IL,IN,MI,MN,OH,WI",Flood,Straight-Line Winds; Severe Storm; Other; Flood; Tornado,false,true,false,false,true,false,false,false,true,false,false,1,false,true,false,18031,https://www.fema.gov/api/open/v2/DisasterDeclarationsSummaries,https://www.fema.gov/openfema-data-page/disaster-declarations-summaries-v2,2026-08-16T23:00:55Z
EM-3651-IN,3651,IN,EM,2026-08-15T00:00:00.000Z,2026,Flood,"SEVERE STORMS, STRAIGHT-LINE WINDS, TORNADOES, AND FLOODING",false,false,true,false,2026-08-11T00:00:00.000Z,,,false,18,029,99029,Dearborn (County),26137,,2026081403,5,"2,W,Z,F,T",2026-08-15T22:01:31.930Z,c4614d4113cbe897f6621393eba082faa796aa68,bcca9c04-3a83-410b-a1b5-ce302fe763ed,2026-08-15,2026-08-11,,,,2026-08-15T22:01:31Z,2026,08,3,2026,,4,,true,false,Emergency,Indiana,Region 5 — Chicago,Chicago,"IL,IN,MI,MN,OH,WI",Flood,Straight-Line Winds; Severe Storm; Other; Flood; Tornado,false,true,false,false,true,false,false,false,true,false,false,1,false,true,false,18029,https://www.fema.gov/api/open/v2/DisasterDeclarationsSummaries,https://www.fema.gov/openfema-data-page/disaster-declarations-summaries-v2,2026-08-16T23:00:55Z
EM-3651-IN,3651,IN,EM,2026-08-15T00:00:00.000Z,2026,Flood,"SEVERE STORMS, STRAIGHT-LINE WINDS, TORNADOES, AND FLOODING",false,false,true,false,2026-08-11T00:00:00.000Z,,,false,18,023,99023,Clinton (County),26137,,2026081403,5,"2,W,Z,F,T",2026-08-15T22:01:31.930Z,b17db5d042ef004442757cde2d818a0dfcff75db,ad12e2c7-3880-4782-86ce-feedf16ce36f,2026-08-15,2026-08-11,,,,2026-08-15T22:01:31Z,2026,08,3,2026,,4,,true,false,Emergency,Indiana,Region 5 — Chicago,Chicago,"IL,IN,MI,MN,OH,WI",Flood,Straight-Line Winds; Severe Storm; Other; Flood; Tornado,false,true,false,false,true,false,false,false,true,false,false,1,false,true,false,18023,https://www.fema.gov/api/open/v2/DisasterDeclarationsSummaries,https://www.fema.gov/openfema-data-page/disaster-declarations-summaries-v2,2026-08-16T23:00:55Z
EM-3651-IN,3651,IN,EM,2026-08-15T00:00:00.000Z,2026,Flood,"SEVERE STORMS, STRAIGHT-LINE WINDS, TORNADOES, AND FLOODING",false,false,true,false,2026-08-11T00:00:00.000Z,,,false,18,017,99017,Cass (County),26137,,2026081403,5,"2,W,Z,F,T",2026-08-15T22:01:31.930Z,f3174ea3e0a652e1dfc962060916b35a97d6b106,71a44591-80bc-4c66-9070-84b86e182c8b,2026-08-15,2026-08-11,,,,2026-08-15T22:01:31Z,2026,08,3,2026,,4,,true,false,Emergency,Indiana,Region 5 — Chicago,Chicago,"IL,IN,MI,MN,OH,WI",Flood,Straight-Line Winds; Severe Storm; Other; Flood; Tornado,false,true,false,false,true,false,false,false,true,false,false,1,false,true,false,18017,https://www.fema.gov/api/open/v2/DisasterDeclarationsSummaries,https://www.fema.gov/openfema-data-page/disaster-declarations-summaries-v2,2026-08-16T23:00:55Z
EM-3651-IN,3651,IN,EM,2026-08-15T00:00:00.000Z,2026,Flood,"SEVERE STORMS, STRAIGHT-LINE WINDS, TORNADOES, AND FLOODING",false,false,true,false,2026-08-11T00:00:00.000Z,,,false,18,015,99015,Carroll (County),26137,,2026081403,5,"2,W,Z,F,T",2026-08-15T22:01:31.930Z,580c48529abcb6b69e07a58de6020563ee7cf6aa,9f39fb6d-1d65-4cc8-a997-a7e1126cdb3c,2026-08-15,2026-08-11,,,,2026-08-15T22:01:31Z,2026,08,3,2026,,4,,true,false,Emergency,Indiana,Region 5 — Chicago,Chicago,"IL,IN,MI,MN,OH,WI",Flood,Straight-Line Winds; Severe Storm; Other; Flood; Tornado,false,true,false,false,true,false,false,false,true,false,false,1,false,true,false,18015,https://www.fema.gov/api/open/v2/DisasterDeclarationsSummaries,https://www.fema.gov/openfema-data-page/disaster-declarations-summaries-v2,2026-08-16T23:00:55Z
EM-3651-IN,3651,IN,EM,2026-08-15T00:00:00.000Z,2026,Flood,"SEVERE STORMS, STRAIGHT-LINE WINDS, TORNADOES, AND FLOODING",false,false,true,false,2026-08-11T00:00:00.000Z,,,false,18,011,99011,Boone (County),26137,,2026081403,5,"2,W,Z,F,T",2026-08-15T22:01:31.930Z,c1ac4e10280155d8da01ecec96c5fee5a5fa16fd,c65b0d89-0dcf-45e9-baed-0cead691b265,2026-08-15,2026-08-11,,,,2026-08-15T22:01:31Z,2026,08,3,2026,,4,,true,false,Emergency,Indiana,Region 5 — Chicago,Chicago,"IL,IN,MI,MN,OH,WI",Flood,Straight-Line Winds; Severe Storm; Other; Flood; Tornado,false,true,false,false,true,false,false,false,true,false,false,1,false,true,false,18011,https://www.fema.gov/api/open/v2/DisasterDeclarationsSummaries,https://www.fema.gov/openfema-data-page/disaster-declarations-summaries-v2,2026-08-16T23:00:55Z
EM-3651-IN,3651,IN,EM,2026-08-15T00:00:00.000Z,2026,Flood,"SEVERE STORMS, STRAIGHT-LINE WINDS, TORNADOES, AND FLOODING",false,false,true,false,2026-08-11T00:00:00.000Z,,,false,18,005,99005,Bartholomew (County),26137,,2026081403,5,"2,W,Z,F,T",2026-08-15T22:01:31.930Z,e0078ae4a625ffb694139b3ce5b184e8328bca17,6b0f6203-30cb-4f98-9259-137a7a8bbfca,2026-08-15,2026-08-11,,,,2026-08-15T22:01:31Z,2026,08,3,2026,,4,,true,false,Emergency,Indiana,Region 5 — Chicago,Chicago,"IL,IN,MI,MN,OH,WI",Flood,Straight-Line Winds; Severe Storm; Other; Flood; Tornado,false,true,false,false,true,false,false,false,true,false,false,1,false,true,false,18005,https://www.fema.gov/api/open/v2/DisasterDeclarationsSummaries,https://www.fema.gov/openfema-data-page/disaster-declarations-summaries-v2,2026-08-16T23:00:55Z
EM-3651-IN,3651,IN,EM,2026-08-15T00:00:00.000Z,2026,Flood,"SEVERE STORMS, STRAIGHT-LINE WINDS, TORNADOES, AND FLOODING",false,false,true,false,2026-08-11T00:00:00.000Z,,,false,18,003,99003,Allen (County),26137,,2026081403,5,"2,W,Z,F,T",2026-08-15T22:01:31.930Z,c81f219883f7b5fbe83d32e16f75d6f486d5066d,ea7e6883-2e4d-4979-9358-a9bc38236c89,2026-08-15,2026-08-11,,,,2026-08-15T22:01:31Z,2026,08,3,2026,,4,,true,false,Emergency,Indiana,Region 5 — Chicago,Chicago,"IL,IN,MI,MN,OH,WI",Flood,Straight-Line Winds; Severe Storm; Other; Flood; Tornado,false,true,false,false,true,false,false,false,true,false,false,1,false,true,false,18003,https://www.fema.gov/api/open/v2/DisasterDeclarationsSummaries,https://www.fema.gov/openfema-data-page/disaster-declarations-summaries-v2,2026-08-16T23:00:55Z
FM-5670-OR,5670,OR,FM,2026-08-14T00:00:00.000Z,2026,Fire,FIELDER MOUNTAIN FIRE,false,false,true,false,2026-08-13T00:00:00.000Z,,,false,41,033,99033,Josephine (County),26136,,2026081402,10,R,2026-08-14T18:21:24.624Z,bcc9e976d72d9dd164ae63c22ada1448c73e274e,f9b31fb7-a207-457e-b86d-5591f313d9eb,2026-08-14,2026-08-13,,,,2026-08-14T18:21:24Z,2026,08,3,2026,,1,,true,false,Fire Management Assistance,Oregon,Region 10 — Bothell,Bothell,"AK,ID,OR,WA",Fire,Fire,false,false,true,false,false,false,false,false,false,false,false,1,false,true,false,41033,https://www.fema.gov/api/open/v2/DisasterDeclarationsSummaries,https://www.fema.gov/openfema-data-page/disaster-declarations-summaries-v2,2026-08-16T23:00:55Z
FM-5670-OR,5670,OR,FM,2026-08-14T00:00:00.000Z,2026,Fire,FIELDER MOUNTAIN FIRE,false,false,true,false,2026-08-13T00:00:00.000Z,,,false,41,029,99029,Jackson (County),26136,,2026081402,10,R,2026-08-14T18:21:24.624Z,dfd813edebbceba1d4832aabaddf00fa716c050e,55ed89b5-df01-4b2b-aff4-b7799389dd67,2026-08-14,2026-08-13,,,,2026-08-14T18:21:24Z,2026,08,3,2026,,1,,true,false,Fire Management Assistance,Oregon,Region 10 — Bothell,Bothell,"AK,ID,OR,WA",Fire,Fire,false,false,true,false,false,false,false,false,false,false,false,1,false,true,false,41029,https://www.fema.gov/api/open/v2/DisasterDeclarationsSummaries,https://www.fema.gov/openfema-data-page/disaster-declarations-summaries-v2,2026-08-16T23:00:55Z
FM-5668-NV,5668,NV,FM,2026-08-11T00:00:00.000Z,2026,Fire,STALLION FIRE,false,false,true,false,2026-08-10T00:00:00.000Z,,,false,32,031,99031,Washoe (County),26134,,2026081201,9,R,2026-08-12T15:41:21.307Z,03fa1e69674f8d459668e0276e8ef08456ae1017,564f17bd-4b02-4dfc-8536-7a3f315c3789,2026-08-11,2026-08-10,,,,2026-08-12T15:41:21Z,2026,08,3,2026,,1,,true,false,Fire Management Assistance,Nevada,Region 9 — Oakland,Oakland,"AZ,CA,HI,NV,AS,GU,MP",Fire,Fire,false,false,true,false,false,false,false,false,false,false,false,1,false,true,false,32031,https://www.fema.gov/api/open/v2/DisasterDeclarationsSummaries,https://www.fema.gov/openfema-data-page/disaster-declarations-summaries-v2,2026-08-16T23:00:55Z
FM-5667-NV,5667,NV,FM,2026-08-11T00:00:00.000Z,2026,Fire,FRED MOUNTAIN FIRE,false,false,true,false,2026-08-09T00:00:00.000Z,,,false,32,031,99031,Washoe (County),26133,,2026081102,9,R,2026-08-12T14:21:16.297Z,4e831b49a7a20afc5c91a2005b4907671f134d9f,8550f801-d400-4f9f-8e88-37e3adea1542,2026-08-11,2026-08-09,,,,2026-08-12T14:21:16Z,2026,08,3,2026,,2,,true,false,Fire Management Assistance,Nevada,Region 9 — Oakland,Oakland,"AZ,CA,HI,NV,AS,GU,MP",Fire,Fire,false,false,true,false,false,false,false,false,false,false,false,1,false,true,false,32031,https://www.fema.gov/api/open/v2/DisasterDeclarationsSummaries,https://www.fema.gov/openfema-data-page/disaster-declarations-summaries-v2,2026-08-16T23:00:55Z
FM-5666-OR,5666,OR,FM,2026-08-09T00:00:00.000Z,2026,Fire,WRIGHTS SPRING FIRE ,false,false,true,false,2026-08-05T00:00:00.000Z,,,false,41,035,99035,Klamath (County),26131,,2026081001,10,R,2026-08-10T18:41:32.824Z,497e6671d5bb05dc505c5dccc68a58aab1081aae,8cb3f85b-3327-4efb-b865-a2357f7c1954,2026-08-09,2026-08-05,,,,2026-08-10T18:41:32Z,2026,08,3,2026,,4,,true,false,Fire Management Assistance,Oregon,Region 10 — Bothell,Bothell,"AK,ID,OR,WA",Fire,Fire,false,false,true,false,false,false,false,false,false,false,false,1,false,true,false,41035,https://www.fema.gov/api/open/v2/DisasterDeclarationsSummaries,https://www.fema.gov/openfema-data-page/disaster-declarations-summaries-v2,2026-08-16T23:00:55Z
FM-5665-UT,5665,UT,FM,2026-08-09T00:00:00.000Z,2026,Fire,ROCKY CANYON FIRE,false,false,true,false,2026-08-09T00:00:00.000Z,,,false,49,043,99043,Summit (County),26130,,2026081002,8,R,2026-08-12T14:01:22.282Z,9a3d57ba38a5b0a795993b9b9d2946f41ca14b8e,323c6057-5f22-42fc-b745-726e5a5b0f42,2026-08-09,2026-08-09,,,,2026-08-12T14:01:22Z,2026,08,3,2026,,0,,true,false,Fire Management Assistance,Utah,Region 8 — Denver,Denver,"CO,MT,ND,SD,UT,WY",Fire,Fire,false,false,true,false,false,false,false,false,false,false,false,1,false,true,false,49043,https://www.fema.gov/api/open/v2/DisasterDeclarationsSummaries,https://www.fema.gov/openfema-data-page/disaster-declarations-summaries-v2,2026-08-16T23:00:55Z
FM-5665-UT,5665,UT,FM,2026-08-09T00:00:00.000Z,2026,Fire,ROCKY CANYON FIRE,false,false,true,false,2026-08-09T00:00:00.000Z,,,false,49,029,99029,Morgan (County),26130,,2026081002,8,R,2026-08-12T14:01:22.282Z,25ca483c9797ae8b1122bc5d300108e8c6974d84,b9934d16-619e-4a77-80db-48512ee18b28,2026-08-09,2026-08-09,,,,2026-08-12T14:01:22Z,2026,08,3,2026,,0,,true,false,Fire Management Assistance,Utah,Region 8 — Denver,Denver,"CO,MT,ND,SD,UT,WY",Fire,Fire,false,false,true,false,false,false,false,false,false,false,false,1,false,true,false,49029,https://www.fema.gov/api/open/v2/DisasterDeclarationsSummaries,https://www.fema.gov/openfema-data-page/disaster-declarations-summaries-v2,2026-08-16T23:00:55Z
FM-5664-OR,5664,OR,FM,2026-08-09T00:00:00.000Z,2026,Fire,HAGEN FIRE,false,false,true,false,2026-07-16T00:00:00.000Z,,,false,41,061,99061,Union (County),26128,,2026080902,10,R,2026-08-10T17:21:23.589Z,559ae4e6d54db12f927de8fc68a0427edd1d739c,6e5fdf1e-8483-4d2e-84be-b5eba6da5746,2026-08-09,2026-07-16,,,,2026-08-10T17:21:23Z,2026,08,3,2026,,24,,true,false,Fire Management Assistance,Oregon,Region 10 — Bothell,Bothell,"AK,ID,OR,WA",Fire,Fire,false,false,true,false,false,false,false,false,false,false,false,1,false,true,false,41061,https://www.fema.gov/api/open/v2/DisasterDeclarationsSummaries,https://www.fema.gov/openfema-data-page/disaster-declarations-summaries-v2,2026-08-16T23:00:55Z
FM-5664-OR,5664,OR,FM,2026-08-09T00:00:00.000Z,2026,Fire,HAGEN FIRE,false,false,true,false,2026-07-16T00:00:00.000Z,,,false,41,059,99059,Umatilla (County),26128,,2026080902,10,R,2026-08-10T17:21:23.589Z,341a1d3ff6c43ada5992569b53bd3b093eee030e,c8987938-5c05-4e6a-a875-363c1d5a446d,2026-08-09,2026-07-16,,,,2026-08-10T17:21:23Z,2026,08,3,2026,,24,,true,false,Fire Management Assistance,Oregon,Region 10 — Bothell,Bothell,"AK,ID,OR,WA",Fire,Fire,false,false,true,false,false,false,false,false,false,false,false,1,false,true,false,41059,https://www.fema.gov/api/open/v2/DisasterDeclarationsSummaries,https://www.fema.gov/openfema-data-page/disaster-declarations-summaries-v2,2026-08-16T23:00:55Z
FM-5663-NV,5663,NV,FM,2026-08-08T00:00:00.000Z,2026,Fire,BUG FIRE,false,false,true,false,2026-08-08T00:00:00.000Z,,,false,32,031,99031,Washoe (County),26129,,2026080901,9,R,2026-08-10T17:21:23.589Z,1660b3dc52643e720565b095da7a10c89a534899,e45ef964-ca79-431b-b641-e572b85b2a0e,2026-08-08,2026-08-08,,,,2026-08-10T17:21:23Z,2026,08,3,2026,,0,,true,false,Fire Management Assistance,Nevada,Region 9 — Oakland,Oakland,"AZ,CA,HI,NV,AS,GU,MP",Fire,Fire,false,false,true,false,false,false,false,false,false,false,false,1,false,true,false,32031,https://www.fema.gov/api/open/v2/DisasterDeclarationsSummaries,https://www.fema.gov/openfema-data-page/disaster-declarations-summaries-v2,2026-08-16T23:00:55Z
FM-5662-CA,5662,CA,FM,2026-08-04T00:00:00.000Z,2026,Fire,GANN FIRE,false,false,true,false,2026-08-04T00:00:00.000Z,,,false,06,009,99009,Calaveras (County),26126,,2026080501,9,R,2026-08-05T15:39:29.288Z,2238c70a20057e4371ca13da202c98ffee0eb5ca,c43b1986-19f6-4b73-b3ce-e37a9df3470e,2026-08-04,2026-08-04,,,,2026-08-05T15:39:29Z,2026,08,3,2026,,0,,true,false,Fire Management Assistance,California,Region 9 — Oakland,Oakland,"AZ,CA,HI,NV,AS,GU,MP",Fire,Fire,false,false,true,false,false,false,false,false,false,false,false,1,false,true,false,06009,https://www.fema.gov/api/open/v2/DisasterDeclarationsSummaries,https://www.fema.gov/openfema-data-page/disaster-declarations-summaries-v2,2026-08-16T23:00:55Z
DR-4932-WV,4932,WV,DR,2026-08-03T00:00:00.000Z,2026,Flood,"SEVERE STORM, STRAIGHT-LINE WINDS, TORNADOES, FLOODING, LANDSLIDES, AND MUDSLIDES",true,false,false,false,2026-07-21T00:00:00.000Z,2026-07-22T00:00:00.000Z,,false,54,097,99097,Upshur (County),26104,2026-10-03T00:00:00.000Z,2026072201,3,"2,M,W,F,T",2026-08-07T15:01:26.974Z,5ab3c4ba6e0bcdba834f5022f67e47c6261c9777,897affcd-2344-488c-9059-787ca3fb0bb1,2026-08-03,2026-07-21,2026-07-22,,2026-10-03,2026-08-07T15:01:26Z,2026,08,3,2026,1,13,,false,false,Major Disaster,West Virginia,Region 3 — Philadelphia,Philadelphia,"DE,DC,MD,PA,VA,WV",Flood,Straight-Line Winds; Mud/Landslide; Severe Storm; Flood; Tornado,false,true,false,false,true,false,false,false,true,false,false,1,true,false,false,54097,https://www.fema.gov/api/open/v2/DisasterDeclarationsSummaries,https://www.fema.gov/openfema-data-page/disaster-declarations-summaries-v2,2026-08-16T23:00:55Z
DR-4932-WV,4932,WV,DR,2026-08-03T00:00:00.000Z,2026,Flood,"SEVERE STORM, STRAIGHT-LINE WINDS, TORNADOES, FLOODING, LANDSLIDES, AND MUDSLIDES",true,false,false,false,2026-07-21T00:00:00.000Z,2026-07-22T00:00:00.000Z,,false,54,085,99085,Ritchie (County),26104,2026-10-03T00:00:00.000Z,2026072201,3,"2,M,W,F,T",2026-08-08T00:21:13.432Z,66348c2d3cd1224b137423ee478f1d948fab20d4,38f23b16-904b-434e-bd72-649f2d520e86,2026-08-03,2026-07-21,2026-07-22,,2026-10-03,2026-08-08T00:21:13Z,2026,08,3,2026,1,13,,false,false,Major Disaster,West Virginia,Region 3 — Philadelphia,Philadelphia,"DE,DC,MD,PA,VA,WV",Flood,Straight-Line Winds; Mud/Landslide; Severe Storm; Flood; Tornado,false,true,false,false,true,false,false,false,true,false,false,1,true,false,false,54085,https://www.fema.gov/api/open/v2/DisasterDeclarationsSummaries,https://www.fema.gov/openfema-data-page/disaster-declarations-summaries-v2,2026-08-16T23:00:55Z
DR-4932-WV,4932,WV,DR,2026-08-03T00:00:00.000Z,2026,Flood,"SEVERE STORM, STRAIGHT-LINE WINDS, TORNADOES, FLOODING, LANDSLIDES, AND MUDSLIDES",true,false,false,false,2026-07-21T00:00:00.000Z,2026-07-22T00:00:00.000Z,,false,54,073,99073,Pleasants (County),26104,2026-10-03T00:00:00.000Z,2026072201,3,"2,M,W,F,T",2026-08-08T00:21:13.432Z,c77539a2c99ddc2d9814dd3954ee131b7c0bd063,bbbc1c4c-35a2-4b1f-be0b-eaff2f060a70,2026-08-03,2026-07-21,2026-07-22,,2026-10-03,2026-08-08T00:21:13Z,2026,08,3,2026,1,13,,false,false,Major Disaster,West Virginia,Region 3 — Philadelphia,Philadelphia,"DE,DC,MD,PA,VA,WV",Flood,Straight-Line Winds; Mud/Landslide; Severe Storm; Flood; Tornado,false,true,false,false,true,false,false,false,true,false,false,1,true,false,false,54073,https://www.fema.gov/api/open/v2/DisasterDeclarationsSummaries,https://www.fema.gov/openfema-data-page/disaster-declarations-summaries-v2,2026-08-16T23:00:55Z
DR-4932-WV,4932,WV,DR,2026-08-03T00:00:00.000Z,2026,Flood,"SEVERE STORM, STRAIGHT-LINE WINDS, TORNADOES, FLOODING, LANDSLIDES, AND MUDSLIDES",true,false,false,false,2026-07-21T00:00:00.000Z,2026-07-22T00:00:00.000Z,,false,54,041,99041,Lewis (County),26104,2026-10-03T00:00:00.000Z,2026072201,3,"2,M,W,F,T",2026-08-07T15:01:26.974Z,7b77cc4eca63be4b7d6b2693baa0674402b84e0e,09b948bf-a5f9-4add-a586-b0b6d87c2fe3,2026-08-03,2026-07-21,2026-07-22,,2026-10-03,2026-08-07T15:01:26Z,2026,08,3,2026,1,13,,false,false,Major Disaster,West Virginia,Region 3 — Philadelphia,Philadelphia,"DE,DC,MD,PA,VA,WV",Flood,Straight-Line Winds; Mud/Landslide; Severe Storm; Flood; Tornado,false,true,false,false,true,false,false,false,true,false,false,1,true,false,false,54041,https://www.fema.gov/api/open/v2/DisasterDeclarationsSummaries,https://www.fema.gov/openfema-data-page/disaster-declarations-summaries-v2,2026-08-16T23:00:55Z
DR-4931-MP,4931,MP,DR,2026-08-03T00:00:00.000Z,2026,Typhoon,SUPER TYPHOON BAVI,false,false,true,false,2026-07-04T00:00:00.000Z,2026-07-12T00:00:00.000Z,,false,69,120,99120,Tinian (Municipality),26102,2026-10-03T00:00:00.000Z,2026072303,9,Z,2026-08-04T12:29:56.786Z,11d5d7b7988f1b03880d1362f37a6fc0c79a178b,8866bd43-4976-47d0-a6d5-4a8ba03194b0,2026-08-03,2026-07-04,2026-07-12,,2026-10-03,2026-08-04T12:29:56Z,2026,08,3,2026,8,30,,false,false,Major Disaster,Northern Mariana Islands,Region 9 — Oakland,Oakland,"AZ,CA,HI,NV,AS,GU,MP",Tropical cyclone,Other,true,false,false,false,false,false,false,false,false,false,true,1,false,true,false,69120,https://www.fema.gov/api/open/v2/DisasterDeclarationsSummaries,https://www.fema.gov/openfema-data-page/disaster-declarations-summaries-v2,2026-08-16T23:00:55Z
DR-4931-MP,4931,MP,DR,2026-08-03T00:00:00.000Z,2026,Typhoon,SUPER TYPHOON BAVI,false,false,true,false,2026-07-04T00:00:00.000Z,2026-07-12T00:00:00.000Z,,false,69,110,99110,Saipan (Municipality),26102,2026-10-03T00:00:00.000Z,2026072303,9,Z,2026-08-04T12:29:56.786Z,36dfcc5d1359d433eac9b83f4b589635098e5f67,87249929-888e-487d-bc7a-c8538f2bf90c,2026-08-03,2026-07-04,2026-07-12,,2026-10-03,2026-08-04T12:29:56Z,2026,08,3,2026,8,30,,false,false,Major Disaster,Northern Mariana Islands,Region 9 — Oakland,Oakland,"AZ,CA,HI,NV,AS,GU,MP",Tropical cyclone,Other,true,false,false,false,false,false,false,false,false,false,true,1,false,true,false,69110,https://www.fema.gov/api/open/v2/DisasterDeclarationsSummaries,https://www.fema.gov/openfema-data-page/disaster-declarations-summaries-v2,2026-08-16T23:00:55Z
DR-4931-MP,4931,MP,DR,2026-08-03T00:00:00.000Z,2026,Typhoon,SUPER TYPHOON BAVI,true,false,true,false,2026-07-04T00:00:00.000Z,2026-07-12T00:00:00.000Z,,false,69,100,99100,Rota (Municipality),26102,2026-10-03T00:00:00.000Z,2026072303,9,Z,2026-08-04T12:29:56.786Z,a63e7acdd89bfc0b0cff7ae0ae12cec08249cb28,77369177-8f65-4e65-925a-f9d6a91da25d,2026-08-03,2026-07-04,2026-07-12,,2026-10-03,2026-08-04T12:29:56Z,2026,08,3,2026,8,30,,false,false,Major Disaster,Northern Mariana Islands,Region 9 — Oakland,Oakland,"AZ,CA,HI,NV,AS,GU,MP",Tropical cyclone,Other,true,false,false,false,false,false,false,false,false,false,true,2,true,true,false,69100,https://www.fema.gov/api/open/v2/DisasterDeclarationsSummaries,https://www.fema.gov/openfema-data-page/disaster-declarations-summaries-v2,2026-08-16T23:00:55Z
DR-4930-MS,4930,MS,DR,2026-08-03T00:00:00.000Z,2026,Tropical Storm,TROPICAL STORM ARTHUR,false,false,true,false,2026-06-18T00:00:00.000Z,2026-06-20T00:00:00.000Z,,false,28,153,99153,Wayne (County),26098,2026-10-03T00:00:00.000Z,2026062601,4,"4,W,F",2026-08-07T15:01:26.974Z,52ad9c5fd8004e78e59f3b9394c9b8f68665b854,edd0af94-f843-40dd-a9e9-4d4b338c53d1,2026-08-03,2026-06-18,2026-06-20,,2026-10-03,2026-08-07T15:01:26Z,2026,08,3,2026,2,46,,false,false,Major Disaster,Mississippi,Region 4 — Atlanta,Atlanta,"AL,FL,GA,KY,MS,NC,SC,TN",Tropical cyclone,Tropical Storm; Severe Storm; Flood,false,true,false,false,false,false,false,false,true,false,true,1,false,true,false,28153,https://www.fema.gov/api/open/v2/DisasterDeclarationsSummaries,https://www.fema.gov/openfema-data-page/disaster-declarations-summaries-v2,2026-08-16T23:00:55Z
DR-4930-MS,4930,MS,DR,2026-08-03T00:00:00.000Z,2026,Tropical Storm,TROPICAL STORM ARTHUR,true,false,true,false,2026-06-18T00:00:00.000Z,2026-06-20T00:00:00.000Z,,false,28,131,99131,Stone (County),26098,2026-10-03T00:00:00.000Z,2026062601,4,"4,W,F",2026-08-07T15:01:26.974Z,cc06ae68e3e0a6ec5c750605809705381027657d,f8178ed4-a571-4f7d-98da-338854518d15,2026-08-03,2026-06-18,2026-06-20,,2026-10-03,2026-08-07T15:01:26Z,2026,08,3,2026,2,46,,false,false,Major Disaster,Mississippi,Region 4 — Atlanta,Atlanta,"AL,FL,GA,KY,MS,NC,SC,TN",Tropical cyclone,Tropical Storm; Severe Storm; Flood,false,true,false,false,false,false,false,false,true,false,true,2,true,true,false,28131,https://www.fema.gov/api/open/v2/DisasterDeclarationsSummaries,https://www.fema.gov/openfema-data-page/disaster-declarations-summaries-v2,2026-08-16T23:00:55Z
DR-4930-MS,4930,MS,DR,2026-08-03T00:00:00.000Z,2026,Tropical Storm,TROPICAL STORM ARTHUR,true,false,true,false,2026-06-18T00:00:00.000Z,2026-06-20T00:00:00.000Z,,false,28,109,99109,Pearl River (County),26098,2026-10-03T00:00:00.000Z,2026062601,4,"4,W,F",2026-08-07T15:01:26.974Z,b5d1f49f1363441356d22f170336d78d15672543,b477a94d-0b38-404b-879c-6c895b4b7a63,2026-08-03,2026-06-18,2026-06-20,,2026-10-03,2026-08-07T15:01:26Z,2026,08,3,2026,2,46,,false,false,Major Disaster,Mississippi,Region 4 — Atlanta,Atlanta,"AL,FL,GA,KY,MS,NC,SC,TN",Tropical cyclone,Tropical Storm; Severe Storm; Flood,false,true,false,false,false,false,false,false,true,false,true,2,true,true,false,28109,https://www.fema.gov/api/open/v2/DisasterDeclarationsSummaries,https://www.fema.gov/openfema-data-page/disaster-declarations-summaries-v2,2026-08-16T23:00:55Z
DR-4930-MS,4930,MS,DR,2026-08-03T00:00:00.000Z,2026,Tropical Storm,TROPICAL STORM ARTHUR,true,false,true,false,2026-06-18T00:00:00.000Z,2026-06-20T00:00:00.000Z,,false,28,047,99047,Harrison (County),26098,2026-10-03T00:00:00.000Z,2026062601,4,"4,W,F",2026-08-07T15:01:26.974Z,9dee3980f563dd1f6eda88b00f756dce0c39e52d,fec870ff-a6fc-4c05-9349-619e9a37e146,2026-08-03,2026-06-18,2026-06-20,,2026-10-03,2026-08-07T15:01:26Z,2026,08,3,2026,2,46,,false,false,Major Disaster,Mississippi,Region 4 — Atlanta,Atlanta,"AL,FL,GA,KY,MS,NC,SC,TN",Tropical cyclone,Tropical Storm; Severe Storm; Flood,false,true,false,false,false,false,false,false,true,false,true,2,true,true,false,28047,https://www.fema.gov/api/open/v2/DisasterDeclarationsSummaries,https://www.fema.gov/openfema-data-page/disaster-declarations-summaries-v2,2026-08-16T23:00:55Z
DR-4930-MS,4930,MS,DR,2026-08-03T00:00:00.000Z,2026,Tropical Storm,TROPICAL STORM ARTHUR,true,false,true,false,2026-06-18T00:00:00.000Z,2026-06-20T00:00:00.000Z,,false,28,045,99045,Hancock (County),26098,2026-10-03T00:00:00.000Z,2026062601,4,"4,W,F",2026-08-07T15:01:26.974Z,31f3799d8bb4c715d8fd41a9c9a43c8999c8a5b7,75b3a4ad-51fe-474a-a9f2-b571da254a25,2026-08-03,2026-06-18,2026-06-20,,2026-10-03,2026-08-07T15:01:26Z,2026,08,3,2026,2,46,,false,false,Major Disaster,Mississippi,Region 4 — Atlanta,Atlanta,"AL,FL,GA,KY,MS,NC,SC,TN",Tropical cyclone,Tropical Storm; Severe Storm; Flood,false,true,false,false,false,false,false,false,true,false,true,2,true,true,false,28045,https://www.fema.gov/api/open/v2/DisasterDeclarationsSummaries,https://www.fema.gov/openfema-data-page/disaster-declarations-summaries-v2,2026-08-16T23:00:55Z
DR-4930-MS,4930,MS,DR,2026-08-03T00:00:00.000Z,2026,Tropical Storm,TROPICAL STORM ARTHUR,false,false,true,false,2026-06-18T00:00:00.000Z,2026-06-20T00:00:00.000Z,,false,28,041,99041,Greene (County),26098,2026-10-03T00:00:00.000Z,2026062601,4,"4,W,F",2026-08-07T15:01:26.974Z,51ed83ef411deb5fff62f63bc8b049c5939d0873,27eb67f7-d6b9-4785-8d2a-739e111518d9,2026-08-03,2026-06-18,2026-06-20,,2026-10-03,2026-08-07T15:01:26Z,2026,08,3,2026,2,46,,false,false,Major Disaster,Mississippi,Region 4 — Atlanta,Atlanta,"AL,FL,GA,KY,MS,NC,SC,TN",Tropical cyclone,Tropical Storm; Severe Storm; Flood,false,true,false,false,false,false,false,false,true,false,true,1,false,true,false,28041,https://www.fema.gov/api/open/v2/DisasterDeclarationsSummaries,https://www.fema.gov/openfema-data-page/disaster-declarations-summaries-v2,2026-08-16T23:00:55Z
DR-4930-MS,4930,MS,DR,2026-08-03T00:00:00.000Z,2026,Tropical Storm,TROPICAL STORM ARTHUR,false,false,true,false,2026-06-18T00:00:00.000Z,2026-06-20T00:00:00.000Z,,false,28,039,99039,George (County),26098,2026-10-03T00:00:00.000Z,2026062601,4,"4,W,F",2026-08-07T15:01:26.974Z,f07504a9e0b80fe54c975951ab412aa49a8215d4,98c677d9-3cd5-4bbc-98c1-da9ccb5f53fa,2026-08-03,2026-06-18,2026-06-20,,2026-10-03,2026-08-07T15:01:26Z,2026,08,3,2026,2,46,,false,false,Major Disaster,Mississippi,Region 4 — Atlanta,Atlanta,"AL,FL,GA,KY,MS,NC,SC,TN",Tropical cyclone,Tropical Storm; Severe Storm; Flood,false,true,false,false,false,false,false,false,true,false,true,1,false,true,false,28039,https://www.fema.gov/api/open/v2/DisasterDeclarationsSummaries,https://www.fema.gov/openfema-data-page/disaster-declarations-summaries-v2,2026-08-16T23:00:55Z
DR-4930-MS,4930,MS,DR,2026-08-03T00:00:00.000Z,2026,Tropical Storm,TROPICAL STORM ARTHUR,false,false,true,false,2026-06-18T00:00:00.000Z,2026-06-20T00:00:00.000Z,,false,28,031,99031,Covington (County),26098,2026-10-03T00:00:00.000Z,2026062601,4,"4,W,F",2026-08-07T15:01:26.974Z,506acad5d0f9dbf148681533f0f39118a505a118,305ea763-99dc-4196-a646-63308f8c16d4,2026-08-03,2026-06-18,2026-06-20,,2026-10-03,2026-08-07T15:01:26Z,2026,08,3,2026,2,46,,false,false,Major Disaster,Mississippi,Region 4 — Atlanta,Atlanta,"AL,FL,GA,KY,MS,NC,SC,TN",Tropical cyclone,Tropical Storm; Severe Storm; Flood,false,true,false,false,false,false,false,false,true,false,true,1,false,true,false,28031,https://www.fema.gov/api/open/v2/DisasterDeclarationsSummaries,https://www.fema.gov/openfema-data-page/disaster-declarations-summaries-v2,2026-08-16T23:00:55Z
DR-4929-MO,4929,MO,DR,2026-08-03T00:00:00.000Z,2026,Severe Storm,"SEVERE STORMS, STRAIGHT-LINE WINDS, TORNADOES, AND FLOODING",false,false,true,false,2026-06-04T00:00:00.000Z,2026-06-18T00:00:00.000Z,,false,29,227,99227,Worth (County),26093,,2026061901,7,"2,W,Z,F,T",2026-08-07T15:01:26.974Z,dc6cb42987bd00ff8312fdffc6978ecd6bc2a6aa,1d709f1d-d128-4802-911b-7d45db119b08,2026-08-03,2026-06-04,2026-06-18,,,2026-08-07T15:01:26Z,2026,08,3,2026,14,60,,false,false,Major Disaster,Missouri,Region 7 — Kansas City,Kansas City,"IA,KS,MO,NE",Severe storm,Straight-Line Winds; Severe Storm; Other; Flood; Tornado,false,true,false,false,true,false,false,false,true,false,false,1,false,true,false,29227,https://www.fema.gov/api/open/v2/DisasterDeclarationsSummaries,https://www.fema.gov/openfema-data-page/disaster-declarations-summaries-v2,2026-08-16T23:00:55Z
DR-4929-MO,4929,MO,DR,2026-08-03T00:00:00.000Z,2026,Severe Storm,"SEVERE STORMS, STRAIGHT-LINE WINDS, TORNADOES, AND FLOODING",false,false,true,false,2026-06-04T00:00:00.000Z,2026-06-18T00:00:00.000Z,,false,29,225,99225,Webster (County),26093,,2026061901,7,"2,W,Z,F,T",2026-08-07T15:01:26.974Z,f484c64ae4da03bfd56f7ab333f576b66f3f6005,3b133d0d-7805-4c9e-ae54-f7efd2d080d4,2026-08-03,2026-06-04,2026-06-18,,,2026-08-07T15:01:26Z,2026,08,3,2026,14,60,,false,false,Major Disaster,Missouri,Region 7 — Kansas City,Kansas City,"IA,KS,MO,NE",Severe storm,Straight-Line Winds; Severe Storm; Other; Flood; Tornado,false,true,false,false,true,false,false,false,true,false,false,1,false,true,false,29225,https://www.fema.gov/api/open/v2/DisasterDeclarationsSummaries,https://www.fema.gov/openfema-data-page/disaster-declarations-summaries-v2,2026-08-16T23:00:55Z
DR-4929-MO,4929,MO,DR,2026-08-03T00:00:00.000Z,2026,Severe Storm,"SEVERE STORMS, STRAIGHT-LINE WINDS, TORNADOES, AND FLOODING",false,false,true,false,2026-06-04T00:00:00.000Z,2026-06-18T00:00:00.000Z,,false,29,217,99217,Vernon (County),26093,,2026061901,7,"2,W,Z,F,T",2026-08-07T15:01:26.974Z,48de5c24aec36bc6790d39c07fcd37e6005159cc,5cd49dca-95dd-4e4e-96a6-7b9b2018cdf6,2026-08-03,2026-06-04,2026-06-18,,,2026-08-07T15:01:26Z,2026,08,3,2026,14,60,,false,false,Major Disaster,Missouri,Region 7 — Kansas City,Kansas City,"IA,KS,MO,NE",Severe storm,Straight-Line Winds; Severe Storm; Other; Flood; Tornado,false,true,false,false,true,false,false,false,true,false,false,1,false,true,false,29217,https://www.fema.gov/api/open/v2/DisasterDeclarationsSummaries,https://www.fema.gov/openfema-data-page/disaster-declarations-summaries-v2,2026-08-16T23:00:55Z
DR-4929-MO,4929,MO,DR,2026-08-03T00:00:00.000Z,2026,Severe Storm,"SEVERE STORMS, STRAIGHT-LINE WINDS, TORNADOES, AND FLOODING",false,false,true,false,2026-06-04T00:00:00.000Z,2026-06-18T00:00:00.000Z,,false,29,211,99211,Sullivan (County),26093,,2026061901,7,"2,W,Z,F,T",2026-08-07T15:01:26.974Z,3aef1aaafee9b8330764a70f24eb8381d85d2901,cc3ffc2f-fcba-451a-8a09-45ca05a7eed8,2026-08-03,2026-06-04,2026-06-18,,,2026-08-07T15:01:26Z,2026,08,3,2026,14,60,,false,false,Major Disaster,Missouri,Region 7 — Kansas City,Kansas City,"IA,KS,MO,NE",Severe storm,Straight-Line Winds; Severe Storm; Other; Flood; Tornado,false,true,false,false,true,false,false,false,true,false,false,1,false,true,false,29211,https://www.fema.gov/api/open/v2/DisasterDeclarationsSummaries,https://www.fema.gov/openfema-data-page/disaster-declarations-summaries-v2,2026-08-16T23:00:55Z
DR-4929-MO,4929,MO,DR,2026-08-03T00:00:00.000Z,2026,Severe Storm,"SEVERE STORMS, STRAIGHT-LINE WINDS, TORNADOES, AND FLOODING",false,false,true,false,2026-06-04T00:00:00.000Z,2026-06-18T00:00:00.000Z,,false,29,205,99205,Shelby (County),26093,,2026061901,7,"2,W,Z,F,T",2026-08-07T15:01:26.974Z,ffd04489b0b14c86d7332cff80801d13cb785c7b,7600b963-364d-4536-b7e9-2f7d2ca75332,2026-08-03,2026-06-04,2026-06-18,,,2026-08-07T15:01:26Z,2026,08,3,2026,14,60,,false,false,Major Disaster,Missouri,Region 7 — Kansas City,Kansas City,"IA,KS,MO,NE",Severe storm,Straight-Line Winds; Severe Storm; Other; Flood; Tornado,false,true,false,false,true,false,false,false,true,false,false,1,false,true,false,29205,https://www.fema.gov/api/open/v2/DisasterDeclarationsSummaries,https://www.fema.gov/openfema-data-page/disaster-declarations-summaries-v2,2026-08-16T23:00:55Z
DR-4929-MO,4929,MO,DR,2026-08-03T00:00:00.000Z,2026,Severe Storm,"SEVERE STORMS, STRAIGHT-LINE WINDS, TORNADOES, AND FLOODING",false,false,true,false,2026-06-04T00:00:00.000Z,2026-06-18T00:00:00.000Z,,false,29,201,99201,Scott (County),26093,,2026061901,7,"2,W,Z,F,T",2026-08-07T15:01:26.974Z,ac9c5415fba95236cc016da4e961ed96a4b6d223,7420c2d6-1ff9-49ac-8af1-4fa66475d056,2026-08-03,2026-06-04,2026-06-18,,,2026-08-07T15:01:26Z,2026,08,3,2026,14,60,,false,false,Major Disaster,Missouri,Region 7 — Kansas City,Kansas City,"IA,KS,MO,NE",Severe storm,Straight-Line Winds; Severe Storm; Other; Flood; Tornado,false,true,false,false,true,false,false,false,true,false,false,1,false,true,false,29201,https://www.fema.gov/api/open/v2/DisasterDeclarationsSummaries,https://www.fema.gov/openfema-data-page/disaster-declarations-summaries-v2,2026-08-16T23:00:55Z
DR-4929-MO,4929,MO,DR,2026-08-03T00:00:00.000Z,2026,Severe Storm,"SEVERE STORMS, STRAIGHT-LINE WINDS, TORNADOES, AND FLOODING",false,false,true,false,2026-06-04T00:00:00.000Z,2026-06-18T00:00:00.000Z,,false,29,171,99171,Putnam (County),26093,,2026061901,7,"2,W,Z,F,T",2026-08-07T15:01:26.974Z,409b1477570c35dbab58cc78244968e295039d04,c28a054e-ed73-4edb-a85a-d337524eb73c,2026-08-03,2026-06-04,2026-06-18,,,2026-08-07T15:01:26Z,2026,08,3,2026,14,60,,false,false,Major Disaster,Missouri,Region 7 — Kansas City,Kansas City,"IA,KS,MO,NE",Severe storm,Straight-Line Winds; Severe Storm; Other; Flood; Tornado,false,true,false,false,true,false,false,false,true,false,false,1,false,true,false,29171,https://www.fema.gov/api/open/v2/DisasterDeclarationsSummaries,https://www.fema.gov/openfema-data-page/disaster-declarations-summaries-v2,2026-08-16T23:00:55Z
DR-4929-MO,4929,MO,DR,2026-08-03T00:00:00.000Z,2026,Severe Storm,"SEVERE STORMS, STRAIGHT-LINE WINDS, TORNADOES, AND FLOODING",false,false,true,false,2026-06-04T00:00:00.000Z,2026-06-18T00:00:00.000Z,,false,29,167,99167,Polk (County),26093,,2026061901,7,"2,W,Z,F,T",2026-08-07T15:01:26.974Z,0bc853a1aff6d2389cfe94652f590b8192131173,8682cfcd-63f5-4761-a1c9-7a892534fef9,2026-08-03,2026-06-04,2026-06-18,,,2026-08-07T15:01:26Z,2026,08,3,2026,14,60,,false,false,Major Disaster,Missouri,Region 7 — Kansas City,Kansas City,"IA,KS,MO,NE",Severe storm,Straight-Line Winds; Severe Storm; Other; Flood; Tornado,false,true,false,false,true,false,false,false,true,false,false,1,false,true,false,29167,https://www.fema.gov/api/open/v2/DisasterDeclarationsSummaries,https://www.fema.gov/openfema-data-page/disaster-declarations-summaries-v2,2026-08-16T23:00:55Z
DR-4929-MO,4929,MO,DR,2026-08-03T00:00:00.000Z,2026,Severe Storm,"SEVERE STORMS, STRAIGHT-LINE WINDS, TORNADOES, AND FLOODING",false,false,true,false,2026-06-04T00:00:00.000Z,2026-06-18T00:00:00.000Z,,false,29,151,99151,Osage (County),26093,,2026061901,7,"2,W,Z,F,T",2026-08-07T15:01:26.974Z,f1ecb50be52103500ccb64b12c3aac8c61f73925,1524dba1-3fa1-4bce-b097-6739bbc4d232,2026-08-03,2026-06-04,2026-06-18,,,2026-08-07T15:01:26Z,2026,08,3,2026,14,60,,false,false,Major Disaster,Missouri,Region 7 — Kansas City,Kansas City,"IA,KS,MO,NE",Severe storm,Straight-Line Winds; Severe Storm; Other; Flood; Tornado,false,true,false,false,true,false,false,false,true,false,false,1,false,true,false,29151,https://www.fema.gov/api/open/v2/DisasterDeclarationsSummaries,https://www.fema.gov/openfema-data-page/disaster-declarations-summaries-v2,2026-08-16T23:00:55Z
DR-4929-MO,4929,MO,DR,2026-08-03T00:00:00.000Z,2026,Severe Storm,"SEVERE STORMS, STRAIGHT-LINE WINDS, TORNADOES, AND FLOODING",false,false,true,false,2026-06-04T00:00:00.000Z,2026-06-18T00:00:00.000Z,,false,29,147,99147,Nodaway (County),26093,,2026061901,7,"2,W,Z,F,T",2026-08-07T15:01:26.974Z,689d45b1e05fc3ae8ae10d0f568d20a7dbf215e0,4f48d41d-8365-49f1-bb67-33ecf0c9c5fe,2026-08-03,2026-06-04,2026-06-18,,,2026-08-07T15:01:26Z,2026,08,3,2026,14,60,,false,false,Major Disaster,Missouri,Region 7 — Kansas City,Kansas City,"IA,KS,MO,NE",Severe storm,Straight-Line Winds; Severe Storm; Other; Flood; Tornado,false,true,false,false,true,false,false,false,true,false,false,1,false,true,false,29147,https://www.fema.gov/api/open/v2/DisasterDeclarationsSummaries,https://www.fema.gov/openfema-data-page/disaster-declarations-summaries-v2,2026-08-16T23:00:55Z
DR-4929-MO,4929,MO,DR,2026-08-03T00:00:00.000Z,2026,Severe Storm,"SEVERE STORMS, STRAIGHT-LINE WINDS, TORNADOES, AND FLOODING",false,false,true,false,2026-06-04T00:00:00.000Z,2026-06-18T00:00:00.000Z,,false,29,145,99145,Newton (County),26093,,2026061901,7,"2,W,Z,F,T",2026-08-07T15:01:26.974Z,2131c5724b8dd91e86e0c1b28ed25bd7dc6381f9,2a863700-3de2-481a-acea-7253f8135e4b,2026-08-03,2026-06-04,2026-06-18,,,2026-08-07T15:01:26Z,2026,08,3,2026,14,60,,false,false,Major Disaster,Missouri,Region 7 — Kansas City,Kansas City,"IA,KS,MO,NE",Severe storm,Straight-Line Winds; Severe Storm; Other; Flood; Tornado,false,true,false,false,true,false,false,false,true,false,false,1,false,true,false,29145,https://www.fema.gov/api/open/v2/DisasterDeclarationsSummaries,https://www.fema.gov/openfema-data-page/disaster-declarations-summaries-v2,2026-08-16T23:00:55Z
DR-4929-MO,4929,MO,DR,2026-08-03T00:00:00.000Z,2026,Severe Storm,"SEVERE STORMS, STRAIGHT-LINE WINDS, TORNADOES, AND FLOODING",false,false,true,false,2026-06-04T00:00:00.000Z,2026-06-18T00:00:00.000Z,,false,29,141,99141,Morgan (County),26093,,2026061901,7,"2,W,Z,F,T",2026-08-07T15:01:26.974Z,295320028d2b0aa352e0d26a76afbde92600090c,51462ba1-f87d-4a35-9bd5-6490558f55fd,2026-08-03,2026-06-04,2026-06-18,,,2026-08-07T15:01:26Z,2026,08,3,2026,14,60,,false,false,Major Disaster,Missouri,Region 7 — Kansas City,Kansas City,"IA,KS,MO,NE",Severe storm,Straight-Line Winds; Severe Storm; Other; Flood; Tornado,false,true,false,false,true,false,false,false,true,false,false,1,false,true,false,29141,https://www.fema.gov/api/open/v2/DisasterDeclarationsSummaries,https://www.fema.gov/openfema-data-page/disaster-declarations-summaries-v2,2026-08-16T23:00:55Z
DR-4929-MO,4929,MO,DR,2026-08-03T00:00:00.000Z,2026,Severe Storm,"SEVERE STORMS, STRAIGHT-LINE WINDS, TORNADOES, AND FLOODING",false,false,true,false,2026-06-04T00:00:00.000Z,2026-06-18T00:00:00.000Z,,false,29,135,99135,Moniteau (County),26093,,2026061901,7,"2,W,Z,F,T",2026-08-07T15:01:26.974Z,73f8afee995612d805b9908317bee4a25d98469b,8f9c833e-5788-4220-9106-a53553215ec8,2026-08-03,2026-06-04,2026-06-18,,,2026-08-07T15:01:26Z,2026,08,3,2026,14,60,,false,false,Major Disaster,Missouri,Region 7 — Kansas City,Kansas City,"IA,KS,MO,NE",Severe storm,Straight-Line Winds; Severe Storm; Other; Flood; Tornado,false,true,false,false,true,false,false,false,true,false,false,1,false,true,false,29135,https://www.fema.gov/api/open/v2/DisasterDeclarationsSummaries,https://www.fema.gov/openfema-data-page/disaster-declarations-summaries-v2,2026-08-16T23:00:55Z
DR-4929-MO,4929,MO,DR,2026-08-03T00:00:00.000Z,2026,Severe Storm,"SEVERE STORMS, STRAIGHT-LINE WINDS, TORNADOES, AND FLOODING",false,false,true,false,2026-06-04T00:00:00.000Z,2026-06-18T00:00:00.000Z,,false,29,131,99131,Miller (County),26093,,2026061901,7,"2,W,Z,F,T",2026-08-07T15:01:26.974Z,05ae51924a206946ccc55ef8aa14a15a9086a250,554af137-6dda-45b4-a360-412ab819e848,2026-08-03,2026-06-04,2026-06-18,,,2026-08-07T15:01:26Z,2026,08,3,2026,14,60,,false,false,Major Disaster,Missouri,Region 7 — Kansas City,Kansas City,"IA,KS,MO,NE",Severe storm,Straight-Line Winds; Severe Storm; Other; Flood; Tornado,false,true,false,false,true,false,false,false,true,false,false,1,false,true,false,29131,https://www.fema.gov/api/open/v2/DisasterDeclarationsSummaries,https://www.fema.gov/openfema-data-page/disaster-declarations-summaries-v2,2026-08-16T23:00:55Z
DR-4929-MO,4929,MO,DR,2026-08-03T00:00:00.000Z,2026,Severe Storm,"SEVERE STORMS, STRAIGHT-LINE WINDS, TORNADOES, AND FLOODING",false,false,true,false,2026-06-04T00:00:00.000Z,2026-06-18T00:00:00.000Z,,false,29,129,99129,Mercer (County),26093,,2026061901,7,"2,W,Z,F,T",2026-08-07T15:01:26.974Z,dc728e7d89191b94fea088c5a008bd60443124d1,b70a1f6c-e162-4a72-9fd1-e1dc55c8fa84,2026-08-03,2026-06-04,2026-06-18,,,2026-08-07T15:01:26Z,2026,08,3,2026,14,60,,false,false,Major Disaster,Missouri,Region 7 — Kansas City,Kansas City,"IA,KS,MO,NE",Severe storm,Straight-Line Winds; Severe Storm; Other; Flood; Tornado,false,true,false,false,true,false,false,false,true,false,false,1,false,true,false,29129,https://www.fema.gov/api/open/v2/DisasterDeclarationsSummaries,https://www.fema.gov/openfema-data-page/disaster-declarations-summaries-v2,2026-08-16T23:00:55Z
DR-4929-MO,4929,MO,DR,2026-08-03T00:00:00.000Z,2026,Severe Storm,"SEVERE STORMS, STRAIGHT-LINE WINDS, TORNADOES, AND FLOODING",false,false,true,false,2026-06-04T00:00:00.000Z,2026-06-18T00:00:00.000Z,,false,29,127,99127,Marion (County),26093,,2026061901,7,"2,W,Z,F,T",2026-08-07T15:01:26.974Z,6cd5ded6d0a2c2002a394de847482531efe58932,d8623da9-1a7c-4f16-9a64-5746714d0175,2026-08-03,2026-06-04,2026-06-18,,,2026-08-07T15:01:26Z,2026,08,3,2026,14,60,,false,false,Major Disaster,Missouri,Region 7 — Kansas City,Kansas City,"IA,KS,MO,NE",Severe storm,Straight-Line Winds; Severe Storm; Other; Flood; Tornado,false,true,false,false,true,false,false,false,true,false,false,1,false,true,false,29127,https://www.fema.gov/api/open/v2/DisasterDeclarationsSummaries,https://www.fema.gov/openfema-data-page/disaster-declarations-summaries-v2,2026-08-16T23:00:55Z
DR-4929-MO,4929,MO,DR,2026-08-03T00:00:00.000Z,2026,Severe Storm,"SEVERE STORMS, STRAIGHT-LINE WINDS, TORNADOES, AND FLOODING",false,false,true,false,2026-06-04T00:00:00.000Z,2026-06-18T00:00:00.000Z,,false,29,121,99121,Macon (County),26093,,2026061901,7,"2,W,Z,F,T",2026-08-07T15:01:26.974Z,75b23bdfbda503cd18a48a4c6ab8b357edef3598,20cda9dd-50c4-48fc-9f2b-9c26420bdf72,2026-08-03,2026-06-04,2026-06-18,,,2026-08-07T15:01:26Z,2026,08,3,2026,14,60,,false,false,Major Disaster,Missouri,Region 7 — Kansas City,Kansas City,"IA,KS,MO,NE",Severe storm,Straight-Line Winds; Severe Storm; Other; Flood; Tornado,false,true,false,false,true,false,false,false,true,false,false,1,false,true,false,29121,https://www.fema.gov/api/open/v2/DisasterDeclarationsSummaries,https://www.fema.gov/openfema-data-page/disaster-declarations-summaries-v2,2026-08-16T23:00:55Z
DR-4929-MO,4929,MO,DR,2026-08-03T00:00:00.000Z,2026,Severe Storm,"SEVERE STORMS, STRAIGHT-LINE WINDS, TORNADOES, AND FLOODING",false,false,true,false,2026-06-04T00:00:00.000Z,2026-06-18T00:00:00.000Z,,false,29,115,99115,Linn (County),26093,,2026061901,7,"2,W,Z,F,T",2026-08-07T15:01:26.974Z,1d8b445b5777a1cbabbc1223410649effed70574,8776364d-33dc-4088-87d7-2fd482f39c95,2026-08-03,2026-06-04,2026-06-18,,,2026-08-07T15:01:26Z,2026,08,3,2026,14,60,,false,false,Major Disaster,Missouri,Region 7 — Kansas City,Kansas City,"IA,KS,MO,NE",Severe storm,Straight-Line Winds; Severe Storm; Other; Flood; Tornado,false,true,false,false,true,false,false,false,true,false,false,1,false,true,false,29115,https://www.fema.gov/api/open/v2/DisasterDeclarationsSummaries,https://www.fema.gov/openfema-data-page/disaster-declarations-summaries-v2,2026-08-16T23:00:55Z
DR-4929-MO,4929,MO,DR,2026-08-03T00:00:00.000Z,2026,Severe Storm,"SEVERE STORMS, STRAIGHT-LINE WINDS, TORNADOES, AND FLOODING",false,false,true,false,2026-06-04T00:00:00.000Z,2026-06-18T00:00:00.000Z,,false,29,111,99111,Lewis (County),26093,,2026061901,7,"2,W,Z,F,T",2026-08-07T15:01:26.974Z,b6e4ab102921c338b17ed402ab677cc527f4d3ea,763d0fbc-2ef4-4e94-9800-3dd9da13882b,2026-08-03,2026-06-04,2026-06-18,,,2026-08-07T15:01:26Z,2026,08,3,2026,14,60,,false,false,Major Disaster,Missouri,Region 7 — Kansas City,Kansas City,"IA,KS,MO,NE",Severe storm,Straight-Line Winds; Severe Storm; Other; Flood; Tornado,false,true,false,false,true,false,false,false,true,false,false,1,false,true,false,29111,https://www.fema.gov/api/open/v2/DisasterDeclarationsSummaries,https://www.fema.gov/openfema-data-page/disaster-declarations-summaries-v2,2026-08-16T23:00:55Z
DR-4929-MO,4929,MO,DR,2026-08-03T00:00:00.000Z,2026,Severe Storm,"SEVERE STORMS, STRAIGHT-LINE WINDS, TORNADOES, AND FLOODING",false,false,true,false,2026-06-04T00:00:00.000Z,2026-06-18T00:00:00.000Z,,false,29,103,99103,Knox (County),26093,,2026061901,7,"2,W,Z,F,T",2026-08-07T15:01:26.974Z,ed830dbf7b8fc6d709536a07e9239d259d2a30e4,e4087dba-c237-4541-afeb-851c102e318d,2026-08-03,2026-06-04,2026-06-18,,,2026-08-07T15:01:26Z,2026,08,3,2026,14,60,,false,false,Major Disaster,Missouri,Region 7 — Kansas City,Kansas City,"IA,KS,MO,NE",Severe storm,Straight-Line Winds; Severe Storm; Other; Flood; Tornado,false,true,false,false,true,false,false,false,true,false,false,1,false,true,false,29103,https://www.fema.gov/api/open/v2/DisasterDeclarationsSummaries,https://www.fema.gov/openfema-data-page/disaster-declarations-summaries-v2,2026-08-16T23:00:55Z
DR-4929-MO,4929,MO,DR,2026-08-03T00:00:00.000Z,2026,Severe Storm,"SEVERE STORMS, STRAIGHT-LINE WINDS, TORNADOES, AND FLOODING",false,false,true,false,2026-06-04T00:00:00.000Z,2026-06-18T00:00:00.000Z,,false,29,097,99097,Jasper (County),26093,,2026061901,7,"2,W,Z,F,T",2026-08-07T15:01:26.974Z,41a871fa3becdd5d3934b08d93086105a3f86b1d,6fe7081d-9cb1-4df1-b78f-550516e62c2a,2026-08-03,2026-06-04,2026-06-18,,,2026-08-07T15:01:26Z,2026,08,3,2026,14,60,,false,false,Major Disaster,Missouri,Region 7 — Kansas City,Kansas City,"IA,KS,MO,NE",Severe storm,Straight-Line Winds; Severe Storm; Other; Flood; Tornado,false,true,false,false,true,false,false,false,true,false,false,1,false,true,false,29097,https://www.fema.gov/api/open/v2/DisasterDeclarationsSummaries,https://www.fema.gov/openfema-data-page/disaster-declarations-summaries-v2,2026-08-16T23:00:55Z
DR-4929-MO,4929,MO,DR,2026-08-03T00:00:00.000Z,2026,Severe Storm,"SEVERE STORMS, STRAIGHT-LINE WINDS, TORNADOES, AND FLOODING",false,false,true,false,2026-06-04T00:00:00.000Z,2026-06-18T00:00:00.000Z,,false,29,087,99087,Holt (County),26093,,2026061901,7,"2,W,Z,F,T",2026-08-07T15:01:26.974Z,fa581a5ea3d08f57a6b9471832184e8391a83a93,79277064-850f-48a4-bc45-1dcb7b777499,2026-08-03,2026-06-04,2026-06-18,,,2026-08-07T15:01:26Z,2026,08,3,2026,14,60,,false,false,Major Disaster,Missouri,Region 7 — Kansas City,Kansas City,"IA,KS,MO,NE",Severe storm,Straight-Line Winds; Severe Storm; Other; Flood; Tornado,false,true,false,false,true,false,false,false,true,false,false,1,false,true,false,29087,https://www.fema.gov/api/open/v2/DisasterDeclarationsSummaries,https://www.fema.gov/openfema-data-page/disaster-declarations-summaries-v2,2026-08-16T23:00:55Z
DR-4929-MO,4929,MO,DR,2026-08-03T00:00:00.000Z,2026,Severe Storm,"SEVERE STORMS, STRAIGHT-LINE WINDS, TORNADOES, AND FLOODING",false,false,true,false,2026-06-04T00:00:00.000Z,2026-06-18T00:00:00.000Z,,false,29,085,99085,Hickory (County),26093,,2026061901,7,"2,W,Z,F,T",2026-08-07T15:01:26.974Z,c36e3287eeaac9235ec3e7d1211102cbe2faab7c,187373fd-f2da-494a-9ae8-dc85e88053cc,2026-08-03,2026-06-04,2026-06-18,,,2026-08-07T15:01:26Z,2026,08,3,2026,14,60,,false,false,Major Disaster,Missouri,Region 7 — Kansas City,Kansas City,"IA,KS,MO,NE",Severe storm,Straight-Line Winds; Severe Storm; Other; Flood; Tornado,false,true,false,false,true,false,false,false,true,false,false,1,false,true,false,29085,https://www.fema.gov/api/open/v2/DisasterDeclarationsSummaries,https://www.fema.gov/openfema-data-page/disaster-declarations-summaries-v2,2026-08-16T23:00:55Z
DR-4929-MO,4929,MO,DR,2026-08-03T00:00:00.000Z,2026,Severe Storm,"SEVERE STORMS, STRAIGHT-LINE WINDS, TORNADOES, AND FLOODING",false,false,true,false,2026-06-04T00:00:00.000Z,2026-06-18T00:00:00.000Z,,false,29,081,99081,Harrison (County),26093,,2026061901,7,"2,W,Z,F,T",2026-08-07T15:01:26.974Z,4a005a0ad7b2fb6ad2ad56d3ebe2c26ca49d3b3b,04bb92bf-1d93-4bef-8f21-09a7852e9d38,2026-08-03,2026-06-04,2026-06-18,,,2026-08-07T15:01:26Z,2026,08,3,2026,14,60,,false,false,Major Disaster,Missouri,Region 7 — Kansas City,Kansas City,"IA,KS,MO,NE",Severe storm,Straight-Line Winds; Severe Storm; Other; Flood; Tornado,false,true,false,false,true,false,false,false,true,false,false,1,false,true,false,29081,https://www.fema.gov/api/open/v2/DisasterDeclarationsSummaries,https://www.fema.gov/openfema-data-page/disaster-declarations-summaries-v2,2026-08-16T23:00:55Z
DR-4929-MO,4929,MO,DR,2026-08-03T00:00:00.000Z,2026,Severe Storm,"SEVERE STORMS, STRAIGHT-LINE WINDS, TORNADOES, AND FLOODING",false,false,true,false,2026-06-04T00:00:00.000Z,2026-06-18T00:00:00.000Z,,false,29,079,99079,Grundy (County),26093,,2026061901,7,"2,W,Z,F,T",2026-08-07T15:01:26.974Z,b713b07911e4fd53818dd32680374e93431f4255,83b10c7c-ceb7-4cba-a2a8-419d321842c4,2026-08-03,2026-06-04,2026-06-18,,,2026-08-07T15:01:26Z,2026,08,3,2026,14,60,,false,false,Major Disaster,Missouri,Region 7 — Kansas City,Kansas City,"IA,KS,MO,NE",Severe storm,Straight-Line Winds; Severe Storm; Other; Flood; Tornado,false,true,false,false,true,false,false,false,true,false,false,1,false,true,false,29079,https://www.fema.gov/api/open/v2/DisasterDeclarationsSummaries,https://www.fema.gov/openfema-data-page/disaster-declarations-summaries-v2,2026-08-16T23:00:55Z
DR-4929-MO,4929,MO,DR,2026-08-03T00:00:00.000Z,2026,Severe Storm,"SEVERE STORMS, STRAIGHT-LINE WINDS, TORNADOES, AND FLOODING",false,false,true,false,2026-06-04T00:00:00.000Z,2026-06-18T00:00:00.000Z,,false,29,075,99075,Gentry (County),26093,,2026061901,7,"2,W,Z,F,T",2026-08-07T15:01:26.974Z,5cab92516043cf00e464ae065fd42ed39bcbe0cd,ab6d511d-4fec-4aa0-8fb2-3f929c850242,2026-08-03,2026-06-04,2026-06-18,,,2026-08-07T15:01:26Z,2026,08,3,2026,14,60,,false,false,Major Disaster,Missouri,Region 7 — Kansas City,Kansas City,"IA,KS,MO,NE",Severe storm,Straight-Line Winds; Severe Storm; Other; Flood; Tornado,false,true,false,false,true,false,false,false,true,false,false,1,false,true,false,29075,https://www.fema.gov/api/open/v2/DisasterDeclarationsSummaries,https://www.fema.gov/openfema-data-page/disaster-declarations-summaries-v2,2026-08-16T23:00:55Z
DR-4929-MO,4929,MO,DR,2026-08-03T00:00:00.000Z,2026,Severe Storm,"SEVERE STORMS, STRAIGHT-LINE WINDS, TORNADOES, AND FLOODING",false,false,true,false,2026-06-04T00:00:00.000Z,2026-06-18T00:00:00.000Z,,false,29,073,99073,Gasconade (County),26093,,2026061901,7,"2,W,Z,F,T",2026-08-07T15:01:26.974Z,2c0096fa2f4a559d45859ad7769c4dacb0f07d75,9c7a8fb0-d3b1-4ede-b08a-002fa8a9f5d1,2026-08-03,2026-06-04,2026-06-18,,,2026-08-07T15:01:26Z,2026,08,3,2026,14,60,,false,false,Major Disaster,Missouri,Region 7 — Kansas City,Kansas City,"IA,KS,MO,NE",Severe storm,Straight-Line Winds; Severe Storm; Other; Flood; Tornado,false,true,false,false,true,false,false,false,true,false,false,1,false,true,false,29073,https://www.fema.gov/api/open/v2/DisasterDeclarationsSummaries,https://www.fema.gov/openfema-data-page/disaster-declarations-summaries-v2,2026-08-16T23:00:55Z
DR-4929-MO,4929,MO,DR,2026-08-03T00:00:00.000Z,2026,Severe Storm,"SEVERE STORMS, STRAIGHT-LINE WINDS, TORNADOES, AND FLOODING",false,false,true,false,2026-06-04T00:00:00.000Z,2026-06-18T00:00:00.000Z,,false,29,061,99061,Daviess (County),26093,,2026061901,7,"2,W,Z,F,T",2026-08-07T15:01:26.974Z,c5bd440fdbce2e6e3d8c223eaaebd959198946cd,4cbb4bcd-ee26-43c1-b24c-9a4722adc009,2026-08-03,2026-06-04,2026-06-18,,,2026-08-07T15:01:26Z,2026,08,3,2026,14,60,,false,false,Major Disaster,Missouri,Region 7 — Kansas City,Kansas City,"IA,KS,MO,NE",Severe storm,Straight-Line Winds; Severe Storm; Other; Flood; Tornado,false,true,false,false,true,false,false,false,true,false,false,1,false,true,false,29061,https://www.fema.gov/api/open/v2/DisasterDeclarationsSummaries,https://www.fema.gov/openfema-data-page/disaster-declarations-summaries-v2,2026-08-16T23:00:55Z
DR-4929-MO,4929,MO,DR,2026-08-03T00:00:00.000Z,2026,Severe Storm,"SEVERE STORMS, STRAIGHT-LINE WINDS, TORNADOES, AND FLOODING",false,false,true,false,2026-06-04T00:00:00.000Z,2026-06-18T00:00:00.000Z,,false,29,057,99057,Dade (County),26093,,2026061901,7,"2,W,Z,F,T",2026-08-07T15:01:26.974Z,13fc8ae0a491bd775af777f4969aa6a6bf7e2f3c,2d01b561-859c-4639-bfe1-a6bff3a6720c,2026-08-03,2026-06-04,2026-06-18,,,2026-08-07T15:01:26Z,2026,08,3,2026,14,60,,false,false,Major Disaster,Missouri,Region 7 — Kansas City,Kansas City,"IA,KS,MO,NE",Severe storm,Straight-Line Winds; Severe Storm; Other; Flood; Tornado,false,true,false,false,true,false,false,false,true,false,false,1,false,true,false,29057,https://www.fema.gov/api/open/v2/DisasterDeclarationsSummaries,https://www.fema.gov/openfema-data-page/disaster-declarations-summaries-v2,2026-08-16T23:00:55Z
DR-4929-MO,4929,MO,DR,2026-08-03T00:00:00.000Z,2026,Severe Storm,"SEVERE STORMS, STRAIGHT-LINE WINDS, TORNADOES, AND FLOODING",false,false,true,false,2026-06-04T00:00:00.000Z,2026-06-18T00:00:00.000Z,,false,29,031,99031,Cape Girardeau (County),26093,,2026061901,7,"2,W,Z,F,T",2026-08-07T15:01:26.974Z,8b12392dda94829d45c4ade93666f552dc0ea169,0286903d-1f4b-4635-8b97-f9d40df60703,2026-08-03,2026-06-04,2026-06-18,,,2026-08-07T15:01:26Z,2026,08,3,2026,14,60,,false,false,Major Disaster,Missouri,Region 7 — Kansas City,Kansas City,"IA,KS,MO,NE",Severe storm,Straight-Line Winds; Severe Storm; Other; Flood; Tornado,false,true,false,false,true,false,false,false,true,false,false,1,false,true,false,29031,https://www.fema.gov/api/open/v2/DisasterDeclarationsSummaries,https://www.fema.gov/openfema-data-page/disaster-declarations-summaries-v2,2026-08-16T23:00:55Z
DR-4929-MO,4929,MO,DR,2026-08-03T00:00:00.000Z,2026,Severe Storm,"SEVERE STORMS, STRAIGHT-LINE WINDS, TORNADOES, AND FLOODING",false,false,true,false,2026-06-04T00:00:00.000Z,2026-06-18T00:00:00.000Z,,false,29,029,99029,Camden (County),26093,,2026061901,7,"2,W,Z,F,T",2026-08-07T15:01:26.974Z,61368913729d3e70bdfc279a2cdfcf4e5573263e,2ec6102c-82e6-45ab-853e-36e263743a32,2026-08-03,2026-06-04,2026-06-18,,,2026-08-07T15:01:26Z,2026,08,3,2026,14,60,,false,false,Major Disaster,Missouri,Region 7 — Kansas City,Kansas City,"IA,KS,MO,NE",Severe storm,Straight-Line Winds; Severe Storm; Other; Flood; Tornado,false,true,false,false,true,false,false,false,true,false,false,1,false,true,false,29029,https://www.fema.gov/api/open/v2/DisasterDeclarationsSummaries,https://www.fema.gov/openfema-data-page/disaster-declarations-summaries-v2,2026-08-16T23:00:55Z
DR-4929-MO,4929,MO,DR,2026-08-03T00:00:00.000Z,2026,Severe Storm,"SEVERE STORMS, STRAIGHT-LINE WINDS, TORNADOES, AND FLOODING",false,false,true,false,2026-06-04T00:00:00.000Z,2026-06-18T00:00:00.000Z,,false,29,027,99027,Callaway (County),26093,,2026061901,7,"2,W,Z,F,T",2026-08-07T15:01:26.974Z,420174326c19240b050253d16ddd94610419c1f3,f743c4f2-c322-42e4-a8a0-6ab7e26895e7,2026-08-03,2026-06-04,2026-06-18,,,2026-08-07T15:01:26Z,2026,08,3,2026,14,60,,false,false,Major Disaster,Missouri,Region 7 — Kansas City,Kansas City,"IA,KS,MO,NE",Severe storm,Straight-Line Winds; Severe Storm; Other; Flood; Tornado,false,true,false,false,true,false,false,false,true,false,false,1,false,true,false,29027,https://www.fema.gov/api/open/v2/DisasterDeclarationsSummaries,https://www.fema.gov/openfema-data-page/disaster-declarations-summaries-v2,2026-08-16T23:00:55Z
DR-4929-MO,4929,MO,DR,2026-08-03T00:00:00.000Z,2026,Severe Storm,"SEVERE STORMS, STRAIGHT-LINE WINDS, TORNADOES, AND FLOODING",false,false,true,false,2026-06-04T00:00:00.000Z,2026-06-18T00:00:00.000Z,,false,29,003,99003,Andrew (County),26093,,2026061901,7,"2,W,Z,F,T",2026-08-07T15:01:26.974Z,4d2db628b6ebf9e3a7b7ecbc611c388073f0cdbd,c3513b32-46d6-45fc-b7e1-a8f4cff2c290,2026-08-03,2026-06-04,2026-06-18,,,2026-08-07T15:01:26Z,2026,08,3,2026,14,60,,false,false,Major Disaster,Missouri,Region 7 — Kansas City,Kansas City,"IA,KS,MO,NE",Severe storm,Straight-Line Winds; Severe Storm; Other; Flood; Tornado,false,true,false,false,true,false,false,false,true,false,false,1,false,true,false,29003,https://www.fema.gov/api/open/v2/DisasterDeclarationsSummaries,https://www.fema.gov/openfema-data-page/disaster-declarations-summaries-v2,2026-08-16T23:00:55Z
DR-4929-MO,4929,MO,DR,2026-08-03T00:00:00.000Z,2026,Severe Storm,"SEVERE STORMS, STRAIGHT-LINE WINDS, TORNADOES, AND FLOODING",false,false,true,false,2026-06-04T00:00:00.000Z,2026-06-18T00:00:00.000Z,,false,29,001,99001,Adair (County),26093,,2026061901,7,"2,W,Z,F,T",2026-08-07T15:01:26.974Z,bb4be3b2b2bfad5be1c2760b01f40ddf0184ded2,be7e161f-c951-4586-bd72-265f6d5456cf,2026-08-03,2026-06-04,2026-06-18,,,2026-08-07T15:01:26Z,2026,08,3,2026,14,60,,false,false,Major Disaster,Missouri,Region 7 — Kansas City,Kansas City,"IA,KS,MO,NE",Severe storm,Straight-Line Winds; Severe Storm; Other; Flood; Tornado,false,true,false,false,true,false,false,false,true,false,false,1,false,true,false,29001,https://www.fema.gov/api/open/v2/DisasterDeclarationsSummaries,https://www.fema.gov/openfema-data-page/disaster-declarations-summaries-v2,2026-08-16T23:00:55Z
DR-4928-NE,4928,NE,DR,2026-08-03T00:00:00.000Z,2026,Severe Storm,"SEVERE STORMS, STRAIGHT-LINE WINDS, TORNADOES, AND FLOODING",false,false,true,false,2026-05-15T00:00:00.000Z,2026-05-18T00:00:00.000Z,,false,31,173,99173,Thurston (County),26074,,2026060201,7,"2,W,F,T",2026-08-07T15:01:26.974Z,290f9056e742307346633cc81576a0aea827c8c3,de20e328-86ad-4443-b23f-d8c0a9c48cdf,2026-08-03,2026-05-15,2026-05-18,,,2026-08-07T15:01:26Z,2026,08,3,2026,3,80,,false,false,Major Disaster,Nebraska,Region 7 — Kansas City,Kansas City,"IA,KS,MO,NE",Severe storm,Straight-Line Winds; Severe Storm; Flood; Tornado,false,true,false,false,true,false,false,false,true,false,false,1,false,true,false,31173,https://www.fema.gov/api/open/v2/DisasterDeclarationsSummaries,https://www.fema.gov/openfema-data-page/disaster-declarations-summaries-v2,2026-08-16T23:00:55Z
DR-4928-NE,4928,NE,DR,2026-08-03T00:00:00.000Z,2026,Severe Storm,"SEVERE STORMS, STRAIGHT-LINE WINDS, TORNADOES, AND FLOODING",false,false,true,false,2026-05-15T00:00:00.000Z,2026-05-18T00:00:00.000Z,,false,31,169,99169,Thayer (County),26074,,2026060201,7,"2,W,F,T",2026-08-07T15:01:26.974Z,a95aa0e656ea88ee9d774af32d335484b212f7ac,0b0e8c21-2cad-45b5-b94b-fb8fe4ecf69a,2026-08-03,2026-05-15,2026-05-18,,,2026-08-07T15:01:26Z,2026,08,3,2026,3,80,,false,false,Major Disaster,Nebraska,Region 7 — Kansas City,Kansas City,"IA,KS,MO,NE",Severe storm,Straight-Line Winds; Severe Storm; Flood; Tornado,false,true,false,false,true,false,false,false,true,false,false,1,false,true,false,31169,https://www.fema.gov/api/open/v2/DisasterDeclarationsSummaries,https://www.fema.gov/openfema-data-page/disaster-declarations-summaries-v2,2026-08-16T23:00:55Z
DR-4928-NE,4928,NE,DR,2026-08-03T00:00:00.000Z,2026,Severe Storm,"SEVERE STORMS, STRAIGHT-LINE WINDS, TORNADOES, AND FLOODING",false,false,true,false,2026-05-15T00:00:00.000Z,2026-05-18T00:00:00.000Z,,false,31,127,99127,Nemaha (County),26074,,2026060201,7,"2,W,F,T",2026-08-07T15:01:26.974Z,3e4e3fc7af483dd578925b9205ee3e4d830887bd,c2132791-e87a-4fdd-9185-702d443e9aa8,2026-08-03,2026-05-15,2026-05-18,,,2026-08-07T15:01:26Z,2026,08,3,2026,3,80,,false,false,Major Disaster,Nebraska,Region 7 — Kansas City,Kansas City,"IA,KS,MO,NE",Severe storm,Straight-Line Winds; Severe Storm; Flood; Tornado,false,true,false,false,true,false,false,false,true,false,false,1,false,true,false,31127,https://www.fema.gov/api/open/v2/DisasterDeclarationsSummaries,https://www.fema.gov/openfema-data-page/disaster-declarations-summaries-v2,2026-08-16T23:00:55Z
DR-4928-NE,4928,NE,DR,2026-08-03T00:00:00.000Z,2026,Severe Storm,"SEVERE STORMS, STRAIGHT-LINE WINDS, TORNADOES, AND FLOODING",false,false,true,false,2026-05-15T00:00:00.000Z,2026-05-18T00:00:00.000Z,,false,31,095,99095,Jefferson (County),26074,,2026060201,7,"2,W,F,T",2026-08-07T15:01:26.974Z,0bad91df0d118bc28c0e0a0a206d985b445396ed,4bba06df-8daf-45e9-9c01-af41d30cea43,2026-08-03,2026-05-15,2026-05-18,,,2026-08-07T15:01:26Z,2026,08,3,2026,3,80,,false,false,Major Disaster,Nebraska,Region 7 — Kansas City,Kansas City,"IA,KS,MO,NE",Severe storm,Straight-Line Winds; Severe Storm; Flood; Tornado,false,true,false,false,true,false,false,false,true,false,false,1,false,true,false,31095,https://www.fema.gov/api/open/v2/DisasterDeclarationsSummaries,https://www.fema.gov/openfema-data-page/disaster-declarations-summaries-v2,2026-08-16T23:00:55Z
DR-4928-NE,4928,NE,DR,2026-08-03T00:00:00.000Z,2026,Severe Storm,"SEVERE STORMS, STRAIGHT-LINE WINDS, TORNADOES, AND FLOODING",false,false,true,false,2026-05-15T00:00:00.000Z,2026-05-18T00:00:00.000Z,,false,31,093,99093,Howard (County),26074,,2026060201,7,"2,W,F,T",2026-08-07T15:01:26.974Z,24fad6dfb0353fa2c8211a832d6671323cee5c83,ebb92a2b-5696-4856-a692-a1dd85220b3e,2026-08-03,2026-05-15,2026-05-18,,,2026-08-07T15:01:26Z,2026,08,3,2026,3,80,,false,false,Major Disaster,Nebraska,Region 7 — Kansas City,Kansas City,"IA,KS,MO,NE",Severe storm,Straight-Line Winds; Severe Storm; Flood; Tornado,false,true,false,false,true,false,false,false,true,false,false,1,false,true,false,31093,https://www.fema.gov/api/open/v2/DisasterDeclarationsSummaries,https://www.fema.gov/openfema-data-page/disaster-declarations-summaries-v2,2026-08-16T23:00:55Z
DR-4928-NE,4928,NE,DR,2026-08-03T00:00:00.000Z,2026,Severe Storm,"SEVERE STORMS, STRAIGHT-LINE WINDS, TORNADOES, AND FLOODING",false,false,true,false,2026-05-15T00:00:00.000Z,2026-05-18T00:00:00.000Z,,false,31,067,99067,Gage (County),26074,,2026060201,7,"2,W,F,T",2026-08-07T15:01:26.974Z,692be3154e91378282f0a858ed0a92dc3fba5863,22601cee-3309-41ee-b457-3326eec90c6d,2026-08-03,2026-05-15,2026-05-18,,,2026-08-07T15:01:26Z,2026,08,3,2026,3,80,,false,false,Major Disaster,Nebraska,Region 7 — Kansas City,Kansas City,"IA,KS,MO,NE",Severe storm,Straight-Line Winds; Severe Storm; Flood; Tornado,false,true,false,false,true,false,false,false,true,false,false,1,false,true,false,31067,https://www.fema.gov/api/open/v2/DisasterDeclarationsSummaries,https://www.fema.gov/openfema-data-page/disaster-declarations-summaries-v2,2026-08-16T23:00:55Z
DR-4928-NE,4928,NE,DR,2026-08-03T00:00:00.000Z,2026,Severe Storm,"SEVERE STORMS, STRAIGHT-LINE WINDS, TORNADOES, AND FLOODING",false,false,true,false,2026-05-15T00:00:00.000Z,2026-05-18T00:00:00.000Z,,false,31,059,99059,Fillmore (County),26074,,2026060201,7,"2,W,F,T",2026-08-07T15:01:26.974Z,347f02e138a3731d88d8030aca9a4749c44c878f,bce628e8-258a-466f-9caf-c385f3c5386f,2026-08-03,2026-05-15,2026-05-18,,,2026-08-07T15:01:26Z,2026,08,3,2026,3,80,,false,false,Major Disaster,Nebraska,Region 7 — Kansas City,Kansas City,"IA,KS,MO,NE",Severe storm,Straight-Line Winds; Severe Storm; Flood; Tornado,false,true,false,false,true,false,false,false,true,false,false,1,false,true,false,31059,https://www.fema.gov/api/open/v2/DisasterDeclarationsSummaries,https://www.fema.gov/openfema-data-page/disaster-declarations-summaries-v2,2026-08-16T23:00:55Z
DR-4928-NE,4928,NE,DR,2026-08-03T00:00:00.000Z,2026,Severe Storm,"SEVERE STORMS, STRAIGHT-LINE WINDS, TORNADOES, AND FLOODING",false,false,true,false,2026-05-15T00:00:00.000Z,2026-05-18T00:00:00.000Z,,false,31,019,99019,Buffalo (County),26074,,2026060201,7,"2,W,F,T",2026-08-07T15:01:26.974Z,36e85e2d68a8a8dc00464b35950cd5f4dacfe28c,32740832-2765-4a09-a30a-d2bf0cc694bf,2026-08-03,2026-05-15,2026-05-18,,,2026-08-07T15:01:26Z,2026,08,3,2026,3,80,,false,false,Major Disaster,Nebraska,Region 7 — Kansas City,Kansas City,"IA,KS,MO,NE",Severe storm,Straight-Line Winds; Severe Storm; Flood; Tornado,false,true,false,false,true,false,false,false,true,false,false,1,false,true,false,31019,https://www.fema.gov/api/open/v2/DisasterDeclarationsSummaries,https://www.fema.gov/openfema-data-page/disaster-declarations-summaries-v2,2026-08-16T23:00:55Z
EM-3650-WA,3650,WA,EM,2026-08-03T00:00:00.000Z,2026,Fire,WILDFIRES,false,false,true,false,2026-08-01T00:00:00.000Z,,,false,53,077,99077,Yakima (County),26116,,2026080207,10,R,2026-08-04T09:46:33.029Z,b72d08232d7ba1b4e65d4082744ce0847c451b7b,718e87e0-d829-49ed-b5eb-67e1b7dddb24,2026-08-03,2026-08-01,,,,2026-08-04T09:46:33Z,2026,08,3,2026,,2,,true,false,Emergency,Washington,Region 10 — Bothell,Bothell,"AK,ID,OR,WA",Fire,Fire,false,false,true,false,false,false,false,false,false,false,false,1,false,true,false,53077,https://www.fema.gov/api/open/v2/DisasterDeclarationsSummaries,https://www.fema.gov/openfema-data-page/disaster-declarations-summaries-v2,2026-08-16T23:00:55Z
EM-3650-WA,3650,WA,EM,2026-08-03T00:00:00.000Z,2026,Fire,WILDFIRES,false,false,true,false,2026-08-01T00:00:00.000Z,,,false,53,065,99065,Stevens (County),26116,,2026080207,10,R,2026-08-04T09:46:33.029Z,5aa9a1361ee3fe86547f85377f1fc1d7b3630311,66a82563-ed10-4caf-a3ca-0da060a1e8b3,2026-08-03,2026-08-01,,,,2026-08-04T09:46:33Z,2026,08,3,2026,,2,,true,false,Emergency,Washington,Region 10 — Bothell,Bothell,"AK,ID,OR,WA",Fire,Fire,false,false,true,false,false,false,false,false,false,false,false,1,false,true,false,53065,https://www.fema.gov/api/open/v2/DisasterDeclarationsSummaries,https://www.fema.gov/openfema-data-page/disaster-declarations-summaries-v2,2026-08-16T23:00:55Z
EM-3650-WA,3650,WA,EM,2026-08-03T00:00:00.000Z,2026,Fire,WILDFIRES,false,false,true,false,2026-08-01T00:00:00.000Z,,,false,53,063,99063,Spokane (County),26116,,2026080207,10,R,2026-08-04T09:46:33.029Z,641c16cf5e8066365e197637098e4f41008bc325,7507a1e4-8c4b-4fb3-933e-63073f2a6e9f,2026-08-03,2026-08-01,,,,2026-08-04T09:46:33Z,2026,08,3,2026,,2,,true,false,Emergency,Washington,Region 10 — Bothell,Bothell,"AK,ID,OR,WA",Fire,Fire,false,false,true,false,false,false,false,false,false,false,false,1,false,true,false,53063,https://www.fema.gov/api/open/v2/DisasterDeclarationsSummaries,https://www.fema.gov/openfema-data-page/disaster-declarations-summaries-v2,2026-08-16T23:00:55Z
EM-3650-WA,3650,WA,EM,2026-08-03T00:00:00.000Z,2026,Fire,WILDFIRES,false,false,true,false,2026-08-01T00:00:00.000Z,,,false,53,047,99047,Okanogan (County),26116,,2026080207,10,R,2026-08-04T09:46:33.029Z,c1570a494a0fbdcb5bc922b7f5a80138e8d1ddc5,1fd100e8-1576-452c-b944-2d7c7445ce87,2026-08-03,2026-08-01,,,,2026-08-04T09:46:33Z,2026,08,3,2026,,2,,true,false,Emergency,Washington,Region 10 — Bothell,Bothell,"AK,ID,OR,WA",Fire,Fire,false,false,true,false,false,false,false,false,false,false,false,1,false,true,false,53047,https://www.fema.gov/api/open/v2/DisasterDeclarationsSummaries,https://www.fema.gov/openfema-data-page/disaster-declarations-summaries-v2,2026-08-16T23:00:55Z
EM-3650-WA,3650,WA,EM,2026-08-03T00:00:00.000Z,2026,Fire,WILDFIRES,false,false,true,false,2026-08-01T00:00:00.000Z,,,false,53,019,99019,Ferry (County),26116,,2026080207,10,R,2026-08-04T09:46:33.029Z,9c70b0d56a3d8ecfea0ee99b99d35316a9e7a1f3,d855cc4d-4851-4c31-abbe-ada8c3310901,2026-08-03,2026-08-01,,,,2026-08-04T09:46:33Z,2026,08,3,2026,,2,,true,false,Emergency,Washington,Region 10 — Bothell,Bothell,"AK,ID,OR,WA",Fire,Fire,false,false,true,false,false,false,false,false,false,false,false,1,false,true,false,53019,https://www.fema.gov/api/open/v2/DisasterDeclarationsSummaries,https://www.fema.gov/openfema-data-page/disaster-declarations-summaries-v2,2026-08-16T23:00:55Z
EM-3650-WA,3650,WA,EM,2026-08-03T00:00:00.000Z,2026,Fire,WILDFIRES,false,false,true,false,2026-08-01T00:00:00.000Z,,,false,53,007,99007,Chelan (County),26116,,2026080207,10,R,2026-08-04T09:46:33.029Z,c0a2110a359a2f23bb4db025b94e149539687096,08040662-3cb5-45b6-a7a1-115b2a3858d7,2026-08-03,2026-08-01,,,,2026-08-04T09:46:33Z,2026,08,3,2026,,2,,true,false,Emergency,Washington,Region 10 — Bothell,Bothell,"AK,ID,OR,WA",Fire,Fire,false,false,true,false,false,false,false,false,false,false,false,1,false,true,false,53007,https://www.fema.gov/api/open/v2/DisasterDeclarationsSummaries,https://www.fema.gov/openfema-data-page/disaster-declarations-summaries-v2,2026-08-16T23:00:55Z
EM-3650-WA,3650,WA,EM,2026-08-03T00:00:00.000Z,2026,Fire,WILDFIRES,false,false,true,false,2026-08-01T00:00:00.000Z,,,false,53,000,79995,Yakama Reservation,26116,,2026080207,10,R,2026-08-04T09:46:33.029Z,2aefa1f9d5319e41c470e71835e7b44b8c4aa1c9,b2692b25-a863-4ebf-b29c-b72c0bde973c,2026-08-03,2026-08-01,,,,2026-08-04T09:46:33Z,2026,08,3,2026,,2,,true,false,Emergency,Washington,Region 10 — Bothell,Bothell,"AK,ID,OR,WA",Fire,Fire,false,false,true,false,false,false,false,false,false,false,false,1,false,true,false,53000,https://www.fema.gov/api/open/v2/DisasterDeclarationsSummaries,https://www.fema.gov/openfema-data-page/disaster-declarations-summaries-v2,2026-08-16T23:00:55Z
EM-3650-WA,3650,WA,EM,2026-08-03T00:00:00.000Z,2026,Fire,WILDFIRES,false,false,true,false,2026-08-01T00:00:00.000Z,,,false,53,000,67105,Spokane Indian Reservation,26116,,2026080207,10,R,2026-08-04T09:46:33.029Z,db0daac2c21f1c8ae4905e247f94cdba6f5f6ce3,04fa8b98-4bbe-4a0b-aad7-82220e5c2e99,2026-08-03,2026-08-01,,,,2026-08-04T09:46:33Z,2026,08,3,2026,,2,,true,false,Emergency,Washington,Region 10 — Bothell,Bothell,"AK,ID,OR,WA",Fire,Fire,false,false,true,false,false,false,false,false,false,false,false,1,false,true,false,53000,https://www.fema.gov/api/open/v2/DisasterDeclarationsSummaries,https://www.fema.gov/openfema-data-page/disaster-declarations-summaries-v2,2026-08-16T23:00:55Z
EM-3650-WA,3650,WA,EM,2026-08-03T00:00:00.000Z,2026,Fire,WILDFIRES,false,false,true,false,2026-08-01T00:00:00.000Z,,,false,53,000,14240,Colville Indian Reservation,26116,,2026080207,10,R,2026-08-04T09:46:33.029Z,747ef9bfcfbeaa6ffabdd9393f4a59a62deccd1b,d85eb12d-67eb-433c-9133-59e1db01c10b,2026-08-03,2026-08-01,,,,2026-08-04T09:46:33Z,2026,08,3,2026,,2,,true,false,Emergency,Washington,Region 10 — Bothell,Bothell,"AK,ID,OR,WA",Fire,Fire,false,false,true,false,false,false,false,false,false,false,false,1,false,true,false,53000,https://www.fema.gov/api/open/v2/DisasterDeclarationsSummaries,https://www.fema.gov/openfema-data-page/disaster-declarations-summaries-v2,2026-08-16T23:00:55Z
FM-5661-UT,5661,UT,FM,2026-08-02T00:00:00.000Z,2026,Fire,WIDEMOUTH 2 FIRE,false,false,true,false,2026-08-02T00:00:00.000Z,,,false,49,027,99027,Millard (County),26115,,2026080206,8,R,2026-08-04T09:30:14.473Z,48b3e8cdc11753f5475cd92f6e00f1d7fba64f15,cfe3eff4-c3a3-4dc0-9129-1df7f5c83e90,2026-08-02,2026-08-02,,,,2026-08-04T09:30:14Z,2026,08,3,2026,,0,,true,false,Fire Management Assistance,Utah,Region 8 — Denver,Denver,"CO,MT,ND,SD,UT,WY",Fire,Fire,false,false,true,false,false,false,false,false,false,false,false,1,false,true,false,49027,https://www.fema.gov/api/open/v2/DisasterDeclarationsSummaries,https://www.fema.gov/openfema-data-page/disaster-declarations-summaries-v2,2026-08-16T23:00:55Z
FM-5660-ID,5660,ID,FM,2026-08-02T00:00:00.000Z,2026,Fire,TARTAR FIRE,false,false,true,false,2026-08-02T00:00:00.000Z,,,false,16,087,99087,Washington (County),26121,,2026080205,10,R,2026-08-04T09:39:31.059Z,15905eb111fa0e417053254ae83bc5ba525bc1e5,d0dd1092-ff13-4119-acf0-fd54e02ad717,2026-08-02,2026-08-02,,,,2026-08-04T09:39:31Z,2026,08,3,2026,,0,,true,false,Fire Management Assistance,Idaho,Region 10 — Bothell,Bothell,"AK,ID,OR,WA",Fire,Fire,false,false,true,false,false,false,false,false,false,false,false,1,false,true,false,16087,https://www.fema.gov/api/open/v2/DisasterDeclarationsSummaries,https://www.fema.gov/openfema-data-page/disaster-declarations-summaries-v2,2026-08-16T23:00:55Z
FM-5659-WA,5659,WA,FM,2026-08-02T00:00:00.000Z,2026,Fire,AUTUMN LANE FIRE,false,false,true,false,2026-08-01T00:00:00.000Z,,,false,53,065,99065,Stevens (County),26122,,2026080204,10,R,2026-08-04T09:39:31.059Z,7930dfe7f2e1cb0ffb6d689be6b936152d4fbf1f,142e80a8-328f-4434-899e-7d4479d335d7,2026-08-02,2026-08-01,,,,2026-08-04T09:39:31Z,2026,08,3,2026,,1,,true,false,Fire Management Assistance,Washington,Region 10 — Bothell,Bothell,"AK,ID,OR,WA",Fire,Fire,false,false,true,false,false,false,false,false,false,false,false,1,false,true,false,53065,https://www.fema.gov/api/open/v2/DisasterDeclarationsSummaries,https://www.fema.gov/openfema-data-page/disaster-declarations-summaries-v2,2026-08-16T23:00:55Z
FM-5659-WA,5659,WA,FM,2026-08-02T00:00:00.000Z,2026,Fire,AUTUMN LANE FIRE,false,false,true,false,2026-08-01T00:00:00.000Z,,,false,53,063,99063,Spokane (County),26122,,2026080204,10,R,2026-08-04T09:39:31.059Z,c1dc08b24ce1285c6bbb8be49904021f6ac34698,4dfddbc6-4382-4daa-80d9-f8224ac3be94,2026-08-02,2026-08-01,,,,2026-08-04T09:39:31Z,2026,08,3,2026,,1,,true,false,Fire Management Assistance,Washington,Region 10 — Bothell,Bothell,"AK,ID,OR,WA",Fire,Fire,false,false,true,false,false,false,false,false,false,false,false,1,false,true,false,53063,https://www.fema.gov/api/open/v2/DisasterDeclarationsSummaries,https://www.fema.gov/openfema-data-page/disaster-declarations-summaries-v2,2026-08-16T23:00:55Z
FM-5658-WA,5658,WA,FM,2026-08-02T00:00:00.000Z,2026,Fire,FAIRVIEW FIRE,false,false,true,false,2026-08-01T00:00:00.000Z,,,false,53,063,99063,Spokane (County),26117,,2026080203,10,R,2026-08-04T09:32:24.116Z,a70070907178659074dd2321ca3a2b14079f1cef,42e98991-3ccd-49e1-ab46-12f554bcf1ab,2026-08-02,2026-08-01,,,,2026-08-04T09:32:24Z,2026,08,3,2026,,1,,true,false,Fire Management Assistance,Washington,Region 10 — Bothell,Bothell,"AK,ID,OR,WA",Fire,Fire,false,false,true,false,false,false,false,false,false,false,false,1,false,true,false,53063,https://www.fema.gov/api/open/v2/DisasterDeclarationsSummaries,https://www.fema.gov/openfema-data-page/disaster-declarations-summaries-v2,2026-08-16T23:00:55Z
FM-5657-WA,5657,WA,FM,2026-08-01T00:00:00.000Z,2026,Fire,SINLAHEKIN FIRE,false,false,true,false,2026-08-01T00:00:00.000Z,,,false,53,047,99047,Okanogan (County),26120,,2026080202,10,R,2026-08-04T09:33:01.959Z,3e26d39e3231b913249539d2c44c7587048d1db0,7bb35413-eb8f-4d9b-9bff-f30e76cb0d33,2026-08-01,2026-08-01,,,,2026-08-04T09:33:01Z,2026,08,3,2026,,0,,true,false,Fire Management Assistance,Washington,Region 10 — Bothell,Bothell,"AK,ID,OR,WA",Fire,Fire,false,false,true,false,false,false,false,false,false,false,false,1,false,true,false,53047,https://www.fema.gov/api/open/v2/DisasterDeclarationsSummaries,https://www.fema.gov/openfema-data-page/disaster-declarations-summaries-v2,2026-08-16T23:00:55Z
FM-5656-WA,5656,WA,FM,2026-08-01T00:00:00.000Z,2026,Fire,OLD TRAILS FIRE,false,false,true,false,2026-08-01T00:00:00.000Z,,,false,53,063,99063,Spokane (County),26119,,2026080201,10,R,2026-08-04T09:33:01.959Z,7a372fbadacb27001b8223585e2e77077d2479bc,18797734-9faf-434b-b9dc-bc269f88c1e5,2026-08-01,2026-08-01,,,,2026-08-04T09:33:01Z,2026,08,3,2026,,0,,true,false,Fire Management Assistance,Washington,Region 10 — Bothell,Bothell,"AK,ID,OR,WA",Fire,Fire,false,false,true,false,false,false,false,false,false,false,false,1,false,true,false,53063,https://www.fema.gov/api/open/v2/DisasterDeclarationsSummaries,https://www.fema.gov/openfema-data-page/disaster-declarations-summaries-v2,2026-08-16T23:00:55Z
FM-5655-OR,5655,OR,FM,2026-07-31T00:00:00.000Z,2026,Fire,ROWE CREEK FIRE COMPLEX,false,false,true,false,2026-07-31T00:00:00.000Z,,,false,41,031,99031,Jefferson (County),26118,,2026080102,10,R,2026-08-04T09:32:24.116Z,96741a6979921186197f07a83dafb4ddb6443f39,ac848ba1-adb6-42aa-b30f-683f91b54079,2026-07-31,2026-07-31,,,,2026-08-04T09:32:24Z,2026,07,3,2026,,0,,true,false,Fire Management Assistance,Oregon,Region 10 — Bothell,Bothell,"AK,ID,OR,WA",Fire,Fire,false,false,true,false,false,false,false,false,false,false,false,1,false,true,false,41031,https://www.fema.gov/api/open/v2/DisasterDeclarationsSummaries,https://www.fema.gov/openfema-data-page/disaster-declarations-summaries-v2,2026-08-16T23:00:55Z
FM-5655-OR,5655,OR,FM,2026-07-31T00:00:00.000Z,2026,Fire,ROWE CREEK FIRE COMPLEX,false,false,true,false,2026-07-31T00:00:00.000Z,,,false,41,013,99013,Crook (County),26118,,2026080102,10,R,2026-08-04T09:32:24.116Z,6cd61633656a111767d3fd495f9dc86ac9a0ef5b,5ed1fff1-4b13-4b7a-abc6-0631d5650aca,2026-07-31,2026-07-31,,,,2026-08-04T09:32:24Z,2026,07,3,2026,,0,,true,false,Fire Management Assistance,Oregon,Region 10 — Bothell,Bothell,"AK,ID,OR,WA",Fire,Fire,false,false,true,false,false,false,false,false,false,false,false,1,false,true,false,41013,https://www.fema.gov/api/open/v2/DisasterDeclarationsSummaries,https://www.fema.gov/openfema-data-page/disaster-declarations-summaries-v2,2026-08-16T23:00:55Z
FM-5654-OR,5654,OR,FM,2026-07-31T00:00:00.000Z,2026,Fire,FOX FIRE,false,false,true,false,2026-07-31T00:00:00.000Z,,,false,41,001,99001,Baker (County),26123,,2026080101,10,R,2026-08-04T09:38:21.451Z,544db15203c05a2a33865c46e9492f4d8e1eb004,08eb1f70-65ad-4003-b550-c04535af2c0f,2026-07-31,2026-07-31,,,,2026-08-04T09:38:21Z,2026,07,3,2026,,0,,true,false,Fire Management Assistance,Oregon,Region 10 — Bothell,Bothell,"AK,ID,OR,WA",Fire,Fire,false,false,true,false,false,false,false,false,false,false,false,1,false,true,false,41001,https://www.fema.gov/api/open/v2/DisasterDeclarationsSummaries,https://www.fema.gov/openfema-data-page/disaster-declarations-summaries-v2,2026-08-16T23:00:55Z
FM-5653-WA,5653,WA,FM,2026-07-30T00:00:00.000Z,2026,Fire,MODRITE FIRE,false,false,true,false,2026-07-30T00:00:00.000Z,,,false,53,019,99019,Ferry (County),26124,,2026073101,10,R,2026-08-04T09:37:37.708Z,b4bbd5422990a9392095d547d71e1028a924e2d9,b9e9a630-2c56-431f-8cb6-408a16bc27e0,2026-07-30,2026-07-30,,,,2026-08-04T09:37:37Z,2026,07,3,2026,,0,,true,false,Fire Management Assistance,Washington,Region 10 — Bothell,Bothell,"AK,ID,OR,WA",Fire,Fire,false,false,true,false,false,false,false,false,false,false,false,1,false,true,false,53019,https://www.fema.gov/api/open/v2/DisasterDeclarationsSummaries,https://www.fema.gov/openfema-data-page/disaster-declarations-summaries-v2,2026-08-16T23:00:55Z
FM-5653-WA,5653,WA,FM,2026-07-30T00:00:00.000Z,2026,Fire,MODRITE FIRE,false,false,true,false,2026-07-30T00:00:00.000Z,,,false,53,000,14240,Colville Indian Reservation,26124,,2026073101,10,R,2026-08-04T09:37:37.708Z,22eb64de593fd28055e0df79cbe0fc0d591df745,2fbc1120-3aa9-4157-814f-613ee73e74bd,2026-07-30,2026-07-30,,,,2026-08-04T09:37:37Z,2026,07,3,2026,,0,,true,false,Fire Management Assistance,Washington,Region 10 — Bothell,Bothell,"AK,ID,OR,WA",Fire,Fire,false,false,true,false,false,false,false,false,false,false,false,1,false,true,false,53000,https://www.fema.gov/api/open/v2/DisasterDeclarationsSummaries,https://www.fema.gov/openfema-data-page/disaster-declarations-summaries-v2,2026-08-16T23:00:55Z
FM-5652-CA,5652,CA,FM,2026-07-26T00:00:00.000Z,2026,Fire,DOVE FIRE,false,false,true,false,2026-07-26T00:00:00.000Z,,,false,06,109,99109,Tuolumne (County),26106,,2026072701,9,R,2026-07-27T22:16:52.918Z,ef04c2c1b94e7e37295f5d5c175653c10556f386,9326c636-2d7e-4c06-8226-e5df3060c715,2026-07-26,2026-07-26,,,,2026-07-27T22:16:52Z,2026,07,3,2026,,0,,true,false,Fire Management Assistance,California,Region 9 — Oakland,Oakland,"AZ,CA,HI,NV,AS,GU,MP",Fire,Fire,false,false,true,false,false,false,false,false,false,false,false,1,false,true,false,06109,https://www.fema.gov/api/open/v2/DisasterDeclarationsSummaries,https://www.fema.gov/openfema-data-page/disaster-declarations-summaries-v2,2026-08-16T23:00:55Z
FM-5651-WA,5651,WA,FM,2026-07-26T00:00:00.000Z,2026,Fire,RANSIER FIRE,false,false,true,false,2026-07-26T00:00:00.000Z,,,false,53,077,99077,Yakima (County),26111,,2026072702,10,R,2026-07-29T20:07:43.321Z,e27fef6dfe94bf321185e09951b582ce54a93047,7574d4b4-e5d3-4822-99ec-3cf9d8b08721,2026-07-26,2026-07-26,,,,2026-07-29T20:07:43Z,2026,07,3,2026,,0,,true,false,Fire Management Assistance,Washington,Region 10 — Bothell,Bothell,"AK,ID,OR,WA",Fire,Fire,false,false,true,false,false,false,false,false,false,false,false,1,false,true,false,53077,https://www.fema.gov/api/open/v2/DisasterDeclarationsSummaries,https://www.fema.gov/openfema-data-page/disaster-declarations-summaries-v2,2026-08-16T23:00:55Z
FM-5651-WA,5651,WA,FM,2026-07-26T00:00:00.000Z,2026,Fire,RANSIER FIRE,false,false,true,false,2026-07-26T00:00:00.000Z,,,false,53,000,79995,Yakama Reservation,26111,,2026072702,10,R,2026-07-29T20:07:43.321Z,afa70a8c1a63718abf4101d37de75fbc745acc0f,a7bc015f-6337-4006-a66d-6d828996f72f,2026-07-26,2026-07-26,,,,2026-07-29T20:07:43Z,2026,07,3,2026,,0,,true,false,Fire Management Assistance,Washington,Region 10 — Bothell,Bothell,"AK,ID,OR,WA",Fire,Fire,false,false,true,false,false,false,false,false,false,false,false,1,false,true,false,53000,https://www.fema.gov/api/open/v2/DisasterDeclarationsSummaries,https://www.fema.gov/openfema-data-page/disaster-declarations-summaries-v2,2026-08-16T23:00:55Z
FM-5650-HI,5650,HI,FM,2026-07-26T00:00:00.000Z,2026,Fire,KAWAIHAE ROAD FIRE,false,false,true,false,2026-07-26T00:00:00.000Z,,,false,15,001,99001,Hawaii (County),26105,,2026072603,9,R,2026-07-27T22:16:52.918Z,ed59f69b30fb210addd7b357aacb35b7f44cc872,306d8013-233a-4e99-a911-79c21a73d7a4,2026-07-26,2026-07-26,,,,2026-07-27T22:16:52Z,2026,07,3,2026,,0,,true,false,Fire Management Assistance,Hawaii,Region 9 — Oakland,Oakland,"AZ,CA,HI,NV,AS,GU,MP",Fire,Fire,false,false,true,false,false,false,false,false,false,false,false,1,false,true,false,15001,https://www.fema.gov/api/open/v2/DisasterDeclarationsSummaries,https://www.fema.gov/openfema-data-page/disaster-declarations-summaries-v2,2026-08-16T23:00:55Z
FM-5649-WA,5649,WA,FM,2026-07-26T00:00:00.000Z,2026,Fire,SIGNAL PEAK FIRE,false,false,true,false,2026-07-25T00:00:00.000Z,,,false,53,077,99077,Yakima (County),26110,,2026072602,10,R,2026-07-29T20:07:43.321Z,05e4c7311a02cca68d269398f3346bf309366752,d3b541a4-d23f-4680-bb3b-e4f1997ebe03,2026-07-26,2026-07-25,,,,2026-07-29T20:07:43Z,2026,07,3,2026,,1,,true,false,Fire Management Assistance,Washington,Region 10 — Bothell,Bothell,"AK,ID,OR,WA",Fire,Fire,false,false,true,false,false,false,false,false,false,false,false,1,false,true,false,53077,https://www.fema.gov/api/open/v2/DisasterDeclarationsSummaries,https://www.fema.gov/openfema-data-page/disaster-declarations-summaries-v2,2026-08-16T23:00:55Z
FM-5649-WA,5649,WA,FM,2026-07-26T00:00:00.000Z,2026,Fire,SIGNAL PEAK FIRE,false,false,true,false,2026-07-25T00:00:00.000Z,,,false,53,000,79995,Yakama Reservation,26110,,2026072602,10,R,2026-07-29T20:07:43.321Z,4c4f78132dbc376b69cc365ec185025a8fb384db,59bdaf6b-2185-4d19-a65d-ef6e8da390f0,2026-07-26,2026-07-25,,,,2026-07-29T20:07:43Z,2026,07,3,2026,,1,,true,false,Fire Management Assistance,Washington,Region 10 — Bothell,Bothell,"AK,ID,OR,WA",Fire,Fire,false,false,true,false,false,false,false,false,false,false,false,1,false,true,false,53000,https://www.fema.gov/api/open/v2/DisasterDeclarationsSummaries,https://www.fema.gov/openfema-data-page/disaster-declarations-summaries-v2,2026-08-16T23:00:55Z
FM-5648-OR,5648,OR,FM,2026-07-25T00:00:00.000Z,2026,Fire,GRASSHOPPER FIRE,false,false,true,false,2026-07-23T00:00:00.000Z,,,false,41,065,99065,Wasco (County),26107,,2026072601,10,R,2026-07-27T22:18:17.254Z,0a7055aa50dba278f6ac892ec28d57af5b298262,69e4e99f-8747-465f-9cf7-cc944d3afade,2026-07-25,2026-07-23,,,,2026-07-27T22:18:17Z,2026,07,3,2026,,2,,true,false,Fire Management Assistance,Oregon,Region 10 — Bothell,Bothell,"AK,ID,OR,WA",Fire,Fire,false,false,true,false,false,false,false,false,false,false,false,1,false,true,false,41065,https://www.fema.gov/api/open/v2/DisasterDeclarationsSummaries,https://www.fema.gov/openfema-data-page/disaster-declarations-summaries-v2,2026-08-16T23:00:55Z
FM-5647-OR,5647,OR,FM,2026-07-23T00:00:00.000Z,2026,Fire,AKAWA BUTTE FIRE,false,false,true,false,2026-07-23T00:00:00.000Z,,,false,41,031,99031,Jefferson (County),26103,,2026072301,10,R,2026-07-23T20:48:24.353Z,d1078ed02d6504463f0a19ca22ab3a729c2f28a9,67c75a9e-c38c-48e5-bfc7-62466930e394,2026-07-23,2026-07-23,,,,2026-07-23T20:48:24Z,2026,07,3,2026,,0,,true,false,Fire Management Assistance,Oregon,Region 10 — Bothell,Bothell,"AK,ID,OR,WA",Fire,Fire,false,false,true,false,false,false,false,false,false,false,false,1,false,true,false,41031,https://www.fema.gov/api/open/v2/DisasterDeclarationsSummaries,https://www.fema.gov/openfema-data-page/disaster-declarations-summaries-v2,2026-08-16T23:00:55Z
FM-5647-OR,5647,OR,FM,2026-07-23T00:00:00.000Z,2026,Fire,AKAWA BUTTE FIRE,false,false,true,false,2026-07-23T00:00:00.000Z,,,false,41,017,99017,Deschutes (County),26103,,2026072301,10,R,2026-07-23T20:48:24.353Z,2862e6541af8224b03ec3eb3e23a7ad774e74133,787daf28-c10b-4504-9dcf-ae21eb3cc163,2026-07-23,2026-07-23,,,,2026-07-23T20:48:24Z,2026,07,3,2026,,0,,true,false,Fire Management Assistance,Oregon,Region 10 — Bothell,Bothell,"AK,ID,OR,WA",Fire,Fire,false,false,true,false,false,false,false,false,false,false,false,1,false,true,false,41017,https://www.fema.gov/api/open/v2/DisasterDeclarationsSummaries,https://www.fema.gov/openfema-data-page/disaster-declarations-summaries-v2,2026-08-16T23:00:55Z
FM-5647-OR,5647,OR,FM,2026-07-23T00:00:00.000Z,2026,Fire,AKAWA BUTTE FIRE,false,false,true,false,2026-07-23T00:00:00.000Z,,,false,41,000,78650,Warm Springs Indian Reservation,26103,,2026072301,10,R,2026-07-23T20:48:24.353Z,3cbbc29da05e0d8a7ca7af49e8e73b935e6d0bfb,b332e3bd-bdf7-4912-b855-6a6f6f3119b5,2026-07-23,2026-07-23,,,,2026-07-23T20:48:24Z,2026,07,3,2026,,0,,true,false,Fire Management Assistance,Oregon,Region 10 — Bothell,Bothell,"AK,ID,OR,WA",Fire,Fire,false,false,true,false,false,false,false,false,false,false,false,1,false,true,false,41000,https://www.fema.gov/api/open/v2/DisasterDeclarationsSummaries,https://www.fema.gov/openfema-data-page/disaster-declarations-summaries-v2,2026-08-16T23:00:55Z
EM-3649-TX,3649,TX,EM,2026-07-18T00:00:00.000Z,2026,Flood,FLOODING,false,false,true,false,2026-07-12T00:00:00.000Z,,,false,48,507,99507,Zavala (County),26096,,2026071703,6,"2,W,F,T",2026-08-07T15:01:26.974Z,9f4f918a41493edbe2ca9096a8b496a95abacb26,5ac9703c-140d-47f4-b75f-5efb9a6a5a92,2026-07-18,2026-07-12,,,,2026-08-07T15:01:26Z,2026,07,3,2026,,6,,true,false,Emergency,Texas,Region 6 — Denton,Denton,"AR,LA,NM,OK,TX",Flood,Straight-Line Winds; Severe Storm; Flood; Tornado,false,true,false,false,true,false,false,false,true,false,false,1,false,true,false,48507,https://www.fema.gov/api/open/v2/DisasterDeclarationsSummaries,https://www.fema.gov/openfema-data-page/disaster-declarations-summaries-v2,2026-08-16T23:00:55Z
EM-3649-TX,3649,TX,EM,2026-07-18T00:00:00.000Z,2026,Flood,FLOODING,false,false,true,false,2026-07-12T00:00:00.000Z,,,false,48,493,99493,Wilson (County),26096,,2026071703,6,"2,W,F,T",2026-08-07T15:01:26.974Z,a3e6c56ed673a74a6a5d8491369badf5e72841cf,d68c3d12-3ab0-41a8-8a44-1f197949195b,2026-07-18,2026-07-12,,,,2026-08-07T15:01:26Z,2026,07,3,2026,,6,,true,false,Emergency,Texas,Region 6 — Denton,Denton,"AR,LA,NM,OK,TX",Flood,Straight-Line Winds; Severe Storm; Flood; Tornado,false,true,false,false,true,false,false,false,true,false,false,1,false,true,false,48493,https://www.fema.gov/api/open/v2/DisasterDeclarationsSummaries,https://www.fema.gov/openfema-data-page/disaster-declarations-summaries-v2,2026-08-16T23:00:55Z
EM-3649-TX,3649,TX,EM,2026-07-18T00:00:00.000Z,2026,Flood,FLOODING,false,false,true,false,2026-07-12T00:00:00.000Z,,,false,48,479,99479,Webb (County),26096,,2026071703,6,"2,W,F,T",2026-08-07T15:01:26.974Z,b9469df57247ecfd4dee89ae77cf280476028618,90704214-331f-4845-9254-28a65543194b,2026-07-18,2026-07-12,,,,2026-08-07T15:01:26Z,2026,07,3,2026,,6,,true,false,Emergency,Texas,Region 6 — Denton,Denton,"AR,LA,NM,OK,TX",Flood,Straight-Line Winds; Severe Storm; Flood; Tornado,false,true,false,false,true,false,false,false,true,false,false,1,false,true,false,48479,https://www.fema.gov/api/open/v2/DisasterDeclarationsSummaries,https://www.fema.gov/openfema-data-page/disaster-declarations-summaries-v2,2026-08-16T23:00:55Z
EM-3649-TX,3649,TX,EM,2026-07-18T00:00:00.000Z,2026,Flood,FLOODING,false,false,true,false,2026-07-12T00:00:00.000Z,,,false,48,465,99465,Val Verde (County),26096,,2026071703,6,"2,W,F,T",2026-08-07T15:01:26.974Z,add308a65440999b8e58012843e98f7691462b46,017fe00d-2c82-46b2-930b-c22e14b280ac,2026-07-18,2026-07-12,,,,2026-08-07T15:01:26Z,2026,07,3,2026,,6,,true,false,Emergency,Texas,Region 6 — Denton,Denton,"AR,LA,NM,OK,TX",Flood,Straight-Line Winds; Severe Storm; Flood; Tornado,false,true,false,false,true,false,false,false,true,false,false,1,false,true,false,48465,https://www.fema.gov/api/open/v2/DisasterDeclarationsSummaries,https://www.fema.gov/openfema-data-page/disaster-declarations-summaries-v2,2026-08-16T23:00:55Z
EM-3649-TX,3649,TX,EM,2026-07-18T00:00:00.000Z,2026,Flood,FLOODING,false,false,true,false,2026-07-12T00:00:00.000Z,,,false,48,463,99463,Uvalde (County),26096,,2026071703,6,"2,W,F,T",2026-08-07T15:01:26.974Z,b494b426a4633f0965773638b32e7f3f29845df0,bc4a6d8d-5a43-4719-a99a-af067acd4d60,2026-07-18,2026-07-12,,,,2026-08-07T15:01:26Z,2026,07,3,2026,,6,,true,false,Emergency,Texas,Region 6 — Denton,Denton,"AR,LA,NM,OK,TX",Flood,Straight-Line Winds; Severe Storm; Flood; Tornado,false,true,false,false,true,false,false,false,true,false,false,1,false,true,false,48463,https://www.fema.gov/api/open/v2/DisasterDeclarationsSummaries,https://www.fema.gov/openfema-data-page/disaster-declarations-summaries-v2,2026-08-16T23:00:55Z
EM-3649-TX,3649,TX,EM,2026-07-18T00:00:00.000Z,2026,Flood,FLOODING,false,false,true,false,2026-07-12T00:00:00.000Z,,,false,48,443,99443,Terrell (County),26096,,2026071703,6,"2,W,F,T",2026-08-07T15:01:26.974Z,ba02d228cc98bbd37df5a7a8e528c0ceecf8b867,8d5a05db-5213-4ce0-8e6f-61993a00cdb6,2026-07-18,2026-07-12,,,,2026-08-07T15:01:26Z,2026,07,3,2026,,6,,true,false,Emergency,Texas,Region 6 — Denton,Denton,"AR,LA,NM,OK,TX",Flood,Straight-Line Winds; Severe Storm; Flood; Tornado,false,true,false,false,true,false,false,false,true,false,false,1,false,true,false,48443,https://www.fema.gov/api/open/v2/DisasterDeclarationsSummaries,https://www.fema.gov/openfema-data-page/disaster-declarations-summaries-v2,2026-08-16T23:00:55Z
EM-3649-TX,3649,TX,EM,2026-07-18T00:00:00.000Z,2026,Flood,FLOODING,false,false,true,false,2026-07-12T00:00:00.000Z,,,false,48,435,99435,Sutton (County),26096,,2026071703,6,"2,W,F,T",2026-08-07T15:01:26.974Z,fc5173c081090571b869bb2dfe92eaba23c46ed9,f88ded2d-d6b9-47a9-a41f-58142be43d60,2026-07-18,2026-07-12,,,,2026-08-07T15:01:26Z,2026,07,3,2026,,6,,true,false,Emergency,Texas,Region 6 — Denton,Denton,"AR,LA,NM,OK,TX",Flood,Straight-Line Winds; Severe Storm; Flood; Tornado,false,true,false,false,true,false,false,false,true,false,false,1,false,true,false,48435,https://www.fema.gov/api/open/v2/DisasterDeclarationsSummaries,https://www.fema.gov/openfema-data-page/disaster-declarations-summaries-v2,2026-08-16T23:00:55Z
EM-3649-TX,3649,TX,EM,2026-07-18T00:00:00.000Z,2026,Flood,FLOODING,false,false,true,false,2026-07-12T00:00:00.000Z,,,false,48,413,99413,Schleicher (County),26096,,2026071703,6,"2,W,F,T",2026-08-07T15:01:26.974Z,1c8688621d4207fdc353e47706141d352ac07cdf,0929b7c4-0a3d-4b46-a826-4fd290cd244c,2026-07-18,2026-07-12,,,,2026-08-07T15:01:26Z,2026,07,3,2026,,6,,true,false,Emergency,Texas,Region 6 — Denton,Denton,"AR,LA,NM,OK,TX",Flood,Straight-Line Winds; Severe Storm; Flood; Tornado,false,true,false,false,true,false,false,false,true,false,false,1,false,true,false,48413,https://www.fema.gov/api/open/v2/DisasterDeclarationsSummaries,https://www.fema.gov/openfema-data-page/disaster-declarations-summaries-v2,2026-08-16T23:00:55Z
EM-3649-TX,3649,TX,EM,2026-07-18T00:00:00.000Z,2026,Flood,FLOODING,false,false,true,false,2026-07-12T00:00:00.000Z,,,false,48,385,99385,Real (County),26096,,2026071703,6,"2,W,F,T",2026-08-07T15:01:26.974Z,7107a411e482d9d04b8a72a37411ed67928c3d65,61b65ce9-7401-43c1-b4b2-b5cb24a50445,2026-07-18,2026-07-12,,,,2026-08-07T15:01:26Z,2026,07,3,2026,,6,,true,false,Emergency,Texas,Region 6 — Denton,Denton,"AR,LA,NM,OK,TX",Flood,Straight-Line Winds; Severe Storm; Flood; Tornado,false,true,false,false,true,false,false,false,true,false,false,1,false,true,false,48385,https://www.fema.gov/api/open/v2/DisasterDeclarationsSummaries,https://www.fema.gov/openfema-data-page/disaster-declarations-summaries-v2,2026-08-16T23:00:55Z
EM-3649-TX,3649,TX,EM,2026-07-18T00:00:00.000Z,2026,Flood,FLOODING,false,false,true,false,2026-07-12T00:00:00.000Z,,,false,48,371,99371,Pecos (County),26096,,2026071703,6,"2,W,F,T",2026-08-07T15:01:26.974Z,91d471a3aad7e1443e87052a44fa2e6adb288ac4,d795bcec-d474-492d-bb9b-31af68cee8e8,2026-07-18,2026-07-12,,,,2026-08-07T15:01:26Z,2026,07,3,2026,,6,,true,false,Emergency,Texas,Region 6 — Denton,Denton,"AR,LA,NM,OK,TX",Flood,Straight-Line Winds; Severe Storm; Flood; Tornado,false,true,false,false,true,false,false,false,true,false,false,1,false,true,false,48371,https://www.fema.gov/api/open/v2/DisasterDeclarationsSummaries,https://www.fema.gov/openfema-data-page/disaster-declarations-summaries-v2,2026-08-16T23:00:55Z
EM-3649-TX,3649,TX,EM,2026-07-18T00:00:00.000Z,2026,Flood,FLOODING,false,false,true,false,2026-07-12T00:00:00.000Z,,,false,48,327,99327,Menard (County),26096,,2026071703,6,"2,W,F,T",2026-08-07T15:01:26.974Z,3157eb26537e1446510a7c279cc859f51c312d91,90f9ad95-682f-48d5-ba70-1eb7e027c539,2026-07-18,2026-07-12,,,,2026-08-07T15:01:26Z,2026,07,3,2026,,6,,true,false,Emergency,Texas,Region 6 — Denton,Denton,"AR,LA,NM,OK,TX",Flood,Straight-Line Winds; Severe Storm; Flood; Tornado,false,true,false,false,true,false,false,false,true,false,false,1,false,true,false,48327,https://www.fema.gov/api/open/v2/DisasterDeclarationsSummaries,https://www.fema.gov/openfema-data-page/disaster-declarations-summaries-v2,2026-08-16T23:00:55Z
EM-3649-TX,3649,TX,EM,2026-07-18T00:00:00.000Z,2026,Flood,FLOODING,false,false,true,false,2026-07-12T00:00:00.000Z,,,false,48,325,99325,Medina (County),26096,,2026071703,6,"2,W,F,T",2026-08-07T15:01:26.974Z,93b3796ad0b226cfae36281d39e04672d09f3c13,7d5b6e0b-0a4e-4440-a68c-078dc926a21c,2026-07-18,2026-07-12,,,,2026-08-07T15:01:26Z,2026,07,3,2026,,6,,true,false,Emergency,Texas,Region 6 — Denton,Denton,"AR,LA,NM,OK,TX",Flood,Straight-Line Winds; Severe Storm; Flood; Tornado,false,true,false,false,true,false,false,false,true,false,false,1,false,true,false,48325,https://www.fema.gov/api/open/v2/DisasterDeclarationsSummaries,https://www.fema.gov/openfema-data-page/disaster-declarations-summaries-v2,2026-08-16T23:00:55Z
EM-3649-TX,3649,TX,EM,2026-07-18T00:00:00.000Z,2026,Flood,FLOODING,false,false,true,false,2026-07-12T00:00:00.000Z,,,false,48,323,99323,Maverick (County),26096,,2026071703,6,"2,W,F,T",2026-08-07T15:01:26.974Z,cb1758a19a42385b009fca55ab447be912480568,dcf4cff8-2eb7-4149-ab61-ec3dd5309acb,2026-07-18,2026-07-12,,,,2026-08-07T15:01:26Z,2026,07,3,2026,,6,,true,false,Emergency,Texas,Region 6 — Denton,Denton,"AR,LA,NM,OK,TX",Flood,Straight-Line Winds; Severe Storm; Flood; Tornado,false,true,false,false,true,false,false,false,true,false,false,1,false,true,false,48323,https://www.fema.gov/api/open/v2/DisasterDeclarationsSummaries,https://www.fema.gov/openfema-data-page/disaster-declarations-summaries-v2,2026-08-16T23:00:55Z
EM-3649-TX,3649,TX,EM,2026-07-18T00:00:00.000Z,2026,Flood,FLOODING,false,false,true,false,2026-07-12T00:00:00.000Z,,,false,48,319,99319,Mason (County),26096,,2026071703,6,"2,W,F,T",2026-08-07T15:01:26.974Z,fad5f81dbb1aeabd7e2f94b14e6c9504b6dff081,d198993c-19b1-4f36-9521-6e022ae1e3fe,2026-07-18,2026-07-12,,,,2026-08-07T15:01:26Z,2026,07,3,2026,,6,,true,false,Emergency,Texas,Region 6 — Denton,Denton,"AR,LA,NM,OK,TX",Flood,Straight-Line Winds; Severe Storm; Flood; Tornado,false,true,false,false,true,false,false,false,true,false,false,1,false,true,false,48319,https://www.fema.gov/api/open/v2/DisasterDeclarationsSummaries,https://www.fema.gov/openfema-data-page/disaster-declarations-summaries-v2,2026-08-16T23:00:55Z
EM-3649-TX,3649,TX,EM,2026-07-18T00:00:00.000Z,2026,Flood,FLOODING,false,false,true,false,2026-07-12T00:00:00.000Z,,,false,48,297,99297,Live Oak (County),26096,,2026071703,6,"2,W,F,T",2026-08-07T15:01:26.974Z,de1ebf0b8fff13b4ca7db3c7b57590ff7f5df3f4,5c7cfee6-d87a-4323-95f7-5c5a69e6aae4,2026-07-18,2026-07-12,,,,2026-08-07T15:01:26Z,2026,07,3,2026,,6,,true,false,Emergency,Texas,Region 6 — Denton,Denton,"AR,LA,NM,OK,TX",Flood,Straight-Line Winds; Severe Storm; Flood; Tornado,false,true,false,false,true,false,false,false,true,false,false,1,false,true,false,48297,https://www.fema.gov/api/open/v2/DisasterDeclarationsSummaries,https://www.fema.gov/openfema-data-page/disaster-declarations-summaries-v2,2026-08-16T23:00:55Z
EM-3649-TX,3649,TX,EM,2026-07-18T00:00:00.000Z,2026,Flood,FLOODING,false,false,true,false,2026-07-12T00:00:00.000Z,,,false,48,283,99283,La Salle (County),26096,,2026071703,6,"2,W,F,T",2026-08-07T15:01:26.974Z,06192977bd3f78ee2d33b7405bbd5fd778d6e9f8,801d7055-a9a0-4d47-a359-81a8352a6df5,2026-07-18,2026-07-12,,,,2026-08-07T15:01:26Z,2026,07,3,2026,,6,,true,false,Emergency,Texas,Region 6 — Denton,Denton,"AR,LA,NM,OK,TX",Flood,Straight-Line Winds; Severe Storm; Flood; Tornado,false,true,false,false,true,false,false,false,true,false,false,1,false,true,false,48283,https://www.fema.gov/api/open/v2/DisasterDeclarationsSummaries,https://www.fema.gov/openfema-data-page/disaster-declarations-summaries-v2,2026-08-16T23:00:55Z
EM-3649-TX,3649,TX,EM,2026-07-18T00:00:00.000Z,2026,Flood,FLOODING,false,false,true,false,2026-07-12T00:00:00.000Z,,,false,48,271,99271,Kinney (County),26096,,2026071703,6,"2,W,F,T",2026-08-07T15:01:26.974Z,20f30f11d647496066667358e33f22caa250cc73,ab14273c-555d-4527-8e14-04f26655e9b0,2026-07-18,2026-07-12,,,,2026-08-07T15:01:26Z,2026,07,3,2026,,6,,true,false,Emergency,Texas,Region 6 — Denton,Denton,"AR,LA,NM,OK,TX",Flood,Straight-Line Winds; Severe Storm; Flood; Tornado,false,true,false,false,true,false,false,false,true,false,false,1,false,true,false,48271,https://www.fema.gov/api/open/v2/DisasterDeclarationsSummaries,https://www.fema.gov/openfema-data-page/disaster-declarations-summaries-v2,2026-08-16T23:00:55Z
EM-3649-TX,3649,TX,EM,2026-07-18T00:00:00.000Z,2026,Flood,FLOODING,false,false,true,false,2026-07-12T00:00:00.000Z,,,false,48,267,99267,Kimble (County),26096,,2026071703,6,"2,W,F,T",2026-08-07T15:01:26.974Z,18b939d5ff91c6ce5dabb59138c4b4174879e7da,596b9937-491c-4f95-a652-20a330b3d4b9,2026-07-18,2026-07-12,,,,2026-08-07T15:01:26Z,2026,07,3,2026,,6,,true,false,Emergency,Texas,Region 6 — Denton,Denton,"AR,LA,NM,OK,TX",Flood,Straight-Line Winds; Severe Storm; Flood; Tornado,false,true,false,false,true,false,false,false,true,false,false,1,false,true,false,48267,https://www.fema.gov/api/open/v2/DisasterDeclarationsSummaries,https://www.fema.gov/openfema-data-page/disaster-declarations-summaries-v2,2026-08-16T23:00:55Z
EM-3649-TX,3649,TX,EM,2026-07-18T00:00:00.000Z,2026,Flood,FLOODING,false,false,true,false,2026-07-12T00:00:00.000Z,,,false,48,265,99265,Kerr (County),26096,,2026071703,6,"2,W,F,T",2026-08-07T15:01:26.974Z,fe44160491d1845285a4c106700183185081c8f4,880ad11e-d966-4781-b6d5-0ef04f3eab19,2026-07-18,2026-07-12,,,,2026-08-07T15:01:26Z,2026,07,3,2026,,6,,true,false,Emergency,Texas,Region 6 — Denton,Denton,"AR,LA,NM,OK,TX",Flood,Straight-Line Winds; Severe Storm; Flood; Tornado,false,true,false,false,true,false,false,false,true,false,false,1,false,true,false,48265,https://www.fema.gov/api/open/v2/DisasterDeclarationsSummaries,https://www.fema.gov/openfema-data-page/disaster-declarations-summaries-v2,2026-08-16T23:00:55Z
EM-3649-TX,3649,TX,EM,2026-07-18T00:00:00.000Z,2026,Flood,FLOODING,false,false,true,false,2026-07-12T00:00:00.000Z,,,false,48,259,99259,Kendall (County),26096,,2026071703,6,"2,W,F,T",2026-08-07T15:01:26.974Z,046baba11db6d7b257cd60007fed0570d2770b81,0b6f15bf-b61c-4386-a387-8c35d9fdde0f,2026-07-18,2026-07-12,,,,2026-08-07T15:01:26Z,2026,07,3,2026,,6,,true,false,Emergency,Texas,Region 6 — Denton,Denton,"AR,LA,NM,OK,TX",Flood,Straight-Line Winds; Severe Storm; Flood; Tornado,false,true,false,false,true,false,false,false,true,false,false,1,false,true,false,48259,https://www.fema.gov/api/open/v2/DisasterDeclarationsSummaries,https://www.fema.gov/openfema-data-page/disaster-declarations-summaries-v2,2026-08-16T23:00:55Z
EM-3649-TX,3649,TX,EM,2026-07-18T00:00:00.000Z,2026,Flood,FLOODING,false,false,true,false,2026-07-12T00:00:00.000Z,,,false,48,249,99249,Jim Wells (County),26096,,2026071703,6,"2,W,F,T",2026-08-07T15:01:26.974Z,3d72de8807fdab177150b484e569d9c09068b4b3,c073677e-8991-4f4c-90db-3fb25fbe55b6,2026-07-18,2026-07-12,,,,2026-08-07T15:01:26Z,2026,07,3,2026,,6,,true,false,Emergency,Texas,Region 6 — Denton,Denton,"AR,LA,NM,OK,TX",Flood,Straight-Line Winds; Severe Storm; Flood; Tornado,false,true,false,false,true,false,false,false,true,false,false,1,false,true,false,48249,https://www.fema.gov/api/open/v2/DisasterDeclarationsSummaries,https://www.fema.gov/openfema-data-page/disaster-declarations-summaries-v2,2026-08-16T23:00:55Z
EM-3649-TX,3649,TX,EM,2026-07-18T00:00:00.000Z,2026,Flood,FLOODING,false,false,true,false,2026-07-12T00:00:00.000Z,,,false,48,171,99171,Gillespie (County),26096,,2026071703,6,"2,W,F,T",2026-08-07T15:01:26.974Z,566addf04ce7f60fc2afbdc0b222b180604943c4,fc00c8f4-9e4f-4765-a2f8-c80453ecf609,2026-07-18,2026-07-12,,,,2026-08-07T15:01:26Z,2026,07,3,2026,,6,,true,false,Emergency,Texas,Region 6 — Denton,Denton,"AR,LA,NM,OK,TX",Flood,Straight-Line Winds; Severe Storm; Flood; Tornado,false,true,false,false,true,false,false,false,true,false,false,1,false,true,false,48171,https://www.fema.gov/api/open/v2/DisasterDeclarationsSummaries,https://www.fema.gov/openfema-data-page/disaster-declarations-summaries-v2,2026-08-16T23:00:55Z
EM-3649-TX,3649,TX,EM,2026-07-18T00:00:00.000Z,2026,Flood,FLOODING,false,false,true,false,2026-07-12T00:00:00.000Z,,,false,48,163,99163,Frio (County),26096,,2026071703,6,"2,W,F,T",2026-08-07T15:01:26.974Z,c912a7b772120bd5d4f46d0632378aee36120750,5bec14a0-9c49-4b28-8bdf-4294cb721b1a,2026-07-18,2026-07-12,,,,2026-08-07T15:01:26Z,2026,07,3,2026,,6,,true,false,Emergency,Texas,Region 6 — Denton,Denton,"AR,LA,NM,OK,TX",Flood,Straight-Line Winds; Severe Storm; Flood; Tornado,false,true,false,false,true,false,false,false,true,false,false,1,false,true,false,48163,https://www.fema.gov/api/open/v2/DisasterDeclarationsSummaries,https://www.fema.gov/openfema-data-page/disaster-declarations-summaries-v2,2026-08-16T23:00:55Z
EM-3649-TX,3649,TX,EM,2026-07-18T00:00:00.000Z,2026,Flood,FLOODING,false,false,true,false,2026-07-12T00:00:00.000Z,,,false,48,137,99137,Edwards (County),26096,,2026071703,6,"2,W,F,T",2026-08-07T15:01:26.974Z,6d0455a028e4201b853fb66d43d61dd2ff8d9e60,6dbe3684-eb8b-4081-a67d-e68cfda79118,2026-07-18,2026-07-12,,,,2026-08-07T15:01:26Z,2026,07,3,2026,,6,,true,false,Emergency,Texas,Region 6 — Denton,Denton,"AR,LA,NM,OK,TX",Flood,Straight-Line Winds; Severe Storm; Flood; Tornado,false,true,false,false,true,false,false,false,true,false,false,1,false,true,false,48137,https://www.fema.gov/api/open/v2/DisasterDeclarationsSummaries,https://www.fema.gov/openfema-data-page/disaster-declarations-summaries-v2,2026-08-16T23:00:55Z
EM-3649-TX,3649,TX,EM,2026-07-18T00:00:00.000Z,2026,Flood,FLOODING,false,false,true,false,2026-07-12T00:00:00.000Z,,,false,48,131,99131,Duval (County),26096,,2026071703,6,"2,W,F,T",2026-08-07T15:01:26.974Z,59872db4ab5a96ad8c321612494ed1007ffe99d7,45809f3c-97d7-465d-a216-be2e4d36e850,2026-07-18,2026-07-12,,,,2026-08-07T15:01:26Z,2026,07,3,2026,,6,,true,false,Emergency,Texas,Region 6 — Denton,Denton,"AR,LA,NM,OK,TX",Flood,Straight-Line Winds; Severe Storm; Flood; Tornado,false,true,false,false,true,false,false,false,true,false,false,1,false,true,false,48131,https://www.fema.gov/api/open/v2/DisasterDeclarationsSummaries,https://www.fema.gov/openfema-data-page/disaster-declarations-summaries-v2,2026-08-16T23:00:55Z
EM-3649-TX,3649,TX,EM,2026-07-18T00:00:00.000Z,2026,Flood,FLOODING,false,false,true,false,2026-07-12T00:00:00.000Z,,,false,48,127,99127,Dimmit (County),26096,,2026071703,6,"2,W,F,T",2026-08-07T15:01:26.974Z,dd6feb3dcfac15bc169b2da7851f48c87519960f,81a8e0ba-889a-496a-80ce-d3a1f9a310c6,2026-07-18,2026-07-12,,,,2026-08-07T15:01:26Z,2026,07,3,2026,,6,,true,false,Emergency,Texas,Region 6 — Denton,Denton,"AR,LA,NM,OK,TX",Flood,Straight-Line Winds; Severe Storm; Flood; Tornado,false,true,false,false,true,false,false,false,true,false,false,1,false,true,false,48127,https://www.fema.gov/api/open/v2/DisasterDeclarationsSummaries,https://www.fema.gov/openfema-data-page/disaster-declarations-summaries-v2,2026-08-16T23:00:55Z
EM-3649-TX,3649,TX,EM,2026-07-18T00:00:00.000Z,2026,Flood,FLOODING,false,false,true,false,2026-07-12T00:00:00.000Z,,,false,48,105,99105,Crockett (County),26096,,2026071703,6,"2,W,F,T",2026-08-07T15:01:26.974Z,889231ba10ca12bfeeb0c7f4531f086da170f19c,98e51199-3720-4a77-9603-8e3812396d26,2026-07-18,2026-07-12,,,,2026-08-07T15:01:26Z,2026,07,3,2026,,6,,true,false,Emergency,Texas,Region 6 — Denton,Denton,"AR,LA,NM,OK,TX",Flood,Straight-Line Winds; Severe Storm; Flood; Tornado,false,true,false,false,true,false,false,false,true,false,false,1,false,true,false,48105,https://www.fema.gov/api/open/v2/DisasterDeclarationsSummaries,https://www.fema.gov/openfema-data-page/disaster-declarations-summaries-v2,2026-08-16T23:00:55Z
EM-3649-TX,3649,TX,EM,2026-07-18T00:00:00.000Z,2026,Flood,FLOODING,false,false,true,false,2026-07-12T00:00:00.000Z,,,false,48,091,99091,Comal (County),26096,,2026071703,6,"2,W,F,T",2026-08-07T15:01:26.974Z,20c84f20b38ba37089fb9760723541d10cb4cab6,fdee51de-c01e-4cb5-87ed-12bc11867f99,2026-07-18,2026-07-12,,,,2026-08-07T15:01:26Z,2026,07,3,2026,,6,,true,false,Emergency,Texas,Region 6 — Denton,Denton,"AR,LA,NM,OK,TX",Flood,Straight-Line Winds; Severe Storm; Flood; Tornado,false,true,false,false,true,false,false,false,true,false,false,1,false,true,false,48091,https://www.fema.gov/api/open/v2/DisasterDeclarationsSummaries,https://www.fema.gov/openfema-data-page/disaster-declarations-summaries-v2,2026-08-16T23:00:55Z
EM-3649-TX,3649,TX,EM,2026-07-18T00:00:00.000Z,2026,Flood,FLOODING,false,false,true,false,2026-07-12T00:00:00.000Z,,,false,48,043,99043,Brewster (County),26096,,2026071703,6,"2,W,F,T",2026-08-07T15:01:26.974Z,b4caa9ae273c837d2e6969388ef35f15dfd2efca,8faee6d8-d9c4-4256-9691-a1f90268da01,2026-07-18,2026-07-12,,,,2026-08-07T15:01:26Z,2026,07,3,2026,,6,,true,false,Emergency,Texas,Region 6 — Denton,Denton,"AR,LA,NM,OK,TX",Flood,Straight-Line Winds; Severe Storm; Flood; Tornado,false,true,false,false,true,false,false,false,true,false,false,1,false,true,false,48043,https://www.fema.gov/api/open/v2/DisasterDeclarationsSummaries,https://www.fema.gov/openfema-data-page/disaster-declarations-summaries-v2,2026-08-16T23:00:55Z
EM-3649-TX,3649,TX,EM,2026-07-18T00:00:00.000Z,2026,Flood,FLOODING,false,false,true,false,2026-07-12T00:00:00.000Z,,,false,48,031,99031,Blanco (County),26096,,2026071703,6,"2,W,F,T",2026-08-07T15:01:26.974Z,66175c504b7df04acaa329b908e4cf3397cae9b5,80e794f7-b202-4091-9a9e-7de92c416283,2026-07-18,2026-07-12,,,,2026-08-07T15:01:26Z,2026,07,3,2026,,6,,true,false,Emergency,Texas,Region 6 — Denton,Denton,"AR,LA,NM,OK,TX",Flood,Straight-Line Winds; Severe Storm; Flood; Tornado,false,true,false,false,true,false,false,false,true,false,false,1,false,true,false,48031,https://www.fema.gov/api/open/v2/DisasterDeclarationsSummaries,https://www.fema.gov/openfema-data-page/disaster-declarations-summaries-v2,2026-08-16T23:00:55Z
EM-3649-TX,3649,TX,EM,2026-07-18T00:00:00.000Z,2026,Flood,FLOODING,false,false,true,false,2026-07-12T00:00:00.000Z,,,false,48,029,99029,Bexar (County),26096,,2026071703,6,"2,W,F,T",2026-08-07T15:01:26.974Z,8953c4ff9a778554954f70a9cd2c7e39853f954e,977f3e02-7a8d-4c2a-9f43-23e2c426ca8c,2026-07-18,2026-07-12,,,,2026-08-07T15:01:26Z,2026,07,3,2026,,6,,true,false,Emergency,Texas,Region 6 — Denton,Denton,"AR,LA,NM,OK,TX",Flood,Straight-Line Winds; Severe Storm; Flood; Tornado,false,true,false,false,true,false,false,false,true,false,false,1,false,true,false,48029,https://www.fema.gov/api/open/v2/DisasterDeclarationsSummaries,https://www.fema.gov/openfema-data-page/disaster-declarations-summaries-v2,2026-08-16T23:00:55Z
EM-3649-TX,3649,TX,EM,2026-07-18T00:00:00.000Z,2026,Flood,FLOODING,false,false,true,false,2026-07-12T00:00:00.000Z,,,false,48,019,99019,Bandera (County),26096,,2026071703,6,"2,W,F,T",2026-08-07T15:01:26.974Z,7900b4d97150cd211dbf3c69f4797c9a53069023,71fb073e-a06f-4979-9fa8-c72eb80a5781,2026-07-18,2026-07-12,,,,2026-08-07T15:01:26Z,2026,07,3,2026,,6,,true,false,Emergency,Texas,Region 6 — Denton,Denton,"AR,LA,NM,OK,TX",Flood,Straight-Line Winds; Severe Storm; Flood; Tornado,false,true,false,false,true,false,false,false,true,false,false,1,false,true,false,48019,https://www.fema.gov/api/open/v2/DisasterDeclarationsSummaries,https://www.fema.gov/openfema-data-page/disaster-declarations-summaries-v2,2026-08-16T23:00:55Z
EM-3649-TX,3649,TX,EM,2026-07-18T00:00:00.000Z,2026,Flood,FLOODING,false,false,true,false,2026-07-12T00:00:00.000Z,,,false,48,013,99013,Atascosa (County),26096,,2026071703,6,"2,W,F,T",2026-08-07T15:01:26.974Z,4bf0e507f8f74501db8f0c72deebda4fc7c88d95,e4c0c04b-4583-4fef-9ab7-f7ea62aa29ed,2026-07-18,2026-07-12,,,,2026-08-07T15:01:26Z,2026,07,3,2026,,6,,true,false,Emergency,Texas,Region 6 — Denton,Denton,"AR,LA,NM,OK,TX",Flood,Straight-Line Winds; Severe Storm; Flood; Tornado,false,true,false,false,true,false,false,false,true,false,false,1,false,true,false,48013,https://www.fema.gov/api/open/v2/DisasterDeclarationsSummaries,https://www.fema.gov/openfema-data-page/disaster-declarations-summaries-v2,2026-08-16T23:00:55Z
FM-5646-WA,5646,WA,FM,2026-07-17T00:00:00.000Z,2026,Fire,KAISER CANYON FIRE,false,false,true,false,2026-07-16T00:00:00.000Z,,,false,53,047,99047,Okanogan (County),26097,,2026071704,10,R,2026-07-20T14:41:13.053Z,44e926147678c114ee983ab4bef2582d4132fa04,fb5b40bd-a6df-494d-8fbf-78e6ed780919,2026-07-17,2026-07-16,,,,2026-07-20T14:41:13Z,2026,07,3,2026,,1,,true,false,Fire Management Assistance,Washington,Region 10 — Bothell,Bothell,"AK,ID,OR,WA",Fire,Fire,false,false,true,false,false,false,false,false,false,false,false,1,false,true,false,53047,https://www.fema.gov/api/open/v2/DisasterDeclarationsSummaries,https://www.fema.gov/openfema-data-page/disaster-declarations-summaries-v2,2026-08-16T23:00:55Z
FM-5646-WA,5646,WA,FM,2026-07-17T00:00:00.000Z,2026,Fire,KAISER CANYON FIRE,false,false,true,false,2026-07-16T00:00:00.000Z,,,false,53,000,14240,Colville Indian Reservation,26097,,2026071704,10,R,2026-07-20T14:41:13.053Z,46a2bb7ca6b74961d48d376e5cc2ae691781beba,20eb50c5-d8b9-4dfd-b70c-dd9232978a91,2026-07-17,2026-07-16,,,,2026-07-20T14:41:13Z,2026,07,3,2026,,1,,true,false,Fire Management Assistance,Washington,Region 10 — Bothell,Bothell,"AK,ID,OR,WA",Fire,Fire,false,false,true,false,false,false,false,false,false,false,false,1,false,true,false,53000,https://www.fema.gov/api/open/v2/DisasterDeclarationsSummaries,https://www.fema.gov/openfema-data-page/disaster-declarations-summaries-v2,2026-08-16T23:00:55Z
FM-5645-OR,5645,OR,FM,2026-07-16T00:00:00.000Z,2026,Fire,LOWER DRY CREEK FIRE ,false,false,true,false,2026-07-15T00:00:00.000Z,,,false,41,059,99059,Umatilla (County),26095,,2026071601,10,R,2026-08-07T15:01:26.974Z,cf3b56bf66656d510dc372a1a340b56ddc6c469b,181e3a02-43a1-43de-83d3-2e3c2c408f1e,2026-07-16,2026-07-15,,,,2026-08-07T15:01:26Z,2026,07,3,2026,,1,,true,false,Fire Management Assistance,Oregon,Region 10 — Bothell,Bothell,"AK,ID,OR,WA",Fire,Fire,false,false,true,false,false,false,false,false,false,false,false,1,false,true,false,41059,https://www.fema.gov/api/open/v2/DisasterDeclarationsSummaries,https://www.fema.gov/openfema-data-page/disaster-declarations-summaries-v2,2026-08-16T23:00:55Z
FM-5644-CO,5644,CO,FM,2026-07-05T00:00:00.000Z,2026,Fire,WILLOW FIRE,false,false,true,false,2026-07-05T00:00:00.000Z,,,false,08,065,99065,Lake (County),26090,,2026070501,8,R,2026-07-07T19:21:25.720Z,7f3d91fa2ed03f2ec4bb8312e5b11bf84eaee9a8,deea1b41-f81f-42b2-b95d-91ff16b9f721,2026-07-05,2026-07-05,,,,2026-07-07T19:21:25Z,2026,07,3,2026,,0,,true,false,Fire Management Assistance,Colorado,Region 8 — Denver,Denver,"CO,MT,ND,SD,UT,WY",Fire,Fire,false,false,true,false,false,false,false,false,false,false,false,1,false,true,false,08065,https://www.fema.gov/api/open/v2/DisasterDeclarationsSummaries,https://www.fema.gov/openfema-data-page/disaster-declarations-summaries-v2,2026-08-16T23:00:55Z
EM-3648-GU,3648,GU,EM,2026-07-03T00:00:00.000Z,2026,Typhoon,TYPHOON BAVI,false,false,true,false,2026-07-02T00:00:00.000Z,2026-07-12T00:00:00.000Z,,false,66,010,99010,Guam (County-equivalent),26089,,2026070202,9,J,2026-08-10T17:41:29.165Z,99654e7771158be68324e01f3170023e6244a555,cc94ea32-a653-439a-b7db-2bd2c53f7c43,2026-07-03,2026-07-02,2026-07-12,,,2026-08-10T17:41:29Z,2026,07,3,2026,10,1,,false,false,Emergency,Guam,Region 9 — Oakland,Oakland,"AZ,CA,HI,NV,AS,GU,MP",Tropical cyclone,Typhoon,true,false,false,false,false,false,false,false,false,false,true,1,false,true,false,66010,https://www.fema.gov/api/open/v2/DisasterDeclarationsSummaries,https://www.fema.gov/openfema-data-page/disaster-declarations-summaries-v2,2026-08-16T23:00:55Z
EM-3647-MP,3647,MP,EM,2026-07-03T00:00:00.000Z,2026,Tropical Storm,TYPHOON BAVI,false,false,true,false,2026-07-02T00:00:00.000Z,,,false,69,120,99120,Tinian (Municipality),26087,,2026070102,9,4,2026-07-03T16:41:09.440Z,96684a239ab5bfe7cb17355b5d30180ff1209511,c6a51d66-4c19-45d4-a708-6d86f0839c14,2026-07-03,2026-07-02,,,,2026-07-03T16:41:09Z,2026,07,3,2026,,1,,true,false,Emergency,Northern Mariana Islands,Region 9 — Oakland,Oakland,"AZ,CA,HI,NV,AS,GU,MP",Tropical cyclone,Tropical Storm,true,false,false,false,false,false,false,false,false,false,true,1,false,true,false,69120,https://www.fema.gov/api/open/v2/DisasterDeclarationsSummaries,https://www.fema.gov/openfema-data-page/disaster-declarations-summaries-v2,2026-08-16T23:00:55Z
EM-3647-MP,3647,MP,EM,2026-07-03T00:00:00.000Z,2026,Tropical Storm,TYPHOON BAVI,false,false,true,false,2026-07-02T00:00:00.000Z,,,false,69,110,99110,Saipan (Municipality),26087,,2026070102,9,4,2026-07-03T16:41:09.440Z,787abff557a3b31142ef59599031d7f8b616d608,fb4f0a47-f076-453e-a091-a2469e213800,2026-07-03,2026-07-02,,,,2026-07-03T16:41:09Z,2026,07,3,2026,,1,,true,false,Emergency,Northern Mariana Islands,Region 9 — Oakland,Oakland,"AZ,CA,HI,NV,AS,GU,MP",Tropical cyclone,Tropical Storm,true,false,false,false,false,false,false,false,false,false,true,1,false,true,false,69110,https://www.fema.gov/api/open/v2/DisasterDeclarationsSummaries,https://www.fema.gov/openfema-data-page/disaster-declarations-summaries-v2,2026-08-16T23:00:55Z
EM-3647-MP,3647,MP,EM,2026-07-03T00:00:00.000Z,2026,Tropical Storm,TYPHOON BAVI,false,false,true,false,2026-07-02T00:00:00.000Z,,,false,69,100,99100,Rota (Municipality),26087,,2026070102,9,4,2026-07-03T16:41:09.440Z,b3e165df6ba3e218cfb7df1b608a577d461faacc,81d772f1-c9ae-48a5-90a7-42010db6f5a7,2026-07-03,2026-07-02,,,,2026-07-03T16:41:09Z,2026,07,3,2026,,1,,true,false,Emergency,Northern Mariana Islands,Region 9 — Oakland,Oakland,"AZ,CA,HI,NV,AS,GU,MP",Tropical cyclone,Tropical Storm,true,false,false,false,false,false,false,false,false,false,true,1,false,true,false,69100,https://www.fema.gov/api/open/v2/DisasterDeclarationsSummaries,https://www.fema.gov/openfema-data-page/disaster-declarations-summaries-v2,2026-08-16T23:00:55Z
EM-3647-MP,3647,MP,EM,2026-07-03T00:00:00.000Z,2026,Tropical Storm,TYPHOON BAVI,false,false,true,false,2026-07-02T00:00:00.000Z,,,false,69,085,99085,Northern Islands (Municipality),26087,,2026070102,9,4,2026-07-03T16:41:09.440Z,4b3c2381d28ec54e82b220c2fb88ead76542b75c,a6734b16-a64b-407c-b10e-a9b93d4a0f96,2026-07-03,2026-07-02,,,,2026-07-03T16:41:09Z,2026,07,3,2026,,1,,true,false,Emergency,Northern Mariana Islands,Region 9 — Oakland,Oakland,"AZ,CA,HI,NV,AS,GU,MP",Tropical cyclone,Tropical Storm,true,false,false,false,false,false,false,false,false,false,true,1,false,true,false,69085,https://www.fema.gov/api/open/v2/DisasterDeclarationsSummaries,https://www.fema.gov/openfema-data-page/disaster-declarations-summaries-v2,2026-08-16T23:00:55Z
EM-3647-MP,3647,MP,EM,2026-07-03T00:00:00.000Z,2026,Tropical Storm,TYPHOON BAVI,false,false,true,false,2026-07-02T00:00:00.000Z,,,false,69,010,99010,Northern Mariana Islands (County-equivalent),26087,,2026070102,9,4,2026-07-03T16:41:09.440Z,6d20e12fe7a5e8f820ba788ad76e80afa65ce282,1a070560-6d7a-4b0a-817e-235f861961f8,2026-07-03,2026-07-02,,,,2026-07-03T16:41:09Z,2026,07,3,2026,,1,,true,false,Emergency,Northern Mariana Islands,Region 9 — Oakland,Oakland,"AZ,CA,HI,NV,AS,GU,MP",Tropical cyclone,Tropical Storm,true,false,false,false,false,false,false,false,false,false,true,1,false,true,false,69010,https://www.fema.gov/api/open/v2/DisasterDeclarationsSummaries,https://www.fema.gov/openfema-data-page/disaster-declarations-summaries-v2,2026-08-16T23:00:55Z
FM-5643-CO,5643,CO,FM,2026-06-30T00:00:00.000Z,2026,Fire,GOLD MOUNTAIN FIRE,false,false,true,false,2026-06-30T00:00:00.000Z,,,false,08,091,99091,Ouray (County),26086,,2026070101,8,R,2026-07-01T15:51:39.632Z,dc87906eeb6847b6cf345bae2f531f59fc08da62,ee90b1fc-7b5e-4b85-b1ed-66d34b9af0b6,2026-06-30,2026-06-30,,,,2026-07-01T15:51:39Z,2026,06,2,2026,,0,,true,false,Fire Management Assistance,Colorado,Region 8 — Denver,Denver,"CO,MT,ND,SD,UT,WY",Fire,Fire,false,false,true,false,false,false,false,false,false,false,false,1,false,true,false,08091,https://www.fema.gov/api/open/v2/DisasterDeclarationsSummaries,https://www.fema.gov/openfema-data-page/disaster-declarations-summaries-v2,2026-08-16T23:00:55Z
DR-4927-LA,4927,LA,DR,2026-06-30T00:00:00.000Z,2026,Tropical Storm,TROPICAL STORM ARTHUR,false,false,true,false,2026-06-17T00:00:00.000Z,2026-06-24T00:00:00.000Z,,false,22,127,99127,Winn (Parish),26083,2026-10-01T00:00:00.000Z,2026062701,6,4,2026-08-07T21:01:30.001Z,d4d9ea1b6fa36c2c5aa59d60dc4189e18ac68994,f6c31cb3-a5bb-49e8-b4ea-2a9ff61c94e1,2026-06-30,2026-06-17,2026-06-24,,2026-10-01,2026-08-07T21:01:30Z,2026,06,2,2026,7,13,,false,false,Major Disaster,Louisiana,Region 6 — Denton,Denton,"AR,LA,NM,OK,TX",Tropical cyclone,Tropical Storm,false,false,false,false,false,false,false,false,false,false,true,1,false,true,false,22127,https://www.fema.gov/api/open/v2/DisasterDeclarationsSummaries,https://www.fema.gov/openfema-data-page/disaster-declarations-summaries-v2,2026-08-16T23:00:55Z
DR-4927-LA,4927,LA,DR,2026-06-30T00:00:00.000Z,2026,Tropical Storm,TROPICAL STORM ARTHUR,true,false,false,false,2026-06-17T00:00:00.000Z,2026-06-24T00:00:00.000Z,,false,22,109,99109,Terrebonne (Parish),26083,2026-10-01T00:00:00.000Z,2026062701,6,4,2026-08-07T21:01:30.001Z,8f3a5ed1c4a13f2d398d8c9fa119d880c15692af,dd7822ef-4f7f-4275-bf42-21ac739b3ae9,2026-06-30,2026-06-17,2026-06-24,,2026-10-01,2026-08-07T21:01:30Z,2026,06,2,2026,7,13,,false,false,Major Disaster,Louisiana,Region 6 — Denton,Denton,"AR,LA,NM,OK,TX",Tropical cyclone,Tropical Storm,false,false,false,false,false,false,false,false,false,false,true,1,true,false,false,22109,https://www.fema.gov/api/open/v2/DisasterDeclarationsSummaries,https://www.fema.gov/openfema-data-page/disaster-declarations-summaries-v2,2026-08-16T23:00:55Z
DR-4927-LA,4927,LA,DR,2026-06-30T00:00:00.000Z,2026,Tropical Storm,TROPICAL STORM ARTHUR,true,false,false,false,2026-06-17T00:00:00.000Z,2026-06-24T00:00:00.000Z,,false,22,103,99103,St. Tammany (Parish),26083,2026-10-01T00:00:00.000Z,2026062701,6,4,2026-08-07T21:01:30.001Z,ba5a1e90e12dfc84341709dd147f38a5999530f3,931de240-b7b5-40e4-8679-b65c2bc84e92,2026-06-30,2026-06-17,2026-06-24,,2026-10-01,2026-08-07T21:01:30Z,2026,06,2,2026,7,13,,false,false,Major Disaster,Louisiana,Region 6 — Denton,Denton,"AR,LA,NM,OK,TX",Tropical cyclone,Tropical Storm,false,false,false,false,false,false,false,false,false,false,true,1,true,false,false,22103,https://www.fema.gov/api/open/v2/DisasterDeclarationsSummaries,https://www.fema.gov/openfema-data-page/disaster-declarations-summaries-v2,2026-08-16T23:00:55Z
DR-4927-LA,4927,LA,DR,2026-06-30T00:00:00.000Z,2026,Tropical Storm,TROPICAL STORM ARTHUR,true,false,true,false,2026-06-17T00:00:00.000Z,2026-06-24T00:00:00.000Z,,false,22,097,99097,St. Landry (Parish),26083,2026-10-01T00:00:00.000Z,2026062701,6,4,2026-08-07T21:01:30.001Z,cc68ce5b90cccdaa7180a5c84f4a1c207fd0e603,1349aaa5-0ee4-4743-9089-3fed1b709efe,2026-06-30,2026-06-17,2026-06-24,,2026-10-01,2026-08-07T21:01:30Z,2026,06,2,2026,7,13,,false,false,Major Disaster,Louisiana,Region 6 — Denton,Denton,"AR,LA,NM,OK,TX",Tropical cyclone,Tropical Storm,false,false,false,false,false,false,false,false,false,false,true,2,true,true,false,22097,https://www.fema.gov/api/open/v2/DisasterDeclarationsSummaries,https://www.fema.gov/openfema-data-page/disaster-declarations-summaries-v2,2026-08-16T23:00:55Z
DR-4927-LA,4927,LA,DR,2026-06-30T00:00:00.000Z,2026,Tropical Storm,TROPICAL STORM ARTHUR,false,false,true,false,2026-06-17T00:00:00.000Z,2026-06-24T00:00:00.000Z,,false,22,089,99089,St. Charles (Parish),26083,2026-10-01T00:00:00.000Z,2026062701,6,4,2026-08-07T21:01:30.001Z,aeb1229107a7645594d7a57e9cc1ed5349663564,430b2281-838c-449a-bd9b-1215f5e290c4,2026-06-30,2026-06-17,2026-06-24,,2026-10-01,2026-08-07T21:01:30Z,2026,06,2,2026,7,13,,false,false,Major Disaster,Louisiana,Region 6 — Denton,Denton,"AR,LA,NM,OK,TX",Tropical cyclone,Tropical Storm,false,false,false,false,false,false,false,false,false,false,true,1,false,true,false,22089,https://www.fema.gov/api/open/v2/DisasterDeclarationsSummaries,https://www.fema.gov/openfema-data-page/disaster-declarations-summaries-v2,2026-08-16T23:00:55Z
DR-4927-LA,4927,LA,DR,2026-06-30T00:00:00.000Z,2026,Tropical Storm,TROPICAL STORM ARTHUR,true,false,true,false,2026-06-17T00:00:00.000Z,2026-06-24T00:00:00.000Z,,false,22,077,99077,Pointe Coupee (Parish),26083,2026-10-01T00:00:00.000Z,2026062701,6,4,2026-08-07T21:01:30.001Z,78b547d71e43c5c7c915a80a007fb0eef19fa0ec,7a52e03e-bb9f-4301-b50c-6eca5895466b,2026-06-30,2026-06-17,2026-06-24,,2026-10-01,2026-08-07T21:01:30Z,2026,06,2,2026,7,13,,false,false,Major Disaster,Louisiana,Region 6 — Denton,Denton,"AR,LA,NM,OK,TX",Tropical cyclone,Tropical Storm,false,false,false,false,false,false,false,false,false,false,true,2,true,true,false,22077,https://www.fema.gov/api/open/v2/DisasterDeclarationsSummaries,https://www.fema.gov/openfema-data-page/disaster-declarations-summaries-v2,2026-08-16T23:00:55Z
DR-4927-LA,4927,LA,DR,2026-06-30T00:00:00.000Z,2026,Tropical Storm,TROPICAL STORM ARTHUR,true,false,false,false,2026-06-17T00:00:00.000Z,2026-06-24T00:00:00.000Z,,false,22,057,99057,Lafourche (Parish),26083,2026-10-01T00:00:00.000Z,2026062701,6,4,2026-08-07T21:01:30.001Z,ed496851f7a985608e29f9aa361e94e7d719483b,45c73c0e-b76a-4edd-b2ab-fc3d954e6c6d,2026-06-30,2026-06-17,2026-06-24,,2026-10-01,2026-08-07T21:01:30Z,2026,06,2,2026,7,13,,false,false,Major Disaster,Louisiana,Region 6 — Denton,Denton,"AR,LA,NM,OK,TX",Tropical cyclone,Tropical Storm,false,false,false,false,false,false,false,false,false,false,true,1,true,false,false,22057,https://www.fema.gov/api/open/v2/DisasterDeclarationsSummaries,https://www.fema.gov/openfema-data-page/disaster-declarations-summaries-v2,2026-08-16T23:00:55Z
DR-4927-LA,4927,LA,DR,2026-06-30T00:00:00.000Z,2026,Tropical Storm,TROPICAL STORM ARTHUR,false,false,true,false,2026-06-17T00:00:00.000Z,2026-06-24T00:00:00.000Z,,false,22,037,99037,East Feliciana (Parish),26083,2026-10-01T00:00:00.000Z,2026062701,6,4,2026-08-08T00:01:32.018Z,9f1327b5bae91c01e9df9aa14db089357ab25fcb,1b2c2943-8e96-4b4d-9959-364712b8f0f0,2026-06-30,2026-06-17,2026-06-24,,2026-10-01,2026-08-08T00:01:32Z,2026,06,2,2026,7,13,,false,false,Major Disaster,Louisiana,Region 6 — Denton,Denton,"AR,LA,NM,OK,TX",Tropical cyclone,Tropical Storm,false,false,false,false,false,false,false,false,false,false,true,1,false,true,false,22037,https://www.fema.gov/api/open/v2/DisasterDeclarationsSummaries,https://www.fema.gov/openfema-data-page/disaster-declarations-summaries-v2,2026-08-16T23:00:55Z
DR-4927-LA,4927,LA,DR,2026-06-30T00:00:00.000Z,2026,Tropical Storm,TROPICAL STORM ARTHUR,true,false,true,false,2026-06-17T00:00:00.000Z,2026-06-24T00:00:00.000Z,,false,22,009,99009,Avoyelles (Parish),26083,2026-10-01T00:00:00.000Z,2026062701,6,4,2026-08-07T21:01:30.001Z,4097c7896bbb2111a8326ed0eb27f6d44b501e35,eafaad69-fb48-4fd7-8dd6-2492e3766ca7,2026-06-30,2026-06-17,2026-06-24,,2026-10-01,2026-08-07T21:01:30Z,2026,06,2,2026,7,13,,false,false,Major Disaster,Louisiana,Region 6 — Denton,Denton,"AR,LA,NM,OK,TX",Tropical cyclone,Tropical Storm,false,false,false,false,false,false,false,false,false,false,true,2,true,true,false,22009,https://www.fema.gov/api/open/v2/DisasterDeclarationsSummaries,https://www.fema.gov/openfema-data-page/disaster-declarations-summaries-v2,2026-08-16T23:00:55Z
DR-4926-KS,4926,KS,DR,2026-06-30T00:00:00.000Z,2026,Severe Storm,"SEVERE STORMS, STRAIGHT-LINE WINDS, TORNADOES, AND FLOODING",false,false,true,false,2026-04-26T00:00:00.000Z,2026-04-27T00:00:00.000Z,,false,20,197,99197,Wabaunsee (County),26076,,2026051101,7,"2,W,F,T",2026-08-07T15:01:26.974Z,053129146b0cb69ef38348b721fe7bf48bf6d720,cc8e622f-fe07-4f70-a55a-63952b49a9f7,2026-06-30,2026-04-26,2026-04-27,,,2026-08-07T15:01:26Z,2026,06,2,2026,1,65,,false,false,Major Disaster,Kansas,Region 7 — Kansas City,Kansas City,"IA,KS,MO,NE",Severe storm,Straight-Line Winds; Severe Storm; Flood; Tornado,false,true,false,false,true,false,false,false,true,false,false,1,false,true,false,20197,https://www.fema.gov/api/open/v2/DisasterDeclarationsSummaries,https://www.fema.gov/openfema-data-page/disaster-declarations-summaries-v2,2026-08-16T23:00:55Z
DR-4926-KS,4926,KS,DR,2026-06-30T00:00:00.000Z,2026,Severe Storm,"SEVERE STORMS, STRAIGHT-LINE WINDS, TORNADOES, AND FLOODING",false,false,true,false,2026-04-26T00:00:00.000Z,2026-04-27T00:00:00.000Z,,false,20,169,99169,Saline (County),26076,,2026051101,7,"2,W,F,T",2026-08-07T15:01:26.974Z,9024cdced61a09281801ef3431a993992d9b2cab,f8f25238-1bfb-4c1b-8f52-e9663d39ea16,2026-06-30,2026-04-26,2026-04-27,,,2026-08-07T15:01:26Z,2026,06,2,2026,1,65,,false,false,Major Disaster,Kansas,Region 7 — Kansas City,Kansas City,"IA,KS,MO,NE",Severe storm,Straight-Line Winds; Severe Storm; Flood; Tornado,false,true,false,false,true,false,false,false,true,false,false,1,false,true,false,20169,https://www.fema.gov/api/open/v2/DisasterDeclarationsSummaries,https://www.fema.gov/openfema-data-page/disaster-declarations-summaries-v2,2026-08-16T23:00:55Z
DR-4926-KS,4926,KS,DR,2026-06-30T00:00:00.000Z,2026,Severe Storm,"SEVERE STORMS, STRAIGHT-LINE WINDS, TORNADOES, AND FLOODING",false,false,true,false,2026-04-26T00:00:00.000Z,2026-04-27T00:00:00.000Z,,false,20,139,99139,Osage (County),26076,,2026051101,7,"2,W,F,T",2026-08-07T15:01:26.974Z,a8b9465d7b5feac6189afe123640bbeb3c3fb769,589b98b4-b45f-47d4-ad38-c09c6304f036,2026-06-30,2026-04-26,2026-04-27,,,2026-08-07T15:01:26Z,2026,06,2,2026,1,65,,false,false,Major Disaster,Kansas,Region 7 — Kansas City,Kansas City,"IA,KS,MO,NE",Severe storm,Straight-Line Winds; Severe Storm; Flood; Tornado,false,true,false,false,true,false,false,false,true,false,false,1,false,true,false,20139,https://www.fema.gov/api/open/v2/DisasterDeclarationsSummaries,https://www.fema.gov/openfema-data-page/disaster-declarations-summaries-v2,2026-08-16T23:00:55Z
DR-4926-KS,4926,KS,DR,2026-06-30T00:00:00.000Z,2026,Severe Storm,"SEVERE STORMS, STRAIGHT-LINE WINDS, TORNADOES, AND FLOODING",false,false,true,false,2026-04-26T00:00:00.000Z,2026-04-27T00:00:00.000Z,,false,20,127,99127,Morris (County),26076,,2026051101,7,"2,W,F,T",2026-08-07T15:01:26.974Z,9fe7e5a144a094a3d5c4cbee8fe3f0841bc82f1a,bfb7dd60-0332-42e0-9f4b-3693a4e57a71,2026-06-30,2026-04-26,2026-04-27,,,2026-08-07T15:01:26Z,2026,06,2,2026,1,65,,false,false,Major Disaster,Kansas,Region 7 — Kansas City,Kansas City,"IA,KS,MO,NE",Severe storm,Straight-Line Winds; Severe Storm; Flood; Tornado,false,true,false,false,true,false,false,false,true,false,false,1,false,true,false,20127,https://www.fema.gov/api/open/v2/DisasterDeclarationsSummaries,https://www.fema.gov/openfema-data-page/disaster-declarations-summaries-v2,2026-08-16T23:00:55Z
DR-4926-KS,4926,KS,DR,2026-06-30T00:00:00.000Z,2026,Severe Storm,"SEVERE STORMS, STRAIGHT-LINE WINDS, TORNADOES, AND FLOODING",false,false,true,false,2026-04-26T00:00:00.000Z,2026-04-27T00:00:00.000Z,,false,20,021,99021,Cherokee (County),26076,,2026051101,7,"2,W,F,T",2026-08-07T15:01:26.974Z,fa4fee8137106d426c4723a1bf6dc1c230624224,255a5c24-64ad-4125-b7db-a78dc32296a9,2026-06-30,2026-04-26,2026-04-27,,,2026-08-07T15:01:26Z,2026,06,2,2026,1,65,,false,false,Major Disaster,Kansas,Region 7 — Kansas City,Kansas City,"IA,KS,MO,NE",Severe storm,Straight-Line Winds; Severe Storm; Flood; Tornado,false,true,false,false,true,false,false,false,true,false,false,1,false,true,false,20021,https://www.fema.gov/api/open/v2/DisasterDeclarationsSummaries,https://www.fema.gov/openfema-data-page/disaster-declarations-summaries-v2,2026-08-16T23:00:55Z
DR-4925-MI,4925,MI,DR,2026-06-30T00:00:00.000Z,2026,Flood,"SEVERE STORMS, TORNADOES, AND FLOODING",true,false,true,false,2026-04-10T00:00:00.000Z,2026-04-21T00:00:00.000Z,,false,26,165,99165,Wexford (County),26075,2026-08-31T00:00:00.000Z,2026050101,5,"W,F,T",2026-08-07T15:01:26.974Z,89698757d5d4c6daf5029f94566122288cd47ac6,72a9594a-0687-49bf-9eb4-f450d3e2258e,2026-06-30,2026-04-10,2026-04-21,,2026-08-31,2026-08-07T15:01:26Z,2026,06,2,2026,11,81,,false,false,Major Disaster,Michigan,Region 5 — Chicago,Chicago,"IL,IN,MI,MN,OH,WI",Flood,Severe Storm; Flood; Tornado,false,true,false,false,true,false,false,false,true,false,false,2,true,true,false,26165,https://www.fema.gov/api/open/v2/DisasterDeclarationsSummaries,https://www.fema.gov/openfema-data-page/disaster-declarations-summaries-v2,2026-08-16T23:00:55Z
DR-4925-MI,4925,MI,DR,2026-06-30T00:00:00.000Z,2026,Flood,"SEVERE STORMS, TORNADOES, AND FLOODING",true,false,false,false,2026-04-10T00:00:00.000Z,2026-04-21T00:00:00.000Z,,false,26,161,99161,Washtenaw (County),26075,2026-08-31T00:00:00.000Z,2026050101,5,"W,F,T",2026-08-07T15:01:26.974Z,8ec0ceb7b3949426f6ee961dd59d41fd9dc61b0a,b3b88939-d11c-4628-9fe5-ee67df030fa7,2026-06-30,2026-04-10,2026-04-21,,2026-08-31,2026-08-07T15:01:26Z,2026,06,2,2026,11,81,,false,false,Major Disaster,Michigan,Region 5 — Chicago,Chicago,"IL,IN,MI,MN,OH,WI",Flood,Severe Storm; Flood; Tornado,false,true,false,false,true,false,false,false,true,false,false,1,true,false,false,26161,https://www.fema.gov/api/open/v2/DisasterDeclarationsSummaries,https://www.fema.gov/openfema-data-page/disaster-declarations-summaries-v2,2026-08-16T23:00:55Z
DR-4925-MI,4925,MI,DR,2026-06-30T00:00:00.000Z,2026,Flood,"SEVERE STORMS, TORNADOES, AND FLOODING",false,false,true,false,2026-04-10T00:00:00.000Z,2026-04-21T00:00:00.000Z,,false,26,157,99157,Tuscola (County),26075,2026-08-31T00:00:00.000Z,2026050101,5,"W,F,T",2026-08-07T15:01:26.974Z,0b4e96ec62d923a0b8d5bb167d11300f946f6578,836242df-727b-4681-a629-a52480f3ef0f,2026-06-30,2026-04-10,2026-04-21,,2026-08-31,2026-08-07T15:01:26Z,2026,06,2,2026,11,81,,false,false,Major Disaster,Michigan,Region 5 — Chicago,Chicago,"IL,IN,MI,MN,OH,WI",Flood,Severe Storm; Flood; Tornado,false,true,false,false,true,false,false,false,true,false,false,1,false,true,false,26157,https://www.fema.gov/api/open/v2/DisasterDeclarationsSummaries,https://www.fema.gov/openfema-data-page/disaster-declarations-summaries-v2,2026-08-16T23:00:55Z
DR-4925-MI,4925,MI,DR,2026-06-30T00:00:00.000Z,2026,Flood,"SEVERE STORMS, TORNADOES, AND FLOODING",true,false,false,false,2026-04-10T00:00:00.000Z,2026-04-21T00:00:00.000Z,,false,26,145,99145,Saginaw (County),26075,2026-08-31T00:00:00.000Z,2026050101,5,"W,F,T",2026-08-07T15:01:26.974Z,8d11e89ee099ab0d2f15381f2e5873e5342caeca,6eab4ca1-0df0-4712-8e5a-878578496241,2026-06-30,2026-04-10,2026-04-21,,2026-08-31,2026-08-07T15:01:26Z,2026,06,2,2026,11,81,,false,false,Major Disaster,Michigan,Region 5 — Chicago,Chicago,"IL,IN,MI,MN,OH,WI",Flood,Severe Storm; Flood; Tornado,false,true,false,false,true,false,false,false,true,false,false,1,true,false,false,26145,https://www.fema.gov/api/open/v2/DisasterDeclarationsSummaries,https://www.fema.gov/openfema-data-page/disaster-declarations-summaries-v2,2026-08-16T23:00:55Z
DR-4925-MI,4925,MI,DR,2026-06-30T00:00:00.000Z,2026,Flood,"SEVERE STORMS, TORNADOES, AND FLOODING",true,false,false,false,2026-04-10T00:00:00.000Z,2026-04-21T00:00:00.000Z,,false,26,143,99143,Roscommon (County),26075,2026-08-31T00:00:00.000Z,2026050101,5,"W,F,T",2026-08-07T15:01:26.974Z,3a9241ae6b23939b2ed7295c0483c57b33e82fee,536948d5-75b9-4980-a430-1e50d7f85e34,2026-06-30,2026-04-10,2026-04-21,,2026-08-31,2026-08-07T15:01:26Z,2026,06,2,2026,11,81,,false,false,Major Disaster,Michigan,Region 5 — Chicago,Chicago,"IL,IN,MI,MN,OH,WI",Flood,Severe Storm; Flood; Tornado,false,true,false,false,true,false,false,false,true,false,false,1,true,false,false,26143,https://www.fema.gov/api/open/v2/DisasterDeclarationsSummaries,https://www.fema.gov/openfema-data-page/disaster-declarations-summaries-v2,2026-08-16T23:00:55Z
DR-4925-MI,4925,MI,DR,2026-06-30T00:00:00.000Z,2026,Flood,"SEVERE STORMS, TORNADOES, AND FLOODING",true,false,true,false,2026-04-10T00:00:00.000Z,2026-04-21T00:00:00.000Z,,false,26,141,99141,Presque Isle (County),26075,2026-08-31T00:00:00.000Z,2026050101,5,"W,F,T",2026-08-07T15:01:26.974Z,5b534512739ed3815ddbe3d08c07e9defaa94861,38a54ebc-5074-4058-a639-6e20d2556991,2026-06-30,2026-04-10,2026-04-21,,2026-08-31,2026-08-07T15:01:26Z,2026,06,2,2026,11,81,,false,false,Major Disaster,Michigan,Region 5 — Chicago,Chicago,"IL,IN,MI,MN,OH,WI",Flood,Severe Storm; Flood; Tornado,false,true,false,false,true,false,false,false,true,false,false,2,true,true,false,26141,https://www.fema.gov/api/open/v2/DisasterDeclarationsSummaries,https://www.fema.gov/openfema-data-page/disaster-declarations-summaries-v2,2026-08-16T23:00:55Z
DR-4925-MI,4925,MI,DR,2026-06-30T00:00:00.000Z,2026,Flood,"SEVERE STORMS, TORNADOES, AND FLOODING",false,false,true,false,2026-04-10T00:00:00.000Z,2026-04-21T00:00:00.000Z,,false,26,135,99135,Oscoda (County),26075,2026-08-31T00:00:00.000Z,2026050101,5,"W,F,T",2026-08-07T15:01:26.974Z,36b96cdc8611712ee9edd271d065be1121d81da8,6d37da46-55a3-42f7-99ee-e7c90635da01,2026-06-30,2026-04-10,2026-04-21,,2026-08-31,2026-08-07T15:01:26Z,2026,06,2,2026,11,81,,false,false,Major Disaster,Michigan,Region 5 — Chicago,Chicago,"IL,IN,MI,MN,OH,WI",Flood,Severe Storm; Flood; Tornado,false,true,false,false,true,false,false,false,true,false,false,1,false,true,false,26135,https://www.fema.gov/api/open/v2/DisasterDeclarationsSummaries,https://www.fema.gov/openfema-data-page/disaster-declarations-summaries-v2,2026-08-16T23:00:55Z
DR-4925-MI,4925,MI,DR,2026-06-30T00:00:00.000Z,2026,Flood,"SEVERE STORMS, TORNADOES, AND FLOODING",true,false,true,false,2026-04-10T00:00:00.000Z,2026-04-21T00:00:00.000Z,,false,26,133,99133,Osceola (County),26075,2026-08-31T00:00:00.000Z,2026050101,5,"W,F,T",2026-08-07T15:01:26.974Z,f300d7c00cf7828c58bef5375a439de570c29d76,6e3cdded-57f4-43d9-8e9f-cdf45b6369f9,2026-06-30,2026-04-10,2026-04-21,,2026-08-31,2026-08-07T15:01:26Z,2026,06,2,2026,11,81,,false,false,Major Disaster,Michigan,Region 5 — Chicago,Chicago,"IL,IN,MI,MN,OH,WI",Flood,Severe Storm; Flood; Tornado,false,true,false,false,true,false,false,false,true,false,false,2,true,true,false,26133,https://www.fema.gov/api/open/v2/DisasterDeclarationsSummaries,https://www.fema.gov/openfema-data-page/disaster-declarations-summaries-v2,2026-08-16T23:00:55Z
DR-4925-MI,4925,MI,DR,2026-06-30T00:00:00.000Z,2026,Flood,"SEVERE STORMS, TORNADOES, AND FLOODING",false,false,true,false,2026-04-10T00:00:00.000Z,2026-04-21T00:00:00.000Z,,false,26,129,99129,Ogemaw (County),26075,2026-08-31T00:00:00.000Z,2026050101,5,"W,F,T",2026-08-07T15:01:26.974Z,652372125f47aee962cdbdc902de0bc2d6e52d7f,8a652a8d-8105-49fc-8362-700bea9de921,2026-06-30,2026-04-10,2026-04-21,,2026-08-31,2026-08-07T15:01:26Z,2026,06,2,2026,11,81,,false,false,Major Disaster,Michigan,Region 5 — Chicago,Chicago,"IL,IN,MI,MN,OH,WI",Flood,Severe Storm; Flood; Tornado,false,true,false,false,true,false,false,false,true,false,false,1,false,true,false,26129,https://www.fema.gov/api/open/v2/DisasterDeclarationsSummaries,https://www.fema.gov/openfema-data-page/disaster-declarations-summaries-v2,2026-08-16T23:00:55Z
DR-4925-MI,4925,MI,DR,2026-06-30T00:00:00.000Z,2026,Flood,"SEVERE STORMS, TORNADOES, AND FLOODING",true,false,false,false,2026-04-10T00:00:00.000Z,2026-04-21T00:00:00.000Z,,false,26,127,99127,Oceana (County),26075,2026-08-31T00:00:00.000Z,2026050101,5,"W,F,T",2026-08-07T15:01:26.974Z,e8f4a91207c361c41b72248b159d99bdbab9b2f1,a834f233-4ba3-45a8-9789-888daefc9d84,2026-06-30,2026-04-10,2026-04-21,,2026-08-31,2026-08-07T15:01:26Z,2026,06,2,2026,11,81,,false,false,Major Disaster,Michigan,Region 5 — Chicago,Chicago,"IL,IN,MI,MN,OH,WI",Flood,Severe Storm; Flood; Tornado,false,true,false,false,true,false,false,false,true,false,false,1,true,false,false,26127,https://www.fema.gov/api/open/v2/DisasterDeclarationsSummaries,https://www.fema.gov/openfema-data-page/disaster-declarations-summaries-v2,2026-08-16T23:00:55Z
DR-4925-MI,4925,MI,DR,2026-06-30T00:00:00.000Z,2026,Flood,"SEVERE STORMS, TORNADOES, AND FLOODING",true,false,true,false,2026-04-10T00:00:00.000Z,2026-04-21T00:00:00.000Z,,false,26,123,99123,Newaygo (County),26075,2026-08-31T00:00:00.000Z,2026050101,5,"W,F,T",2026-08-07T15:01:26.974Z,3f172ae853bb680cf1ffee30e375c6ea0ead582a,b5d165c5-3228-43a4-938c-41b409f2ebd9,2026-06-30,2026-04-10,2026-04-21,,2026-08-31,2026-08-07T15:01:26Z,2026,06,2,2026,11,81,,false,false,Major Disaster,Michigan,Region 5 — Chicago,Chicago,"IL,IN,MI,MN,OH,WI",Flood,Severe Storm; Flood; Tornado,false,true,false,false,true,false,false,false,true,false,false,2,true,true,false,26123,https://www.fema.gov/api/open/v2/DisasterDeclarationsSummaries,https://www.fema.gov/openfema-data-page/disaster-declarations-summaries-v2,2026-08-16T23:00:55Z
DR-4925-MI,4925,MI,DR,2026-06-30T00:00:00.000Z,2026,Flood,"SEVERE STORMS, TORNADOES, AND FLOODING",true,false,false,false,2026-04-10T00:00:00.000Z,2026-04-21T00:00:00.000Z,,false,26,121,99121,Muskegon (County),26075,2026-08-31T00:00:00.000Z,2026050101,5,"W,F,T",2026-08-07T15:01:26.974Z,c3fc8cbdd9d6ef17653fb7ef3f90d2e776a9876a,3a7cddef-ff8b-4fab-a8c3-f50730197a56,2026-06-30,2026-04-10,2026-04-21,,2026-08-31,2026-08-07T15:01:26Z,2026,06,2,2026,11,81,,false,false,Major Disaster,Michigan,Region 5 — Chicago,Chicago,"IL,IN,MI,MN,OH,WI",Flood,Severe Storm; Flood; Tornado,false,true,false,false,true,false,false,false,true,false,false,1,true,false,false,26121,https://www.fema.gov/api/open/v2/DisasterDeclarationsSummaries,https://www.fema.gov/openfema-data-page/disaster-declarations-summaries-v2,2026-08-16T23:00:55Z
DR-4925-MI,4925,MI,DR,2026-06-30T00:00:00.000Z,2026,Flood,"SEVERE STORMS, TORNADOES, AND FLOODING",false,false,true,false,2026-04-10T00:00:00.000Z,2026-04-21T00:00:00.000Z,,false,26,119,99119,Montmorency (County),26075,2026-08-31T00:00:00.000Z,2026050101,5,"W,F,T",2026-08-07T15:01:26.974Z,55b1c1eda660938b910ecf817d12db103bf8fd1c,79519800-2089-4610-9514-6a8d0c5505c6,2026-06-30,2026-04-10,2026-04-21,,2026-08-31,2026-08-07T15:01:26Z,2026,06,2,2026,11,81,,false,false,Major Disaster,Michigan,Region 5 — Chicago,Chicago,"IL,IN,MI,MN,OH,WI",Flood,Severe Storm; Flood; Tornado,false,true,false,false,true,false,false,false,true,false,false,1,false,true,false,26119,https://www.fema.gov/api/open/v2/DisasterDeclarationsSummaries,https://www.fema.gov/openfema-data-page/disaster-declarations-summaries-v2,2026-08-16T23:00:55Z
DR-4925-MI,4925,MI,DR,2026-06-30T00:00:00.000Z,2026,Flood,"SEVERE STORMS, TORNADOES, AND FLOODING",true,false,false,false,2026-04-10T00:00:00.000Z,2026-04-21T00:00:00.000Z,,false,26,117,99117,Montcalm (County),26075,2026-08-31T00:00:00.000Z,2026050101,5,"W,F,T",2026-08-07T15:01:26.974Z,998449a13c3746fc1e7b3618801101668c3ad909,350fd0f9-f490-4afa-9c05-53506153f19e,2026-06-30,2026-04-10,2026-04-21,,2026-08-31,2026-08-07T15:01:26Z,2026,06,2,2026,11,81,,false,false,Major Disaster,Michigan,Region 5 — Chicago,Chicago,"IL,IN,MI,MN,OH,WI",Flood,Severe Storm; Flood; Tornado,false,true,false,false,true,false,false,false,true,false,false,1,true,false,false,26117,https://www.fema.gov/api/open/v2/DisasterDeclarationsSummaries,https://www.fema.gov/openfema-data-page/disaster-declarations-summaries-v2,2026-08-16T23:00:55Z
DR-4925-MI,4925,MI,DR,2026-06-30T00:00:00.000Z,2026,Flood,"SEVERE STORMS, TORNADOES, AND FLOODING",false,false,true,false,2026-04-10T00:00:00.000Z,2026-04-21T00:00:00.000Z,,false,26,113,99113,Missaukee (County),26075,2026-08-31T00:00:00.000Z,2026050101,5,"W,F,T",2026-08-07T15:01:26.974Z,5ecc92618ffc347ef14242ce4a53e8c02ff1bf7a,57514b82-4ec0-4da1-b9ea-c4bbadae41ad,2026-06-30,2026-04-10,2026-04-21,,2026-08-31,2026-08-07T15:01:26Z,2026,06,2,2026,11,81,,false,false,Major Disaster,Michigan,Region 5 — Chicago,Chicago,"IL,IN,MI,MN,OH,WI",Flood,Severe Storm; Flood; Tornado,false,true,false,false,true,false,false,false,true,false,false,1,false,true,false,26113,https://www.fema.gov/api/open/v2/DisasterDeclarationsSummaries,https://www.fema.gov/openfema-data-page/disaster-declarations-summaries-v2,2026-08-16T23:00:55Z
DR-4925-MI,4925,MI,DR,2026-06-30T00:00:00.000Z,2026,Flood,"SEVERE STORMS, TORNADOES, AND FLOODING",false,false,true,false,2026-04-10T00:00:00.000Z,2026-04-21T00:00:00.000Z,,false,26,109,99109,Menominee (County),26075,2026-08-31T00:00:00.000Z,2026050101,5,"W,F,T",2026-08-07T15:01:26.974Z,f730da23fb1ef063d12f5aa28928475bc75e61a4,cd299152-177d-4592-921e-97599420a1e0,2026-06-30,2026-04-10,2026-04-21,,2026-08-31,2026-08-07T15:01:26Z,2026,06,2,2026,11,81,,false,false,Major Disaster,Michigan,Region 5 — Chicago,Chicago,"IL,IN,MI,MN,OH,WI",Flood,Severe Storm; Flood; Tornado,false,true,false,false,true,false,false,false,true,false,false,1,false,true,false,26109,https://www.fema.gov/api/open/v2/DisasterDeclarationsSummaries,https://www.fema.gov/openfema-data-page/disaster-declarations-summaries-v2,2026-08-16T23:00:55Z
DR-4925-MI,4925,MI,DR,2026-06-30T00:00:00.000Z,2026,Flood,"SEVERE STORMS, TORNADOES, AND FLOODING",true,false,true,false,2026-04-10T00:00:00.000Z,2026-04-21T00:00:00.000Z,,false,26,107,99107,Mecosta (County),26075,2026-08-31T00:00:00.000Z,2026050101,5,"W,F,T",2026-08-07T15:01:26.974Z,a92bd0b4cc2eabcb7409fdfb4c005772d697d1c4,46b42374-f9a2-4846-80b2-cd62348503dd,2026-06-30,2026-04-10,2026-04-21,,2026-08-31,2026-08-07T15:01:26Z,2026,06,2,2026,11,81,,false,false,Major Disaster,Michigan,Region 5 — Chicago,Chicago,"IL,IN,MI,MN,OH,WI",Flood,Severe Storm; Flood; Tornado,false,true,false,false,true,false,false,false,true,false,false,2,true,true,false,26107,https://www.fema.gov/api/open/v2/DisasterDeclarationsSummaries,https://www.fema.gov/openfema-data-page/disaster-declarations-summaries-v2,2026-08-16T23:00:55Z
DR-4925-MI,4925,MI,DR,2026-06-30T00:00:00.000Z,2026,Flood,"SEVERE STORMS, TORNADOES, AND FLOODING",false,false,true,false,2026-04-10T00:00:00.000Z,2026-04-21T00:00:00.000Z,,false,26,103,99103,Marquette (County),26075,2026-08-31T00:00:00.000Z,2026050101,5,"W,F,T",2026-08-07T15:01:26.974Z,43079eec86224cf3775ef1de8207e98b29741a35,379df952-72dc-41c2-accd-233cce515073,2026-06-30,2026-04-10,2026-04-21,,2026-08-31,2026-08-07T15:01:26Z,2026,06,2,2026,11,81,,false,false,Major Disaster,Michigan,Region 5 — Chicago,Chicago,"IL,IN,MI,MN,OH,WI",Flood,Severe Storm; Flood; Tornado,false,true,false,false,true,false,false,false,true,false,false,1,false,true,false,26103,https://www.fema.gov/api/open/v2/DisasterDeclarationsSummaries,https://www.fema.gov/openfema-data-page/disaster-declarations-summaries-v2,2026-08-16T23:00:55Z
DR-4925-MI,4925,MI,DR,2026-06-30T00:00:00.000Z,2026,Flood,"SEVERE STORMS, TORNADOES, AND FLOODING",true,false,true,false,2026-04-10T00:00:00.000Z,2026-04-21T00:00:00.000Z,,false,26,101,99101,Manistee (County),26075,2026-08-31T00:00:00.000Z,2026050101,5,"W,F,T",2026-08-07T15:01:26.974Z,4e4293a0ca8491aa41012d3c52d02607d0e1ca26,5f9fee56-5670-4ccb-91c0-f073ae79c8a2,2026-06-30,2026-04-10,2026-04-21,,2026-08-31,2026-08-07T15:01:26Z,2026,06,2,2026,11,81,,false,false,Major Disaster,Michigan,Region 5 — Chicago,Chicago,"IL,IN,MI,MN,OH,WI",Flood,Severe Storm; Flood; Tornado,false,true,false,false,true,false,false,false,true,false,false,2,true,true,false,26101,https://www.fema.gov/api/open/v2/DisasterDeclarationsSummaries,https://www.fema.gov/openfema-data-page/disaster-declarations-summaries-v2,2026-08-16T23:00:55Z
DR-4925-MI,4925,MI,DR,2026-06-30T00:00:00.000Z,2026,Flood,"SEVERE STORMS, TORNADOES, AND FLOODING",false,false,true,false,2026-04-10T00:00:00.000Z,2026-04-21T00:00:00.000Z,,false,26,085,99085,Lake (County),26075,2026-08-31T00:00:00.000Z,2026050101,5,"W,F,T",2026-08-07T15:01:26.974Z,665c51c06621b12ebc8f4806c48e3a560f8a2902,2f8814f7-19c6-48c2-9df1-a740556c2ff8,2026-06-30,2026-04-10,2026-04-21,,2026-08-31,2026-08-07T15:01:26Z,2026,06,2,2026,11,81,,false,false,Major Disaster,Michigan,Region 5 — Chicago,Chicago,"IL,IN,MI,MN,OH,WI",Flood,Severe Storm; Flood; Tornado,false,true,false,false,true,false,false,false,true,false,false,1,false,true,false,26085,https://www.fema.gov/api/open/v2/DisasterDeclarationsSummaries,https://www.fema.gov/openfema-data-page/disaster-declarations-summaries-v2,2026-08-16T23:00:55Z
DR-4925-MI,4925,MI,DR,2026-06-30T00:00:00.000Z,2026,Flood,"SEVERE STORMS, TORNADOES, AND FLOODING",true,false,true,false,2026-04-10T00:00:00.000Z,2026-04-21T00:00:00.000Z,,false,26,079,99079,Kalkaska (County),26075,2026-08-31T00:00:00.000Z,2026050101,5,"W,F,T",2026-08-07T15:01:26.974Z,9fd49258e42132386f0d11de5fa3916c8adc89a5,7972aa93-c25b-46e4-9961-23a91f642e77,2026-06-30,2026-04-10,2026-04-21,,2026-08-31,2026-08-07T15:01:26Z,2026,06,2,2026,11,81,,false,false,Major Disaster,Michigan,Region 5 — Chicago,Chicago,"IL,IN,MI,MN,OH,WI",Flood,Severe Storm; Flood; Tornado,false,true,false,false,true,false,false,false,true,false,false,2,true,true,false,26079,https://www.fema.gov/api/open/v2/DisasterDeclarationsSummaries,https://www.fema.gov/openfema-data-page/disaster-declarations-summaries-v2,2026-08-16T23:00:55Z
DR-4925-MI,4925,MI,DR,2026-06-30T00:00:00.000Z,2026,Flood,"SEVERE STORMS, TORNADOES, AND FLOODING",true,false,false,false,2026-04-10T00:00:00.000Z,2026-04-21T00:00:00.000Z,,false,26,077,99077,Kalamazoo (County),26075,2026-08-31T00:00:00.000Z,2026050101,5,"W,F,T",2026-08-07T15:01:26.974Z,e7b80b7649ccf081810d3e6663207c5307679bdf,3cd0b037-215e-4fba-ab5b-6e16aa1a3ca1,2026-06-30,2026-04-10,2026-04-21,,2026-08-31,2026-08-07T15:01:26Z,2026,06,2,2026,11,81,,false,false,Major Disaster,Michigan,Region 5 — Chicago,Chicago,"IL,IN,MI,MN,OH,WI",Flood,Severe Storm; Flood; Tornado,false,true,false,false,true,false,false,false,true,false,false,1,true,false,false,26077,https://www.fema.gov/api/open/v2/DisasterDeclarationsSummaries,https://www.fema.gov/openfema-data-page/disaster-declarations-summaries-v2,2026-08-16T23:00:55Z
DR-4925-MI,4925,MI,DR,2026-06-30T00:00:00.000Z,2026,Flood,"SEVERE STORMS, TORNADOES, AND FLOODING",false,false,true,false,2026-04-10T00:00:00.000Z,2026-04-21T00:00:00.000Z,,false,26,071,99071,Iron (County),26075,2026-08-31T00:00:00.000Z,2026050101,5,"W,F,T",2026-08-07T15:01:26.974Z,88eea65ae531e8f76cdd07dc4a45c32e6cbe39b1,ede87052-f2bd-4e6b-948d-5cd02bd4ec4c,2026-06-30,2026-04-10,2026-04-21,,2026-08-31,2026-08-07T15:01:26Z,2026,06,2,2026,11,81,,false,false,Major Disaster,Michigan,Region 5 — Chicago,Chicago,"IL,IN,MI,MN,OH,WI",Flood,Severe Storm; Flood; Tornado,false,true,false,false,true,false,false,false,true,false,false,1,false,true,false,26071,https://www.fema.gov/api/open/v2/DisasterDeclarationsSummaries,https://www.fema.gov/openfema-data-page/disaster-declarations-summaries-v2,2026-08-16T23:00:55Z
DR-4925-MI,4925,MI,DR,2026-06-30T00:00:00.000Z,2026,Flood,"SEVERE STORMS, TORNADOES, AND FLOODING",true,false,false,false,2026-04-10T00:00:00.000Z,2026-04-21T00:00:00.000Z,,false,26,069,99069,Iosco (County),26075,2026-08-31T00:00:00.000Z,2026050101,5,"W,F,T",2026-08-07T15:01:26.974Z,314eb15f37dd4a3bf8291ca2b9bae127c6b29509,826743c6-372f-434e-bb6e-d7fb68efff0c,2026-06-30,2026-04-10,2026-04-21,,2026-08-31,2026-08-07T15:01:26Z,2026,06,2,2026,11,81,,false,false,Major Disaster,Michigan,Region 5 — Chicago,Chicago,"IL,IN,MI,MN,OH,WI",Flood,Severe Storm; Flood; Tornado,false,true,false,false,true,false,false,false,true,false,false,1,true,false,false,26069,https://www.fema.gov/api/open/v2/DisasterDeclarationsSummaries,https://www.fema.gov/openfema-data-page/disaster-declarations-summaries-v2,2026-08-16T23:00:55Z
DR-4925-MI,4925,MI,DR,2026-06-30T00:00:00.000Z,2026,Flood,"SEVERE STORMS, TORNADOES, AND FLOODING",true,false,true,false,2026-04-10T00:00:00.000Z,2026-04-21T00:00:00.000Z,,false,26,057,99057,Gratiot (County),26075,2026-08-31T00:00:00.000Z,2026050101,5,"W,F,T",2026-08-07T15:01:26.974Z,ff221f7a33329cc1ee1e13c055ab853d59d96d56,f1468f67-e481-4216-87dc-f31ba8c6902b,2026-06-30,2026-04-10,2026-04-21,,2026-08-31,2026-08-07T15:01:26Z,2026,06,2,2026,11,81,,false,false,Major Disaster,Michigan,Region 5 — Chicago,Chicago,"IL,IN,MI,MN,OH,WI",Flood,Severe Storm; Flood; Tornado,false,true,false,false,true,false,false,false,true,false,false,2,true,true,false,26057,https://www.fema.gov/api/open/v2/DisasterDeclarationsSummaries,https://www.fema.gov/openfema-data-page/disaster-declarations-summaries-v2,2026-08-16T23:00:55Z
DR-4925-MI,4925,MI,DR,2026-06-30T00:00:00.000Z,2026,Flood,"SEVERE STORMS, TORNADOES, AND FLOODING",true,false,true,false,2026-04-10T00:00:00.000Z,2026-04-21T00:00:00.000Z,,false,26,055,99055,Grand Traverse (County),26075,2026-08-31T00:00:00.000Z,2026050101,5,"W,F,T",2026-08-07T15:01:26.974Z,c35dc04e3f9925495e65586cf83a0dd0bcf83522,dde810f8-21d0-41e1-a1df-87fcb8754e94,2026-06-30,2026-04-10,2026-04-21,,2026-08-31,2026-08-07T15:01:26Z,2026,06,2,2026,11,81,,false,false,Major Disaster,Michigan,Region 5 — Chicago,Chicago,"IL,IN,MI,MN,OH,WI",Flood,Severe Storm; Flood; Tornado,false,true,false,false,true,false,false,false,true,false,false,2,true,true,false,26055,https://www.fema.gov/api/open/v2/DisasterDeclarationsSummaries,https://www.fema.gov/openfema-data-page/disaster-declarations-summaries-v2,2026-08-16T23:00:55Z
DR-4925-MI,4925,MI,DR,2026-06-30T00:00:00.000Z,2026,Flood,"SEVERE STORMS, TORNADOES, AND FLOODING",true,false,true,false,2026-04-10T00:00:00.000Z,2026-04-21T00:00:00.000Z,,false,26,047,99047,Emmet (County),26075,2026-08-31T00:00:00.000Z,2026050101,5,"W,F,T",2026-08-07T15:01:26.974Z,f4e0c41fd4911a7ffc85fa11a269266aa2b3192b,ac848d8e-8551-45fa-be0c-52bec0a87516,2026-06-30,2026-04-10,2026-04-21,,2026-08-31,2026-08-07T15:01:26Z,2026,06,2,2026,11,81,,false,false,Major Disaster,Michigan,Region 5 — Chicago,Chicago,"IL,IN,MI,MN,OH,WI",Flood,Severe Storm; Flood; Tornado,false,true,false,false,true,false,false,false,true,false,false,2,true,true,false,26047,https://www.fema.gov/api/open/v2/DisasterDeclarationsSummaries,https://www.fema.gov/openfema-data-page/disaster-declarations-summaries-v2,2026-08-16T23:00:55Z
DR-4925-MI,4925,MI,DR,2026-06-30T00:00:00.000Z,2026,Flood,"SEVERE STORMS, TORNADOES, AND FLOODING",false,false,true,false,2026-04-10T00:00:00.000Z,2026-04-21T00:00:00.000Z,,false,26,045,99045,Eaton (County),26075,2026-08-31T00:00:00.000Z,2026050101,5,"W,F,T",2026-08-07T15:01:26.974Z,8b076db62666db800f0ec2e761f4b1d44f22abaf,36ee560d-6e13-4b1f-8507-50cf2cc3e7fa,2026-06-30,2026-04-10,2026-04-21,,2026-08-31,2026-08-07T15:01:26Z,2026,06,2,2026,11,81,,false,false,Major Disaster,Michigan,Region 5 — Chicago,Chicago,"IL,IN,MI,MN,OH,WI",Flood,Severe Storm; Flood; Tornado,false,true,false,false,true,false,false,false,true,false,false,1,false,true,false,26045,https://www.fema.gov/api/open/v2/DisasterDeclarationsSummaries,https://www.fema.gov/openfema-data-page/disaster-declarations-summaries-v2,2026-08-16T23:00:55Z
DR-4925-MI,4925,MI,DR,2026-06-30T00:00:00.000Z,2026,Flood,"SEVERE STORMS, TORNADOES, AND FLOODING",true,false,true,false,2026-04-10T00:00:00.000Z,2026-04-21T00:00:00.000Z,,false,26,039,99039,Crawford (County),26075,2026-08-31T00:00:00.000Z,2026050101,5,"W,F,T",2026-08-07T15:01:26.974Z,d3453c1cceb97580139ff8615e8f0fd1818988e5,940e7c64-dee4-4904-bff2-59559509ec91,2026-06-30,2026-04-10,2026-04-21,,2026-08-31,2026-08-07T15:01:26Z,2026,06,2,2026,11,81,,false,false,Major Disaster,Michigan,Region 5 — Chicago,Chicago,"IL,IN,MI,MN,OH,WI",Flood,Severe Storm; Flood; Tornado,false,true,false,false,true,false,false,false,true,false,false,2,true,true,false,26039,https://www.fema.gov/api/open/v2/DisasterDeclarationsSummaries,https://www.fema.gov/openfema-data-page/disaster-declarations-summaries-v2,2026-08-16T23:00:55Z
DR-4925-MI,4925,MI,DR,2026-06-30T00:00:00.000Z,2026,Flood,"SEVERE STORMS, TORNADOES, AND FLOODING",true,false,true,false,2026-04-10T00:00:00.000Z,2026-04-21T00:00:00.000Z,,false,26,031,99031,Cheboygan (County),26075,2026-08-31T00:00:00.000Z,2026050101,5,"W,F,T",2026-08-07T15:01:26.974Z,522fe8de9e04eb6cc327c94226ce7fcb22aaefb6,de6b3e89-13f2-470d-a7bc-749970f68b96,2026-06-30,2026-04-10,2026-04-21,,2026-08-31,2026-08-07T15:01:26Z,2026,06,2,2026,11,81,,false,false,Major Disaster,Michigan,Region 5 — Chicago,Chicago,"IL,IN,MI,MN,OH,WI",Flood,Severe Storm; Flood; Tornado,false,true,false,false,true,false,false,false,true,false,false,2,true,true,false,26031,https://www.fema.gov/api/open/v2/DisasterDeclarationsSummaries,https://www.fema.gov/openfema-data-page/disaster-declarations-summaries-v2,2026-08-16T23:00:55Z
DR-4925-MI,4925,MI,DR,2026-06-30T00:00:00.000Z,2026,Flood,"SEVERE STORMS, TORNADOES, AND FLOODING",true,false,true,false,2026-04-10T00:00:00.000Z,2026-04-21T00:00:00.000Z,,false,26,029,99029,Charlevoix (County),26075,2026-08-31T00:00:00.000Z,2026050101,5,"W,F,T",2026-08-07T15:01:26.974Z,a47bb40b5bed41d43fafa791bc233276d3040963,6a1fdf4b-6127-4752-91b5-4fc2a0f9b0a3,2026-06-30,2026-04-10,2026-04-21,,2026-08-31,2026-08-07T15:01:26Z,2026,06,2,2026,11,81,,false,false,Major Disaster,Michigan,Region 5 — Chicago,Chicago,"IL,IN,MI,MN,OH,WI",Flood,Severe Storm; Flood; Tornado,false,true,false,false,true,false,false,false,true,false,false,2,true,true,false,26029,https://www.fema.gov/api/open/v2/DisasterDeclarationsSummaries,https://www.fema.gov/openfema-data-page/disaster-declarations-summaries-v2,2026-08-16T23:00:55Z
DR-4925-MI,4925,MI,DR,2026-06-30T00:00:00.000Z,2026,Flood,"SEVERE STORMS, TORNADOES, AND FLOODING",true,false,true,false,2026-04-10T00:00:00.000Z,2026-04-21T00:00:00.000Z,,false,26,019,99019,Benzie (County),26075,2026-08-31T00:00:00.000Z,2026050101,5,"W,F,T",2026-08-07T15:01:26.974Z,f8349100773792b45b113988e0b39a587b5d9a24,30b70b86-5458-490f-9760-dac8a883b3c1,2026-06-30,2026-04-10,2026-04-21,,2026-08-31,2026-08-07T15:01:26Z,2026,06,2,2026,11,81,,false,false,Major Disaster,Michigan,Region 5 — Chicago,Chicago,"IL,IN,MI,MN,OH,WI",Flood,Severe Storm; Flood; Tornado,false,true,false,false,true,false,false,false,true,false,false,2,true,true,false,26019,https://www.fema.gov/api/open/v2/DisasterDeclarationsSummaries,https://www.fema.gov/openfema-data-page/disaster-declarations-summaries-v2,2026-08-16T23:00:55Z
DR-4925-MI,4925,MI,DR,2026-06-30T00:00:00.000Z,2026,Flood,"SEVERE STORMS, TORNADOES, AND FLOODING",true,false,false,false,2026-04-10T00:00:00.000Z,2026-04-21T00:00:00.000Z,,false,26,015,99015,Barry (County),26075,2026-08-31T00:00:00.000Z,2026050101,5,"W,F,T",2026-08-07T15:01:26.974Z,c99136c48cf5a412cbee17da373f370e24c4bb16,3bb9963c-6fc2-4e7b-b627-3f66462c5daf,2026-06-30,2026-04-10,2026-04-21,,2026-08-31,2026-08-07T15:01:26Z,2026,06,2,2026,11,81,,false,false,Major Disaster,Michigan,Region 5 — Chicago,Chicago,"IL,IN,MI,MN,OH,WI",Flood,Severe Storm; Flood; Tornado,false,true,false,false,true,false,false,false,true,false,false,1,true,false,false,26015,https://www.fema.gov/api/open/v2/DisasterDeclarationsSummaries,https://www.fema.gov/openfema-data-page/disaster-declarations-summaries-v2,2026-08-16T23:00:55Z
DR-4925-MI,4925,MI,DR,2026-06-30T00:00:00.000Z,2026,Flood,"SEVERE STORMS, TORNADOES, AND FLOODING",true,false,false,false,2026-04-10T00:00:00.000Z,2026-04-21T00:00:00.000Z,,false,26,009,99009,Antrim (County),26075,2026-08-31T00:00:00.000Z,2026050101,5,"W,F,T",2026-08-07T15:01:26.974Z,5c43b7373db28d3b861bd1589e11dfaabf015d94,270502cc-7566-48e9-ac8e-d6616bcdf7ea,2026-06-30,2026-04-10,2026-04-21,,2026-08-31,2026-08-07T15:01:26Z,2026,06,2,2026,11,81,,false,false,Major Disaster,Michigan,Region 5 — Chicago,Chicago,"IL,IN,MI,MN,OH,WI",Flood,Severe Storm; Flood; Tornado,false,true,false,false,true,false,false,false,true,false,false,1,true,false,false,26009,https://www.fema.gov/api/open/v2/DisasterDeclarationsSummaries,https://www.fema.gov/openfema-data-page/disaster-declarations-summaries-v2,2026-08-16T23:00:55Z
DR-4925-MI,4925,MI,DR,2026-06-30T00:00:00.000Z,2026,Flood,"SEVERE STORMS, TORNADOES, AND FLOODING",true,false,true,false,2026-04-10T00:00:00.000Z,2026-04-21T00:00:00.000Z,,false,26,007,99007,Alpena (County),26075,2026-08-31T00:00:00.000Z,2026050101,5,"W,F,T",2026-08-07T15:01:26.974Z,27e0405ab663390ef84b32aeb9ff21fb5944c8cf,4488dd47-3d00-4d35-be71-5355381934ac,2026-06-30,2026-04-10,2026-04-21,,2026-08-31,2026-08-07T15:01:26Z,2026,06,2,2026,11,81,,false,false,Major Disaster,Michigan,Region 5 — Chicago,Chicago,"IL,IN,MI,MN,OH,WI",Flood,Severe Storm; Flood; Tornado,false,true,false,false,true,false,false,false,true,false,false,2,true,true,false,26007,https://www.fema.gov/api/open/v2/DisasterDeclarationsSummaries,https://www.fema.gov/openfema-data-page/disaster-declarations-summaries-v2,2026-08-16T23:00:55Z
DR-4925-MI,4925,MI,DR,2026-06-30T00:00:00.000Z,2026,Flood,"SEVERE STORMS, TORNADOES, AND FLOODING",true,false,false,false,2026-04-10T00:00:00.000Z,2026-04-21T00:00:00.000Z,,false,26,005,99005,Allegan (County),26075,2026-08-31T00:00:00.000Z,2026050101,5,"W,F,T",2026-08-07T15:01:26.974Z,36f5517dbfdbaaf7c342cae89630178fc5eb10e7,9daa6cff-bd76-4045-b236-a169fb0be645,2026-06-30,2026-04-10,2026-04-21,,2026-08-31,2026-08-07T15:01:26Z,2026,06,2,2026,11,81,,false,false,Major Disaster,Michigan,Region 5 — Chicago,Chicago,"IL,IN,MI,MN,OH,WI",Flood,Severe Storm; Flood; Tornado,false,true,false,false,true,false,false,false,true,false,false,1,true,false,false,26005,https://www.fema.gov/api/open/v2/DisasterDeclarationsSummaries,https://www.fema.gov/openfema-data-page/disaster-declarations-summaries-v2,2026-08-16T23:00:55Z
DR-4925-MI,4925,MI,DR,2026-06-30T00:00:00.000Z,2026,Flood,"SEVERE STORMS, TORNADOES, AND FLOODING",true,false,true,false,2026-04-10T00:00:00.000Z,2026-04-21T00:00:00.000Z,,false,26,001,99001,Alcona (County),26075,2026-08-31T00:00:00.000Z,2026050101,5,"W,F,T",2026-08-07T15:01:26.974Z,3760d5f06d5bc984a7446af9b6fae40804395ffd,2f107355-6c2e-4f94-a0d6-7de086e43d04,2026-06-30,2026-04-10,2026-04-21,,2026-08-31,2026-08-07T15:01:26Z,2026,06,2,2026,11,81,,false,false,Major Disaster,Michigan,Region 5 — Chicago,Chicago,"IL,IN,MI,MN,OH,WI",Flood,Severe Storm; Flood; Tornado,false,true,false,false,true,false,false,false,true,false,false,2,true,true,false,26001,https://www.fema.gov/api/open/v2/DisasterDeclarationsSummaries,https://www.fema.gov/openfema-data-page/disaster-declarations-summaries-v2,2026-08-16T23:00:55Z
DR-4924-MO,4924,MO,DR,2026-06-30T00:00:00.000Z,2026,Severe Storm,"SEVERE STORMS, TORNADOES, AND FLOODING",false,false,true,false,2026-04-23T00:00:00.000Z,2026-04-28T00:00:00.000Z,,false,29,195,99195,Saline (County),26080,,2026042701,7,"2,W,F,T",2026-08-07T15:01:26.974Z,e1b5df5ff474e76a15913c0c226aa35aad8d3635,e68d7fc6-9fe9-4663-8e4e-1b3dff5b5eca,2026-06-30,2026-04-23,2026-04-28,,,2026-08-07T15:01:26Z,2026,06,2,2026,5,68,,false,false,Major Disaster,Missouri,Region 7 — Kansas City,Kansas City,"IA,KS,MO,NE",Severe storm,Straight-Line Winds; Severe Storm; Flood; Tornado,false,true,false,false,true,false,false,false,true,false,false,1,false,true,false,29195,https://www.fema.gov/api/open/v2/DisasterDeclarationsSummaries,https://www.fema.gov/openfema-data-page/disaster-declarations-summaries-v2,2026-08-16T23:00:55Z
DR-4924-MO,4924,MO,DR,2026-06-30T00:00:00.000Z,2026,Severe Storm,"SEVERE STORMS, TORNADOES, AND FLOODING",false,false,true,false,2026-04-23T00:00:00.000Z,2026-04-28T00:00:00.000Z,,false,29,187,99187,St. Francois (County),26080,,2026042701,7,"2,W,F,T",2026-08-07T15:01:26.974Z,4415ee8603508513667794b5543527df951c90b0,fd2be4cf-4979-4d16-b41a-01ea3e41ebb8,2026-06-30,2026-04-23,2026-04-28,,,2026-08-07T15:01:26Z,2026,06,2,2026,5,68,,false,false,Major Disaster,Missouri,Region 7 — Kansas City,Kansas City,"IA,KS,MO,NE",Severe storm,Straight-Line Winds; Severe Storm; Flood; Tornado,false,true,false,false,true,false,false,false,true,false,false,1,false,true,false,29187,https://www.fema.gov/api/open/v2/DisasterDeclarationsSummaries,https://www.fema.gov/openfema-data-page/disaster-declarations-summaries-v2,2026-08-16T23:00:55Z
DR-4924-MO,4924,MO,DR,2026-06-30T00:00:00.000Z,2026,Severe Storm,"SEVERE STORMS, TORNADOES, AND FLOODING",false,false,true,false,2026-04-23T00:00:00.000Z,2026-04-28T00:00:00.000Z,,false,29,181,99181,Ripley (County),26080,,2026042701,7,"2,W,F,T",2026-08-07T15:01:26.974Z,342f34cedd281456e4969e69fe4dbe33384c33ae,13b9a29b-0427-4b0c-846b-37738cd16231,2026-06-30,2026-04-23,2026-04-28,,,2026-08-07T15:01:26Z,2026,06,2,2026,5,68,,false,false,Major Disaster,Missouri,Region 7 — Kansas City,Kansas City,"IA,KS,MO,NE",Severe storm,Straight-Line Winds; Severe Storm; Flood; Tornado,false,true,false,false,true,false,false,false,true,false,false,1,false,true,false,29181,https://www.fema.gov/api/open/v2/DisasterDeclarationsSummaries,https://www.fema.gov/openfema-data-page/disaster-declarations-summaries-v2,2026-08-16T23:00:55Z
DR-4924-MO,4924,MO,DR,2026-06-30T00:00:00.000Z,2026,Severe Storm,"SEVERE STORMS, TORNADOES, AND FLOODING",false,false,true,false,2026-04-23T00:00:00.000Z,2026-04-28T00:00:00.000Z,,false,29,175,99175,Randolph (County),26080,,2026042701,7,"2,W,F,T",2026-08-07T15:01:26.974Z,2446173763f59b08cf8f049bf63914dac1cd0b9b,036d93e4-747f-4ecc-be0e-306705f3d9bf,2026-06-30,2026-04-23,2026-04-28,,,2026-08-07T15:01:26Z,2026,06,2,2026,5,68,,false,false,Major Disaster,Missouri,Region 7 — Kansas City,Kansas City,"IA,KS,MO,NE",Severe storm,Straight-Line Winds; Severe Storm; Flood; Tornado,false,true,false,false,true,false,false,false,true,false,false,1,false,true,false,29175,https://www.fema.gov/api/open/v2/DisasterDeclarationsSummaries,https://www.fema.gov/openfema-data-page/disaster-declarations-summaries-v2,2026-08-16T23:00:55Z
DR-4924-MO,4924,MO,DR,2026-06-30T00:00:00.000Z,2026,Severe Storm,"SEVERE STORMS, TORNADOES, AND FLOODING",false,false,true,false,2026-04-23T00:00:00.000Z,2026-04-28T00:00:00.000Z,,false,29,137,99137,Monroe (County),26080,,2026042701,7,"2,W,F,T",2026-08-07T15:01:26.974Z,3c3ddf1121edcf086407b36551d8175da2824a35,1a8ca581-12ac-40a5-b536-8c789605811d,2026-06-30,2026-04-23,2026-04-28,,,2026-08-07T15:01:26Z,2026,06,2,2026,5,68,,false,false,Major Disaster,Missouri,Region 7 — Kansas City,Kansas City,"IA,KS,MO,NE",Severe storm,Straight-Line Winds; Severe Storm; Flood; Tornado,false,true,false,false,true,false,false,false,true,false,false,1,false,true,false,29137,https://www.fema.gov/api/open/v2/DisasterDeclarationsSummaries,https://www.fema.gov/openfema-data-page/disaster-declarations-summaries-v2,2026-08-16T23:00:55Z
DR-4924-MO,4924,MO,DR,2026-06-30T00:00:00.000Z,2026,Severe Storm,"SEVERE STORMS, TORNADOES, AND FLOODING",false,false,true,false,2026-04-23T00:00:00.000Z,2026-04-28T00:00:00.000Z,,false,29,089,99089,Howard (County),26080,,2026042701,7,"2,W,F,T",2026-08-07T15:01:26.974Z,2cb17d38d0dff38773e87b032cb5a472a4c09299,e730456e-e11e-4aa0-ba95-346d4766755b,2026-06-30,2026-04-23,2026-04-28,,,2026-08-07T15:01:26Z,2026,06,2,2026,5,68,,false,false,Major Disaster,Missouri,Region 7 — Kansas City,Kansas City,"IA,KS,MO,NE",Severe storm,Straight-Line Winds; Severe Storm; Flood; Tornado,false,true,false,false,true,false,false,false,true,false,false,1,false,true,false,29089,https://www.fema.gov/api/open/v2/DisasterDeclarationsSummaries,https://www.fema.gov/openfema-data-page/disaster-declarations-summaries-v2,2026-08-16T23:00:55Z
DR-4924-MO,4924,MO,DR,2026-06-30T00:00:00.000Z,2026,Severe Storm,"SEVERE STORMS, TORNADOES, AND FLOODING",false,false,true,false,2026-04-23T00:00:00.000Z,2026-04-28T00:00:00.000Z,,false,29,087,99087,Holt (County),26080,,2026042701,7,"2,W,F,T",2026-08-07T15:01:26.974Z,bae4c1c49a4f0dafd8ee3260b21ecf5f0fa60436,5dd02afa-0929-4232-9016-d1a96557cf48,2026-06-30,2026-04-23,2026-04-28,,,2026-08-07T15:01:26Z,2026,06,2,2026,5,68,,false,false,Major Disaster,Missouri,Region 7 — Kansas City,Kansas City,"IA,KS,MO,NE",Severe storm,Straight-Line Winds; Severe Storm; Flood; Tornado,false,true,false,false,true,false,false,false,true,false,false,1,false,true,false,29087,https://www.fema.gov/api/open/v2/DisasterDeclarationsSummaries,https://www.fema.gov/openfema-data-page/disaster-declarations-summaries-v2,2026-08-16T23:00:55Z
DR-4924-MO,4924,MO,DR,2026-06-30T00:00:00.000Z,2026,Severe Storm,"SEVERE STORMS, TORNADOES, AND FLOODING",false,false,true,false,2026-04-23T00:00:00.000Z,2026-04-28T00:00:00.000Z,,false,29,077,99077,Greene (County),26080,,2026042701,7,"2,W,F,T",2026-08-07T15:01:26.974Z,5fd00e48ae1ac0935c30c7305c5d2b0d4931b6be,a984075b-cab4-4320-8bb0-bb9dbdf25ead,2026-06-30,2026-04-23,2026-04-28,,,2026-08-07T15:01:26Z,2026,06,2,2026,5,68,,false,false,Major Disaster,Missouri,Region 7 — Kansas City,Kansas City,"IA,KS,MO,NE",Severe storm,Straight-Line Winds; Severe Storm; Flood; Tornado,false,true,false,false,true,false,false,false,true,false,false,1,false,true,false,29077,https://www.fema.gov/api/open/v2/DisasterDeclarationsSummaries,https://www.fema.gov/openfema-data-page/disaster-declarations-summaries-v2,2026-08-16T23:00:55Z
DR-4924-MO,4924,MO,DR,2026-06-30T00:00:00.000Z,2026,Severe Storm,"SEVERE STORMS, TORNADOES, AND FLOODING",false,false,true,false,2026-04-23T00:00:00.000Z,2026-04-28T00:00:00.000Z,,false,29,041,99041,Chariton (County),26080,,2026042701,7,"2,W,F,T",2026-08-07T15:01:26.974Z,b83b9ca22bd3801d7f7454c50c24ca8f3f09158f,c415ea63-6203-4043-b2a9-b90bde493cd1,2026-06-30,2026-04-23,2026-04-28,,,2026-08-07T15:01:26Z,2026,06,2,2026,5,68,,false,false,Major Disaster,Missouri,Region 7 — Kansas City,Kansas City,"IA,KS,MO,NE",Severe storm,Straight-Line Winds; Severe Storm; Flood; Tornado,false,true,false,false,true,false,false,false,true,false,false,1,false,true,false,29041,https://www.fema.gov/api/open/v2/DisasterDeclarationsSummaries,https://www.fema.gov/openfema-data-page/disaster-declarations-summaries-v2,2026-08-16T23:00:55Z
DR-4924-MO,4924,MO,DR,2026-06-30T00:00:00.000Z,2026,Severe Storm,"SEVERE STORMS, TORNADOES, AND FLOODING",false,false,true,false,2026-04-23T00:00:00.000Z,2026-04-28T00:00:00.000Z,,false,29,033,99033,Carroll (County),26080,,2026042701,7,"2,W,F,T",2026-08-07T15:01:26.974Z,1dbee8e0d82750dd1615febcdc0fbd7cd07ef1be,7ff3ed72-deb8-4da9-b958-59ace3e48e5f,2026-06-30,2026-04-23,2026-04-28,,,2026-08-07T15:01:26Z,2026,06,2,2026,5,68,,false,false,Major Disaster,Missouri,Region 7 — Kansas City,Kansas City,"IA,KS,MO,NE",Severe storm,Straight-Line Winds; Severe Storm; Flood; Tornado,false,true,false,false,true,false,false,false,true,false,false,1,false,true,false,29033,https://www.fema.gov/api/open/v2/DisasterDeclarationsSummaries,https://www.fema.gov/openfema-data-page/disaster-declarations-summaries-v2,2026-08-16T23:00:55Z
DR-4923-WI,4923,WI,DR,2026-06-30T00:00:00.000Z,2026,Flood,"SEVERE STORMS, TORNADOES, AND FLOODING",true,false,false,false,2026-04-13T00:00:00.000Z,2026-04-23T00:00:00.000Z,,false,55,139,99139,Winnebago (County),26072,2026-08-31T00:00:00.000Z,2026042801,5,"W,F,T",2026-08-07T15:01:26.974Z,2980c8503fbe75e2c7d9c7a631e8406ee326e6cc,da15ec3f-9fb3-4fb9-adc1-5056b741abba,2026-06-30,2026-04-13,2026-04-23,,2026-08-31,2026-08-07T15:01:26Z,2026,06,2,2026,10,78,,false,false,Major Disaster,Wisconsin,Region 5 — Chicago,Chicago,"IL,IN,MI,MN,OH,WI",Flood,Severe Storm; Flood; Tornado,false,true,false,false,true,false,false,false,true,false,false,1,true,false,false,55139,https://www.fema.gov/api/open/v2/DisasterDeclarationsSummaries,https://www.fema.gov/openfema-data-page/disaster-declarations-summaries-v2,2026-08-16T23:00:55Z
DR-4923-WI,4923,WI,DR,2026-06-30T00:00:00.000Z,2026,Flood,"SEVERE STORMS, TORNADOES, AND FLOODING",true,false,true,false,2026-04-13T00:00:00.000Z,2026-04-23T00:00:00.000Z,,false,55,135,99135,Waupaca (County),26072,2026-08-31T00:00:00.000Z,2026042801,5,"W,F,T",2026-08-07T15:01:26.974Z,057dcee5f238aaaf2422c28397f98bc3a3ea5895,633631be-16e3-41b9-93c9-8bb5e69582f0,2026-06-30,2026-04-13,2026-04-23,,2026-08-31,2026-08-07T15:01:26Z,2026,06,2,2026,10,78,,false,false,Major Disaster,Wisconsin,Region 5 — Chicago,Chicago,"IL,IN,MI,MN,OH,WI",Flood,Severe Storm; Flood; Tornado,false,true,false,false,true,false,false,false,true,false,false,2,true,true,false,55135,https://www.fema.gov/api/open/v2/DisasterDeclarationsSummaries,https://www.fema.gov/openfema-data-page/disaster-declarations-summaries-v2,2026-08-16T23:00:55Z
DR-4923-WI,4923,WI,DR,2026-06-30T00:00:00.000Z,2026,Flood,"SEVERE STORMS, TORNADOES, AND FLOODING",true,false,false,false,2026-04-13T00:00:00.000Z,2026-04-23T00:00:00.000Z,,false,55,133,99133,Waukesha (County),26072,2026-08-31T00:00:00.000Z,2026042801,5,"W,F,T",2026-08-07T15:01:26.974Z,a2d27385e6ac658e7d8e982d8081af9b39fc3d61,2f1fcecb-2ce1-4989-b4ad-53dc95829e89,2026-06-30,2026-04-13,2026-04-23,,2026-08-31,2026-08-07T15:01:26Z,2026,06,2,2026,10,78,,false,false,Major Disaster,Wisconsin,Region 5 — Chicago,Chicago,"IL,IN,MI,MN,OH,WI",Flood,Severe Storm; Flood; Tornado,false,true,false,false,true,false,false,false,true,false,false,1,true,false,false,55133,https://www.fema.gov/api/open/v2/DisasterDeclarationsSummaries,https://www.fema.gov/openfema-data-page/disaster-declarations-summaries-v2,2026-08-16T23:00:55Z
DR-4923-WI,4923,WI,DR,2026-06-30T00:00:00.000Z,2026,Flood,"SEVERE STORMS, TORNADOES, AND FLOODING",true,false,false,false,2026-04-13T00:00:00.000Z,2026-04-23T00:00:00.000Z,,false,55,131,99131,Washington (County),26072,2026-08-31T00:00:00.000Z,2026042801,5,"W,F,T",2026-08-07T15:01:26.974Z,aba4b919bbe298405a52e1bc42a6d6eec22e005e,edb870c7-bf40-4a5c-b06b-f42f181801e5,2026-06-30,2026-04-13,2026-04-23,,2026-08-31,2026-08-07T15:01:26Z,2026,06,2,2026,10,78,,false,false,Major Disaster,Wisconsin,Region 5 — Chicago,Chicago,"IL,IN,MI,MN,OH,WI",Flood,Severe Storm; Flood; Tornado,false,true,false,false,true,false,false,false,true,false,false,1,true,false,false,55131,https://www.fema.gov/api/open/v2/DisasterDeclarationsSummaries,https://www.fema.gov/openfema-data-page/disaster-declarations-summaries-v2,2026-08-16T23:00:55Z
DR-4923-WI,4923,WI,DR,2026-06-30T00:00:00.000Z,2026,Flood,"SEVERE STORMS, TORNADOES, AND FLOODING",true,false,true,false,2026-04-13T00:00:00.000Z,2026-04-23T00:00:00.000Z,,false,55,123,99123,Vernon (County),26072,2026-08-31T00:00:00.000Z,2026042801,5,"W,F,T",2026-08-07T15:01:26.974Z,be03e1db42b17da9d936ca50687bbaf80bf8ffcd,edd42197-99be-484f-b841-71de960d82b9,2026-06-30,2026-04-13,2026-04-23,,2026-08-31,2026-08-07T15:01:26Z,2026,06,2,2026,10,78,,false,false,Major Disaster,Wisconsin,Region 5 — Chicago,Chicago,"IL,IN,MI,MN,OH,WI",Flood,Severe Storm; Flood; Tornado,false,true,false,false,true,false,false,false,true,false,false,2,true,true,false,55123,https://www.fema.gov/api/open/v2/DisasterDeclarationsSummaries,https://www.fema.gov/openfema-data-page/disaster-declarations-summaries-v2,2026-08-16T23:00:55Z
DR-4923-WI,4923,WI,DR,2026-06-30T00:00:00.000Z,2026,Flood,"SEVERE STORMS, TORNADOES, AND FLOODING",true,false,false,false,2026-04-13T00:00:00.000Z,2026-04-23T00:00:00.000Z,,false,55,111,99111,Sauk (County),26072,2026-08-31T00:00:00.000Z,2026042801,5,"W,F,T",2026-08-07T15:01:26.974Z,3630ce12f9223b12bd9c0c46ed02dd84e35a5740,a419b6c9-8dd8-4619-bdcf-42694fb2c823,2026-06-30,2026-04-13,2026-04-23,,2026-08-31,2026-08-07T15:01:26Z,2026,06,2,2026,10,78,,false,false,Major Disaster,Wisconsin,Region 5 — Chicago,Chicago,"IL,IN,MI,MN,OH,WI",Flood,Severe Storm; Flood; Tornado,false,true,false,false,true,false,false,false,true,false,false,1,true,false,false,55111,https://www.fema.gov/api/open/v2/DisasterDeclarationsSummaries,https://www.fema.gov/openfema-data-page/disaster-declarations-summaries-v2,2026-08-16T23:00:55Z
DR-4923-WI,4923,WI,DR,2026-06-30T00:00:00.000Z,2026,Flood,"SEVERE STORMS, TORNADOES, AND FLOODING",true,false,true,false,2026-04-13T00:00:00.000Z,2026-04-23T00:00:00.000Z,,false,55,105,99105,Rock (County),26072,2026-08-31T00:00:00.000Z,2026042801,5,"W,F,T",2026-08-07T15:01:26.974Z,79d2b72d0d05ec4f08b54a4d893febc4a502efe6,2617a12c-125b-483d-82f1-697dcb9766d7,2026-06-30,2026-04-13,2026-04-23,,2026-08-31,2026-08-07T15:01:26Z,2026,06,2,2026,10,78,,false,false,Major Disaster,Wisconsin,Region 5 — Chicago,Chicago,"IL,IN,MI,MN,OH,WI",Flood,Severe Storm; Flood; Tornado,false,true,false,false,true,false,false,false,true,false,false,2,true,true,false,55105,https://www.fema.gov/api/open/v2/DisasterDeclarationsSummaries,https://www.fema.gov/openfema-data-page/disaster-declarations-summaries-v2,2026-08-16T23:00:55Z
DR-4923-WI,4923,WI,DR,2026-06-30T00:00:00.000Z,2026,Flood,"SEVERE STORMS, TORNADOES, AND FLOODING",true,false,false,false,2026-04-13T00:00:00.000Z,2026-04-23T00:00:00.000Z,,false,55,101,99101,Racine (County),26072,2026-08-31T00:00:00.000Z,2026042801,5,"W,F,T",2026-08-07T15:01:26.974Z,e93fad590080049b01765d2edf4b5d9f639d8c05,e483c8a8-2c61-4082-947e-927a793095cb,2026-06-30,2026-04-13,2026-04-23,,2026-08-31,2026-08-07T15:01:26Z,2026,06,2,2026,10,78,,false,false,Major Disaster,Wisconsin,Region 5 — Chicago,Chicago,"IL,IN,MI,MN,OH,WI",Flood,Severe Storm; Flood; Tornado,false,true,false,false,true,false,false,false,true,false,false,1,true,false,false,55101,https://www.fema.gov/api/open/v2/DisasterDeclarationsSummaries,https://www.fema.gov/openfema-data-page/disaster-declarations-summaries-v2,2026-08-16T23:00:55Z
DR-4923-WI,4923,WI,DR,2026-06-30T00:00:00.000Z,2026,Flood,"SEVERE STORMS, TORNADOES, AND FLOODING",true,false,true,false,2026-04-13T00:00:00.000Z,2026-04-23T00:00:00.000Z,,false,55,087,99087,Outagamie (County),26072,2026-08-31T00:00:00.000Z,2026042801,5,"W,F,T",2026-08-07T15:01:26.974Z,78d7846cae7b4cc09a38d8c8a9c67d29b8acce9b,9df1e1ba-870d-49ec-99ed-26c797948261,2026-06-30,2026-04-13,2026-04-23,,2026-08-31,2026-08-07T15:01:26Z,2026,06,2,2026,10,78,,false,false,Major Disaster,Wisconsin,Region 5 — Chicago,Chicago,"IL,IN,MI,MN,OH,WI",Flood,Severe Storm; Flood; Tornado,false,true,false,false,true,false,false,false,true,false,false,2,true,true,false,55087,https://www.fema.gov/api/open/v2/DisasterDeclarationsSummaries,https://www.fema.gov/openfema-data-page/disaster-declarations-summaries-v2,2026-08-16T23:00:55Z
DR-4923-WI,4923,WI,DR,2026-06-30T00:00:00.000Z,2026,Flood,"SEVERE STORMS, TORNADOES, AND FLOODING",true,false,false,false,2026-04-13T00:00:00.000Z,2026-04-23T00:00:00.000Z,,false,55,079,99079,Milwaukee (County),26072,2026-08-31T00:00:00.000Z,2026042801,5,"W,F,T",2026-08-07T15:01:26.974Z,e5c46dee2c1dfdc553841bda48028c7744468e9f,ed1438d1-87ef-4384-a431-a027b451fdc3,2026-06-30,2026-04-13,2026-04-23,,2026-08-31,2026-08-07T15:01:26Z,2026,06,2,2026,10,78,,false,false,Major Disaster,Wisconsin,Region 5 — Chicago,Chicago,"IL,IN,MI,MN,OH,WI",Flood,Severe Storm; Flood; Tornado,false,true,false,false,true,false,false,false,true,false,false,1,true,false,false,55079,https://www.fema.gov/api/open/v2/DisasterDeclarationsSummaries,https://www.fema.gov/openfema-data-page/disaster-declarations-summaries-v2,2026-08-16T23:00:55Z
DR-4923-WI,4923,WI,DR,2026-06-30T00:00:00.000Z,2026,Flood,"SEVERE STORMS, TORNADOES, AND FLOODING",true,false,false,false,2026-04-13T00:00:00.000Z,2026-04-23T00:00:00.000Z,,false,55,073,99073,Marathon (County),26072,2026-08-31T00:00:00.000Z,2026042801,5,"W,F,T",2026-08-07T15:01:26.974Z,b091c1a3b87ebeb11dd6922428488052e963b5d6,413cbec8-7c23-4c60-8983-b9cf98d77aa5,2026-06-30,2026-04-13,2026-04-23,,2026-08-31,2026-08-07T15:01:26Z,2026,06,2,2026,10,78,,false,false,Major Disaster,Wisconsin,Region 5 — Chicago,Chicago,"IL,IN,MI,MN,OH,WI",Flood,Severe Storm; Flood; Tornado,false,true,false,false,true,false,false,false,true,false,false,1,true,false,false,55073,https://www.fema.gov/api/open/v2/DisasterDeclarationsSummaries,https://www.fema.gov/openfema-data-page/disaster-declarations-summaries-v2,2026-08-16T23:00:55Z
DR-4923-WI,4923,WI,DR,2026-06-30T00:00:00.000Z,2026,Flood,"SEVERE STORMS, TORNADOES, AND FLOODING",true,false,false,false,2026-04-13T00:00:00.000Z,2026-04-23T00:00:00.000Z,,false,55,071,99071,Manitowoc (County),26072,2026-08-31T00:00:00.000Z,2026042801,5,"W,F,T",2026-08-07T15:01:26.974Z,a271bb82565e7947db73e9a93c963f21c0706d9b,32a0f4e5-db5e-466b-bba2-f505d46f46ed,2026-06-30,2026-04-13,2026-04-23,,2026-08-31,2026-08-07T15:01:26Z,2026,06,2,2026,10,78,,false,false,Major Disaster,Wisconsin,Region 5 — Chicago,Chicago,"IL,IN,MI,MN,OH,WI",Flood,Severe Storm; Flood; Tornado,false,true,false,false,true,false,false,false,true,false,false,1,true,false,false,55071,https://www.fema.gov/api/open/v2/DisasterDeclarationsSummaries,https://www.fema.gov/openfema-data-page/disaster-declarations-summaries-v2,2026-08-16T23:00:55Z
DR-4923-WI,4923,WI,DR,2026-06-30T00:00:00.000Z,2026,Flood,"SEVERE STORMS, TORNADOES, AND FLOODING",false,false,true,false,2026-04-13T00:00:00.000Z,2026-04-23T00:00:00.000Z,,false,55,061,99061,Kewaunee (County),26072,2026-08-31T00:00:00.000Z,2026042801,5,"W,F,T",2026-08-07T15:01:26.974Z,ae2484de51be7b1a46ae2a805eb082db43bbe3d5,53a95f4b-5ad7-4f1a-8cee-aefc40c5d4bf,2026-06-30,2026-04-13,2026-04-23,,2026-08-31,2026-08-07T15:01:26Z,2026,06,2,2026,10,78,,false,false,Major Disaster,Wisconsin,Region 5 — Chicago,Chicago,"IL,IN,MI,MN,OH,WI",Flood,Severe Storm; Flood; Tornado,false,true,false,false,true,false,false,false,true,false,false,1,false,true,false,55061,https://www.fema.gov/api/open/v2/DisasterDeclarationsSummaries,https://www.fema.gov/openfema-data-page/disaster-declarations-summaries-v2,2026-08-16T23:00:55Z
DR-4923-WI,4923,WI,DR,2026-06-30T00:00:00.000Z,2026,Flood,"SEVERE STORMS, TORNADOES, AND FLOODING",true,false,false,false,2026-04-13T00:00:00.000Z,2026-04-23T00:00:00.000Z,,false,55,059,99059,Kenosha (County),26072,2026-08-31T00:00:00.000Z,2026042801,5,"W,F,T",2026-08-07T15:01:26.974Z,78e3a059fb22580af7163868d7e8dfdbdb77fe7c,1b1d4afa-8075-4088-95b5-13abe23de5fa,2026-06-30,2026-04-13,2026-04-23,,2026-08-31,2026-08-07T15:01:26Z,2026,06,2,2026,10,78,,false,false,Major Disaster,Wisconsin,Region 5 — Chicago,Chicago,"IL,IN,MI,MN,OH,WI",Flood,Severe Storm; Flood; Tornado,false,true,false,false,true,false,false,false,true,false,false,1,true,false,false,55059,https://www.fema.gov/api/open/v2/DisasterDeclarationsSummaries,https://www.fema.gov/openfema-data-page/disaster-declarations-summaries-v2,2026-08-16T23:00:55Z
DR-4923-WI,4923,WI,DR,2026-06-30T00:00:00.000Z,2026,Flood,"SEVERE STORMS, TORNADOES, AND FLOODING",true,false,true,false,2026-04-13T00:00:00.000Z,2026-04-23T00:00:00.000Z,,false,55,057,99057,Juneau (County),26072,2026-08-31T00:00:00.000Z,2026042801,5,"W,F,T",2026-08-07T15:01:26.974Z,269de09284632a15db4f0aafdafcc25147e26370,f537042e-2b85-4af2-9cda-06a748de6dc8,2026-06-30,2026-04-13,2026-04-23,,2026-08-31,2026-08-07T15:01:26Z,2026,06,2,2026,10,78,,false,false,Major Disaster,Wisconsin,Region 5 — Chicago,Chicago,"IL,IN,MI,MN,OH,WI",Flood,Severe Storm; Flood; Tornado,false,true,false,false,true,false,false,false,true,false,false,2,true,true,false,55057,https://www.fema.gov/api/open/v2/DisasterDeclarationsSummaries,https://www.fema.gov/openfema-data-page/disaster-declarations-summaries-v2,2026-08-16T23:00:55Z
DR-4923-WI,4923,WI,DR,2026-06-30T00:00:00.000Z,2026,Flood,"SEVERE STORMS, TORNADOES, AND FLOODING",true,false,true,false,2026-04-13T00:00:00.000Z,2026-04-23T00:00:00.000Z,,false,55,055,99055,Jefferson (County),26072,2026-08-31T00:00:00.000Z,2026042801,5,"W,F,T",2026-08-07T15:01:26.974Z,d705471133920c3119cfe3c93758c44a6c960b5d,a0cca5f7-5f04-4532-855e-cf6d142c140b,2026-06-30,2026-04-13,2026-04-23,,2026-08-31,2026-08-07T15:01:26Z,2026,06,2,2026,10,78,,false,false,Major Disaster,Wisconsin,Region 5 — Chicago,Chicago,"IL,IN,MI,MN,OH,WI",Flood,Severe Storm; Flood; Tornado,false,true,false,false,true,false,false,false,true,false,false,2,true,true,false,55055,https://www.fema.gov/api/open/v2/DisasterDeclarationsSummaries,https://www.fema.gov/openfema-data-page/disaster-declarations-summaries-v2,2026-08-16T23:00:55Z
DR-4923-WI,4923,WI,DR,2026-06-30T00:00:00.000Z,2026,Flood,"SEVERE STORMS, TORNADOES, AND FLOODING",true,false,true,false,2026-04-13T00:00:00.000Z,2026-04-23T00:00:00.000Z,,false,55,053,99053,Jackson (County),26072,2026-08-31T00:00:00.000Z,2026042801,5,"W,F,T",2026-08-07T15:01:26.974Z,79f993b5408906a921801ed43c8062a7cc4b108c,d2e1cea1-cf45-4e2c-9404-849e81122fee,2026-06-30,2026-04-13,2026-04-23,,2026-08-31,2026-08-07T15:01:26Z,2026,06,2,2026,10,78,,false,false,Major Disaster,Wisconsin,Region 5 — Chicago,Chicago,"IL,IN,MI,MN,OH,WI",Flood,Severe Storm; Flood; Tornado,false,true,false,false,true,false,false,false,true,false,false,2,true,true,false,55053,https://www.fema.gov/api/open/v2/DisasterDeclarationsSummaries,https://www.fema.gov/openfema-data-page/disaster-declarations-summaries-v2,2026-08-16T23:00:55Z
DR-4923-WI,4923,WI,DR,2026-06-30T00:00:00.000Z,2026,Flood,"SEVERE STORMS, TORNADOES, AND FLOODING",false,false,true,false,2026-04-13T00:00:00.000Z,2026-04-23T00:00:00.000Z,,false,55,049,99049,Iowa (County),26072,2026-08-31T00:00:00.000Z,2026042801,5,"W,F,T",2026-08-07T15:01:26.974Z,f4051a8c079d0949af7db5570b8dd0a3ac0792ed,5339cc2e-5c8d-49a7-a83a-b0d5945e909f,2026-06-30,2026-04-13,2026-04-23,,2026-08-31,2026-08-07T15:01:26Z,2026,06,2,2026,10,78,,false,false,Major Disaster,Wisconsin,Region 5 — Chicago,Chicago,"IL,IN,MI,MN,OH,WI",Flood,Severe Storm; Flood; Tornado,false,true,false,false,true,false,false,false,true,false,false,1,false,true,false,55049,https://www.fema.gov/api/open/v2/DisasterDeclarationsSummaries,https://www.fema.gov/openfema-data-page/disaster-declarations-summaries-v2,2026-08-16T23:00:55Z
DR-4923-WI,4923,WI,DR,2026-06-30T00:00:00.000Z,2026,Flood,"SEVERE STORMS, TORNADOES, AND FLOODING",true,false,false,false,2026-04-13T00:00:00.000Z,2026-04-23T00:00:00.000Z,,false,55,011,99011,Buffalo (County),26072,2026-08-31T00:00:00.000Z,2026042801,5,"W,F,T",2026-08-07T15:01:26.974Z,2d0e92b862fa96387bdeca75ffcf0c923541da01,4be15715-3775-4e92-a217-52525b8821da,2026-06-30,2026-04-13,2026-04-23,,2026-08-31,2026-08-07T15:01:26Z,2026,06,2,2026,10,78,,false,false,Major Disaster,Wisconsin,Region 5 — Chicago,Chicago,"IL,IN,MI,MN,OH,WI",Flood,Severe Storm; Flood; Tornado,false,true,false,false,true,false,false,false,true,false,false,1,true,false,false,55011,https://www.fema.gov/api/open/v2/DisasterDeclarationsSummaries,https://www.fema.gov/openfema-data-page/disaster-declarations-summaries-v2,2026-08-16T23:00:55Z
DR-4923-WI,4923,WI,DR,2026-06-30T00:00:00.000Z,2026,Flood,"SEVERE STORMS, TORNADOES, AND FLOODING",true,false,false,false,2026-04-13T00:00:00.000Z,2026-04-23T00:00:00.000Z,,false,55,009,99009,Brown (County),26072,2026-08-31T00:00:00.000Z,2026042801,5,"W,F,T",2026-08-07T15:01:26.974Z,00d14f4ff7aefa5cca3bc3e90c212326c28918b5,92cbaace-4736-4a2d-8617-eb87ac3b4bf9,2026-06-30,2026-04-13,2026-04-23,,2026-08-31,2026-08-07T15:01:26Z,2026,06,2,2026,10,78,,false,false,Major Disaster,Wisconsin,Region 5 — Chicago,Chicago,"IL,IN,MI,MN,OH,WI",Flood,Severe Storm; Flood; Tornado,false,true,false,false,true,false,false,false,true,false,false,1,true,false,false,55009,https://www.fema.gov/api/open/v2/DisasterDeclarationsSummaries,https://www.fema.gov/openfema-data-page/disaster-declarations-summaries-v2,2026-08-16T23:00:55Z
DR-4923-WI,4923,WI,DR,2026-06-30T00:00:00.000Z,2026,Flood,"SEVERE STORMS, TORNADOES, AND FLOODING",true,false,false,false,2026-04-13T00:00:00.000Z,2026-04-23T00:00:00.000Z,,false,55,007,99007,Bayfield (County),26072,2026-08-31T00:00:00.000Z,2026042801,5,"W,F,T",2026-08-07T15:01:26.974Z,b6d7293f5e0b89487fd5a327a8c894f760e835a2,81561289-07ac-42f9-bb72-0b496dd0c188,2026-06-30,2026-04-13,2026-04-23,,2026-08-31,2026-08-07T15:01:26Z,2026,06,2,2026,10,78,,false,false,Major Disaster,Wisconsin,Region 5 — Chicago,Chicago,"IL,IN,MI,MN,OH,WI",Flood,Severe Storm; Flood; Tornado,false,true,false,false,true,false,false,false,true,false,false,1,true,false,false,55007,https://www.fema.gov/api/open/v2/DisasterDeclarationsSummaries,https://www.fema.gov/openfema-data-page/disaster-declarations-summaries-v2,2026-08-16T23:00:55Z
DR-4923-WI,4923,WI,DR,2026-06-30T00:00:00.000Z,2026,Flood,"SEVERE STORMS, TORNADOES, AND FLOODING",true,false,true,false,2026-04-13T00:00:00.000Z,2026-04-23T00:00:00.000Z,,false,55,000,60025,Oneida Indian Reservation,26072,2026-08-31T00:00:00.000Z,2026042801,5,"W,F,T",2026-08-07T15:01:26.974Z,aa117cb899abd4ca509b848e4f2d271918ad1425,6bfa4146-356d-4a81-9091-d3f72d876a4f,2026-06-30,2026-04-13,2026-04-23,,2026-08-31,2026-08-07T15:01:26Z,2026,06,2,2026,10,78,,false,false,Major Disaster,Wisconsin,Region 5 — Chicago,Chicago,"IL,IN,MI,MN,OH,WI",Flood,Severe Storm; Flood; Tornado,false,true,false,false,true,false,false,false,true,false,false,2,true,true,false,55000,https://www.fema.gov/api/open/v2/DisasterDeclarationsSummaries,https://www.fema.gov/openfema-data-page/disaster-declarations-summaries-v2,2026-08-16T23:00:55Z
DR-4922-MS,4922,MS,DR,2026-06-30T00:00:00.000Z,2026,Severe Storm,"SEVERE STORMS, STRAIGHT-LINE WINDS, TORNADOES, AND FLOODING",true,false,false,false,2026-05-06T00:00:00.000Z,2026-05-07T00:00:00.000Z,,false,28,157,99157,Wilkinson (County),26070,2026-08-31T00:00:00.000Z,2026051301,4,"2,W,F,T",2026-08-07T15:01:26.974Z,20ba00f03fbbe9c4c10b3914cc9e1385e242e869,19f8126b-ad9d-4296-9614-32fdffbc46fe,2026-06-30,2026-05-06,2026-05-07,,2026-08-31,2026-08-07T15:01:26Z,2026,06,2,2026,1,55,,false,false,Major Disaster,Mississippi,Region 4 — Atlanta,Atlanta,"AL,FL,GA,KY,MS,NC,SC,TN",Severe storm,Straight-Line Winds; Severe Storm; Flood; Tornado,false,true,false,false,true,false,false,false,true,false,false,1,true,false,false,28157,https://www.fema.gov/api/open/v2/DisasterDeclarationsSummaries,https://www.fema.gov/openfema-data-page/disaster-declarations-summaries-v2,2026-08-16T23:00:55Z
DR-4922-MS,4922,MS,DR,2026-06-30T00:00:00.000Z,2026,Severe Storm,"SEVERE STORMS, STRAIGHT-LINE WINDS, TORNADOES, AND FLOODING",true,false,true,false,2026-05-06T00:00:00.000Z,2026-05-07T00:00:00.000Z,,false,28,085,99085,Lincoln (County),26070,2026-08-31T00:00:00.000Z,2026051301,4,"2,W,F,T",2026-08-07T15:01:26.974Z,6334557cc745a026439a2e53e164f68d1b65643b,765bf1c8-e15e-4367-a297-e530bf609b57,2026-06-30,2026-05-06,2026-05-07,,2026-08-31,2026-08-07T15:01:26Z,2026,06,2,2026,1,55,,false,false,Major Disaster,Mississippi,Region 4 — Atlanta,Atlanta,"AL,FL,GA,KY,MS,NC,SC,TN",Severe storm,Straight-Line Winds; Severe Storm; Flood; Tornado,false,true,false,false,true,false,false,false,true,false,false,2,true,true,false,28085,https://www.fema.gov/api/open/v2/DisasterDeclarationsSummaries,https://www.fema.gov/openfema-data-page/disaster-declarations-summaries-v2,2026-08-16T23:00:55Z
DR-4922-MS,4922,MS,DR,2026-06-30T00:00:00.000Z,2026,Severe Storm,"SEVERE STORMS, STRAIGHT-LINE WINDS, TORNADOES, AND FLOODING",true,false,true,false,2026-05-06T00:00:00.000Z,2026-05-07T00:00:00.000Z,,false,28,077,99077,Lawrence (County),26070,2026-08-31T00:00:00.000Z,2026051301,4,"2,W,F,T",2026-08-07T15:01:26.974Z,5dd0d7341edd0cc3daacb78e0f59317070c5bea4,15336285-3852-4609-a620-2b79f48e076c,2026-06-30,2026-05-06,2026-05-07,,2026-08-31,2026-08-07T15:01:26Z,2026,06,2,2026,1,55,,false,false,Major Disaster,Mississippi,Region 4 — Atlanta,Atlanta,"AL,FL,GA,KY,MS,NC,SC,TN",Severe storm,Straight-Line Winds; Severe Storm; Flood; Tornado,false,true,false,false,true,false,false,false,true,false,false,2,true,true,false,28077,https://www.fema.gov/api/open/v2/DisasterDeclarationsSummaries,https://www.fema.gov/openfema-data-page/disaster-declarations-summaries-v2,2026-08-16T23:00:55Z
DR-4922-MS,4922,MS,DR,2026-06-30T00:00:00.000Z,2026,Severe Storm,"SEVERE STORMS, STRAIGHT-LINE WINDS, TORNADOES, AND FLOODING",true,false,true,false,2026-05-06T00:00:00.000Z,2026-05-07T00:00:00.000Z,,false,28,073,99073,Lamar (County),26070,2026-08-31T00:00:00.000Z,2026051301,4,"2,W,F,T",2026-08-07T15:01:26.974Z,71836b79e8669f44bb731933b675d62abba06a92,2a4c4dd8-28ed-4ca2-87f4-88a636b56114,2026-06-30,2026-05-06,2026-05-07,,2026-08-31,2026-08-07T15:01:26Z,2026,06,2,2026,1,55,,false,false,Major Disaster,Mississippi,Region 4 — Atlanta,Atlanta,"AL,FL,GA,KY,MS,NC,SC,TN",Severe storm,Straight-Line Winds; Severe Storm; Flood; Tornado,false,true,false,false,true,false,false,false,true,false,false,2,true,true,false,28073,https://www.fema.gov/api/open/v2/DisasterDeclarationsSummaries,https://www.fema.gov/openfema-data-page/disaster-declarations-summaries-v2,2026-08-16T23:00:55Z
DR-4922-MS,4922,MS,DR,2026-06-30T00:00:00.000Z,2026,Severe Storm,"SEVERE STORMS, STRAIGHT-LINE WINDS, TORNADOES, AND FLOODING",true,false,true,false,2026-05-06T00:00:00.000Z,2026-05-07T00:00:00.000Z,,false,28,037,99037,Franklin (County),26070,2026-08-31T00:00:00.000Z,2026051301,4,"2,W,F,T",2026-08-07T15:01:26.974Z,4140acb2e3d53cd271c3e2d94ea820278ddcb8bd,1fe8dc05-8a57-4e65-a1e9-d3e0bfd3a042,2026-06-30,2026-05-06,2026-05-07,,2026-08-31,2026-08-07T15:01:26Z,2026,06,2,2026,1,55,,false,false,Major Disaster,Mississippi,Region 4 — Atlanta,Atlanta,"AL,FL,GA,KY,MS,NC,SC,TN",Severe storm,Straight-Line Winds; Severe Storm; Flood; Tornado,false,true,false,false,true,false,false,false,true,false,false,2,true,true,false,28037,https://www.fema.gov/api/open/v2/DisasterDeclarationsSummaries,https://www.fema.gov/openfema-data-page/disaster-declarations-summaries-v2,2026-08-16T23:00:55Z
DR-4921-GU,4921,GU,DR,2026-06-30T00:00:00.000Z,2026,Typhoon,SUPER TYPHOON SINLAKU,false,false,true,false,2026-04-11T00:00:00.000Z,2026-04-18T00:00:00.000Z,,false,66,010,99010,Guam (County-equivalent),26069,,2026051903,9,J,2026-07-03T01:41:20.009Z,190284299d0cb6f674ab37a9082064b6db32eba7,a6b6dffd-ec74-46f2-9790-ebd6a42d9e34,2026-06-30,2026-04-11,2026-04-18,,,2026-07-03T01:41:20Z,2026,06,2,2026,7,80,,false,false,Major Disaster,Guam,Region 9 — Oakland,Oakland,"AZ,CA,HI,NV,AS,GU,MP",Tropical cyclone,Typhoon,true,false,false,false,false,false,false,false,false,false,true,1,false,true,false,66010,https://www.fema.gov/api/open/v2/DisasterDeclarationsSummaries,https://www.fema.gov/openfema-data-page/disaster-declarations-summaries-v2,2026-08-16T23:00:55Z
DR-4920-NE,4920,NE,DR,2026-06-30T00:00:00.000Z,2026,Fire,WILDFIRES,false,false,true,false,2026-03-12T00:00:00.000Z,2026-04-02T00:00:00.000Z,,false,31,123,99123,Morrill (County),26065,,2026031701,7,R,2026-07-02T17:21:09.114Z,b8743876c31b65e2852bece9cd0ef1df8ce825c2,08b75b1a-37bd-44eb-b030-4cf27cf974f3,2026-06-30,2026-03-12,2026-04-02,,,2026-07-02T17:21:09Z,2026,06,2,2026,21,110,,false,false,Major Disaster,Nebraska,Region 7 — Kansas City,Kansas City,"IA,KS,MO,NE",Fire,Fire,false,false,true,false,false,false,false,false,false,false,false,1,false,true,false,31123,https://www.fema.gov/api/open/v2/DisasterDeclarationsSummaries,https://www.fema.gov/openfema-data-page/disaster-declarations-summaries-v2,2026-08-16T23:00:55Z
DR-4920-NE,4920,NE,DR,2026-06-30T00:00:00.000Z,2026,Fire,WILDFIRES,false,false,true,false,2026-03-12T00:00:00.000Z,2026-04-02T00:00:00.000Z,,false,31,111,99111,Lincoln (County),26065,,2026031701,7,R,2026-07-02T17:21:09.114Z,24456aed844ed2d2a2620598504e0d462f9ea332,e65206a3-641f-4ceb-a911-5e7fa5e5a597,2026-06-30,2026-03-12,2026-04-02,,,2026-07-02T17:21:09Z,2026,06,2,2026,21,110,,false,false,Major Disaster,Nebraska,Region 7 — Kansas City,Kansas City,"IA,KS,MO,NE",Fire,Fire,false,false,true,false,false,false,false,false,false,false,false,1,false,true,false,31111,https://www.fema.gov/api/open/v2/DisasterDeclarationsSummaries,https://www.fema.gov/openfema-data-page/disaster-declarations-summaries-v2,2026-08-16T23:00:55Z
DR-4920-NE,4920,NE,DR,2026-06-30T00:00:00.000Z,2026,Fire,WILDFIRES,false,false,true,false,2026-03-12T00:00:00.000Z,2026-04-02T00:00:00.000Z,,false,31,075,99075,Grant (County),26065,,2026031701,7,R,2026-07-02T17:21:09.114Z,102aaf19a676dd529a3a33287365e6bf25f0982f,c5003a70-7487-46c4-bdbf-28e69ede8569,2026-06-30,2026-03-12,2026-04-02,,,2026-07-02T17:21:09Z,2026,06,2,2026,21,110,,false,false,Major Disaster,Nebraska,Region 7 — Kansas City,Kansas City,"IA,KS,MO,NE",Fire,Fire,false,false,true,false,false,false,false,false,false,false,false,1,false,true,false,31075,https://www.fema.gov/api/open/v2/DisasterDeclarationsSummaries,https://www.fema.gov/openfema-data-page/disaster-declarations-summaries-v2,2026-08-16T23:00:55Z
DR-4920-NE,4920,NE,DR,2026-06-30T00:00:00.000Z,2026,Fire,WILDFIRES,false,false,true,false,2026-03-12T00:00:00.000Z,2026-04-02T00:00:00.000Z,,false,31,069,99069,Garden (County),26065,,2026031701,7,R,2026-07-02T17:21:09.114Z,2e3d55af16d00e9d60e06d085af829444e584bda,21878276-223f-4584-ae6b-c6dec8930121,2026-06-30,2026-03-12,2026-04-02,,,2026-07-02T17:21:09Z,2026,06,2,2026,21,110,,false,false,Major Disaster,Nebraska,Region 7 — Kansas City,Kansas City,"IA,KS,MO,NE",Fire,Fire,false,false,true,false,false,false,false,false,false,false,false,1,false,true,false,31069,https://www.fema.gov/api/open/v2/DisasterDeclarationsSummaries,https://www.fema.gov/openfema-data-page/disaster-declarations-summaries-v2,2026-08-16T23:00:55Z
DR-4920-NE,4920,NE,DR,2026-06-30T00:00:00.000Z,2026,Fire,WILDFIRES,false,false,true,false,2026-03-12T00:00:00.000Z,2026-04-02T00:00:00.000Z,,false,31,005,99005,Arthur (County),26065,,2026031701,7,R,2026-07-02T17:21:09.114Z,47912a72e19e398e1f412bcf72a34a1aa29d5a1e,0b97d01d-c1fe-4bae-b7f8-20ed04dbbf85,2026-06-30,2026-03-12,2026-04-02,,,2026-07-02T17:21:09Z,2026,06,2,2026,21,110,,false,false,Major Disaster,Nebraska,Region 7 — Kansas City,Kansas City,"IA,KS,MO,NE",Fire,Fire,false,false,true,false,false,false,false,false,false,false,false,1,false,true,false,31005,https://www.fema.gov/api/open/v2/DisasterDeclarationsSummaries,https://www.fema.gov/openfema-data-page/disaster-declarations-summaries-v2,2026-08-16T23:00:55Z
DR-4919-MA,4919,MA,DR,2026-06-30T00:00:00.000Z,2026,Winter Storm,SEVERE WINTER STORM AND SNOWSTORM,false,false,true,false,2026-02-22T00:00:00.000Z,2026-02-23T00:00:00.000Z,,true,25,000,39161,Mashpee Wampanoag Tribe,26064,,2026031801,1,5,2026-07-22T13:05:01.825Z,59c92b0060fdd1ee6db39587019b872c2a786c95,8657e7e2-5bda-4b4d-8028-b57c900004e8,2026-06-30,2026-02-22,2026-02-23,,,2026-07-22T13:05:01Z,2026,06,2,2026,1,128,,false,false,Major Disaster,Massachusetts,Region 1 — Boston,Boston,"CT,ME,MA,NH,RI,VT",Winter weather,Winter Storm,false,false,false,false,false,false,false,true,false,false,false,1,false,true,false,25000,https://www.fema.gov/api/open/v2/DisasterDeclarationsSummaries,https://www.fema.gov/openfema-data-page/disaster-declarations-summaries-v2,2026-08-16T23:00:55Z
DR-4918-NM,4918,NM,DR,2026-06-30T00:00:00.000Z,2026,Severe Storm,SEVERE STORMS AND FLOODING,false,false,true,false,2025-09-28T00:00:00.000Z,2025-09-29T00:00:00.000Z,,true,35,000,660,Pueblo of Acoma,25135,,2025110501,6,"W,F",2026-08-07T15:01:26.974Z,f430d27fdc95a2fc33b99c8043a27a59bf355cb4,83a53ac8-c061-475b-a491-54e504c923fb,2026-06-30,2025-09-28,2025-09-29,,,2026-08-07T15:01:26Z,2026,06,2,2025,1,275,,false,false,Major Disaster,New Mexico,Region 6 — Denton,Denton,"AR,LA,NM,OK,TX",Severe storm,Severe Storm; Flood,false,true,false,false,false,false,false,false,true,false,false,1,false,true,false,35000,https://www.fema.gov/api/open/v2/DisasterDeclarationsSummaries,https://www.fema.gov/openfema-data-page/disaster-declarations-summaries-v2,2026-08-16T23:00:55Z
DR-4917-ID,4917,ID,DR,2026-06-30T00:00:00.000Z,2026,Severe Storm,"SEVERE STORMS, STRAIGHT-LINE WINDS, FLOODING, LANDSLIDES, AND MUDSLIDES",false,false,true,false,2026-03-11T00:00:00.000Z,2026-03-15T00:00:00.000Z,,false,16,069,99069,Nez Perce (County),26056,,2026041401,10,"2,M,W,F",2026-08-07T15:01:26.974Z,1e40076061e090b352ea99a3c0678408326fdd57,69ce5826-675e-4c28-a2fb-90838e3713ad,2026-06-30,2026-03-11,2026-03-15,,,2026-08-07T15:01:26Z,2026,06,2,2026,4,111,,false,false,Major Disaster,Idaho,Region 10 — Bothell,Bothell,"AK,ID,OR,WA",Severe storm,Straight-Line Winds; Mud/Landslide; Severe Storm; Flood,false,true,false,false,false,false,false,false,true,false,false,1,false,true,false,16069,https://www.fema.gov/api/open/v2/DisasterDeclarationsSummaries,https://www.fema.gov/openfema-data-page/disaster-declarations-summaries-v2,2026-08-16T23:00:55Z
DR-4917-ID,4917,ID,DR,2026-06-30T00:00:00.000Z,2026,Severe Storm,"SEVERE STORMS, STRAIGHT-LINE WINDS, FLOODING, LANDSLIDES, AND MUDSLIDES",false,false,true,false,2026-03-11T00:00:00.000Z,2026-03-15T00:00:00.000Z,,false,16,057,99057,Latah (County),26056,,2026041401,10,"2,M,W,F",2026-08-07T15:01:26.974Z,20f60886328c0cfe8dd2e1d5c25456ece7c9faeb,e9cc24c1-b96c-477c-ae2b-f97867eb36f9,2026-06-30,2026-03-11,2026-03-15,,,2026-08-07T15:01:26Z,2026,06,2,2026,4,111,,false,false,Major Disaster,Idaho,Region 10 — Bothell,Bothell,"AK,ID,OR,WA",Severe storm,Straight-Line Winds; Mud/Landslide; Severe Storm; Flood,false,true,false,false,false,false,false,false,true,false,false,1,false,true,false,16057,https://www.fema.gov/api/open/v2/DisasterDeclarationsSummaries,https://www.fema.gov/openfema-data-page/disaster-declarations-summaries-v2,2026-08-16T23:00:55Z
DR-4917-ID,4917,ID,DR,2026-06-30T00:00:00.000Z,2026,Severe Storm,"SEVERE STORMS, STRAIGHT-LINE WINDS, FLOODING, LANDSLIDES, AND MUDSLIDES",false,false,true,false,2026-03-11T00:00:00.000Z,2026-03-15T00:00:00.000Z,,false,16,055,99055,Kootenai (County),26056,,2026041401,10,"2,M,W,F",2026-08-07T15:01:26.974Z,fbb1aa8e43f2240edd83c4b607fab251f08e58f4,7b0b5dd4-028b-4dbd-bf9e-1f4ba73ad2a7,2026-06-30,2026-03-11,2026-03-15,,,2026-08-07T15:01:26Z,2026,06,2,2026,4,111,,false,false,Major Disaster,Idaho,Region 10 — Bothell,Bothell,"AK,ID,OR,WA",Severe storm,Straight-Line Winds; Mud/Landslide; Severe Storm; Flood,false,true,false,false,false,false,false,false,true,false,false,1,false,true,false,16055,https://www.fema.gov/api/open/v2/DisasterDeclarationsSummaries,https://www.fema.gov/openfema-data-page/disaster-declarations-summaries-v2,2026-08-16T23:00:55Z
DR-4917-ID,4917,ID,DR,2026-06-30T00:00:00.000Z,2026,Severe Storm,"SEVERE STORMS, STRAIGHT-LINE WINDS, FLOODING, LANDSLIDES, AND MUDSLIDES",false,false,true,false,2026-03-11T00:00:00.000Z,2026-03-15T00:00:00.000Z,,false,16,035,99035,Clearwater (County),26056,,2026041401,10,"2,M,W,F",2026-08-07T15:01:26.974Z,ae26c9dba04060a4ff64147fe2353a08063bd9a2,10fb6458-721b-4be1-81b8-20611a488bf0,2026-06-30,2026-03-11,2026-03-15,,,2026-08-07T15:01:26Z,2026,06,2,2026,4,111,,false,false,Major Disaster,Idaho,Region 10 — Bothell,Bothell,"AK,ID,OR,WA",Severe storm,Straight-Line Winds; Mud/Landslide; Severe Storm; Flood,false,true,false,false,false,false,false,false,true,false,false,1,false,true,false,16035,https://www.fema.gov/api/open/v2/DisasterDeclarationsSummaries,https://www.fema.gov/openfema-data-page/disaster-declarations-summaries-v2,2026-08-16T23:00:55Z
DR-4917-ID,4917,ID,DR,2026-06-30T00:00:00.000Z,2026,Severe Storm,"SEVERE STORMS, STRAIGHT-LINE WINDS, FLOODING, LANDSLIDES, AND MUDSLIDES",false,false,true,false,2026-03-11T00:00:00.000Z,2026-03-15T00:00:00.000Z,,false,16,017,99017,Bonner (County),26056,,2026041401,10,"2,M,W,F",2026-08-07T15:01:26.974Z,a9b062804dd560ad2cd51b13ec89c3cff74fb3c9,9764f5aa-f316-45ab-83bb-e01b5503636a,2026-06-30,2026-03-11,2026-03-15,,,2026-08-07T15:01:26Z,2026,06,2,2026,4,111,,false,false,Major Disaster,Idaho,Region 10 — Bothell,Bothell,"AK,ID,OR,WA",Severe storm,Straight-Line Winds; Mud/Landslide; Severe Storm; Flood,false,true,false,false,false,false,false,false,true,false,false,1,false,true,false,16017,https://www.fema.gov/api/open/v2/DisasterDeclarationsSummaries,https://www.fema.gov/openfema-data-page/disaster-declarations-summaries-v2,2026-08-16T23:00:55Z
DR-4917-ID,4917,ID,DR,2026-06-30T00:00:00.000Z,2026,Severe Storm,"SEVERE STORMS, STRAIGHT-LINE WINDS, FLOODING, LANDSLIDES, AND MUDSLIDES",false,false,true,false,2026-03-11T00:00:00.000Z,2026-03-15T00:00:00.000Z,,false,16,009,99009,Benewah (County),26056,,2026041401,10,"2,M,W,F",2026-08-07T15:01:26.974Z,5ca00544d1a9c069cc899394e47c33e73a67b5a2,39b9b80e-8c87-4a93-b663-96571a9810bf,2026-06-30,2026-03-11,2026-03-15,,,2026-08-07T15:01:26Z,2026,06,2,2026,4,111,,false,false,Major Disaster,Idaho,Region 10 — Bothell,Bothell,"AK,ID,OR,WA",Severe storm,Straight-Line Winds; Mud/Landslide; Severe Storm; Flood,false,true,false,false,false,false,false,false,true,false,false,1,false,true,false,16009,https://www.fema.gov/api/open/v2/DisasterDeclarationsSummaries,https://www.fema.gov/openfema-data-page/disaster-declarations-summaries-v2,2026-08-16T23:00:55Z
FM-5642-CO,5642,CO,FM,2026-06-29T00:00:00.000Z,2026,Fire,ASPEN ACRES FIRE,false,false,true,false,2026-06-29T00:00:00.000Z,,,false,08,101,99101,Pueblo (County),26085,,2026063001,8,R,2026-06-30T18:21:24.987Z,4929942a13526921795637d4f28b64a7645465e8,0c16ef09-30f0-4ac6-9f1b-727bce093c39,2026-06-29,2026-06-29,,,,2026-06-30T18:21:24Z,2026,06,2,2026,,0,,true,false,Fire Management Assistance,Colorado,Region 8 — Denver,Denver,"CO,MT,ND,SD,UT,WY",Fire,Fire,false,false,true,false,false,false,false,false,false,false,false,1,false,true,false,08101,https://www.fema.gov/api/open/v2/DisasterDeclarationsSummaries,https://www.fema.gov/openfema-data-page/disaster-declarations-summaries-v2,2026-08-16T23:00:55Z
FM-5642-CO,5642,CO,FM,2026-06-29T00:00:00.000Z,2026,Fire,ASPEN ACRES FIRE,false,false,true,false,2026-06-29T00:00:00.000Z,,,false,08,027,99027,Custer (County),26085,,2026063001,8,R,2026-06-30T18:21:24.987Z,e07c4698b77e2bad91d17e72e8a2a699e2267c4d,3305b910-84bd-4ae5-98ad-7f77cd14c80d,2026-06-29,2026-06-29,,,,2026-06-30T18:21:24Z,2026,06,2,2026,,0,,true,false,Fire Management Assistance,Colorado,Region 8 — Denver,Denver,"CO,MT,ND,SD,UT,WY",Fire,Fire,false,false,true,false,false,false,false,false,false,false,false,1,false,true,false,08027,https://www.fema.gov/api/open/v2/DisasterDeclarationsSummaries,https://www.fema.gov/openfema-data-page/disaster-declarations-summaries-v2,2026-08-16T23:00:55Z
FM-5641-UT,5641,UT,FM,2026-06-27T00:00:00.000Z,2026,Fire,CHERRY FIRE,false,false,true,false,2026-06-27T00:00:00.000Z,,,false,49,045,99045,Tooele (County),26084,,2026062702,8,R,2026-06-29T20:21:18.207Z,048c6436fbac1cbb03eea470c848d53434102bc4,3a285731-de73-45dc-ad4a-cf33a630e35a,2026-06-27,2026-06-27,,,,2026-06-29T20:21:18Z,2026,06,2,2026,,0,,true,false,Fire Management Assistance,Utah,Region 8 — Denver,Denver,"CO,MT,ND,SD,UT,WY",Fire,Fire,false,false,true,false,false,false,false,false,false,false,false,1,false,true,false,49045,https://www.fema.gov/api/open/v2/DisasterDeclarationsSummaries,https://www.fema.gov/openfema-data-page/disaster-declarations-summaries-v2,2026-08-16T23:00:55Z
FM-5641-UT,5641,UT,FM,2026-06-27T00:00:00.000Z,2026,Fire,CHERRY FIRE,false,false,true,false,2026-06-27T00:00:00.000Z,,,false,49,023,99023,Juab (County),26084,,2026062702,8,R,2026-06-29T20:21:18.207Z,f97d0509fdaea42f3194f4654e9c186b470c583c,4b83339d-b109-4fbb-8318-cd2fed019a13,2026-06-27,2026-06-27,,,,2026-06-29T20:21:18Z,2026,06,2,2026,,0,,true,false,Fire Management Assistance,Utah,Region 8 — Denver,Denver,"CO,MT,ND,SD,UT,WY",Fire,Fire,false,false,true,false,false,false,false,false,false,false,false,1,false,true,false,49023,https://www.fema.gov/api/open/v2/DisasterDeclarationsSummaries,https://www.fema.gov/openfema-data-page/disaster-declarations-summaries-v2,2026-08-16T23:00:55Z
FM-5640-UT,5640,UT,FM,2026-06-23T00:00:00.000Z,2026,Fire,COTTONWOOD FIRE,false,false,true,false,2026-06-22T00:00:00.000Z,,,false,49,001,99001,Beaver (County),26082,,2026062301,8,R,2026-06-24T13:21:15.004Z,bc7f86f7f27ebbef4a0cfa820450b72be0fa004c,f1910663-b561-4946-a2fa-d109ebd8b369,2026-06-23,2026-06-22,,,,2026-06-24T13:21:15Z,2026,06,2,2026,,1,,true,false,Fire Management Assistance,Utah,Region 8 — Denver,Denver,"CO,MT,ND,SD,UT,WY",Fire,Fire,false,false,true,false,false,false,false,false,false,false,false,1,false,true,false,49001,https://www.fema.gov/api/open/v2/DisasterDeclarationsSummaries,https://www.fema.gov/openfema-data-page/disaster-declarations-summaries-v2,2026-08-16T23:00:55Z
FM-5639-UT,5639,UT,FM,2026-06-21T00:00:00.000Z,2026,Fire,IRON FIRE,false,false,true,false,2026-06-19T00:00:00.000Z,,,false,49,049,99049,Utah (County),26081,,2026062101,8,R,2026-06-22T18:21:15.069Z,119caa4358dea2ce629acbd135e904ba3e854226,cb4d9517-0d4d-47ec-8248-7cdb52895602,2026-06-21,2026-06-19,,,,2026-06-22T18:21:15Z,2026,06,2,2026,,2,,true,false,Fire Management Assistance,Utah,Region 8 — Denver,Denver,"CO,MT,ND,SD,UT,WY",Fire,Fire,false,false,true,false,false,false,false,false,false,false,false,1,false,true,false,49049,https://www.fema.gov/api/open/v2/DisasterDeclarationsSummaries,https://www.fema.gov/openfema-data-page/disaster-declarations-summaries-v2,2026-08-16T23:00:55Z
FM-5639-UT,5639,UT,FM,2026-06-21T00:00:00.000Z,2026,Fire,IRON FIRE,false,false,true,false,2026-06-19T00:00:00.000Z,,,false,49,045,99045,Tooele (County),26081,,2026062101,8,R,2026-06-22T18:21:15.069Z,aa35bf837d88c80b21f794d7061c1b3f523b3eb1,b0380c84-a5e2-4fcf-a1ef-fc091acd3e2e,2026-06-21,2026-06-19,,,,2026-06-22T18:21:15Z,2026,06,2,2026,,2,,true,false,Fire Management Assistance,Utah,Region 8 — Denver,Denver,"CO,MT,ND,SD,UT,WY",Fire,Fire,false,false,true,false,false,false,false,false,false,false,false,1,false,true,false,49045,https://www.fema.gov/api/open/v2/DisasterDeclarationsSummaries,https://www.fema.gov/openfema-data-page/disaster-declarations-summaries-v2,2026-08-16T23:00:55Z
FM-5639-UT,5639,UT,FM,2026-06-21T00:00:00.000Z,2026,Fire,IRON FIRE,false,false,true,false,2026-06-19T00:00:00.000Z,,,false,49,023,99023,Juab (County),26081,,2026062101,8,R,2026-06-22T18:21:15.069Z,73d343a2b55b9620018da3b3633bd9f4ba81330d,ed720dc6-0b44-4535-89e7-ee7dbe4310ea,2026-06-21,2026-06-19,,,,2026-06-22T18:21:15Z,2026,06,2,2026,,2,,true,false,Fire Management Assistance,Utah,Region 8 — Denver,Denver,"CO,MT,ND,SD,UT,WY",Fire,Fire,false,false,true,false,false,false,false,false,false,false,false,1,false,true,false,49023,https://www.fema.gov/api/open/v2/DisasterDeclarationsSummaries,https://www.fema.gov/openfema-data-page/disaster-declarations-summaries-v2,2026-08-16T23:00:55Z
FM-5638-WA,5638,WA,FM,2026-06-16T00:00:00.000Z,2026,Fire,UPRIVER FIRE,false,false,true,false,2026-06-16T00:00:00.000Z,,,false,53,063,99063,Spokane (County),26078,,2026061701,10,R,2026-06-18T00:01:24.809Z,40a2749d6e0ac890dc1c60390205a2ef37c0081a,afa37d82-5006-438f-8bb2-5e57dd3be90b,2026-06-16,2026-06-16,,,,2026-06-18T00:01:24Z,2026,06,2,2026,,0,,true,false,Fire Management Assistance,Washington,Region 10 — Bothell,Bothell,"AK,ID,OR,WA",Fire,Fire,false,false,true,false,false,false,false,false,false,false,false,1,false,true,false,53063,https://www.fema.gov/api/open/v2/DisasterDeclarationsSummaries,https://www.fema.gov/openfema-data-page/disaster-declarations-summaries-v2,2026-08-16T23:00:55Z
FM-5637-NE,5637,NE,FM,2026-06-10T00:00:00.000Z,2026,Fire,SOUTH FORK FIRE,false,false,true,false,2026-06-09T00:00:00.000Z,2026-06-21T00:00:00.000Z,,false,31,165,99165,Sioux (County),26077,,2026061001,7,R,2026-06-26T19:41:19.090Z,b3b5ec5e14aef775c677e5690ce4d512deaab1cc,6558dc39-a52b-400b-b8a3-abe63748f475,2026-06-10,2026-06-09,2026-06-21,,,2026-06-26T19:41:19Z,2026,06,2,2026,12,1,,false,false,Fire Management Assistance,Nebraska,Region 7 — Kansas City,Kansas City,"IA,KS,MO,NE",Fire,Fire,false,false,true,false,false,false,false,false,false,false,false,1,false,true,false,31165,https://www.fema.gov/api/open/v2/DisasterDeclarationsSummaries,https://www.fema.gov/openfema-data-page/disaster-declarations-summaries-v2,2026-08-16T23:00:55Z
FM-5637-NE,5637,NE,FM,2026-06-10T00:00:00.000Z,2026,Fire,SOUTH FORK FIRE,false,false,true,false,2026-06-09T00:00:00.000Z,2026-06-21T00:00:00.000Z,,false,31,045,99045,Dawes (County),26077,,2026061001,7,R,2026-06-26T19:41:19.090Z,545717bcc5e05f4afc14081cfc60296486f78056,682f172e-66a1-4aff-9335-0e8c5cfd1960,2026-06-10,2026-06-09,2026-06-21,,,2026-06-26T19:41:19Z,2026,06,2,2026,12,1,,false,false,Fire Management Assistance,Nebraska,Region 7 — Kansas City,Kansas City,"IA,KS,MO,NE",Fire,Fire,false,false,true,false,false,false,false,false,false,false,false,1,false,true,false,31045,https://www.fema.gov/api/open/v2/DisasterDeclarationsSummaries,https://www.fema.gov/openfema-data-page/disaster-declarations-summaries-v2,2026-08-16T23:00:55Z
DR-4916-DE,4916,DE,DR,2026-05-29T00:00:00.000Z,2026,Winter Storm,SEVERE WINTER STORM,false,false,true,false,2026-02-22T00:00:00.000Z,2026-02-23T00:00:00.000Z,,false,10,005,99005,Sussex (County),26046,,2026022201,3,"5,W",2026-06-01T12:21:17.020Z,6e8c3bf83a711693250b57723ef99cf388cb8b0f,3e51f480-795f-40e1-881c-885e933f6d13,2026-05-29,2026-02-22,2026-02-23,,,2026-06-01T12:21:17Z,2026,05,2,2026,1,96,,false,false,Major Disaster,Delaware,Region 3 — Philadelphia,Philadelphia,"DE,DC,MD,PA,VA,WV",Winter weather,Winter Storm; Severe Storm,false,false,false,false,false,false,false,true,true,false,false,1,false,true,false,10005,https://www.fema.gov/api/open/v2/DisasterDeclarationsSummaries,https://www.fema.gov/openfema-data-page/disaster-declarations-summaries-v2,2026-08-16T23:00:55Z
DR-4916-DE,4916,DE,DR,2026-05-29T00:00:00.000Z,2026,Winter Storm,SEVERE WINTER STORM,false,false,true,false,2026-02-22T00:00:00.000Z,2026-02-23T00:00:00.000Z,,false,10,001,99001,Kent (County),26046,,2026022201,3,"5,W",2026-06-01T12:21:17.020Z,cf770e8a8cbab6441718c0181ece9f0be24aca76,ce1bcbca-7914-4f3d-9dab-6fed2e6e4c9f,2026-05-29,2026-02-22,2026-02-23,,,2026-06-01T12:21:17Z,2026,05,2,2026,1,96,,false,false,Major Disaster,Delaware,Region 3 — Philadelphia,Philadelphia,"DE,DC,MD,PA,VA,WV",Winter weather,Winter Storm; Severe Storm,false,false,false,false,false,false,false,true,true,false,false,1,false,true,false,10001,https://www.fema.gov/api/open/v2/DisasterDeclarationsSummaries,https://www.fema.gov/openfema-data-page/disaster-declarations-summaries-v2,2026-08-16T23:00:55Z
DR-4915-MT,4915,MT,DR,2026-05-29T00:00:00.000Z,2026,Straight-Line Winds,SEVERE WINTER STORM AND STRAIGHT-LINE WINDS,true,false,false,false,2025-12-17T00:00:00.000Z,2025-12-19T00:00:00.000Z,,true,30,000,18325,Crow Indian Reservation,26027,2026-08-31T00:00:00.000Z,2026021301,8,2,2026-08-05T17:07:23.237Z,9da45cfc87d35ac9b79a7b7d05fb495d6aef9c4e,243c2e1b-371a-4b04-8b59-2a0135257600,2026-05-29,2025-12-17,2025-12-19,,2026-08-31,2026-08-05T17:07:23Z,2026,05,2,2025,2,163,,false,false,Major Disaster,Montana,Region 8 — Denver,Denver,"CO,MT,ND,SD,UT,WY",Severe storm,Straight-Line Winds,false,false,false,false,false,false,false,true,true,false,false,1,true,false,false,30000,https://www.fema.gov/api/open/v2/DisasterDeclarationsSummaries,https://www.fema.gov/openfema-data-page/disaster-declarations-summaries-v2,2026-08-16T23:00:55Z
DR-4914-MT,4914,MT,DR,2026-05-29T00:00:00.000Z,2026,Winter Storm,SEVERE WINTER STORM AND STRAIGHT-LINE WINDS,true,false,false,false,2025-12-17T00:00:00.000Z,2025-12-18T00:00:00.000Z,,true,30,000,28525,Fort Peck Indian Reservation,26025,2026-08-31T00:00:00.000Z,2025121901,8,"2,5",2026-08-05T17:07:23.237Z,04ea67e81b814eafc5099460fc5a8d899836b74d,dfddf543-6666-4127-b626-0777d4fb2f0c,2026-05-29,2025-12-17,2025-12-18,,2026-08-31,2026-08-05T17:07:23Z,2026,05,2,2025,1,163,,false,false,Major Disaster,Montana,Region 8 — Denver,Denver,"CO,MT,ND,SD,UT,WY",Winter weather,Straight-Line Winds; Winter Storm,false,false,false,false,false,false,false,true,true,false,false,1,true,false,false,30000,https://www.fema.gov/api/open/v2/DisasterDeclarationsSummaries,https://www.fema.gov/openfema-data-page/disaster-declarations-summaries-v2,2026-08-16T23:00:55Z
DR-4913-KY,4913,KY,DR,2026-05-29T00:00:00.000Z,2026,Winter Storm,SEVERE WINTER STORM,false,false,true,false,2026-01-23T00:00:00.000Z,2026-01-27T00:00:00.000Z,,false,21,235,99235,Whitley (County),26022,,2026012101,4,5,2026-05-31T21:41:12.844Z,80e3fbfddf612d8a20ec9a6e323a84fb9e6d7c19,3af0a21c-d5cf-4f36-93e0-584f2fa055ae,2026-05-29,2026-01-23,2026-01-27,,,2026-05-31T21:41:12Z,2026,05,2,2026,4,126,,false,false,Major Disaster,Kentucky,Region 4 — Atlanta,Atlanta,"AL,FL,GA,KY,MS,NC,SC,TN",Winter weather,Winter Storm,false,false,false,false,false,false,false,true,false,false,false,1,false,true,false,21235,https://www.fema.gov/api/open/v2/DisasterDeclarationsSummaries,https://www.fema.gov/openfema-data-page/disaster-declarations-summaries-v2,2026-08-16T23:00:55Z
DR-4913-KY,4913,KY,DR,2026-05-29T00:00:00.000Z,2026,Winter Storm,SEVERE WINTER STORM,false,false,true,false,2026-01-23T00:00:00.000Z,2026-01-27T00:00:00.000Z,,false,21,231,99231,Wayne (County),26022,,2026012101,4,5,2026-05-31T21:41:12.844Z,2adc2ac0c4df29e95f2507705f128eeef128172e,d0028d88-b377-462f-a5a1-0a727f7996ef,2026-05-29,2026-01-23,2026-01-27,,,2026-05-31T21:41:12Z,2026,05,2,2026,4,126,,false,false,Major Disaster,Kentucky,Region 4 — Atlanta,Atlanta,"AL,FL,GA,KY,MS,NC,SC,TN",Winter weather,Winter Storm,false,false,false,false,false,false,false,true,false,false,false,1,false,true,false,21231,https://www.fema.gov/api/open/v2/DisasterDeclarationsSummaries,https://www.fema.gov/openfema-data-page/disaster-declarations-summaries-v2,2026-08-16T23:00:55Z
DR-4913-KY,4913,KY,DR,2026-05-29T00:00:00.000Z,2026,Winter Storm,SEVERE WINTER STORM,false,false,true,false,2026-01-23T00:00:00.000Z,2026-01-27T00:00:00.000Z,,false,21,207,99207,Russell (County),26022,,2026012101,4,5,2026-05-31T21:41:12.844Z,b4e86d8991a34f0ac980237d9aa36cc17d11fefe,20c684bd-971c-4076-84c9-e8d267dab1c4,2026-05-29,2026-01-23,2026-01-27,,,2026-05-31T21:41:12Z,2026,05,2,2026,4,126,,false,false,Major Disaster,Kentucky,Region 4 — Atlanta,Atlanta,"AL,FL,GA,KY,MS,NC,SC,TN",Winter weather,Winter Storm,false,false,false,false,false,false,false,true,false,false,false,1,false,true,false,21207,https://www.fema.gov/api/open/v2/DisasterDeclarationsSummaries,https://www.fema.gov/openfema-data-page/disaster-declarations-summaries-v2,2026-08-16T23:00:55Z
DR-4913-KY,4913,KY,DR,2026-05-29T00:00:00.000Z,2026,Winter Storm,SEVERE WINTER STORM,false,false,true,false,2026-01-23T00:00:00.000Z,2026-01-27T00:00:00.000Z,,false,21,203,99203,Rockcastle (County),26022,,2026012101,4,5,2026-05-31T21:41:12.844Z,3a50f7dc596dd6637c320dd8a1185577f7daf433,44842c34-3627-40b5-975c-87f0e71ab019,2026-05-29,2026-01-23,2026-01-27,,,2026-05-31T21:41:12Z,2026,05,2,2026,4,126,,false,false,Major Disaster,Kentucky,Region 4 — Atlanta,Atlanta,"AL,FL,GA,KY,MS,NC,SC,TN",Winter weather,Winter Storm,false,false,false,false,false,false,false,true,false,false,false,1,false,true,false,21203,https://www.fema.gov/api/open/v2/DisasterDeclarationsSummaries,https://www.fema.gov/openfema-data-page/disaster-declarations-summaries-v2,2026-08-16T23:00:55Z
DR-4913-KY,4913,KY,DR,2026-05-29T00:00:00.000Z,2026,Winter Storm,SEVERE WINTER STORM,false,false,true,false,2026-01-23T00:00:00.000Z,2026-01-27T00:00:00.000Z,,false,21,199,99199,Pulaski (County),26022,,2026012101,4,5,2026-05-31T21:41:12.844Z,ae9a8af3702e61f82bfef7a20f77071bc7e5c2da,ad5a86bd-a676-4a0f-bfa9-396922cda11c,2026-05-29,2026-01-23,2026-01-27,,,2026-05-31T21:41:12Z,2026,05,2,2026,4,126,,false,false,Major Disaster,Kentucky,Region 4 — Atlanta,Atlanta,"AL,FL,GA,KY,MS,NC,SC,TN",Winter weather,Winter Storm,false,false,false,false,false,false,false,true,false,false,false,1,false,true,false,21199,https://www.fema.gov/api/open/v2/DisasterDeclarationsSummaries,https://www.fema.gov/openfema-data-page/disaster-declarations-summaries-v2,2026-08-16T23:00:55Z
DR-4913-KY,4913,KY,DR,2026-05-29T00:00:00.000Z,2026,Winter Storm,SEVERE WINTER STORM,false,false,true,false,2026-01-23T00:00:00.000Z,2026-01-27T00:00:00.000Z,,false,21,193,99193,Perry (County),26022,,2026012101,4,5,2026-07-06T23:41:19.623Z,e17e15e6324513eb68ab0eff353d17ab3cdf79e7,de86b85d-4693-406d-b97f-e34be37a3e8d,2026-05-29,2026-01-23,2026-01-27,,,2026-07-06T23:41:19Z,2026,05,2,2026,4,126,,false,false,Major Disaster,Kentucky,Region 4 — Atlanta,Atlanta,"AL,FL,GA,KY,MS,NC,SC,TN",Winter weather,Winter Storm,false,false,false,false,false,false,false,true,false,false,false,1,false,true,false,21193,https://www.fema.gov/api/open/v2/DisasterDeclarationsSummaries,https://www.fema.gov/openfema-data-page/disaster-declarations-summaries-v2,2026-08-16T23:00:55Z
DR-4913-KY,4913,KY,DR,2026-05-29T00:00:00.000Z,2026,Winter Storm,SEVERE WINTER STORM,false,false,true,false,2026-01-23T00:00:00.000Z,2026-01-27T00:00:00.000Z,,false,21,189,99189,Owsley (County),26022,,2026012101,4,5,2026-05-31T21:41:12.844Z,8346f042499b247533c06f731c97b91669a6abff,15d0f6ed-6dcc-4361-97e1-fd9d206fb249,2026-05-29,2026-01-23,2026-01-27,,,2026-05-31T21:41:12Z,2026,05,2,2026,4,126,,false,false,Major Disaster,Kentucky,Region 4 — Atlanta,Atlanta,"AL,FL,GA,KY,MS,NC,SC,TN",Winter weather,Winter Storm,false,false,false,false,false,false,false,true,false,false,false,1,false,true,false,21189,https://www.fema.gov/api/open/v2/DisasterDeclarationsSummaries,https://www.fema.gov/openfema-data-page/disaster-declarations-summaries-v2,2026-08-16T23:00:55Z
DR-4913-KY,4913,KY,DR,2026-05-29T00:00:00.000Z,2026,Winter Storm,SEVERE WINTER STORM,false,false,true,false,2026-01-23T00:00:00.000Z,2026-01-27T00:00:00.000Z,,false,21,171,99171,Monroe (County),26022,,2026012101,4,5,2026-05-31T21:41:12.844Z,6e70040d9964f2b3ca32f3a248b1d3b106642258,3812c295-8aa3-495e-8550-f52739773dda,2026-05-29,2026-01-23,2026-01-27,,,2026-05-31T21:41:12Z,2026,05,2,2026,4,126,,false,false,Major Disaster,Kentucky,Region 4 — Atlanta,Atlanta,"AL,FL,GA,KY,MS,NC,SC,TN",Winter weather,Winter Storm,false,false,false,false,false,false,false,true,false,false,false,1,false,true,false,21171,https://www.fema.gov/api/open/v2/DisasterDeclarationsSummaries,https://www.fema.gov/openfema-data-page/disaster-declarations-summaries-v2,2026-08-16T23:00:55Z
DR-4913-KY,4913,KY,DR,2026-05-29T00:00:00.000Z,2026,Winter Storm,SEVERE WINTER STORM,false,false,true,false,2026-01-23T00:00:00.000Z,2026-01-27T00:00:00.000Z,,false,21,169,99169,Metcalfe (County),26022,,2026012101,4,5,2026-05-31T21:41:12.844Z,f30154a470c5c75a0a3be4e6a4dfc33268a7863d,fc30862b-9264-4295-ac88-beaa8751462f,2026-05-29,2026-01-23,2026-01-27,,,2026-05-31T21:41:12Z,2026,05,2,2026,4,126,,false,false,Major Disaster,Kentucky,Region 4 — Atlanta,Atlanta,"AL,FL,GA,KY,MS,NC,SC,TN",Winter weather,Winter Storm,false,false,false,false,false,false,false,true,false,false,false,1,false,true,false,21169,https://www.fema.gov/api/open/v2/DisasterDeclarationsSummaries,https://www.fema.gov/openfema-data-page/disaster-declarations-summaries-v2,2026-08-16T23:00:55Z
DR-4913-KY,4913,KY,DR,2026-05-29T00:00:00.000Z,2026,Winter Storm,SEVERE WINTER STORM,false,false,true,false,2026-01-23T00:00:00.000Z,2026-01-27T00:00:00.000Z,,false,21,165,99165,Menifee (County),26022,,2026012101,4,5,2026-05-31T21:41:12.844Z,e08aea3f51b7a60c9520f0de60c7cd24d040047d,3b1c1918-5c02-4ea2-8ae9-8dd69f1e52ea,2026-05-29,2026-01-23,2026-01-27,,,2026-05-31T21:41:12Z,2026,05,2,2026,4,126,,false,false,Major Disaster,Kentucky,Region 4 — Atlanta,Atlanta,"AL,FL,GA,KY,MS,NC,SC,TN",Winter weather,Winter Storm,false,false,false,false,false,false,false,true,false,false,false,1,false,true,false,21165,https://www.fema.gov/api/open/v2/DisasterDeclarationsSummaries,https://www.fema.gov/openfema-data-page/disaster-declarations-summaries-v2,2026-08-16T23:00:55Z
DR-4913-KY,4913,KY,DR,2026-05-29T00:00:00.000Z,2026,Winter Storm,SEVERE WINTER STORM,false,false,true,false,2026-01-23T00:00:00.000Z,2026-01-27T00:00:00.000Z,,false,21,147,99147,McCreary (County),26022,,2026012101,4,5,2026-05-31T21:41:12.844Z,d3683ac5408d01a6af3ffb03d30f7c63aa504dd7,6ab517a4-bfd3-4065-93a9-b75f1893655d,2026-05-29,2026-01-23,2026-01-27,,,2026-05-31T21:41:12Z,2026,05,2,2026,4,126,,false,false,Major Disaster,Kentucky,Region 4 — Atlanta,Atlanta,"AL,FL,GA,KY,MS,NC,SC,TN",Winter weather,Winter Storm,false,false,false,false,false,false,false,true,false,false,false,1,false,true,false,21147,https://www.fema.gov/api/open/v2/DisasterDeclarationsSummaries,https://www.fema.gov/openfema-data-page/disaster-declarations-summaries-v2,2026-08-16T23:00:55Z
DR-4913-KY,4913,KY,DR,2026-05-29T00:00:00.000Z,2026,Winter Storm,SEVERE WINTER STORM,false,false,true,false,2026-01-23T00:00:00.000Z,2026-01-27T00:00:00.000Z,,false,21,129,99129,Lee (County),26022,,2026012101,4,5,2026-05-31T21:41:12.844Z,9aae2dc9c7af660ebac4b532f8b154f8ba112a8f,5476f5de-da07-452c-b82f-33e87f83dc4e,2026-05-29,2026-01-23,2026-01-27,,,2026-05-31T21:41:12Z,2026,05,2,2026,4,126,,false,false,Major Disaster,Kentucky,Region 4 — Atlanta,Atlanta,"AL,FL,GA,KY,MS,NC,SC,TN",Winter weather,Winter Storm,false,false,false,false,false,false,false,true,false,false,false,1,false,true,false,21129,https://www.fema.gov/api/open/v2/DisasterDeclarationsSummaries,https://www.fema.gov/openfema-data-page/disaster-declarations-summaries-v2,2026-08-16T23:00:55Z
DR-4913-KY,4913,KY,DR,2026-05-29T00:00:00.000Z,2026,Winter Storm,SEVERE WINTER STORM,false,false,true,false,2026-01-23T00:00:00.000Z,2026-01-27T00:00:00.000Z,,false,21,125,99125,Laurel (County),26022,,2026012101,4,5,2026-05-31T21:41:12.844Z,eb6711f1e8fe62e7e8ed75a603a49ca59b30634a,d95c28c2-ef51-4df7-a91e-9b4c5eb14815,2026-05-29,2026-01-23,2026-01-27,,,2026-05-31T21:41:12Z,2026,05,2,2026,4,126,,false,false,Major Disaster,Kentucky,Region 4 — Atlanta,Atlanta,"AL,FL,GA,KY,MS,NC,SC,TN",Winter weather,Winter Storm,false,false,false,false,false,false,false,true,false,false,false,1,false,true,false,21125,https://www.fema.gov/api/open/v2/DisasterDeclarationsSummaries,https://www.fema.gov/openfema-data-page/disaster-declarations-summaries-v2,2026-08-16T23:00:55Z
DR-4913-KY,4913,KY,DR,2026-05-29T00:00:00.000Z,2026,Winter Storm,SEVERE WINTER STORM,false,false,true,false,2026-01-23T00:00:00.000Z,2026-01-27T00:00:00.000Z,,false,21,109,99109,Jackson (County),26022,,2026012101,4,5,2026-05-31T21:41:12.844Z,2e470019eecf4f1fc95724fa7eddcb0dd0eb2be3,f00c5fc4-c6fe-4517-b0c4-b68c126be24c,2026-05-29,2026-01-23,2026-01-27,,,2026-05-31T21:41:12Z,2026,05,2,2026,4,126,,false,false,Major Disaster,Kentucky,Region 4 — Atlanta,Atlanta,"AL,FL,GA,KY,MS,NC,SC,TN",Winter weather,Winter Storm,false,false,false,false,false,false,false,true,false,false,false,1,false,true,false,21109,https://www.fema.gov/api/open/v2/DisasterDeclarationsSummaries,https://www.fema.gov/openfema-data-page/disaster-declarations-summaries-v2,2026-08-16T23:00:55Z
DR-4913-KY,4913,KY,DR,2026-05-29T00:00:00.000Z,2026,Winter Storm,SEVERE WINTER STORM,false,false,true,false,2026-01-23T00:00:00.000Z,2026-01-27T00:00:00.000Z,,false,21,057,99057,Cumberland (County),26022,,2026012101,4,5,2026-05-31T21:41:12.844Z,fd5ea65a036c5ed48a99ef794ea991b0e5a8fe2d,addc1a3b-3f5e-4312-b808-e405fd92b282,2026-05-29,2026-01-23,2026-01-27,,,2026-05-31T21:41:12Z,2026,05,2,2026,4,126,,false,false,Major Disaster,Kentucky,Region 4 — Atlanta,Atlanta,"AL,FL,GA,KY,MS,NC,SC,TN",Winter weather,Winter Storm,false,false,false,false,false,false,false,true,false,false,false,1,false,true,false,21057,https://www.fema.gov/api/open/v2/DisasterDeclarationsSummaries,https://www.fema.gov/openfema-data-page/disaster-declarations-summaries-v2,2026-08-16T23:00:55Z
DR-4913-KY,4913,KY,DR,2026-05-29T00:00:00.000Z,2026,Winter Storm,SEVERE WINTER STORM,false,false,true,false,2026-01-23T00:00:00.000Z,2026-01-27T00:00:00.000Z,,false,21,053,99053,Clinton (County),26022,,2026012101,4,5,2026-05-31T21:41:12.844Z,1ca99849503eb2e2dd563d9d33e87e0110d7c435,e4ab9c47-035a-4c2d-9300-c013bc03d6f9,2026-05-29,2026-01-23,2026-01-27,,,2026-05-31T21:41:12Z,2026,05,2,2026,4,126,,false,false,Major Disaster,Kentucky,Region 4 — Atlanta,Atlanta,"AL,FL,GA,KY,MS,NC,SC,TN",Winter weather,Winter Storm,false,false,false,false,false,false,false,true,false,false,false,1,false,true,false,21053,https://www.fema.gov/api/open/v2/DisasterDeclarationsSummaries,https://www.fema.gov/openfema-data-page/disaster-declarations-summaries-v2,2026-08-16T23:00:55Z
DR-4913-KY,4913,KY,DR,2026-05-29T00:00:00.000Z,2026,Winter Storm,SEVERE WINTER STORM,false,false,true,false,2026-01-23T00:00:00.000Z,2026-01-27T00:00:00.000Z,,false,21,051,99051,Clay (County),26022,,2026012101,4,5,2026-05-31T21:41:12.844Z,06ee2c22700c72f180d808692f7c622052336650,b4d53bb9-051b-451d-b7ec-5bdd6417830c,2026-05-29,2026-01-23,2026-01-27,,,2026-05-31T21:41:12Z,2026,05,2,2026,4,126,,false,false,Major Disaster,Kentucky,Region 4 — Atlanta,Atlanta,"AL,FL,GA,KY,MS,NC,SC,TN",Winter weather,Winter Storm,false,false,false,false,false,false,false,true,false,false,false,1,false,true,false,21051,https://www.fema.gov/api/open/v2/DisasterDeclarationsSummaries,https://www.fema.gov/openfema-data-page/disaster-declarations-summaries-v2,2026-08-16T23:00:55Z
DR-4913-KY,4913,KY,DR,2026-05-29T00:00:00.000Z,2026,Winter Storm,SEVERE WINTER STORM,false,false,true,false,2026-01-23T00:00:00.000Z,2026-01-27T00:00:00.000Z,,false,21,045,99045,Casey (County),26022,,2026012101,4,5,2026-06-11T19:01:12.094Z,62c7991f5fa8f9038d2ebfdcfa47daec36de1ea0,cd7b846b-2cc1-4bb6-b0cd-8d18fe25bdbb,2026-05-29,2026-01-23,2026-01-27,,,2026-06-11T19:01:12Z,2026,05,2,2026,4,126,,false,false,Major Disaster,Kentucky,Region 4 — Atlanta,Atlanta,"AL,FL,GA,KY,MS,NC,SC,TN",Winter weather,Winter Storm,false,false,false,false,false,false,false,true,false,false,false,1,false,true,false,21045,https://www.fema.gov/api/open/v2/DisasterDeclarationsSummaries,https://www.fema.gov/openfema-data-page/disaster-declarations-summaries-v2,2026-08-16T23:00:55Z
DR-4913-KY,4913,KY,DR,2026-05-29T00:00:00.000Z,2026,Winter Storm,SEVERE WINTER STORM,false,false,true,false,2026-01-23T00:00:00.000Z,2026-01-27T00:00:00.000Z,,false,21,009,99009,Barren (County),26022,,2026012101,4,5,2026-05-31T21:41:12.844Z,7126f873fd1586492e4d4ea111e4d9d4e8e39e88,5f0d9565-4cce-4eb5-a81f-92a67df27fa3,2026-05-29,2026-01-23,2026-01-27,,,2026-05-31T21:41:12Z,2026,05,2,2026,4,126,,false,false,Major Disaster,Kentucky,Region 4 — Atlanta,Atlanta,"AL,FL,GA,KY,MS,NC,SC,TN",Winter weather,Winter Storm,false,false,false,false,false,false,false,true,false,false,false,1,false,true,false,21009,https://www.fema.gov/api/open/v2/DisasterDeclarationsSummaries,https://www.fema.gov/openfema-data-page/disaster-declarations-summaries-v2,2026-08-16T23:00:55Z
DR-4913-KY,4913,KY,DR,2026-05-29T00:00:00.000Z,2026,Winter Storm,SEVERE WINTER STORM,false,false,true,false,2026-01-23T00:00:00.000Z,2026-01-27T00:00:00.000Z,,false,21,003,99003,Allen (County),26022,,2026012101,4,5,2026-05-31T21:41:12.844Z,193778c1b7b64924f1d4cef636844bb5ef13fc41,f22e714d-56c9-4a3c-b963-9734b267418a,2026-05-29,2026-01-23,2026-01-27,,,2026-05-31T21:41:12Z,2026,05,2,2026,4,126,,false,false,Major Disaster,Kentucky,Region 4 — Atlanta,Atlanta,"AL,FL,GA,KY,MS,NC,SC,TN",Winter weather,Winter Storm,false,false,false,false,false,false,false,true,false,false,false,1,false,true,false,21003,https://www.fema.gov/api/open/v2/DisasterDeclarationsSummaries,https://www.fema.gov/openfema-data-page/disaster-declarations-summaries-v2,2026-08-16T23:00:55Z
DR-4913-KY,4913,KY,DR,2026-05-29T00:00:00.000Z,2026,Winter Storm,SEVERE WINTER STORM,false,false,true,false,2026-01-23T00:00:00.000Z,2026-01-27T00:00:00.000Z,,false,21,001,99001,Adair (County),26022,,2026012101,4,5,2026-06-11T19:01:12.094Z,b1a99e5f085dca7357b409f7ed96fa9d9588ba0c,57cdf9b4-43b1-42ad-b92d-c3d50ac26fdc,2026-05-29,2026-01-23,2026-01-27,,,2026-06-11T19:01:12Z,2026,05,2,2026,4,126,,false,false,Major Disaster,Kentucky,Region 4 — Atlanta,Atlanta,"AL,FL,GA,KY,MS,NC,SC,TN",Winter weather,Winter Storm,false,false,false,false,false,false,false,true,false,false,false,1,false,true,false,21001,https://www.fema.gov/api/open/v2/DisasterDeclarationsSummaries,https://www.fema.gov/openfema-data-page/disaster-declarations-summaries-v2,2026-08-16T23:00:55Z
DR-4912-AK,4912,AK,DR,2026-05-29T00:00:00.000Z,2026,Flood,"SEVERE STORMS, FLOODING, AND REMNANTS OF TYPHOON HALONG",false,false,true,false,2025-10-08T00:00:00.000Z,2025-10-13T00:00:00.000Z,,true,02,000,39745,Kipnuk (ANV/ANVSA),26001,,2025101101,10,"W,Z,F,H",2026-08-07T15:01:26.974Z,c4a6550a6abe152a60a32f76e42dd9bf2c55a34c,389045cd-409f-483a-8f67-815760e9be94,2026-05-29,2025-10-08,2025-10-13,,,2026-08-07T15:01:26Z,2026,05,2,2025,5,233,,false,false,Major Disaster,Alaska,Region 10 — Bothell,Bothell,"AK,ID,OR,WA",Flood,Severe Storm; Other; Flood; Hurricane,true,true,false,false,false,false,false,false,true,false,true,1,false,true,false,02000,https://www.fema.gov/api/open/v2/DisasterDeclarationsSummaries,https://www.fema.gov/openfema-data-page/disaster-declarations-summaries-v2,2026-08-16T23:00:55Z
DR-4911-AZ,4911,AZ,DR,2026-05-29T00:00:00.000Z,2026,Severe Storm,SEVERE STORMS AND FLOODING,true,false,true,false,2025-10-10T00:00:00.000Z,2025-10-13T00:00:00.000Z,,true,04,000,62980,San Carlos Indian Reservation,25141,2026-08-01T00:00:00.000Z,2025121903,9,"W,F",2026-08-07T15:01:26.974Z,40e6e5ef36b7f153b3664b294369a358f1cdba92,bc99a516-db7a-42c7-a85a-b526ae5f8522,2026-05-29,2025-10-10,2025-10-13,,2026-08-01,2026-08-07T15:01:26Z,2026,05,2,2025,3,231,,false,false,Major Disaster,Arizona,Region 9 — Oakland,Oakland,"AZ,CA,HI,NV,AS,GU,MP",Severe storm,Severe Storm; Flood,false,true,false,false,false,false,false,false,true,false,false,2,true,true,false,04000,https://www.fema.gov/api/open/v2/DisasterDeclarationsSummaries,https://www.fema.gov/openfema-data-page/disaster-declarations-summaries-v2,2026-08-16T23:00:55Z
EM-3646-CA,3646,CA,EM,2026-05-25T00:00:00.000Z,2026,Chemical,CHEMICAL RELEASE,false,false,true,false,2026-05-21T00:00:00.000Z,2026-05-29T00:00:00.000Z,,false,06,059,99059,Orange (County),26073,,2026052301,9,L,2026-06-12T20:21:23.953Z,8ad891c5adb8d4856e48d01d6a65535cd64b9b0e,5e102152-8ea8-43aa-b282-968eeefc21a0,2026-05-25,2026-05-21,2026-05-29,,,2026-06-12T20:21:23Z,2026,05,2,2026,8,4,,false,false,Emergency,California,Region 9 — Oakland,Oakland,"AZ,CA,HI,NV,AS,GU,MP",Human / technological,Chemical,false,false,false,false,false,false,false,false,false,false,false,1,false,true,false,06059,https://www.fema.gov/api/open/v2/DisasterDeclarationsSummaries,https://www.fema.gov/openfema-data-page/disaster-declarations-summaries-v2,2026-08-16T23:00:55Z
FM-5636-CA,5636,CA,FM,2026-05-20T00:00:00.000Z,2026,Fire,BAIN FIRE,false,false,true,false,2026-05-19T00:00:00.000Z,,,false,06,065,99065,Riverside (County),26071,,2026052001,9,R,2026-05-20T21:01:13.055Z,81fc3f72069a73a1d2796b71d790e104b8f9b4f2,80f7481e-5f35-483d-91b5-2ab6c88731dd,2026-05-20,2026-05-19,,,,2026-05-20T21:01:13Z,2026,05,2,2026,,1,,true,false,Fire Management Assistance,California,Region 9 — Oakland,Oakland,"AZ,CA,HI,NV,AS,GU,MP",Fire,Fire,false,false,true,false,false,false,false,false,false,false,false,1,false,true,false,06065,https://www.fema.gov/api/open/v2/DisasterDeclarationsSummaries,https://www.fema.gov/openfema-data-page/disaster-declarations-summaries-v2,2026-08-16T23:00:55Z
FM-5635-CA,5635,CA,FM,2026-05-18T00:00:00.000Z,2026,Fire,SANDY FIRE,false,false,true,false,2026-05-18T00:00:00.000Z,,,false,06,111,99111,Ventura (County),26068,,2026051901,9,R,2026-05-20T14:21:18.375Z,3f885a64e7025fff41b54c624555f6e01f305887,009e31cb-4666-4aa8-9821-656ce2532c39,2026-05-18,2026-05-18,,,,2026-05-20T14:21:18Z,2026,05,2,2026,,0,,true,false,Fire Management Assistance,California,Region 9 — Oakland,Oakland,"AZ,CA,HI,NV,AS,GU,MP",Fire,Fire,false,false,true,false,false,false,false,false,false,false,false,1,false,true,false,06111,https://www.fema.gov/api/open/v2/DisasterDeclarationsSummaries,https://www.fema.gov/openfema-data-page/disaster-declarations-summaries-v2,2026-08-16T23:00:55Z
FM-5634-TX,5634,TX,FM,2026-05-18T00:00:00.000Z,2026,Fire,STINKY FIRE,false,false,true,false,2026-05-18T00:00:00.000Z,2026-05-21T00:00:00.000Z,,false,48,375,99375,Potter (County),26067,,2026051902,6,R,2026-07-09T11:21:10.453Z,72d1a4df3956277ae784c43469d0a86f45542fb3,8cec904b-0e3c-4450-9874-965fcf339bb3,2026-05-18,2026-05-18,2026-05-21,,,2026-07-09T11:21:10Z,2026,05,2,2026,3,0,,false,false,Fire Management Assistance,Texas,Region 6 — Denton,Denton,"AR,LA,NM,OK,TX",Fire,Fire,false,false,true,false,false,false,false,false,false,false,false,1,false,true,false,48375,https://www.fema.gov/api/open/v2/DisasterDeclarationsSummaries,https://www.fema.gov/openfema-data-page/disaster-declarations-summaries-v2,2026-08-16T23:00:55Z
FM-5633-TX,5633,TX,FM,2026-05-14T00:00:00.000Z,2026,Fire,HUNGGATE FIRE,false,false,true,false,2026-05-14T00:00:00.000Z,2026-05-19T00:00:00.000Z,,false,48,381,99381,Randall (County),26066,,2026051501,6,R,2026-07-09T11:21:10.453Z,26e018eb1e804d59bca8ba88fb0a72c16d2ac859,3ca17c51-23c2-46a0-aad6-3f5f8c5dd3c1,2026-05-14,2026-05-14,2026-05-19,,,2026-07-09T11:21:10Z,2026,05,2,2026,5,0,,false,false,Fire Management Assistance,Texas,Region 6 — Denton,Denton,"AR,LA,NM,OK,TX",Fire,Fire,false,false,true,false,false,false,false,false,false,false,false,1,false,true,false,48381,https://www.fema.gov/api/open/v2/DisasterDeclarationsSummaries,https://www.fema.gov/openfema-data-page/disaster-declarations-summaries-v2,2026-08-16T23:00:55Z
FM-5632-FL,5632,FL,FM,2026-04-23T00:00:00.000Z,2026,Fire,COW CREEK FIRE,false,false,true,false,2026-04-21T00:00:00.000Z,,,false,12,075,99075,Levy (County),26063,,2026042301,4,R,2026-04-24T19:21:19.758Z,2a2e332d7a19cd1c233267a225a2db915e58a000,55004a1e-12d3-4e59-a196-bba0138ca2de,2026-04-23,2026-04-21,,,,2026-04-24T19:21:19Z,2026,04,2,2026,,2,,true,false,Fire Management Assistance,Florida,Region 4 — Atlanta,Atlanta,"AL,FL,GA,KY,MS,NC,SC,TN",Fire,Fire,false,false,true,false,false,false,false,false,false,false,false,1,false,true,false,12075,https://www.fema.gov/api/open/v2/DisasterDeclarationsSummaries,https://www.fema.gov/openfema-data-page/disaster-declarations-summaries-v2,2026-08-16T23:00:55Z
DR-4910-MP,4910,MP,DR,2026-04-23T00:00:00.000Z,2026,Hurricane,SUPER TYPHOON SINLAKU,true,false,true,false,2026-04-11T00:00:00.000Z,2026-04-18T00:00:00.000Z,,false,69,120,99120,Tinian (Municipality),26059,2026-06-22T00:00:00.000Z,2026040901,9,J,2026-04-23T23:41:13.419Z,cd05efbe3b893e6f8ef4d36cc3cd3f802a0ecd4c,506782df-4ddf-4bb3-8767-1420833944a6,2026-04-23,2026-04-11,2026-04-18,,2026-06-22,2026-04-23T23:41:13Z,2026,04,2,2026,7,12,,false,false,Major Disaster,Northern Mariana Islands,Region 9 — Oakland,Oakland,"AZ,CA,HI,NV,AS,GU,MP",Tropical cyclone,Typhoon,true,false,false,false,false,false,false,false,false,false,true,2,true,true,false,69120,https://www.fema.gov/api/open/v2/DisasterDeclarationsSummaries,https://www.fema.gov/openfema-data-page/disaster-declarations-summaries-v2,2026-08-16T23:00:55Z
DR-4910-MP,4910,MP,DR,2026-04-23T00:00:00.000Z,2026,Hurricane,SUPER TYPHOON SINLAKU,true,false,true,false,2026-04-11T00:00:00.000Z,2026-04-18T00:00:00.000Z,,false,69,110,99110,Saipan (Municipality),26059,2026-06-22T00:00:00.000Z,2026040901,9,J,2026-04-23T23:41:13.419Z,cb83e2ad917c1a37a22834283cc8dc1833f64205,1973ca67-5693-4e84-9e66-d999291b6426,2026-04-23,2026-04-11,2026-04-18,,2026-06-22,2026-04-23T23:41:13Z,2026,04,2,2026,7,12,,false,false,Major Disaster,Northern Mariana Islands,Region 9 — Oakland,Oakland,"AZ,CA,HI,NV,AS,GU,MP",Tropical cyclone,Typhoon,true,false,false,false,false,false,false,false,false,false,true,2,true,true,false,69110,https://www.fema.gov/api/open/v2/DisasterDeclarationsSummaries,https://www.fema.gov/openfema-data-page/disaster-declarations-summaries-v2,2026-08-16T23:00:55Z
DR-4910-MP,4910,MP,DR,2026-04-23T00:00:00.000Z,2026,Hurricane,SUPER TYPHOON SINLAKU,true,false,true,false,2026-04-11T00:00:00.000Z,2026-04-18T00:00:00.000Z,,false,69,100,99100,Rota (Municipality),26059,2026-06-22T00:00:00.000Z,2026040901,9,J,2026-04-23T23:41:13.419Z,19a2030102c0e4fcdd1d46d4d17259b9da1633b3,c20ae4cd-959d-404e-b46e-549fad2e07fc,2026-04-23,2026-04-11,2026-04-18,,2026-06-22,2026-04-23T23:41:13Z,2026,04,2,2026,7,12,,false,false,Major Disaster,Northern Mariana Islands,Region 9 — Oakland,Oakland,"AZ,CA,HI,NV,AS,GU,MP",Tropical cyclone,Typhoon,true,false,false,false,false,false,false,false,false,false,true,2,true,true,false,69100,https://www.fema.gov/api/open/v2/DisasterDeclarationsSummaries,https://www.fema.gov/openfema-data-page/disaster-declarations-summaries-v2,2026-08-16T23:00:55Z
DR-4910-MP,4910,MP,DR,2026-04-23T00:00:00.000Z,2026,Hurricane,SUPER TYPHOON SINLAKU,true,false,true,false,2026-04-11T00:00:00.000Z,2026-04-18T00:00:00.000Z,,false,69,085,99085,Northern Islands (Municipality),26059,2026-06-22T00:00:00.000Z,2026040901,9,J,2026-04-23T23:41:13.419Z,cff9e0679d9d066ed4580b7fee46a98f6d969545,bbebd356-44b9-499e-861f-366ddae1684b,2026-04-23,2026-04-11,2026-04-18,,2026-06-22,2026-04-23T23:41:13Z,2026,04,2,2026,7,12,,false,false,Major Disaster,Northern Mariana Islands,Region 9 — Oakland,Oakland,"AZ,CA,HI,NV,AS,GU,MP",Tropical cyclone,Typhoon,true,false,false,false,false,false,false,false,false,false,true,2,true,true,false,69085,https://www.fema.gov/api/open/v2/DisasterDeclarationsSummaries,https://www.fema.gov/openfema-data-page/disaster-declarations-summaries-v2,2026-08-16T23:00:55Z
DR-4910-MP,4910,MP,DR,2026-04-23T00:00:00.000Z,2026,Hurricane,SUPER TYPHOON SINLAKU,true,false,true,false,2026-04-11T00:00:00.000Z,2026-04-18T00:00:00.000Z,,false,69,010,99010,Northern Mariana Islands (County-equivalent),26059,2026-06-22T00:00:00.000Z,2026040901,9,J,2026-04-23T23:41:13.419Z,00695cc9cd10b4ebb785efbe180b6a20a5645872,30983325-417b-4302-9fd3-0e654ff320cc,2026-04-23,2026-04-11,2026-04-18,,2026-06-22,2026-04-23T23:41:13Z,2026,04,2,2026,7,12,,false,false,Major Disaster,Northern Mariana Islands,Region 9 — Oakland,Oakland,"AZ,CA,HI,NV,AS,GU,MP",Tropical cyclone,Typhoon,true,false,false,false,false,false,false,false,false,false,true,2,true,true,false,69010,https://www.fema.gov/api/open/v2/DisasterDeclarationsSummaries,https://www.fema.gov/openfema-data-page/disaster-declarations-summaries-v2,2026-08-16T23:00:55Z
FM-5631-FL,5631,FL,FM,2026-04-22T00:00:00.000Z,2026,Fire,RAILROAD COMPLEX FIRE,false,false,true,false,2026-04-19T00:00:00.000Z,,,false,12,107,99107,Putnam (County),26060,,2026042203,4,R,2026-04-23T12:21:12.423Z,7c85618f930fb5089bf4ef1186b8c57aeff52a79,19fd19f4-6ac3-4699-b244-2cf972b9c68d,2026-04-22,2026-04-19,,,,2026-04-23T12:21:12Z,2026,04,2,2026,,3,,true,false,Fire Management Assistance,Florida,Region 4 — Atlanta,Atlanta,"AL,FL,GA,KY,MS,NC,SC,TN",Fire,Fire,false,false,true,false,false,false,false,false,false,false,false,1,false,true,false,12107,https://www.fema.gov/api/open/v2/DisasterDeclarationsSummaries,https://www.fema.gov/openfema-data-page/disaster-declarations-summaries-v2,2026-08-16T23:00:55Z
FM-5631-FL,5631,FL,FM,2026-04-22T00:00:00.000Z,2026,Fire,RAILROAD COMPLEX FIRE,false,false,true,false,2026-04-19T00:00:00.000Z,,,false,12,019,99019,Clay (County),26060,,2026042203,4,R,2026-04-23T12:21:12.423Z,91a8d6a14b6b6aa09e3a28349cfce7cd10c8abaa,f2f8e920-7470-4f02-a1ed-2d25a8ed2b7e,2026-04-22,2026-04-19,,,,2026-04-23T12:21:12Z,2026,04,2,2026,,3,,true,false,Fire Management Assistance,Florida,Region 4 — Atlanta,Atlanta,"AL,FL,GA,KY,MS,NC,SC,TN",Fire,Fire,false,false,true,false,false,false,false,false,false,false,false,1,false,true,false,12019,https://www.fema.gov/api/open/v2/DisasterDeclarationsSummaries,https://www.fema.gov/openfema-data-page/disaster-declarations-summaries-v2,2026-08-16T23:00:55Z
FM-5630-GA,5630,GA,FM,2026-04-22T00:00:00.000Z,2026,Fire,HIGHWAY 82 FIRE,false,false,true,false,2026-04-20T00:00:00.000Z,,,false,13,025,99025,Brantley (County),26062,,2026042202,4,R,2026-05-21T13:01:20.582Z,b98dcbe8056931cc8e3d80a8b7a0045241981a0b,b05a4f6d-ec5b-43e0-a82d-8f41dbf91613,2026-04-22,2026-04-20,,,,2026-05-21T13:01:20Z,2026,04,2,2026,,2,,true,false,Fire Management Assistance,Georgia,Region 4 — Atlanta,Atlanta,"AL,FL,GA,KY,MS,NC,SC,TN",Fire,Fire,false,false,true,false,false,false,false,false,false,false,false,1,false,true,false,13025,https://www.fema.gov/api/open/v2/DisasterDeclarationsSummaries,https://www.fema.gov/openfema-data-page/disaster-declarations-summaries-v2,2026-08-16T23:00:55Z
FM-5629-GA,5629,GA,FM,2026-04-21T00:00:00.000Z,2026,Fire,PINELAND ROAD FIRE,false,false,true,false,2026-04-18T00:00:00.000Z,,,false,13,101,99101,Echols (County),26061,,2026042201,4,R,2026-05-21T13:01:20.582Z,e48a342a14b6727d3e17e0a4ef799922febf0f41,5a7e5b31-6cf0-4896-9361-cad60e9b780a,2026-04-21,2026-04-18,,,,2026-05-21T13:01:20Z,2026,04,2,2026,,3,,true,false,Fire Management Assistance,Georgia,Region 4 — Atlanta,Atlanta,"AL,FL,GA,KY,MS,NC,SC,TN",Fire,Fire,false,false,true,false,false,false,false,false,false,false,false,1,false,true,false,13101,https://www.fema.gov/api/open/v2/DisasterDeclarationsSummaries,https://www.fema.gov/openfema-data-page/disaster-declarations-summaries-v2,2026-08-16T23:00:55Z
FM-5629-GA,5629,GA,FM,2026-04-21T00:00:00.000Z,2026,Fire,PINELAND ROAD FIRE,false,false,true,false,2026-04-18T00:00:00.000Z,,,false,13,065,99065,Clinch (County),26061,,2026042201,4,R,2026-05-21T13:01:20.582Z,5b0ac530227670308f05303343ecde3aebec4131,6648d90f-e7b5-42d5-a2ed-0d747c7237ec,2026-04-21,2026-04-18,,,,2026-05-21T13:01:20Z,2026,04,2,2026,,3,,true,false,Fire Management Assistance,Georgia,Region 4 — Atlanta,Atlanta,"AL,FL,GA,KY,MS,NC,SC,TN",Fire,Fire,false,false,true,false,false,false,false,false,false,false,false,1,false,true,false,13065,https://www.fema.gov/api/open/v2/DisasterDeclarationsSummaries,https://www.fema.gov/openfema-data-page/disaster-declarations-summaries-v2,2026-08-16T23:00:55Z
EM-3645-MP,3645,MP,EM,2026-04-11T00:00:00.000Z,2026,Tropical Storm,TYPHOON SINLAKU,false,false,true,false,2026-04-11T00:00:00.000Z,2026-04-18T00:00:00.000Z,,false,69,120,99120,Tinian (Municipality),26055,,2026040901,9,"4,J",2026-05-18T21:01:10.055Z,04cf2f5d8b3abc3e2a3933020296eaf3bce19554,6d74905a-fc45-43b9-8670-01c9a2d5ab2e,2026-04-11,2026-04-11,2026-04-18,,,2026-05-18T21:01:10Z,2026,04,2,2026,7,0,,false,false,Emergency,Northern Mariana Islands,Region 9 — Oakland,Oakland,"AZ,CA,HI,NV,AS,GU,MP",Tropical cyclone,Tropical Storm; Typhoon,true,false,false,false,false,false,false,false,false,false,true,1,false,true,false,69120,https://www.fema.gov/api/open/v2/DisasterDeclarationsSummaries,https://www.fema.gov/openfema-data-page/disaster-declarations-summaries-v2,2026-08-16T23:00:55Z
EM-3645-MP,3645,MP,EM,2026-04-11T00:00:00.000Z,2026,Tropical Storm,TYPHOON SINLAKU,false,false,true,false,2026-04-11T00:00:00.000Z,2026-04-18T00:00:00.000Z,,false,69,110,99110,Saipan (Municipality),26055,,2026040901,9,"4,J",2026-05-18T21:01:10.055Z,0abb5db5a1ed80a6a7615a2a91787bc13c5dadf6,5113e321-2628-4b33-a417-900241743a3c,2026-04-11,2026-04-11,2026-04-18,,,2026-05-18T21:01:10Z,2026,04,2,2026,7,0,,false,false,Emergency,Northern Mariana Islands,Region 9 — Oakland,Oakland,"AZ,CA,HI,NV,AS,GU,MP",Tropical cyclone,Tropical Storm; Typhoon,true,false,false,false,false,false,false,false,false,false,true,1,false,true,false,69110,https://www.fema.gov/api/open/v2/DisasterDeclarationsSummaries,https://www.fema.gov/openfema-data-page/disaster-declarations-summaries-v2,2026-08-16T23:00:55Z
EM-3645-MP,3645,MP,EM,2026-04-11T00:00:00.000Z,2026,Tropical Storm,TYPHOON SINLAKU,false,false,true,false,2026-04-11T00:00:00.000Z,2026-04-18T00:00:00.000Z,,false,69,100,99100,Rota (Municipality),26055,,2026040901,9,"4,J",2026-05-18T21:01:10.055Z,848ef1bbdc7c25def6da04822c499fb155c9b6dc,fdc249df-0eaa-4ba2-9bd5-4f4c716cbd46,2026-04-11,2026-04-11,2026-04-18,,,2026-05-18T21:01:10Z,2026,04,2,2026,7,0,,false,false,Emergency,Northern Mariana Islands,Region 9 — Oakland,Oakland,"AZ,CA,HI,NV,AS,GU,MP",Tropical cyclone,Tropical Storm; Typhoon,true,false,false,false,false,false,false,false,false,false,true,1,false,true,false,69100,https://www.fema.gov/api/open/v2/DisasterDeclarationsSummaries,https://www.fema.gov/openfema-data-page/disaster-declarations-summaries-v2,2026-08-16T23:00:55Z
EM-3645-MP,3645,MP,EM,2026-04-11T00:00:00.000Z,2026,Tropical Storm,TYPHOON SINLAKU,false,false,true,false,2026-04-11T00:00:00.000Z,2026-04-18T00:00:00.000Z,,false,69,085,99085,Northern Islands (Municipality),26055,,2026040901,9,"4,J",2026-05-18T21:01:10.055Z,41819f170c072aee4540658d2c6ad7118779a293,73f53748-4520-408f-afe4-ad6f5c3242cd,2026-04-11,2026-04-11,2026-04-18,,,2026-05-18T21:01:10Z,2026,04,2,2026,7,0,,false,false,Emergency,Northern Mariana Islands,Region 9 — Oakland,Oakland,"AZ,CA,HI,NV,AS,GU,MP",Tropical cyclone,Tropical Storm; Typhoon,true,false,false,false,false,false,false,false,false,false,true,1,false,true,false,69085,https://www.fema.gov/api/open/v2/DisasterDeclarationsSummaries,https://www.fema.gov/openfema-data-page/disaster-declarations-summaries-v2,2026-08-16T23:00:55Z
EM-3645-MP,3645,MP,EM,2026-04-11T00:00:00.000Z,2026,Tropical Storm,TYPHOON SINLAKU,false,false,true,false,2026-04-11T00:00:00.000Z,2026-04-18T00:00:00.000Z,,false,69,010,99010,Northern Mariana Islands (County-equivalent),26055,,2026040901,9,"4,J",2026-05-18T21:01:10.055Z,1f0dfe49458fc58e6e7c2783a4894b8be56906ec,8e652eab-8d40-487e-affa-bb98baf9621c,2026-04-11,2026-04-11,2026-04-18,,,2026-05-18T21:01:10Z,2026,04,2,2026,7,0,,false,false,Emergency,Northern Mariana Islands,Region 9 — Oakland,Oakland,"AZ,CA,HI,NV,AS,GU,MP",Tropical cyclone,Tropical Storm; Typhoon,true,false,false,false,false,false,false,false,false,false,true,1,false,true,false,69010,https://www.fema.gov/api/open/v2/DisasterDeclarationsSummaries,https://www.fema.gov/openfema-data-page/disaster-declarations-summaries-v2,2026-08-16T23:00:55Z
EM-3644-GU,3644,GU,EM,2026-04-11T00:00:00.000Z,2026,Tropical Storm,TYPHOON SINLAKU,false,false,true,false,2026-04-11T00:00:00.000Z,2026-04-18T00:00:00.000Z,,false,66,010,99010,Guam (County-equivalent),26054,,2026040901,9,"4,J",2026-05-18T21:01:10.055Z,e13ae02225c82231f0ee1a970be2a39fecf9ef4b,d3fca4ca-7ea0-42da-801d-925fb4927f6e,2026-04-11,2026-04-11,2026-04-18,,,2026-05-18T21:01:10Z,2026,04,2,2026,7,0,,false,false,Emergency,Guam,Region 9 — Oakland,Oakland,"AZ,CA,HI,NV,AS,GU,MP",Tropical cyclone,Tropical Storm; Typhoon,true,false,false,false,false,false,false,false,false,false,true,1,false,true,false,66010,https://www.fema.gov/api/open/v2/DisasterDeclarationsSummaries,https://www.fema.gov/openfema-data-page/disaster-declarations-summaries-v2,2026-08-16T23:00:55Z
DR-4909-HI,4909,HI,DR,2026-04-07T00:00:00.000Z,2026,Flood,"SEVERE STORMS, FLOODING, LANDSLIDES, AND MUDSLIDES",true,false,true,false,2026-03-10T00:00:00.000Z,2026-03-24T00:00:00.000Z,,false,15,009,99009,Maui (County),26047,2026-06-14T00:00:00.000Z,2026032303,9,"M,W,F",2026-08-07T15:01:26.974Z,7789a6eef9026662e44b6a61c7d56f4706e45659,f1957704-3ee9-4580-a032-c84288d12dd3,2026-04-07,2026-03-10,2026-03-24,,2026-06-14,2026-08-07T15:01:26Z,2026,04,2,2026,14,28,,false,false,Major Disaster,Hawaii,Region 9 — Oakland,Oakland,"AZ,CA,HI,NV,AS,GU,MP",Flood,Mud/Landslide; Severe Storm; Flood,false,true,false,false,false,false,false,false,true,false,false,2,true,true,false,15009,https://www.fema.gov/api/open/v2/DisasterDeclarationsSummaries,https://www.fema.gov/openfema-data-page/disaster-declarations-summaries-v2,2026-08-16T23:00:55Z
DR-4909-HI,4909,HI,DR,2026-04-07T00:00:00.000Z,2026,Flood,"SEVERE STORMS, FLOODING, LANDSLIDES, AND MUDSLIDES",true,false,true,false,2026-03-10T00:00:00.000Z,2026-03-24T00:00:00.000Z,,false,15,003,99003,Honolulu (County),26047,2026-06-14T00:00:00.000Z,2026032303,9,"M,W,F",2026-08-07T15:01:26.974Z,a52c046320ae88c9eb7205308cc8ffadb17d9c73,d2c47502-6596-449d-a1d0-e2dbc42d2fb2,2026-04-07,2026-03-10,2026-03-24,,2026-06-14,2026-08-07T15:01:26Z,2026,04,2,2026,14,28,,false,false,Major Disaster,Hawaii,Region 9 — Oakland,Oakland,"AZ,CA,HI,NV,AS,GU,MP",Flood,Mud/Landslide; Severe Storm; Flood,false,true,false,false,false,false,false,false,true,false,false,2,true,true,false,15003,https://www.fema.gov/api/open/v2/DisasterDeclarationsSummaries,https://www.fema.gov/openfema-data-page/disaster-declarations-summaries-v2,2026-08-16T23:00:55Z
DR-4909-HI,4909,HI,DR,2026-04-07T00:00:00.000Z,2026,Flood,"SEVERE STORMS, FLOODING, LANDSLIDES, AND MUDSLIDES",true,false,true,false,2026-03-10T00:00:00.000Z,2026-03-24T00:00:00.000Z,,false,15,001,99001,Hawaii (County),26047,2026-06-14T00:00:00.000Z,2026032303,9,"M,W,F",2026-08-07T15:01:26.974Z,cbcc8d9d257e5d3a501f329f52a465348eb7c9d9,357608c3-a65c-424d-ad7a-81082f3fc46d,2026-04-07,2026-03-10,2026-03-24,,2026-06-14,2026-08-07T15:01:26Z,2026,04,2,2026,14,28,,false,false,Major Disaster,Hawaii,Region 9 — Oakland,Oakland,"AZ,CA,HI,NV,AS,GU,MP",Flood,Mud/Landslide; Severe Storm; Flood,false,true,false,false,false,false,false,false,true,false,false,2,true,true,false,15001,https://www.fema.gov/api/open/v2/DisasterDeclarationsSummaries,https://www.fema.gov/openfema-data-page/disaster-declarations-summaries-v2,2026-08-16T23:00:55Z
DR-4908-SC,4908,SC,DR,2026-04-07T00:00:00.000Z,2026,Winter Storm,SEVERE WINTER STORM,false,false,true,false,2026-01-21T00:00:00.000Z,2026-01-27T00:00:00.000Z,,false,45,077,99077,Pickens (County),26036,,2026012101,4,5,2026-04-11T03:41:13.240Z,1a0a8f4ea56fa56a1aac0b4b234fb2ab9d93f9cc,5515239b-0808-4162-b015-89856b1507d6,2026-04-07,2026-01-21,2026-01-27,,,2026-04-11T03:41:13Z,2026,04,2,2026,6,76,,false,false,Major Disaster,South Carolina,Region 4 — Atlanta,Atlanta,"AL,FL,GA,KY,MS,NC,SC,TN",Winter weather,Winter Storm,false,false,false,false,false,false,false,true,false,false,false,1,false,true,false,45077,https://www.fema.gov/api/open/v2/DisasterDeclarationsSummaries,https://www.fema.gov/openfema-data-page/disaster-declarations-summaries-v2,2026-08-16T23:00:55Z
DR-4908-SC,4908,SC,DR,2026-04-07T00:00:00.000Z,2026,Winter Storm,SEVERE WINTER STORM,false,false,true,false,2026-01-21T00:00:00.000Z,2026-01-27T00:00:00.000Z,,false,45,073,99073,Oconee (County),26036,,2026012101,4,5,2026-04-11T03:41:13.240Z,d906e0f2dcb07b5854d1f8f37aff295fff958830,9f667f88-e9b3-42cc-8fd2-8948168bf53a,2026-04-07,2026-01-21,2026-01-27,,,2026-04-11T03:41:13Z,2026,04,2,2026,6,76,,false,false,Major Disaster,South Carolina,Region 4 — Atlanta,Atlanta,"AL,FL,GA,KY,MS,NC,SC,TN",Winter weather,Winter Storm,false,false,false,false,false,false,false,true,false,false,false,1,false,true,false,45073,https://www.fema.gov/api/open/v2/DisasterDeclarationsSummaries,https://www.fema.gov/openfema-data-page/disaster-declarations-summaries-v2,2026-08-16T23:00:55Z
DR-4908-SC,4908,SC,DR,2026-04-07T00:00:00.000Z,2026,Winter Storm,SEVERE WINTER STORM,false,false,true,false,2026-01-21T00:00:00.000Z,2026-01-27T00:00:00.000Z,,false,45,045,99045,Greenville (County),26036,,2026012101,4,5,2026-04-11T03:41:13.240Z,750a6033281afeb0f290934d4d5772eccfe40b82,d78a7e1d-c8e2-4c78-963f-8daf0d0744d2,2026-04-07,2026-01-21,2026-01-27,,,2026-04-11T03:41:13Z,2026,04,2,2026,6,76,,false,false,Major Disaster,South Carolina,Region 4 — Atlanta,Atlanta,"AL,FL,GA,KY,MS,NC,SC,TN",Winter weather,Winter Storm,false,false,false,false,false,false,false,true,false,false,false,1,false,true,false,45045,https://www.fema.gov/api/open/v2/DisasterDeclarationsSummaries,https://www.fema.gov/openfema-data-page/disaster-declarations-summaries-v2,2026-08-16T23:00:55Z
DR-4907-OR,4907,OR,DR,2026-04-07T00:00:00.000Z,2026,Severe Storm,"SEVERE STORMS, STRAIGHT-LINE WINDS, FLOODING, LANDSLIDES, AND MUDSLIDES",false,false,true,false,2025-12-15T00:00:00.000Z,2025-12-21T00:00:00.000Z,,false,41,071,99071,Yamhill (County),26033,,2025121702,10,"2,5,M,W,F",2026-08-07T15:01:26.974Z,9c61b82e52d5e411730fd2c589022db0215cd0e6,5ff1ad41-24e1-4d73-bd8c-3be00d2bdec0,2026-04-07,2025-12-15,2025-12-21,,,2026-08-07T15:01:26Z,2026,04,2,2025,6,113,,false,false,Major Disaster,Oregon,Region 10 — Bothell,Bothell,"AK,ID,OR,WA",Severe storm,Straight-Line Winds; Winter Storm; Mud/Landslide; Severe Storm; Flood,false,true,false,false,false,false,false,true,true,false,false,1,false,true,false,41071,https://www.fema.gov/api/open/v2/DisasterDeclarationsSummaries,https://www.fema.gov/openfema-data-page/disaster-declarations-summaries-v2,2026-08-16T23:00:55Z
DR-4907-OR,4907,OR,DR,2026-04-07T00:00:00.000Z,2026,Severe Storm,"SEVERE STORMS, STRAIGHT-LINE WINDS, FLOODING, LANDSLIDES, AND MUDSLIDES",false,false,true,false,2025-12-15T00:00:00.000Z,2025-12-21T00:00:00.000Z,,false,41,065,99065,Wasco (County),26033,,2025121702,10,"2,5,M,W,F",2026-08-07T15:01:26.974Z,c77e05b4a1237073b9a9e36d41d10cad7e2acf75,73dfee70-df5b-4211-8cd3-84f8394192a8,2026-04-07,2025-12-15,2025-12-21,,,2026-08-07T15:01:26Z,2026,04,2,2025,6,113,,false,false,Major Disaster,Oregon,Region 10 — Bothell,Bothell,"AK,ID,OR,WA",Severe storm,Straight-Line Winds; Winter Storm; Mud/Landslide; Severe Storm; Flood,false,true,false,false,false,false,false,true,true,false,false,1,false,true,false,41065,https://www.fema.gov/api/open/v2/DisasterDeclarationsSummaries,https://www.fema.gov/openfema-data-page/disaster-declarations-summaries-v2,2026-08-16T23:00:55Z
DR-4907-OR,4907,OR,DR,2026-04-07T00:00:00.000Z,2026,Severe Storm,"SEVERE STORMS, STRAIGHT-LINE WINDS, FLOODING, LANDSLIDES, AND MUDSLIDES",false,false,true,false,2025-12-15T00:00:00.000Z,2025-12-21T00:00:00.000Z,,false,41,061,99061,Union (County),26033,,2025121702,10,"2,5,M,W,F",2026-08-07T15:01:26.974Z,d14e15bbe05b79ecae3fd93b717c4c591cb945e1,0e83a339-e866-4a77-a2a7-54767b7d61d9,2026-04-07,2025-12-15,2025-12-21,,,2026-08-07T15:01:26Z,2026,04,2,2025,6,113,,false,false,Major Disaster,Oregon,Region 10 — Bothell,Bothell,"AK,ID,OR,WA",Severe storm,Straight-Line Winds; Winter Storm; Mud/Landslide; Severe Storm; Flood,false,true,false,false,false,false,false,true,true,false,false,1,false,true,false,41061,https://www.fema.gov/api/open/v2/DisasterDeclarationsSummaries,https://www.fema.gov/openfema-data-page/disaster-declarations-summaries-v2,2026-08-16T23:00:55Z
DR-4907-OR,4907,OR,DR,2026-04-07T00:00:00.000Z,2026,Severe Storm,"SEVERE STORMS, STRAIGHT-LINE WINDS, FLOODING, LANDSLIDES, AND MUDSLIDES",false,false,true,false,2025-12-15T00:00:00.000Z,2025-12-21T00:00:00.000Z,,false,41,057,99057,Tillamook (County),26033,,2025121702,10,"2,5,M,W,F",2026-08-07T15:01:26.974Z,3b15809175216a0b4e3cd35ba7dece793daf2ee4,2fec9998-a4d0-45cd-8608-f51d03461ab8,2026-04-07,2025-12-15,2025-12-21,,,2026-08-07T15:01:26Z,2026,04,2,2025,6,113,,false,false,Major Disaster,Oregon,Region 10 — Bothell,Bothell,"AK,ID,OR,WA",Severe storm,Straight-Line Winds; Winter Storm; Mud/Landslide; Severe Storm; Flood,false,true,false,false,false,false,false,true,true,false,false,1,false,true,false,41057,https://www.fema.gov/api/open/v2/DisasterDeclarationsSummaries,https://www.fema.gov/openfema-data-page/disaster-declarations-summaries-v2,2026-08-16T23:00:55Z
DR-4907-OR,4907,OR,DR,2026-04-07T00:00:00.000Z,2026,Severe Storm,"SEVERE STORMS, STRAIGHT-LINE WINDS, FLOODING, LANDSLIDES, AND MUDSLIDES",false,false,true,false,2025-12-15T00:00:00.000Z,2025-12-21T00:00:00.000Z,,false,41,053,99053,Polk (County),26033,,2025121702,10,"2,5,M,W,F",2026-08-07T15:01:26.974Z,204c06330687afb48c081f021b741e517d4effab,237c99cf-2fd2-4473-925c-72cf1ce12cd1,2026-04-07,2025-12-15,2025-12-21,,,2026-08-07T15:01:26Z,2026,04,2,2025,6,113,,false,false,Major Disaster,Oregon,Region 10 — Bothell,Bothell,"AK,ID,OR,WA",Severe storm,Straight-Line Winds; Winter Storm; Mud/Landslide; Severe Storm; Flood,false,true,false,false,false,false,false,true,true,false,false,1,false,true,false,41053,https://www.fema.gov/api/open/v2/DisasterDeclarationsSummaries,https://www.fema.gov/openfema-data-page/disaster-declarations-summaries-v2,2026-08-16T23:00:55Z
DR-4907-OR,4907,OR,DR,2026-04-07T00:00:00.000Z,2026,Severe Storm,"SEVERE STORMS, STRAIGHT-LINE WINDS, FLOODING, LANDSLIDES, AND MUDSLIDES",false,false,true,false,2025-12-15T00:00:00.000Z,2025-12-21T00:00:00.000Z,,false,41,043,99043,Linn (County),26033,,2025121702,10,"2,5,M,W,F",2026-08-07T15:01:26.974Z,32cb139f16473cc39d44d7e4ce9f73e99f352843,d38f1d11-75c2-4d01-8cac-67d22ed7fe0b,2026-04-07,2025-12-15,2025-12-21,,,2026-08-07T15:01:26Z,2026,04,2,2025,6,113,,false,false,Major Disaster,Oregon,Region 10 — Bothell,Bothell,"AK,ID,OR,WA",Severe storm,Straight-Line Winds; Winter Storm; Mud/Landslide; Severe Storm; Flood,false,true,false,false,false,false,false,true,true,false,false,1,false,true,false,41043,https://www.fema.gov/api/open/v2/DisasterDeclarationsSummaries,https://www.fema.gov/openfema-data-page/disaster-declarations-summaries-v2,2026-08-16T23:00:55Z
DR-4907-OR,4907,OR,DR,2026-04-07T00:00:00.000Z,2026,Severe Storm,"SEVERE STORMS, STRAIGHT-LINE WINDS, FLOODING, LANDSLIDES, AND MUDSLIDES",false,false,true,false,2025-12-15T00:00:00.000Z,2025-12-21T00:00:00.000Z,,false,41,041,99041,Lincoln (County),26033,,2025121702,10,"2,5,M,W,F",2026-08-07T15:01:26.974Z,c4efc7260aedb085eec6cc212127e010e8ca00fc,03217642-0072-4c06-a706-3d88602e0b4b,2026-04-07,2025-12-15,2025-12-21,,,2026-08-07T15:01:26Z,2026,04,2,2025,6,113,,false,false,Major Disaster,Oregon,Region 10 — Bothell,Bothell,"AK,ID,OR,WA",Severe storm,Straight-Line Winds; Winter Storm; Mud/Landslide; Severe Storm; Flood,false,true,false,false,false,false,false,true,true,false,false,1,false,true,false,41041,https://www.fema.gov/api/open/v2/DisasterDeclarationsSummaries,https://www.fema.gov/openfema-data-page/disaster-declarations-summaries-v2,2026-08-16T23:00:55Z
DR-4907-OR,4907,OR,DR,2026-04-07T00:00:00.000Z,2026,Severe Storm,"SEVERE STORMS, STRAIGHT-LINE WINDS, FLOODING, LANDSLIDES, AND MUDSLIDES",false,false,true,false,2025-12-15T00:00:00.000Z,2025-12-21T00:00:00.000Z,,false,41,039,99039,Lane (County),26033,,2025121702,10,"2,5,M,W,F",2026-08-07T15:01:26.974Z,2d58992020424bfacbf10a700ba18fd2b48b63b3,0067753a-940e-45d4-bd5d-b58ecbbdfeb4,2026-04-07,2025-12-15,2025-12-21,,,2026-08-07T15:01:26Z,2026,04,2,2025,6,113,,false,false,Major Disaster,Oregon,Region 10 — Bothell,Bothell,"AK,ID,OR,WA",Severe storm,Straight-Line Winds; Winter Storm; Mud/Landslide; Severe Storm; Flood,false,true,false,false,false,false,false,true,true,false,false,1,false,true,false,41039,https://www.fema.gov/api/open/v2/DisasterDeclarationsSummaries,https://www.fema.gov/openfema-data-page/disaster-declarations-summaries-v2,2026-08-16T23:00:55Z
DR-4907-OR,4907,OR,DR,2026-04-07T00:00:00.000Z,2026,Severe Storm,"SEVERE STORMS, STRAIGHT-LINE WINDS, FLOODING, LANDSLIDES, AND MUDSLIDES",false,false,true,false,2025-12-15T00:00:00.000Z,2025-12-21T00:00:00.000Z,,false,41,027,99027,Hood River (County),26033,,2025121702,10,"2,5,M,W,F",2026-08-07T15:01:26.974Z,1113845e5a2bd4fd05b79b4420b78d3c42b24de4,b6660fb3-c8b7-461f-a5e4-b274e1754e0b,2026-04-07,2025-12-15,2025-12-21,,,2026-08-07T15:01:26Z,2026,04,2,2025,6,113,,false,false,Major Disaster,Oregon,Region 10 — Bothell,Bothell,"AK,ID,OR,WA",Severe storm,Straight-Line Winds; Winter Storm; Mud/Landslide; Severe Storm; Flood,false,true,false,false,false,false,false,true,true,false,false,1,false,true,false,41027,https://www.fema.gov/api/open/v2/DisasterDeclarationsSummaries,https://www.fema.gov/openfema-data-page/disaster-declarations-summaries-v2,2026-08-16T23:00:55Z
DR-4907-OR,4907,OR,DR,2026-04-07T00:00:00.000Z,2026,Severe Storm,"SEVERE STORMS, STRAIGHT-LINE WINDS, FLOODING, LANDSLIDES, AND MUDSLIDES",false,false,true,false,2025-12-15T00:00:00.000Z,2025-12-21T00:00:00.000Z,,false,41,007,99007,Clatsop (County),26033,,2025121702,10,"2,5,M,W,F",2026-08-07T15:01:26.974Z,803f38a9d293be0857d2b6a4d30a15d3da509bab,ca7bac51-c75f-47a9-813a-443ecd1231e2,2026-04-07,2025-12-15,2025-12-21,,,2026-08-07T15:01:26Z,2026,04,2,2025,6,113,,false,false,Major Disaster,Oregon,Region 10 — Bothell,Bothell,"AK,ID,OR,WA",Severe storm,Straight-Line Winds; Winter Storm; Mud/Landslide; Severe Storm; Flood,false,true,false,false,false,false,false,true,true,false,false,1,false,true,false,41007,https://www.fema.gov/api/open/v2/DisasterDeclarationsSummaries,https://www.fema.gov/openfema-data-page/disaster-declarations-summaries-v2,2026-08-16T23:00:55Z
DR-4907-OR,4907,OR,DR,2026-04-07T00:00:00.000Z,2026,Severe Storm,"SEVERE STORMS, STRAIGHT-LINE WINDS, FLOODING, LANDSLIDES, AND MUDSLIDES",false,false,true,false,2025-12-15T00:00:00.000Z,2025-12-21T00:00:00.000Z,,false,41,005,99005,Clackamas (County),26033,,2025121702,10,"2,5,M,W,F",2026-08-07T15:01:26.974Z,ae4c6ff76ffe36ae495b3706725f1e634c14ca03,62b1eb2c-9223-43ee-89c7-1bd4f32d192a,2026-04-07,2025-12-15,2025-12-21,,,2026-08-07T15:01:26Z,2026,04,2,2025,6,113,,false,false,Major Disaster,Oregon,Region 10 — Bothell,Bothell,"AK,ID,OR,WA",Severe storm,Straight-Line Winds; Winter Storm; Mud/Landslide; Severe Storm; Flood,false,true,false,false,false,false,false,true,true,false,false,1,false,true,false,41005,https://www.fema.gov/api/open/v2/DisasterDeclarationsSummaries,https://www.fema.gov/openfema-data-page/disaster-declarations-summaries-v2,2026-08-16T23:00:55Z
DR-4906-WA,4906,WA,DR,2026-04-07T00:00:00.000Z,2026,Flood,"SEVERE STORMS, STRAIGHT-LINE WINDS, FLOODING, LANDSLIDES, AND MUDSLIDES",false,false,true,false,2025-12-05T00:00:00.000Z,2025-12-19T00:00:00.000Z,,false,53,077,99077,Yakima (County),26004,2026-06-10T00:00:00.000Z,2025121001,10,"2,M,W,F",2026-08-07T15:01:26.974Z,47c40c8ec4cf74743e99eb40ac8cb135c0a84151,d35a1c45-c23f-4c1d-9394-2356c211e9ff,2026-04-07,2025-12-05,2025-12-19,,2026-06-10,2026-08-07T15:01:26Z,2026,04,2,2025,14,123,,false,false,Major Disaster,Washington,Region 10 — Bothell,Bothell,"AK,ID,OR,WA",Flood,Straight-Line Winds; Mud/Landslide; Severe Storm; Flood,false,true,false,false,false,false,false,false,true,false,false,1,false,true,false,53077,https://www.fema.gov/api/open/v2/DisasterDeclarationsSummaries,https://www.fema.gov/openfema-data-page/disaster-declarations-summaries-v2,2026-08-16T23:00:55Z
DR-4906-WA,4906,WA,DR,2026-04-07T00:00:00.000Z,2026,Flood,"SEVERE STORMS, STRAIGHT-LINE WINDS, FLOODING, LANDSLIDES, AND MUDSLIDES",true,false,true,false,2025-12-05T00:00:00.000Z,2025-12-19T00:00:00.000Z,,false,53,073,99073,Whatcom (County),26004,2026-06-10T00:00:00.000Z,2025121001,10,"2,M,W,F",2026-08-07T15:01:26.974Z,e31d5d9059e6eaeaf5d2c58f5921421716614167,94ab15a0-03bf-4852-9813-191aecc230ee,2026-04-07,2025-12-05,2025-12-19,,2026-06-10,2026-08-07T15:01:26Z,2026,04,2,2025,14,123,,false,false,Major Disaster,Washington,Region 10 — Bothell,Bothell,"AK,ID,OR,WA",Flood,Straight-Line Winds; Mud/Landslide; Severe Storm; Flood,false,true,false,false,false,false,false,false,true,false,false,2,true,true,false,53073,https://www.fema.gov/api/open/v2/DisasterDeclarationsSummaries,https://www.fema.gov/openfema-data-page/disaster-declarations-summaries-v2,2026-08-16T23:00:55Z
DR-4906-WA,4906,WA,DR,2026-04-07T00:00:00.000Z,2026,Flood,"SEVERE STORMS, STRAIGHT-LINE WINDS, FLOODING, LANDSLIDES, AND MUDSLIDES",false,false,true,false,2025-12-05T00:00:00.000Z,2025-12-19T00:00:00.000Z,,false,53,069,99069,Wahkiakum (County),26004,2026-06-10T00:00:00.000Z,2025121001,10,"2,M,W,F",2026-08-07T15:01:26.974Z,6a6c29355376890c9fab3f3e9bab399e627c4689,895ee7c6-1ed0-4801-a9cf-9108787a3a7c,2026-04-07,2025-12-05,2025-12-19,,2026-06-10,2026-08-07T15:01:26Z,2026,04,2,2025,14,123,,false,false,Major Disaster,Washington,Region 10 — Bothell,Bothell,"AK,ID,OR,WA",Flood,Straight-Line Winds; Mud/Landslide; Severe Storm; Flood,false,true,false,false,false,false,false,false,true,false,false,1,false,true,false,53069,https://www.fema.gov/api/open/v2/DisasterDeclarationsSummaries,https://www.fema.gov/openfema-data-page/disaster-declarations-summaries-v2,2026-08-16T23:00:55Z
DR-4906-WA,4906,WA,DR,2026-04-07T00:00:00.000Z,2026,Flood,"SEVERE STORMS, STRAIGHT-LINE WINDS, FLOODING, LANDSLIDES, AND MUDSLIDES",true,false,false,false,2025-12-05T00:00:00.000Z,2025-12-19T00:00:00.000Z,,false,53,067,99067,Thurston (County),26004,2026-06-10T00:00:00.000Z,2025121001,10,"2,M,W,F",2026-08-07T15:01:26.974Z,11a2a36eee2882fe71ed7829f4387b01a7f1e40d,fb51d3ae-6aeb-467b-b365-ead62e77c722,2026-04-07,2025-12-05,2025-12-19,,2026-06-10,2026-08-07T15:01:26Z,2026,04,2,2025,14,123,,false,false,Major Disaster,Washington,Region 10 — Bothell,Bothell,"AK,ID,OR,WA",Flood,Straight-Line Winds; Mud/Landslide; Severe Storm; Flood,false,true,false,false,false,false,false,false,true,false,false,1,true,false,false,53067,https://www.fema.gov/api/open/v2/DisasterDeclarationsSummaries,https://www.fema.gov/openfema-data-page/disaster-declarations-summaries-v2,2026-08-16T23:00:55Z
DR-4906-WA,4906,WA,DR,2026-04-07T00:00:00.000Z,2026,Flood,"SEVERE STORMS, STRAIGHT-LINE WINDS, FLOODING, LANDSLIDES, AND MUDSLIDES",true,false,true,false,2025-12-05T00:00:00.000Z,2025-12-19T00:00:00.000Z,,false,53,061,99061,Snohomish (County),26004,2026-06-10T00:00:00.000Z,2025121001,10,"2,M,W,F",2026-08-07T15:01:26.974Z,3984b11276f0b3e2236c07cf93238042ebecd384,b6605343-dba9-40b2-ac82-011f43d3c637,2026-04-07,2025-12-05,2025-12-19,,2026-06-10,2026-08-07T15:01:26Z,2026,04,2,2025,14,123,,false,false,Major Disaster,Washington,Region 10 — Bothell,Bothell,"AK,ID,OR,WA",Flood,Straight-Line Winds; Mud/Landslide; Severe Storm; Flood,false,true,false,false,false,false,false,false,true,false,false,2,true,true,false,53061,https://www.fema.gov/api/open/v2/DisasterDeclarationsSummaries,https://www.fema.gov/openfema-data-page/disaster-declarations-summaries-v2,2026-08-16T23:00:55Z
DR-4906-WA,4906,WA,DR,2026-04-07T00:00:00.000Z,2026,Flood,"SEVERE STORMS, STRAIGHT-LINE WINDS, FLOODING, LANDSLIDES, AND MUDSLIDES",false,false,true,false,2025-12-05T00:00:00.000Z,2025-12-19T00:00:00.000Z,,false,53,059,99059,Skamania (County),26004,2026-06-10T00:00:00.000Z,2025121001,10,"2,M,W,F",2026-08-07T15:01:26.974Z,57fefedc0dbbc608b5bd4cbd9964bd2be43f9cd4,da6a50af-79aa-4141-904d-0eb3ccf77d62,2026-04-07,2025-12-05,2025-12-19,,2026-06-10,2026-08-07T15:01:26Z,2026,04,2,2025,14,123,,false,false,Major Disaster,Washington,Region 10 — Bothell,Bothell,"AK,ID,OR,WA",Flood,Straight-Line Winds; Mud/Landslide; Severe Storm; Flood,false,true,false,false,false,false,false,false,true,false,false,1,false,true,false,53059,https://www.fema.gov/api/open/v2/DisasterDeclarationsSummaries,https://www.fema.gov/openfema-data-page/disaster-declarations-summaries-v2,2026-08-16T23:00:55Z
DR-4906-WA,4906,WA,DR,2026-04-07T00:00:00.000Z,2026,Flood,"SEVERE STORMS, STRAIGHT-LINE WINDS, FLOODING, LANDSLIDES, AND MUDSLIDES",true,false,true,false,2025-12-05T00:00:00.000Z,2025-12-19T00:00:00.000Z,,false,53,057,99057,Skagit (County),26004,2026-06-10T00:00:00.000Z,2025121001,10,"2,M,W,F",2026-08-07T15:01:26.974Z,e8c66dce7d544042bbc52e78c0a1457c2f9e443a,255b672a-3eae-4bc2-908d-d631a21c2fe6,2026-04-07,2025-12-05,2025-12-19,,2026-06-10,2026-08-07T15:01:26Z,2026,04,2,2025,14,123,,false,false,Major Disaster,Washington,Region 10 — Bothell,Bothell,"AK,ID,OR,WA",Flood,Straight-Line Winds; Mud/Landslide; Severe Storm; Flood,false,true,false,false,false,false,false,false,true,false,false,2,true,true,false,53057,https://www.fema.gov/api/open/v2/DisasterDeclarationsSummaries,https://www.fema.gov/openfema-data-page/disaster-declarations-summaries-v2,2026-08-16T23:00:55Z
DR-4906-WA,4906,WA,DR,2026-04-07T00:00:00.000Z,2026,Flood,"SEVERE STORMS, STRAIGHT-LINE WINDS, FLOODING, LANDSLIDES, AND MUDSLIDES",true,false,true,false,2025-12-05T00:00:00.000Z,2025-12-19T00:00:00.000Z,,false,53,053,99053,Pierce (County),26004,2026-06-10T00:00:00.000Z,2025121001,10,"2,M,W,F",2026-08-07T15:01:26.974Z,8a2028fa84d9c4da48ef28929ca408f5a2a63370,5cfb2dc3-5f46-47a7-95dc-eaf8900a23ed,2026-04-07,2025-12-05,2025-12-19,,2026-06-10,2026-08-07T15:01:26Z,2026,04,2,2025,14,123,,false,false,Major Disaster,Washington,Region 10 — Bothell,Bothell,"AK,ID,OR,WA",Flood,Straight-Line Winds; Mud/Landslide; Severe Storm; Flood,false,true,false,false,false,false,false,false,true,false,false,2,true,true,false,53053,https://www.fema.gov/api/open/v2/DisasterDeclarationsSummaries,https://www.fema.gov/openfema-data-page/disaster-declarations-summaries-v2,2026-08-16T23:00:55Z
DR-4906-WA,4906,WA,DR,2026-04-07T00:00:00.000Z,2026,Flood,"SEVERE STORMS, STRAIGHT-LINE WINDS, FLOODING, LANDSLIDES, AND MUDSLIDES",false,false,true,false,2025-12-05T00:00:00.000Z,2025-12-19T00:00:00.000Z,,false,53,051,99051,Pend Oreille (County),26004,2026-06-10T00:00:00.000Z,2025121001,10,"2,M,W,F",2026-08-07T15:01:26.974Z,923fd2ad2bdd2b070293a3fad91995328b7e960b,661c3a29-51a6-409a-912e-68312a572bf6,2026-04-07,2025-12-05,2025-12-19,,2026-06-10,2026-08-07T15:01:26Z,2026,04,2,2025,14,123,,false,false,Major Disaster,Washington,Region 10 — Bothell,Bothell,"AK,ID,OR,WA",Flood,Straight-Line Winds; Mud/Landslide; Severe Storm; Flood,false,true,false,false,false,false,false,false,true,false,false,1,false,true,false,53051,https://www.fema.gov/api/open/v2/DisasterDeclarationsSummaries,https://www.fema.gov/openfema-data-page/disaster-declarations-summaries-v2,2026-08-16T23:00:55Z
DR-4906-WA,4906,WA,DR,2026-04-07T00:00:00.000Z,2026,Flood,"SEVERE STORMS, STRAIGHT-LINE WINDS, FLOODING, LANDSLIDES, AND MUDSLIDES",true,false,true,false,2025-12-05T00:00:00.000Z,2025-12-19T00:00:00.000Z,,false,53,049,99049,Pacific (County),26004,2026-06-10T00:00:00.000Z,2025121001,10,"2,M,W,F",2026-08-07T15:01:26.974Z,d4544f221402962fac898b7d7a0a17accea6d4c6,2de2d7d4-d2be-4507-a92b-19b21090c29e,2026-04-07,2025-12-05,2025-12-19,,2026-06-10,2026-08-07T15:01:26Z,2026,04,2,2025,14,123,,false,false,Major Disaster,Washington,Region 10 — Bothell,Bothell,"AK,ID,OR,WA",Flood,Straight-Line Winds; Mud/Landslide; Severe Storm; Flood,false,true,false,false,false,false,false,false,true,false,false,2,true,true,false,53049,https://www.fema.gov/api/open/v2/DisasterDeclarationsSummaries,https://www.fema.gov/openfema-data-page/disaster-declarations-summaries-v2,2026-08-16T23:00:55Z
DR-4906-WA,4906,WA,DR,2026-04-07T00:00:00.000Z,2026,Flood,"SEVERE STORMS, STRAIGHT-LINE WINDS, FLOODING, LANDSLIDES, AND MUDSLIDES",false,false,true,false,2025-12-05T00:00:00.000Z,2025-12-19T00:00:00.000Z,,false,53,045,99045,Mason (County),26004,2026-06-10T00:00:00.000Z,2025121001,10,"2,M,W,F",2026-08-07T15:01:26.974Z,eb9d7a662542a6dccb58deca14facbae5c623ad2,85ab65e3-0922-4d6e-963e-ec9f7e565b08,2026-04-07,2025-12-05,2025-12-19,,2026-06-10,2026-08-07T15:01:26Z,2026,04,2,2025,14,123,,false,false,Major Disaster,Washington,Region 10 — Bothell,Bothell,"AK,ID,OR,WA",Flood,Straight-Line Winds; Mud/Landslide; Severe Storm; Flood,false,true,false,false,false,false,false,false,true,false,false,1,false,true,false,53045,https://www.fema.gov/api/open/v2/DisasterDeclarationsSummaries,https://www.fema.gov/openfema-data-page/disaster-declarations-summaries-v2,2026-08-16T23:00:55Z
DR-4906-WA,4906,WA,DR,2026-04-07T00:00:00.000Z,2026,Flood,"SEVERE STORMS, STRAIGHT-LINE WINDS, FLOODING, LANDSLIDES, AND MUDSLIDES",true,false,true,false,2025-12-05T00:00:00.000Z,2025-12-19T00:00:00.000Z,,false,53,041,99041,Lewis (County),26004,2026-06-10T00:00:00.000Z,2025121001,10,"2,M,W,F",2026-08-07T15:01:26.974Z,5e6c97ebd086b7cff1199911ed1f85ea55104933,09ee40f0-d0c9-4d27-a2e2-39bbcb2c87e2,2026-04-07,2025-12-05,2025-12-19,,2026-06-10,2026-08-07T15:01:26Z,2026,04,2,2025,14,123,,false,false,Major Disaster,Washington,Region 10 — Bothell,Bothell,"AK,ID,OR,WA",Flood,Straight-Line Winds; Mud/Landslide; Severe Storm; Flood,false,true,false,false,false,false,false,false,true,false,false,2,true,true,false,53041,https://www.fema.gov/api/open/v2/DisasterDeclarationsSummaries,https://www.fema.gov/openfema-data-page/disaster-declarations-summaries-v2,2026-08-16T23:00:55Z
DR-4906-WA,4906,WA,DR,2026-04-07T00:00:00.000Z,2026,Flood,"SEVERE STORMS, STRAIGHT-LINE WINDS, FLOODING, LANDSLIDES, AND MUDSLIDES",false,false,true,false,2025-12-05T00:00:00.000Z,2025-12-19T00:00:00.000Z,,false,53,039,99039,Klickitat (County),26004,2026-06-10T00:00:00.000Z,2025121001,10,"2,M,W,F",2026-08-07T15:01:26.974Z,83c44c8e02d5fa66674ab84de420fbb282d683cc,88424c86-0875-4c08-be47-7a08e9be7090,2026-04-07,2025-12-05,2025-12-19,,2026-06-10,2026-08-07T15:01:26Z,2026,04,2,2025,14,123,,false,false,Major Disaster,Washington,Region 10 — Bothell,Bothell,"AK,ID,OR,WA",Flood,Straight-Line Winds; Mud/Landslide; Severe Storm; Flood,false,true,false,false,false,false,false,false,true,false,false,1,false,true,false,53039,https://www.fema.gov/api/open/v2/DisasterDeclarationsSummaries,https://www.fema.gov/openfema-data-page/disaster-declarations-summaries-v2,2026-08-16T23:00:55Z
DR-4906-WA,4906,WA,DR,2026-04-07T00:00:00.000Z,2026,Flood,"SEVERE STORMS, STRAIGHT-LINE WINDS, FLOODING, LANDSLIDES, AND MUDSLIDES",false,false,true,false,2025-12-05T00:00:00.000Z,2025-12-19T00:00:00.000Z,,false,53,037,99037,Kittitas (County),26004,2026-06-10T00:00:00.000Z,2025121001,10,"2,M,W,F",2026-08-07T15:01:26.974Z,a1175503b236ef3c8401bfafc7e605c9799dcd85,e0b1be0d-aaea-4e91-9830-fbfb623b05b1,2026-04-07,2025-12-05,2025-12-19,,2026-06-10,2026-08-07T15:01:26Z,2026,04,2,2025,14,123,,false,false,Major Disaster,Washington,Region 10 — Bothell,Bothell,"AK,ID,OR,WA",Flood,Straight-Line Winds; Mud/Landslide; Severe Storm; Flood,false,true,false,false,false,false,false,false,true,false,false,1,false,true,false,53037,https://www.fema.gov/api/open/v2/DisasterDeclarationsSummaries,https://www.fema.gov/openfema-data-page/disaster-declarations-summaries-v2,2026-08-16T23:00:55Z
DR-4906-WA,4906,WA,DR,2026-04-07T00:00:00.000Z,2026,Flood,"SEVERE STORMS, STRAIGHT-LINE WINDS, FLOODING, LANDSLIDES, AND MUDSLIDES",true,false,true,false,2025-12-05T00:00:00.000Z,2025-12-19T00:00:00.000Z,,false,53,033,99033,King (County),26004,2026-06-10T00:00:00.000Z,2025121001,10,"2,M,W,F",2026-08-07T15:01:26.974Z,ae854c19bce78ecc3324d3b958203d3b293403e5,cde459e8-bf8c-4c58-9b19-f59a1730dd1d,2026-04-07,2025-12-05,2025-12-19,,2026-06-10,2026-08-07T15:01:26Z,2026,04,2,2025,14,123,,false,false,Major Disaster,Washington,Region 10 — Bothell,Bothell,"AK,ID,OR,WA",Flood,Straight-Line Winds; Mud/Landslide; Severe Storm; Flood,false,true,false,false,false,false,false,false,true,false,false,2,true,true,false,53033,https://www.fema.gov/api/open/v2/DisasterDeclarationsSummaries,https://www.fema.gov/openfema-data-page/disaster-declarations-summaries-v2,2026-08-16T23:00:55Z
DR-4906-WA,4906,WA,DR,2026-04-07T00:00:00.000Z,2026,Flood,"SEVERE STORMS, STRAIGHT-LINE WINDS, FLOODING, LANDSLIDES, AND MUDSLIDES",false,false,true,false,2025-12-05T00:00:00.000Z,2025-12-19T00:00:00.000Z,,false,53,031,99031,Jefferson (County),26004,2026-06-10T00:00:00.000Z,2025121001,10,"2,M,W,F",2026-08-07T15:01:26.974Z,b35304278fcef2a014f26514b5cadd58e1993e31,fea977fc-9762-4153-8102-8ffca3d7da29,2026-04-07,2025-12-05,2025-12-19,,2026-06-10,2026-08-07T15:01:26Z,2026,04,2,2025,14,123,,false,false,Major Disaster,Washington,Region 10 — Bothell,Bothell,"AK,ID,OR,WA",Flood,Straight-Line Winds; Mud/Landslide; Severe Storm; Flood,false,true,false,false,false,false,false,false,true,false,false,1,false,true,false,53031,https://www.fema.gov/api/open/v2/DisasterDeclarationsSummaries,https://www.fema.gov/openfema-data-page/disaster-declarations-summaries-v2,2026-08-16T23:00:55Z
DR-4906-WA,4906,WA,DR,2026-04-07T00:00:00.000Z,2026,Flood,"SEVERE STORMS, STRAIGHT-LINE WINDS, FLOODING, LANDSLIDES, AND MUDSLIDES",false,false,true,false,2025-12-05T00:00:00.000Z,2025-12-19T00:00:00.000Z,,false,53,029,99029,Island (County),26004,2026-06-10T00:00:00.000Z,2025121001,10,"2,M,W,F",2026-08-07T15:01:26.974Z,3ddf88a85cee852571f2f702f83d8b65f81815e1,de5b5432-9f9e-4884-ba02-550a29f701dd,2026-04-07,2025-12-05,2025-12-19,,2026-06-10,2026-08-07T15:01:26Z,2026,04,2,2025,14,123,,false,false,Major Disaster,Washington,Region 10 — Bothell,Bothell,"AK,ID,OR,WA",Flood,Straight-Line Winds; Mud/Landslide; Severe Storm; Flood,false,true,false,false,false,false,false,false,true,false,false,1,false,true,false,53029,https://www.fema.gov/api/open/v2/DisasterDeclarationsSummaries,https://www.fema.gov/openfema-data-page/disaster-declarations-summaries-v2,2026-08-16T23:00:55Z
DR-4906-WA,4906,WA,DR,2026-04-07T00:00:00.000Z,2026,Flood,"SEVERE STORMS, STRAIGHT-LINE WINDS, FLOODING, LANDSLIDES, AND MUDSLIDES",true,false,true,false,2025-12-05T00:00:00.000Z,2025-12-19T00:00:00.000Z,,false,53,027,99027,Grays Harbor (County),26004,2026-06-10T00:00:00.000Z,2025121001,10,"2,M,W,F",2026-08-07T15:01:26.974Z,0c64c779d12a4f9e2ac49ab7ae1c3152fb0c7574,6d33ab0e-8f5d-41bc-b59f-8771e70d96fd,2026-04-07,2025-12-05,2025-12-19,,2026-06-10,2026-08-07T15:01:26Z,2026,04,2,2025,14,123,,false,false,Major Disaster,Washington,Region 10 — Bothell,Bothell,"AK,ID,OR,WA",Flood,Straight-Line Winds; Mud/Landslide; Severe Storm; Flood,false,true,false,false,false,false,false,false,true,false,false,2,true,true,false,53027,https://www.fema.gov/api/open/v2/DisasterDeclarationsSummaries,https://www.fema.gov/openfema-data-page/disaster-declarations-summaries-v2,2026-08-16T23:00:55Z
DR-4906-WA,4906,WA,DR,2026-04-07T00:00:00.000Z,2026,Flood,"SEVERE STORMS, STRAIGHT-LINE WINDS, FLOODING, LANDSLIDES, AND MUDSLIDES",false,false,true,false,2025-12-05T00:00:00.000Z,2025-12-19T00:00:00.000Z,,false,53,023,99023,Garfield (County),26004,2026-06-10T00:00:00.000Z,2025121001,10,"2,M,W,F",2026-08-07T15:01:26.974Z,f562c7425a23e17f7368bcbbe3e698bffcc14528,89353316-4faf-4e54-8978-940ae455b3a1,2026-04-07,2025-12-05,2025-12-19,,2026-06-10,2026-08-07T15:01:26Z,2026,04,2,2025,14,123,,false,false,Major Disaster,Washington,Region 10 — Bothell,Bothell,"AK,ID,OR,WA",Flood,Straight-Line Winds; Mud/Landslide; Severe Storm; Flood,false,true,false,false,false,false,false,false,true,false,false,1,false,true,false,53023,https://www.fema.gov/api/open/v2/DisasterDeclarationsSummaries,https://www.fema.gov/openfema-data-page/disaster-declarations-summaries-v2,2026-08-16T23:00:55Z
DR-4906-WA,4906,WA,DR,2026-04-07T00:00:00.000Z,2026,Flood,"SEVERE STORMS, STRAIGHT-LINE WINDS, FLOODING, LANDSLIDES, AND MUDSLIDES",false,false,true,false,2025-12-05T00:00:00.000Z,2025-12-19T00:00:00.000Z,,false,53,015,99015,Cowlitz (County),26004,2026-06-10T00:00:00.000Z,2025121001,10,"2,M,W,F",2026-08-07T15:01:26.974Z,45278e13d61e69a0c395143f81224c3a8d270719,7bfe2ea0-d16b-4aca-8d9d-21a7b81208b1,2026-04-07,2025-12-05,2025-12-19,,2026-06-10,2026-08-07T15:01:26Z,2026,04,2,2025,14,123,,false,false,Major Disaster,Washington,Region 10 — Bothell,Bothell,"AK,ID,OR,WA",Flood,Straight-Line Winds; Mud/Landslide; Severe Storm; Flood,false,true,false,false,false,false,false,false,true,false,false,1,false,true,false,53015,https://www.fema.gov/api/open/v2/DisasterDeclarationsSummaries,https://www.fema.gov/openfema-data-page/disaster-declarations-summaries-v2,2026-08-16T23:00:55Z
DR-4906-WA,4906,WA,DR,2026-04-07T00:00:00.000Z,2026,Flood,"SEVERE STORMS, STRAIGHT-LINE WINDS, FLOODING, LANDSLIDES, AND MUDSLIDES",false,false,true,false,2025-12-05T00:00:00.000Z,2025-12-19T00:00:00.000Z,,false,53,011,99011,Clark (County),26004,2026-06-10T00:00:00.000Z,2025121001,10,"2,M,W,F",2026-08-07T15:01:26.974Z,aa1c55cef22058ede7f76794169a617195656130,81e5170f-2430-48c1-925b-ebf9f5aaf85e,2026-04-07,2025-12-05,2025-12-19,,2026-06-10,2026-08-07T15:01:26Z,2026,04,2,2025,14,123,,false,false,Major Disaster,Washington,Region 10 — Bothell,Bothell,"AK,ID,OR,WA",Flood,Straight-Line Winds; Mud/Landslide; Severe Storm; Flood,false,true,false,false,false,false,false,false,true,false,false,1,false,true,false,53011,https://www.fema.gov/api/open/v2/DisasterDeclarationsSummaries,https://www.fema.gov/openfema-data-page/disaster-declarations-summaries-v2,2026-08-16T23:00:55Z
DR-4906-WA,4906,WA,DR,2026-04-07T00:00:00.000Z,2026,Flood,"SEVERE STORMS, STRAIGHT-LINE WINDS, FLOODING, LANDSLIDES, AND MUDSLIDES",false,false,true,false,2025-12-05T00:00:00.000Z,2025-12-19T00:00:00.000Z,,false,53,009,99009,Clallam (County),26004,2026-06-10T00:00:00.000Z,2025121001,10,"2,M,W,F",2026-08-07T15:01:26.974Z,2439984ceb82b695a0d9fc586561e79950826828,fc095e13-3387-4eb7-996d-413492219043,2026-04-07,2025-12-05,2025-12-19,,2026-06-10,2026-08-07T15:01:26Z,2026,04,2,2025,14,123,,false,false,Major Disaster,Washington,Region 10 — Bothell,Bothell,"AK,ID,OR,WA",Flood,Straight-Line Winds; Mud/Landslide; Severe Storm; Flood,false,true,false,false,false,false,false,false,true,false,false,1,false,true,false,53009,https://www.fema.gov/api/open/v2/DisasterDeclarationsSummaries,https://www.fema.gov/openfema-data-page/disaster-declarations-summaries-v2,2026-08-16T23:00:55Z
DR-4906-WA,4906,WA,DR,2026-04-07T00:00:00.000Z,2026,Flood,"SEVERE STORMS, STRAIGHT-LINE WINDS, FLOODING, LANDSLIDES, AND MUDSLIDES",true,false,true,false,2025-12-05T00:00:00.000Z,2025-12-19T00:00:00.000Z,,false,53,007,99007,Chelan (County),26004,2026-06-10T00:00:00.000Z,2025121001,10,"2,M,W,F",2026-08-07T15:01:26.974Z,0ba973cfabe91b8f9b0e6e77d4f56b7ecfa2e39a,8d650514-0293-4b62-bde9-f8e72ad00396,2026-04-07,2025-12-05,2025-12-19,,2026-06-10,2026-08-07T15:01:26Z,2026,04,2,2025,14,123,,false,false,Major Disaster,Washington,Region 10 — Bothell,Bothell,"AK,ID,OR,WA",Flood,Straight-Line Winds; Mud/Landslide; Severe Storm; Flood,false,true,false,false,false,false,false,false,true,false,false,2,true,true,false,53007,https://www.fema.gov/api/open/v2/DisasterDeclarationsSummaries,https://www.fema.gov/openfema-data-page/disaster-declarations-summaries-v2,2026-08-16T23:00:55Z
DR-4906-WA,4906,WA,DR,2026-04-07T00:00:00.000Z,2026,Flood,"SEVERE STORMS, STRAIGHT-LINE WINDS, FLOODING, LANDSLIDES, AND MUDSLIDES",false,false,true,false,2025-12-05T00:00:00.000Z,2025-12-19T00:00:00.000Z,,false,53,003,99003,Asotin (County),26004,2026-06-10T00:00:00.000Z,2025121001,10,"2,M,W,F",2026-08-07T15:01:26.974Z,3086a4d533237bfaa61711e2d985828612ab67dd,0c366cf9-73f2-4e42-a57f-ae85d4337312,2026-04-07,2025-12-05,2025-12-19,,2026-06-10,2026-08-07T15:01:26Z,2026,04,2,2025,14,123,,false,false,Major Disaster,Washington,Region 10 — Bothell,Bothell,"AK,ID,OR,WA",Flood,Straight-Line Winds; Mud/Landslide; Severe Storm; Flood,false,true,false,false,false,false,false,false,true,false,false,1,false,true,false,53003,https://www.fema.gov/api/open/v2/DisasterDeclarationsSummaries,https://www.fema.gov/openfema-data-page/disaster-declarations-summaries-v2,2026-08-16T23:00:55Z
DR-4906-WA,4906,WA,DR,2026-04-07T00:00:00.000Z,2026,Flood,"SEVERE STORMS, STRAIGHT-LINE WINDS, FLOODING, LANDSLIDES, AND MUDSLIDES",false,false,true,false,2025-12-05T00:00:00.000Z,2025-12-19T00:00:00.000Z,,false,53,000,79995,Yakama Reservation,26004,2026-06-10T00:00:00.000Z,2025121001,10,"2,M,W,F",2026-08-07T15:01:26.974Z,f90a9184226dc19297a7a24c07a6ca3b576b0946,98081722-e998-4db4-85ed-cf261c326e64,2026-04-07,2025-12-05,2025-12-19,,2026-06-10,2026-08-07T15:01:26Z,2026,04,2,2025,14,123,,false,false,Major Disaster,Washington,Region 10 — Bothell,Bothell,"AK,ID,OR,WA",Flood,Straight-Line Winds; Mud/Landslide; Severe Storm; Flood,false,true,false,false,false,false,false,false,true,false,false,1,false,true,false,53000,https://www.fema.gov/api/open/v2/DisasterDeclarationsSummaries,https://www.fema.gov/openfema-data-page/disaster-declarations-summaries-v2,2026-08-16T23:00:55Z
DR-4906-WA,4906,WA,DR,2026-04-07T00:00:00.000Z,2026,Flood,"SEVERE STORMS, STRAIGHT-LINE WINDS, FLOODING, LANDSLIDES, AND MUDSLIDES",true,false,true,false,2025-12-05T00:00:00.000Z,2025-12-19T00:00:00.000Z,,false,53,000,73652,Upper Skagit Indian Reservation,26004,2026-06-10T00:00:00.000Z,2025121001,10,"2,M,W,F",2026-08-07T15:01:26.974Z,d9e9ddd21a8182b488041d88e2bd1b4ad6814df8,371ff89d-5f33-4c47-ba65-62fd7719b137,2026-04-07,2025-12-05,2025-12-19,,2026-06-10,2026-08-07T15:01:26Z,2026,04,2,2025,14,123,,false,false,Major Disaster,Washington,Region 10 — Bothell,Bothell,"AK,ID,OR,WA",Flood,Straight-Line Winds; Mud/Landslide; Severe Storm; Flood,false,true,false,false,false,false,false,false,true,false,false,2,true,true,false,53000,https://www.fema.gov/api/open/v2/DisasterDeclarationsSummaries,https://www.fema.gov/openfema-data-page/disaster-declarations-summaries-v2,2026-08-16T23:00:55Z
DR-4906-WA,4906,WA,DR,2026-04-07T00:00:00.000Z,2026,Flood,"SEVERE STORMS, STRAIGHT-LINE WINDS, FLOODING, LANDSLIDES, AND MUDSLIDES",true,false,true,false,2025-12-05T00:00:00.000Z,2025-12-19T00:00:00.000Z,,false,53,000,72730,Tulalip Indian Reservation,26004,2026-06-10T00:00:00.000Z,2025121001,10,"2,M,W,F",2026-08-07T15:01:26.974Z,0e7d8fd41165ed5c179640d9ceaabd617548408a,c1d87450-5cd1-4b22-9fbe-e0359dce22f9,2026-04-07,2025-12-05,2025-12-19,,2026-06-10,2026-08-07T15:01:26Z,2026,04,2,2025,14,123,,false,false,Major Disaster,Washington,Region 10 — Bothell,Bothell,"AK,ID,OR,WA",Flood,Straight-Line Winds; Mud/Landslide; Severe Storm; Flood,false,true,false,false,false,false,false,false,true,false,false,2,true,true,false,53000,https://www.fema.gov/api/open/v2/DisasterDeclarationsSummaries,https://www.fema.gov/openfema-data-page/disaster-declarations-summaries-v2,2026-08-16T23:00:55Z
DR-4906-WA,4906,WA,DR,2026-04-07T00:00:00.000Z,2026,Flood,"SEVERE STORMS, STRAIGHT-LINE WINDS, FLOODING, LANDSLIDES, AND MUDSLIDES",true,false,true,false,2025-12-05T00:00:00.000Z,2025-12-19T00:00:00.000Z,,false,53,000,69310,Swinomish Indian Reservation,26004,2026-06-10T00:00:00.000Z,2025121001,10,"2,M,W,F",2026-08-07T15:01:26.974Z,56771d25900092ca03780ae7f5a83ee67ae0a25c,a6af7b54-d964-42b0-adc6-4e4c1d20ee98,2026-04-07,2025-12-05,2025-12-19,,2026-06-10,2026-08-07T15:01:26Z,2026,04,2,2025,14,123,,false,false,Major Disaster,Washington,Region 10 — Bothell,Bothell,"AK,ID,OR,WA",Flood,Straight-Line Winds; Mud/Landslide; Severe Storm; Flood,false,true,false,false,false,false,false,false,true,false,false,2,true,true,false,53000,https://www.fema.gov/api/open/v2/DisasterDeclarationsSummaries,https://www.fema.gov/openfema-data-page/disaster-declarations-summaries-v2,2026-08-16T23:00:55Z
DR-4906-WA,4906,WA,DR,2026-04-07T00:00:00.000Z,2026,Flood,"SEVERE STORMS, STRAIGHT-LINE WINDS, FLOODING, LANDSLIDES, AND MUDSLIDES",true,false,true,false,2025-12-05T00:00:00.000Z,2025-12-19T00:00:00.000Z,,false,53,000,67967,Stillaguamish Indian Reservation,26004,2026-06-10T00:00:00.000Z,2025121001,10,"2,M,W,F",2026-08-07T15:01:26.974Z,0cd64afbeb7aa5402d0bd9c155c62abd27d536c0,bfdc3e4e-5d56-47e9-b04d-4475c4bcf9b8,2026-04-07,2025-12-05,2025-12-19,,2026-06-10,2026-08-07T15:01:26Z,2026,04,2,2025,14,123,,false,false,Major Disaster,Washington,Region 10 — Bothell,Bothell,"AK,ID,OR,WA",Flood,Straight-Line Winds; Mud/Landslide; Severe Storm; Flood,false,true,false,false,false,false,false,false,true,false,false,2,true,true,false,53000,https://www.fema.gov/api/open/v2/DisasterDeclarationsSummaries,https://www.fema.gov/openfema-data-page/disaster-declarations-summaries-v2,2026-08-16T23:00:55Z
DR-4906-WA,4906,WA,DR,2026-04-07T00:00:00.000Z,2026,Flood,"SEVERE STORMS, STRAIGHT-LINE WINDS, FLOODING, LANDSLIDES, AND MUDSLIDES",true,false,true,false,2025-12-05T00:00:00.000Z,2025-12-19T00:00:00.000Z,,false,53,000,67350,Squaxin Island Indian Reservation,26004,2026-06-10T00:00:00.000Z,2025121001,10,"2,M,W,F",2026-08-07T15:01:26.974Z,61e0443d230a3dbb8d7876487766e0955acdda36,108f6323-be56-4eb6-9be6-125d21e0a5ea,2026-04-07,2025-12-05,2025-12-19,,2026-06-10,2026-08-07T15:01:26Z,2026,04,2,2025,14,123,,false,false,Major Disaster,Washington,Region 10 — Bothell,Bothell,"AK,ID,OR,WA",Flood,Straight-Line Winds; Mud/Landslide; Severe Storm; Flood,false,true,false,false,false,false,false,false,true,false,false,2,true,true,false,53000,https://www.fema.gov/api/open/v2/DisasterDeclarationsSummaries,https://www.fema.gov/openfema-data-page/disaster-declarations-summaries-v2,2026-08-16T23:00:55Z
DR-4906-WA,4906,WA,DR,2026-04-07T00:00:00.000Z,2026,Flood,"SEVERE STORMS, STRAIGHT-LINE WINDS, FLOODING, LANDSLIDES, AND MUDSLIDES",true,false,true,false,2025-12-05T00:00:00.000Z,2025-12-19T00:00:00.000Z,,false,53,000,65280,Snoqualmie Indian Reservation,26004,2026-06-10T00:00:00.000Z,2025121001,10,"2,M,W,F",2026-08-07T15:01:26.974Z,9465f879d27490972e7d3913920b3805ba46fcb5,bbd25077-6536-4215-b389-697d1a2a5190,2026-04-07,2025-12-05,2025-12-19,,2026-06-10,2026-08-07T15:01:26Z,2026,04,2,2025,14,123,,false,false,Major Disaster,Washington,Region 10 — Bothell,Bothell,"AK,ID,OR,WA",Flood,Straight-Line Winds; Mud/Landslide; Severe Storm; Flood,false,true,false,false,false,false,false,false,true,false,false,2,true,true,false,53000,https://www.fema.gov/api/open/v2/DisasterDeclarationsSummaries,https://www.fema.gov/openfema-data-page/disaster-declarations-summaries-v2,2026-08-16T23:00:55Z
DR-4906-WA,4906,WA,DR,2026-04-07T00:00:00.000Z,2026,Flood,"SEVERE STORMS, STRAIGHT-LINE WINDS, FLOODING, LANDSLIDES, AND MUDSLIDES",false,false,true,false,2025-12-05T00:00:00.000Z,2025-12-19T00:00:00.000Z,,false,53,000,64785,Skokomish Indian Reservation,26004,2026-06-10T00:00:00.000Z,2025121001,10,"2,M,W,F",2026-08-07T15:01:26.974Z,eb5e606f731fbcdf736c226dd929c027dcae84e5,d3a73d12-4a8e-4268-bf7d-34798aeaea9a,2026-04-07,2025-12-05,2025-12-19,,2026-06-10,2026-08-07T15:01:26Z,2026,04,2,2025,14,123,,false,false,Major Disaster,Washington,Region 10 — Bothell,Bothell,"AK,ID,OR,WA",Flood,Straight-Line Winds; Mud/Landslide; Severe Storm; Flood,false,true,false,false,false,false,false,false,true,false,false,1,false,true,false,53000,https://www.fema.gov/api/open/v2/DisasterDeclarationsSummaries,https://www.fema.gov/openfema-data-page/disaster-declarations-summaries-v2,2026-08-16T23:00:55Z
DR-4906-WA,4906,WA,DR,2026-04-07T00:00:00.000Z,2026,Flood,"SEVERE STORMS, STRAIGHT-LINE WINDS, FLOODING, LANDSLIDES, AND MUDSLIDES",true,false,true,false,2025-12-05T00:00:00.000Z,2025-12-19T00:00:00.000Z,,false,53,000,63910,Shoalwater Bay Reservation,26004,2026-06-10T00:00:00.000Z,2025121001,10,"2,M,W,F",2026-08-07T15:01:26.974Z,68fac3b9e4c41b440e894cf9d0b65d03ac561aaa,2cd9e040-2bfe-4f27-accd-056d179e3e57,2026-04-07,2025-12-05,2025-12-19,,2026-06-10,2026-08-07T15:01:26Z,2026,04,2,2025,14,123,,false,false,Major Disaster,Washington,Region 10 — Bothell,Bothell,"AK,ID,OR,WA",Flood,Straight-Line Winds; Mud/Landslide; Severe Storm; Flood,false,true,false,false,false,false,false,false,true,false,false,2,true,true,false,53000,https://www.fema.gov/api/open/v2/DisasterDeclarationsSummaries,https://www.fema.gov/openfema-data-page/disaster-declarations-summaries-v2,2026-08-16T23:00:55Z
DR-4906-WA,4906,WA,DR,2026-04-07T00:00:00.000Z,2026,Flood,"SEVERE STORMS, STRAIGHT-LINE WINDS, FLOODING, LANDSLIDES, AND MUDSLIDES",true,false,true,false,2025-12-05T00:00:00.000Z,2025-12-19T00:00:00.000Z,,false,53,000,61402,Sauk-Suiattle Indian Reservation,26004,2026-06-10T00:00:00.000Z,2025121001,10,"2,M,W,F",2026-08-07T15:01:26.974Z,3a626aa55097592ef411073be138465604df357c,41a0a103-7233-46d7-b3ba-4a05dcad0d3c,2026-04-07,2025-12-05,2025-12-19,,2026-06-10,2026-08-07T15:01:26Z,2026,04,2,2025,14,123,,false,false,Major Disaster,Washington,Region 10 — Bothell,Bothell,"AK,ID,OR,WA",Flood,Straight-Line Winds; Mud/Landslide; Severe Storm; Flood,false,true,false,false,false,false,false,false,true,false,false,2,true,true,false,53000,https://www.fema.gov/api/open/v2/DisasterDeclarationsSummaries,https://www.fema.gov/openfema-data-page/disaster-declarations-summaries-v2,2026-08-16T23:00:55Z
DR-4906-WA,4906,WA,DR,2026-04-07T00:00:00.000Z,2026,Flood,"SEVERE STORMS, STRAIGHT-LINE WINDS, FLOODING, LANDSLIDES, AND MUDSLIDES",true,false,true,false,2025-12-05T00:00:00.000Z,2025-12-19T00:00:00.000Z,,false,53,000,61040,Samish (TDSA),26004,2026-06-10T00:00:00.000Z,2025121001,10,"2,M,W,F",2026-08-07T15:01:26.974Z,baa0335e39c3f253de13ff061bf8690b01bd9e13,23c6eae9-b4d8-4b2d-ba40-cccd8fdb4b69,2026-04-07,2025-12-05,2025-12-19,,2026-06-10,2026-08-07T15:01:26Z,2026,04,2,2025,14,123,,false,false,Major Disaster,Washington,Region 10 — Bothell,Bothell,"AK,ID,OR,WA",Flood,Straight-Line Winds; Mud/Landslide; Severe Storm; Flood,false,true,false,false,false,false,false,false,true,false,false,2,true,true,false,53000,https://www.fema.gov/api/open/v2/DisasterDeclarationsSummaries,https://www.fema.gov/openfema-data-page/disaster-declarations-summaries-v2,2026-08-16T23:00:55Z
DR-4906-WA,4906,WA,DR,2026-04-07T00:00:00.000Z,2026,Flood,"SEVERE STORMS, STRAIGHT-LINE WINDS, FLOODING, LANDSLIDES, AND MUDSLIDES",true,false,true,false,2025-12-05T00:00:00.000Z,2025-12-19T00:00:00.000Z,,false,53,000,57080,Quinault Indian Reservation,26004,2026-06-10T00:00:00.000Z,2025121001,10,"2,M,W,F",2026-08-07T15:01:26.974Z,01d58d7823b6622ada54469b5ccdc253de587a9f,276371c1-3a7b-430e-9c23-9694aa2f61b4,2026-04-07,2025-12-05,2025-12-19,,2026-06-10,2026-08-07T15:01:26Z,2026,04,2,2025,14,123,,false,false,Major Disaster,Washington,Region 10 — Bothell,Bothell,"AK,ID,OR,WA",Flood,Straight-Line Winds; Mud/Landslide; Severe Storm; Flood,false,true,false,false,false,false,false,false,true,false,false,2,true,true,false,53000,https://www.fema.gov/api/open/v2/DisasterDeclarationsSummaries,https://www.fema.gov/openfema-data-page/disaster-declarations-summaries-v2,2026-08-16T23:00:55Z
DR-4906-WA,4906,WA,DR,2026-04-07T00:00:00.000Z,2026,Flood,"SEVERE STORMS, STRAIGHT-LINE WINDS, FLOODING, LANDSLIDES, AND MUDSLIDES",false,false,true,false,2025-12-05T00:00:00.000Z,2025-12-19T00:00:00.000Z,,false,53,000,57010,Quileute Indian Reservation,26004,2026-06-10T00:00:00.000Z,2025121001,10,"2,M,W,F",2026-08-07T15:01:26.974Z,ab98b32a202256161c70f0ebadea1a785265b6b5,684f47b8-46b7-4cde-b72c-e08c6394e9d6,2026-04-07,2025-12-05,2025-12-19,,2026-06-10,2026-08-07T15:01:26Z,2026,04,2,2025,14,123,,false,false,Major Disaster,Washington,Region 10 — Bothell,Bothell,"AK,ID,OR,WA",Flood,Straight-Line Winds; Mud/Landslide; Severe Storm; Flood,false,true,false,false,false,false,false,false,true,false,false,1,false,true,false,53000,https://www.fema.gov/api/open/v2/DisasterDeclarationsSummaries,https://www.fema.gov/openfema-data-page/disaster-declarations-summaries-v2,2026-08-16T23:00:55Z
DR-4906-WA,4906,WA,DR,2026-04-07T00:00:00.000Z,2026,Flood,"SEVERE STORMS, STRAIGHT-LINE WINDS, FLOODING, LANDSLIDES, AND MUDSLIDES",true,false,true,false,2025-12-05T00:00:00.000Z,2025-12-19T00:00:00.000Z,,false,53,000,56720,Puyallup Indian Reservation,26004,2026-06-10T00:00:00.000Z,2025121001,10,"2,M,W,F",2026-08-07T15:01:26.974Z,de9523dd25298681cfa8b42b843909bdf980e889,b5c76f74-f103-4af8-b185-42902564c8df,2026-04-07,2025-12-05,2025-12-19,,2026-06-10,2026-08-07T15:01:26Z,2026,04,2,2025,14,123,,false,false,Major Disaster,Washington,Region 10 — Bothell,Bothell,"AK,ID,OR,WA",Flood,Straight-Line Winds; Mud/Landslide; Severe Storm; Flood,false,true,false,false,false,false,false,false,true,false,false,2,true,true,false,53000,https://www.fema.gov/api/open/v2/DisasterDeclarationsSummaries,https://www.fema.gov/openfema-data-page/disaster-declarations-summaries-v2,2026-08-16T23:00:55Z
DR-4906-WA,4906,WA,DR,2026-04-07T00:00:00.000Z,2026,Flood,"SEVERE STORMS, STRAIGHT-LINE WINDS, FLOODING, LANDSLIDES, AND MUDSLIDES",true,false,true,false,2025-12-05T00:00:00.000Z,2025-12-19T00:00:00.000Z,,false,53,000,49285,Nooksack Indian Reservation,26004,2026-06-10T00:00:00.000Z,2025121001,10,"2,M,W,F",2026-08-07T15:01:26.974Z,63969cb19972e490f9f8c75f5fd017888151b273,3e443131-5ba1-4490-93b7-593aa74c9603,2026-04-07,2025-12-05,2025-12-19,,2026-06-10,2026-08-07T15:01:26Z,2026,04,2,2025,14,123,,false,false,Major Disaster,Washington,Region 10 — Bothell,Bothell,"AK,ID,OR,WA",Flood,Straight-Line Winds; Mud/Landslide; Severe Storm; Flood,false,true,false,false,false,false,false,false,true,false,false,2,true,true,false,53000,https://www.fema.gov/api/open/v2/DisasterDeclarationsSummaries,https://www.fema.gov/openfema-data-page/disaster-declarations-summaries-v2,2026-08-16T23:00:55Z
DR-4906-WA,4906,WA,DR,2026-04-07T00:00:00.000Z,2026,Flood,"SEVERE STORMS, STRAIGHT-LINE WINDS, FLOODING, LANDSLIDES, AND MUDSLIDES",true,false,false,false,2025-12-05T00:00:00.000Z,2025-12-19T00:00:00.000Z,,false,53,000,49205,Nisqually Indian Reservation,26004,2026-06-10T00:00:00.000Z,2025121001,10,"2,M,W,F",2026-08-07T15:01:26.974Z,52d69a44a22b598a9916be5bfe7ec72c3fe9962e,92dcbdb3-52e7-4e7c-b32c-5d1e2ae11135,2026-04-07,2025-12-05,2025-12-19,,2026-06-10,2026-08-07T15:01:26Z,2026,04,2,2025,14,123,,false,false,Major Disaster,Washington,Region 10 — Bothell,Bothell,"AK,ID,OR,WA",Flood,Straight-Line Winds; Mud/Landslide; Severe Storm; Flood,false,true,false,false,false,false,false,false,true,false,false,1,true,false,false,53000,https://www.fema.gov/api/open/v2/DisasterDeclarationsSummaries,https://www.fema.gov/openfema-data-page/disaster-declarations-summaries-v2,2026-08-16T23:00:55Z
DR-4906-WA,4906,WA,DR,2026-04-07T00:00:00.000Z,2026,Flood,"SEVERE STORMS, STRAIGHT-LINE WINDS, FLOODING, LANDSLIDES, AND MUDSLIDES",true,false,true,false,2025-12-05T00:00:00.000Z,2025-12-19T00:00:00.000Z,,false,53,000,47700,Muckleshoot Indian Reservation,26004,2026-06-10T00:00:00.000Z,2025121001,10,"2,M,W,F",2026-08-07T15:01:26.974Z,66df73058b90144550a54cd4c26b992ceb39825f,764c0b01-ed41-40c6-8ce7-f110d07beec1,2026-04-07,2025-12-05,2025-12-19,,2026-06-10,2026-08-07T15:01:26Z,2026,04,2,2025,14,123,,false,false,Major Disaster,Washington,Region 10 — Bothell,Bothell,"AK,ID,OR,WA",Flood,Straight-Line Winds; Mud/Landslide; Severe Storm; Flood,false,true,false,false,false,false,false,false,true,false,false,2,true,true,false,53000,https://www.fema.gov/api/open/v2/DisasterDeclarationsSummaries,https://www.fema.gov/openfema-data-page/disaster-declarations-summaries-v2,2026-08-16T23:00:55Z
DR-4906-WA,4906,WA,DR,2026-04-07T00:00:00.000Z,2026,Flood,"SEVERE STORMS, STRAIGHT-LINE WINDS, FLOODING, LANDSLIDES, AND MUDSLIDES",false,false,true,false,2025-12-05T00:00:00.000Z,2025-12-19T00:00:00.000Z,,false,53,000,42205,Makah Indian Reservation,26004,2026-06-10T00:00:00.000Z,2025121001,10,"2,M,W,F",2026-08-07T15:01:26.974Z,25f0d6488c32afe5dea4b3e35caf4472dc283f31,0b9eb21d-e58e-494d-bdbc-6cd66ec87afd,2026-04-07,2025-12-05,2025-12-19,,2026-06-10,2026-08-07T15:01:26Z,2026,04,2,2025,14,123,,false,false,Major Disaster,Washington,Region 10 — Bothell,Bothell,"AK,ID,OR,WA",Flood,Straight-Line Winds; Mud/Landslide; Severe Storm; Flood,false,true,false,false,false,false,false,false,true,false,false,1,false,true,false,53000,https://www.fema.gov/api/open/v2/DisasterDeclarationsSummaries,https://www.fema.gov/openfema-data-page/disaster-declarations-summaries-v2,2026-08-16T23:00:55Z
DR-4906-WA,4906,WA,DR,2026-04-07T00:00:00.000Z,2026,Flood,"SEVERE STORMS, STRAIGHT-LINE WINDS, FLOODING, LANDSLIDES, AND MUDSLIDES",true,false,true,false,2025-12-05T00:00:00.000Z,2025-12-19T00:00:00.000Z,,false,53,000,40665,Lummi Indian Reservation,26004,2026-06-10T00:00:00.000Z,2025121001,10,"2,M,W,F",2026-08-07T15:01:26.974Z,8d48ceb48c95dc73c9d9b25237225179f97ee52d,081d91f9-bcb3-420c-926e-248b25ac623e,2026-04-07,2025-12-05,2025-12-19,,2026-06-10,2026-08-07T15:01:26Z,2026,04,2,2025,14,123,,false,false,Major Disaster,Washington,Region 10 — Bothell,Bothell,"AK,ID,OR,WA",Flood,Straight-Line Winds; Mud/Landslide; Severe Storm; Flood,false,true,false,false,false,false,false,false,true,false,false,2,true,true,false,53000,https://www.fema.gov/api/open/v2/DisasterDeclarationsSummaries,https://www.fema.gov/openfema-data-page/disaster-declarations-summaries-v2,2026-08-16T23:00:55Z
DR-4906-WA,4906,WA,DR,2026-04-07T00:00:00.000Z,2026,Flood,"SEVERE STORMS, STRAIGHT-LINE WINDS, FLOODING, LANDSLIDES, AND MUDSLIDES",false,false,true,false,2025-12-05T00:00:00.000Z,2025-12-19T00:00:00.000Z,,false,53,000,40580,Lower Elwha Indian Reservation,26004,2026-06-10T00:00:00.000Z,2025121001,10,"2,M,W,F",2026-08-07T15:01:26.974Z,1010e5deeccb5e09e8c83c0ef8fb4f43c5ba05c3,71417f1e-b6df-42e0-945d-66be2e83822a,2026-04-07,2025-12-05,2025-12-19,,2026-06-10,2026-08-07T15:01:26Z,2026,04,2,2025,14,123,,false,false,Major Disaster,Washington,Region 10 — Bothell,Bothell,"AK,ID,OR,WA",Flood,Straight-Line Winds; Mud/Landslide; Severe Storm; Flood,false,true,false,false,false,false,false,false,true,false,false,1,false,true,false,53000,https://www.fema.gov/api/open/v2/DisasterDeclarationsSummaries,https://www.fema.gov/openfema-data-page/disaster-declarations-summaries-v2,2026-08-16T23:00:55Z
DR-4906-WA,4906,WA,DR,2026-04-07T00:00:00.000Z,2026,Flood,"SEVERE STORMS, STRAIGHT-LINE WINDS, FLOODING, LANDSLIDES, AND MUDSLIDES",false,false,true,false,2025-12-05T00:00:00.000Z,2025-12-19T00:00:00.000Z,,false,53,000,34715,Kalispel Indian Reservation,26004,2026-06-10T00:00:00.000Z,2025121001,10,"2,M,W,F",2026-08-07T15:01:26.974Z,8d0c9f70d7bbb9e9411b8f7439adfc31e33f9e94,6067b4f6-c172-4558-bcb3-6926871bf99c,2026-04-07,2025-12-05,2025-12-19,,2026-06-10,2026-08-07T15:01:26Z,2026,04,2,2025,14,123,,false,false,Major Disaster,Washington,Region 10 — Bothell,Bothell,"AK,ID,OR,WA",Flood,Straight-Line Winds; Mud/Landslide; Severe Storm; Flood,false,true,false,false,false,false,false,false,true,false,false,1,false,true,false,53000,https://www.fema.gov/api/open/v2/DisasterDeclarationsSummaries,https://www.fema.gov/openfema-data-page/disaster-declarations-summaries-v2,2026-08-16T23:00:55Z
DR-4906-WA,4906,WA,DR,2026-04-07T00:00:00.000Z,2026,Flood,"SEVERE STORMS, STRAIGHT-LINE WINDS, FLOODING, LANDSLIDES, AND MUDSLIDES",false,false,true,false,2025-12-05T00:00:00.000Z,2025-12-19T00:00:00.000Z,,false,53,000,33900,Jamestown Reservation,26004,2026-06-10T00:00:00.000Z,2025121001,10,"2,M,W,F",2026-08-07T15:01:26.974Z,8b716e3b50f0a21624c478b9546d8656a5c7750c,9613465e-5783-494e-aba8-c1c4c25196bc,2026-04-07,2025-12-05,2025-12-19,,2026-06-10,2026-08-07T15:01:26Z,2026,04,2,2025,14,123,,false,false,Major Disaster,Washington,Region 10 — Bothell,Bothell,"AK,ID,OR,WA",Flood,Straight-Line Winds; Mud/Landslide; Severe Storm; Flood,false,true,false,false,false,false,false,false,true,false,false,1,false,true,false,53000,https://www.fema.gov/api/open/v2/DisasterDeclarationsSummaries,https://www.fema.gov/openfema-data-page/disaster-declarations-summaries-v2,2026-08-16T23:00:55Z
DR-4906-WA,4906,WA,DR,2026-04-07T00:00:00.000Z,2026,Flood,"SEVERE STORMS, STRAIGHT-LINE WINDS, FLOODING, LANDSLIDES, AND MUDSLIDES",false,false,true,false,2025-12-05T00:00:00.000Z,2025-12-19T00:00:00.000Z,,false,53,000,31565,Hoh Indian Reservation,26004,2026-06-10T00:00:00.000Z,2025121001,10,"2,M,W,F",2026-08-07T15:01:26.974Z,5dc456cecdb0eac098ba6e32a2cb5a079e19e6ea,8eed0253-d8b9-460c-b2d9-f4ebf7840146,2026-04-07,2025-12-05,2025-12-19,,2026-06-10,2026-08-07T15:01:26Z,2026,04,2,2025,14,123,,false,false,Major Disaster,Washington,Region 10 — Bothell,Bothell,"AK,ID,OR,WA",Flood,Straight-Line Winds; Mud/Landslide; Severe Storm; Flood,false,true,false,false,false,false,false,false,true,false,false,1,false,true,false,53000,https://www.fema.gov/api/open/v2/DisasterDeclarationsSummaries,https://www.fema.gov/openfema-data-page/disaster-declarations-summaries-v2,2026-08-16T23:00:55Z
DR-4906-WA,4906,WA,DR,2026-04-07T00:00:00.000Z,2026,Flood,"SEVERE STORMS, STRAIGHT-LINE WINDS, FLOODING, LANDSLIDES, AND MUDSLIDES",false,false,true,false,2025-12-05T00:00:00.000Z,2025-12-19T00:00:00.000Z,,false,53,000,15354,Cowlitz Reservation,26004,2026-06-10T00:00:00.000Z,2025121001,10,"2,M,W,F",2026-08-07T15:01:26.974Z,3a39df4a41a969dcbbcc99ddf339f188e3acc088,9199d284-7d29-4a95-8082-7f5521ebb376,2026-04-07,2025-12-05,2025-12-19,,2026-06-10,2026-08-07T15:01:26Z,2026,04,2,2025,14,123,,false,false,Major Disaster,Washington,Region 10 — Bothell,Bothell,"AK,ID,OR,WA",Flood,Straight-Line Winds; Mud/Landslide; Severe Storm; Flood,false,true,false,false,false,false,false,false,true,false,false,1,false,true,false,53000,https://www.fema.gov/api/open/v2/DisasterDeclarationsSummaries,https://www.fema.gov/openfema-data-page/disaster-declarations-summaries-v2,2026-08-16T23:00:55Z
DR-4906-WA,4906,WA,DR,2026-04-07T00:00:00.000Z,2026,Flood,"SEVERE STORMS, STRAIGHT-LINE WINDS, FLOODING, LANDSLIDES, AND MUDSLIDES",true,false,true,false,2025-12-05T00:00:00.000Z,2025-12-19T00:00:00.000Z,,false,53,000,11510,Chehalis Indian Reservation,26004,2026-06-10T00:00:00.000Z,2025121001,10,"2,M,W,F",2026-08-07T15:01:26.974Z,84c357e1aa82cb8b66ca59d3651e30a7e57f963e,a5f1c746-2b98-478c-b8cb-2c09748a8136,2026-04-07,2025-12-05,2025-12-19,,2026-06-10,2026-08-07T15:01:26Z,2026,04,2,2025,14,123,,false,false,Major Disaster,Washington,Region 10 — Bothell,Bothell,"AK,ID,OR,WA",Flood,Straight-Line Winds; Mud/Landslide; Severe Storm; Flood,false,true,false,false,false,false,false,false,true,false,false,2,true,true,false,53000,https://www.fema.gov/api/open/v2/DisasterDeclarationsSummaries,https://www.fema.gov/openfema-data-page/disaster-declarations-summaries-v2,2026-08-16T23:00:55Z
DR-4905-ID,4905,ID,DR,2026-04-07T00:00:00.000Z,2026,Straight-Line Winds,STRAIGHT-LINE WINDS,false,false,true,false,2025-12-16T00:00:00.000Z,2025-12-18T00:00:00.000Z,,false,16,079,99079,Shoshone (County),26024,,2025121703,10,2,2026-04-11T02:41:20.947Z,7e94eb21ff698ff7a4251b482105345d75038541,eff78de5-5447-4260-bb88-b3b8b9c56cbd,2026-04-07,2025-12-16,2025-12-18,,,2026-04-11T02:41:20Z,2026,04,2,2025,2,112,,false,false,Major Disaster,Idaho,Region 10 — Bothell,Bothell,"AK,ID,OR,WA",Severe storm,Straight-Line Winds,false,false,false,false,false,false,false,false,true,false,false,1,false,true,false,16079,https://www.fema.gov/api/open/v2/DisasterDeclarationsSummaries,https://www.fema.gov/openfema-data-page/disaster-declarations-summaries-v2,2026-08-16T23:00:55Z
DR-4905-ID,4905,ID,DR,2026-04-07T00:00:00.000Z,2026,Straight-Line Winds,STRAIGHT-LINE WINDS,false,false,true,false,2025-12-16T00:00:00.000Z,2025-12-18T00:00:00.000Z,,false,16,069,99069,Nez Perce (County),26024,,2025121703,10,2,2026-04-11T02:41:20.947Z,2ad88cd656b8850fee2b796bae6637a56f5f9794,7e794c67-b611-48f8-874b-3cb9939d428e,2026-04-07,2025-12-16,2025-12-18,,,2026-04-11T02:41:20Z,2026,04,2,2025,2,112,,false,false,Major Disaster,Idaho,Region 10 — Bothell,Bothell,"AK,ID,OR,WA",Severe storm,Straight-Line Winds,false,false,false,false,false,false,false,false,true,false,false,1,false,true,false,16069,https://www.fema.gov/api/open/v2/DisasterDeclarationsSummaries,https://www.fema.gov/openfema-data-page/disaster-declarations-summaries-v2,2026-08-16T23:00:55Z
DR-4905-ID,4905,ID,DR,2026-04-07T00:00:00.000Z,2026,Straight-Line Winds,STRAIGHT-LINE WINDS,false,false,true,false,2025-12-16T00:00:00.000Z,2025-12-18T00:00:00.000Z,,false,16,061,99061,Lewis (County),26024,,2025121703,10,2,2026-04-11T02:41:20.947Z,4ef66859c26cb11d08c69899701933d5726b2e47,a6c5e742-9494-4615-afeb-03de77f3171d,2026-04-07,2025-12-16,2025-12-18,,,2026-04-11T02:41:20Z,2026,04,2,2025,2,112,,false,false,Major Disaster,Idaho,Region 10 — Bothell,Bothell,"AK,ID,OR,WA",Severe storm,Straight-Line Winds,false,false,false,false,false,false,false,false,true,false,false,1,false,true,false,16061,https://www.fema.gov/api/open/v2/DisasterDeclarationsSummaries,https://www.fema.gov/openfema-data-page/disaster-declarations-summaries-v2,2026-08-16T23:00:55Z
DR-4905-ID,4905,ID,DR,2026-04-07T00:00:00.000Z,2026,Straight-Line Winds,STRAIGHT-LINE WINDS,false,false,true,false,2025-12-16T00:00:00.000Z,2025-12-18T00:00:00.000Z,,false,16,057,99057,Latah (County),26024,,2025121703,10,2,2026-04-11T02:41:20.947Z,879575cf815c7a5f3fdc39330a4cc16dc2f62568,0b72ea75-0983-4779-955e-6b8c9a097676,2026-04-07,2025-12-16,2025-12-18,,,2026-04-11T02:41:20Z,2026,04,2,2025,2,112,,false,false,Major Disaster,Idaho,Region 10 — Bothell,Bothell,"AK,ID,OR,WA",Severe storm,Straight-Line Winds,false,false,false,false,false,false,false,false,true,false,false,1,false,true,false,16057,https://www.fema.gov/api/open/v2/DisasterDeclarationsSummaries,https://www.fema.gov/openfema-data-page/disaster-declarations-summaries-v2,2026-08-16T23:00:55Z
DR-4905-ID,4905,ID,DR,2026-04-07T00:00:00.000Z,2026,Straight-Line Winds,STRAIGHT-LINE WINDS,false,false,true,false,2025-12-16T00:00:00.000Z,2025-12-18T00:00:00.000Z,,false,16,055,99055,Kootenai (County),26024,,2025121703,10,2,2026-04-11T02:41:20.947Z,6b6a0b1e6075ec26074d7ee19dcf03b7f3ff73c5,28c6282b-cf3c-4c74-8b21-7e960e2ef76b,2026-04-07,2025-12-16,2025-12-18,,,2026-04-11T02:41:20Z,2026,04,2,2025,2,112,,false,false,Major Disaster,Idaho,Region 10 — Bothell,Bothell,"AK,ID,OR,WA",Severe storm,Straight-Line Winds,false,false,false,false,false,false,false,false,true,false,false,1,false,true,false,16055,https://www.fema.gov/api/open/v2/DisasterDeclarationsSummaries,https://www.fema.gov/openfema-data-page/disaster-declarations-summaries-v2,2026-08-16T23:00:55Z
DR-4905-ID,4905,ID,DR,2026-04-07T00:00:00.000Z,2026,Straight-Line Winds,STRAIGHT-LINE WINDS,false,false,true,false,2025-12-16T00:00:00.000Z,2025-12-18T00:00:00.000Z,,false,16,049,99049,Idaho (County),26024,,2025121703,10,2,2026-04-11T02:41:20.947Z,8908dca8dac1fb9fc94f83bb723b091b292a9015,872e9987-dc88-4d51-b147-9fdac92a5f97,2026-04-07,2025-12-16,2025-12-18,,,2026-04-11T02:41:20Z,2026,04,2,2025,2,112,,false,false,Major Disaster,Idaho,Region 10 — Bothell,Bothell,"AK,ID,OR,WA",Severe storm,Straight-Line Winds,false,false,false,false,false,false,false,false,true,false,false,1,false,true,false,16049,https://www.fema.gov/api/open/v2/DisasterDeclarationsSummaries,https://www.fema.gov/openfema-data-page/disaster-declarations-summaries-v2,2026-08-16T23:00:55Z
DR-4905-ID,4905,ID,DR,2026-04-07T00:00:00.000Z,2026,Straight-Line Winds,STRAIGHT-LINE WINDS,false,false,true,false,2025-12-16T00:00:00.000Z,2025-12-18T00:00:00.000Z,,false,16,035,99035,Clearwater (County),26024,,2025121703,10,2,2026-04-11T02:41:20.947Z,6eb888d4cd5776bc848e1d97bae823e232b22bff,dffea411-fc3b-46aa-b372-0766f3922eb6,2026-04-07,2025-12-16,2025-12-18,,,2026-04-11T02:41:20Z,2026,04,2,2025,2,112,,false,false,Major Disaster,Idaho,Region 10 — Bothell,Bothell,"AK,ID,OR,WA",Severe storm,Straight-Line Winds,false,false,false,false,false,false,false,false,true,false,false,1,false,true,false,16035,https://www.fema.gov/api/open/v2/DisasterDeclarationsSummaries,https://www.fema.gov/openfema-data-page/disaster-declarations-summaries-v2,2026-08-16T23:00:55Z
DR-4905-ID,4905,ID,DR,2026-04-07T00:00:00.000Z,2026,Straight-Line Winds,STRAIGHT-LINE WINDS,false,false,true,false,2025-12-16T00:00:00.000Z,2025-12-18T00:00:00.000Z,,false,16,021,99021,Boundary (County),26024,,2025121703,10,2,2026-04-11T02:41:20.947Z,8470da3fcdf664e4aa18e9dc8428eeda136f0eb9,fdc7cc4c-6740-4b76-a28c-8036d91263a0,2026-04-07,2025-12-16,2025-12-18,,,2026-04-11T02:41:20Z,2026,04,2,2025,2,112,,false,false,Major Disaster,Idaho,Region 10 — Bothell,Bothell,"AK,ID,OR,WA",Severe storm,Straight-Line Winds,false,false,false,false,false,false,false,false,true,false,false,1,false,true,false,16021,https://www.fema.gov/api/open/v2/DisasterDeclarationsSummaries,https://www.fema.gov/openfema-data-page/disaster-declarations-summaries-v2,2026-08-16T23:00:55Z
DR-4905-ID,4905,ID,DR,2026-04-07T00:00:00.000Z,2026,Straight-Line Winds,STRAIGHT-LINE WINDS,false,false,true,false,2025-12-16T00:00:00.000Z,2025-12-18T00:00:00.000Z,,false,16,017,99017,Bonner (County),26024,,2025121703,10,2,2026-04-11T02:41:20.947Z,3073832df79688730b5d3fb0d0350f994c45b6e5,4a5a629c-30a5-4369-859a-3302f241af0b,2026-04-07,2025-12-16,2025-12-18,,,2026-04-11T02:41:20Z,2026,04,2,2025,2,112,,false,false,Major Disaster,Idaho,Region 10 — Bothell,Bothell,"AK,ID,OR,WA",Severe storm,Straight-Line Winds,false,false,false,false,false,false,false,false,true,false,false,1,false,true,false,16017,https://www.fema.gov/api/open/v2/DisasterDeclarationsSummaries,https://www.fema.gov/openfema-data-page/disaster-declarations-summaries-v2,2026-08-16T23:00:55Z
DR-4905-ID,4905,ID,DR,2026-04-07T00:00:00.000Z,2026,Straight-Line Winds,STRAIGHT-LINE WINDS,false,false,true,false,2025-12-16T00:00:00.000Z,2025-12-18T00:00:00.000Z,,false,16,009,99009,Benewah (County),26024,,2025121703,10,2,2026-04-11T02:41:20.947Z,a60ab3a6a523c8d67839efae4383d71964f3a8f9,d2f8ed0a-9c13-4210-a3ee-cdf00c075d73,2026-04-07,2025-12-16,2025-12-18,,,2026-04-11T02:41:20Z,2026,04,2,2025,2,112,,false,false,Major Disaster,Idaho,Region 10 — Bothell,Bothell,"AK,ID,OR,WA",Severe storm,Straight-Line Winds,false,false,false,false,false,false,false,false,true,false,false,1,false,true,false,16009,https://www.fema.gov/api/open/v2/DisasterDeclarationsSummaries,https://www.fema.gov/openfema-data-page/disaster-declarations-summaries-v2,2026-08-16T23:00:55Z
DR-4904-AK,4904,AK,DR,2026-04-07T00:00:00.000Z,2026,Winter Storm,SEVERE STORM,false,false,true,false,2025-12-06T00:00:00.000Z,2025-12-09T00:00:00.000Z,,false,02,170,99170,Matanuska-Susitna (Borough),26019,,2026011002,10,W,2026-04-11T02:21:12.171Z,79ebd1bc510e056a2c76f486fd0b0b41e61c3db0,5141271f-9419-4bce-a9e2-53df4de1514c,2026-04-07,2025-12-06,2025-12-09,,,2026-04-11T02:21:12Z,2026,04,2,2025,3,122,,false,false,Major Disaster,Alaska,Region 10 — Bothell,Bothell,"AK,ID,OR,WA",Winter weather,Severe Storm,false,false,false,false,false,false,false,true,true,false,false,1,false,true,false,02170,https://www.fema.gov/api/open/v2/DisasterDeclarationsSummaries,https://www.fema.gov/openfema-data-page/disaster-declarations-summaries-v2,2026-08-16T23:00:55Z
DR-4903-SD,4903,SD,DR,2026-04-07T00:00:00.000Z,2026,Straight-Line Winds,STRAIGHT-LINE WINDS,false,false,true,false,2025-12-17T00:00:00.000Z,2025-12-18T00:00:00.000Z,,false,46,103,99103,Pennington (County),26017,,2026010501,8,2,2026-04-11T02:01:12.861Z,9e42aee0b325787d1398fac451f08a6f176acdae,ceb2d5b8-3cdb-4770-90bb-ee658792fc96,2026-04-07,2025-12-17,2025-12-18,,,2026-04-11T02:01:12Z,2026,04,2,2025,1,111,,false,false,Major Disaster,South Dakota,Region 8 — Denver,Denver,"CO,MT,ND,SD,UT,WY",Severe storm,Straight-Line Winds,false,false,false,false,false,false,false,false,true,false,false,1,false,true,false,46103,https://www.fema.gov/api/open/v2/DisasterDeclarationsSummaries,https://www.fema.gov/openfema-data-page/disaster-declarations-summaries-v2,2026-08-16T23:00:55Z
DR-4903-SD,4903,SD,DR,2026-04-07T00:00:00.000Z,2026,Straight-Line Winds,STRAIGHT-LINE WINDS,false,false,true,false,2025-12-17T00:00:00.000Z,2025-12-18T00:00:00.000Z,,false,46,047,99047,Fall River (County),26017,,2026010501,8,2,2026-04-11T02:01:12.861Z,9cbdc5c198444d5a690fc2c993b00f39ca528fbd,5f263610-0769-4619-8a1b-cacbe197cea6,2026-04-07,2025-12-17,2025-12-18,,,2026-04-11T02:01:12Z,2026,04,2,2025,1,111,,false,false,Major Disaster,South Dakota,Region 8 — Denver,Denver,"CO,MT,ND,SD,UT,WY",Severe storm,Straight-Line Winds,false,false,false,false,false,false,false,false,true,false,false,1,false,true,false,46047,https://www.fema.gov/api/open/v2/DisasterDeclarationsSummaries,https://www.fema.gov/openfema-data-page/disaster-declarations-summaries-v2,2026-08-16T23:00:55Z
DR-4903-SD,4903,SD,DR,2026-04-07T00:00:00.000Z,2026,Straight-Line Winds,STRAIGHT-LINE WINDS,false,false,true,false,2025-12-17T00:00:00.000Z,2025-12-18T00:00:00.000Z,,false,46,033,99033,Custer (County),26017,,2026010501,8,2,2026-04-11T02:01:12.861Z,e75f15a1332531bed71234ba32dbb46287ecb3ed,9be9e7aa-0990-4c48-86f3-ed559d456dc3,2026-04-07,2025-12-17,2025-12-18,,,2026-04-11T02:01:12Z,2026,04,2,2025,1,111,,false,false,Major Disaster,South Dakota,Region 8 — Denver,Denver,"CO,MT,ND,SD,UT,WY",Severe storm,Straight-Line Winds,false,false,false,false,false,false,false,false,true,false,false,1,false,true,false,46033,https://www.fema.gov/api/open/v2/DisasterDeclarationsSummaries,https://www.fema.gov/openfema-data-page/disaster-declarations-summaries-v2,2026-08-16T23:00:55Z
DR-4902-MT,4902,MT,DR,2026-04-07T00:00:00.000Z,2026,Straight-Line Winds,SEVERE WINTER STORM AND STRAIGHT-LINE WINDS,false,false,true,false,2025-12-17T00:00:00.000Z,2025-12-18T00:00:00.000Z,,false,30,107,99107,Wheatland (County),26003,,2025121901,8,"2,5",2026-04-11T00:21:27.178Z,6c3b9487de45ebf9273d6ac63215f3c129c9dab3,b97c3590-622f-4325-9dc5-7991b7f89353,2026-04-07,2025-12-17,2025-12-18,,,2026-04-11T00:21:27Z,2026,04,2,2025,1,111,,false,false,Major Disaster,Montana,Region 8 — Denver,Denver,"CO,MT,ND,SD,UT,WY",Severe storm,Straight-Line Winds; Winter Storm,false,false,false,false,false,false,false,true,true,false,false,1,false,true,false,30107,https://www.fema.gov/api/open/v2/DisasterDeclarationsSummaries,https://www.fema.gov/openfema-data-page/disaster-declarations-summaries-v2,2026-08-16T23:00:55Z
DR-4902-MT,4902,MT,DR,2026-04-07T00:00:00.000Z,2026,Straight-Line Winds,SEVERE WINTER STORM AND STRAIGHT-LINE WINDS,false,false,true,false,2025-12-17T00:00:00.000Z,2025-12-18T00:00:00.000Z,,false,30,105,99105,Valley (County),26003,,2025121901,8,"2,5",2026-04-11T00:21:27.178Z,745611d8a2d0ff105b571bbc81dedb41676db799,34cd5cae-9bec-437b-b7a3-ad3ca84d231f,2026-04-07,2025-12-17,2025-12-18,,,2026-04-11T00:21:27Z,2026,04,2,2025,1,111,,false,false,Major Disaster,Montana,Region 8 — Denver,Denver,"CO,MT,ND,SD,UT,WY",Severe storm,Straight-Line Winds; Winter Storm,false,false,false,false,false,false,false,true,true,false,false,1,false,true,false,30105,https://www.fema.gov/api/open/v2/DisasterDeclarationsSummaries,https://www.fema.gov/openfema-data-page/disaster-declarations-summaries-v2,2026-08-16T23:00:55Z
DR-4902-MT,4902,MT,DR,2026-04-07T00:00:00.000Z,2026,Straight-Line Winds,SEVERE WINTER STORM AND STRAIGHT-LINE WINDS,false,false,true,false,2025-12-17T00:00:00.000Z,2025-12-18T00:00:00.000Z,,false,30,099,99099,Teton (County),26003,,2025121901,8,"2,5",2026-04-11T00:21:27.178Z,f54d2dd600cfe80e772035371531cab0d51cefe0,74fe636a-c1f4-4588-a0de-ed7a2490674c,2026-04-07,2025-12-17,2025-12-18,,,2026-04-11T00:21:27Z,2026,04,2,2025,1,111,,false,false,Major Disaster,Montana,Region 8 — Denver,Denver,"CO,MT,ND,SD,UT,WY",Severe storm,Straight-Line Winds; Winter Storm,false,false,false,false,false,false,false,true,true,false,false,1,false,true,false,30099,https://www.fema.gov/api/open/v2/DisasterDeclarationsSummaries,https://www.fema.gov/openfema-data-page/disaster-declarations-summaries-v2,2026-08-16T23:00:55Z
DR-4902-MT,4902,MT,DR,2026-04-07T00:00:00.000Z,2026,Straight-Line Winds,SEVERE WINTER STORM AND STRAIGHT-LINE WINDS,false,false,true,false,2025-12-17T00:00:00.000Z,2025-12-18T00:00:00.000Z,,false,30,097,99097,Sweet Grass (County),26003,,2025121901,8,"2,5",2026-04-11T00:21:27.178Z,d149dbe4e056e0525a09ba83c3fd108c34ca6e73,350525a6-c9b9-487a-8c69-340a046b0869,2026-04-07,2025-12-17,2025-12-18,,,2026-04-11T00:21:27Z,2026,04,2,2025,1,111,,false,false,Major Disaster,Montana,Region 8 — Denver,Denver,"CO,MT,ND,SD,UT,WY",Severe storm,Straight-Line Winds; Winter Storm,false,false,false,false,false,false,false,true,true,false,false,1,false,true,false,30097,https://www.fema.gov/api/open/v2/DisasterDeclarationsSummaries,https://www.fema.gov/openfema-data-page/disaster-declarations-summaries-v2,2026-08-16T23:00:55Z
DR-4902-MT,4902,MT,DR,2026-04-07T00:00:00.000Z,2026,Straight-Line Winds,SEVERE WINTER STORM AND STRAIGHT-LINE WINDS,false,false,true,false,2025-12-17T00:00:00.000Z,2025-12-18T00:00:00.000Z,,false,30,095,99095,Stillwater (County),26003,,2025121901,8,"2,5",2026-04-11T00:21:27.178Z,12abc409885ed65622500a76c8c1add6daaad573,36385462-77fe-4fa8-9147-4ea1416238db,2026-04-07,2025-12-17,2025-12-18,,,2026-04-11T00:21:27Z,2026,04,2,2025,1,111,,false,false,Major Disaster,Montana,Region 8 — Denver,Denver,"CO,MT,ND,SD,UT,WY",Severe storm,Straight-Line Winds; Winter Storm,false,false,false,false,false,false,false,true,true,false,false,1,false,true,false,30095,https://www.fema.gov/api/open/v2/DisasterDeclarationsSummaries,https://www.fema.gov/openfema-data-page/disaster-declarations-summaries-v2,2026-08-16T23:00:55Z
DR-4902-MT,4902,MT,DR,2026-04-07T00:00:00.000Z,2026,Straight-Line Winds,SEVERE WINTER STORM AND STRAIGHT-LINE WINDS,false,false,true,false,2025-12-17T00:00:00.000Z,2025-12-18T00:00:00.000Z,,false,30,089,99089,Sanders (County),26003,,2025121901,8,"2,5",2026-04-11T00:21:27.178Z,d2072512dc6c9176b0fdf78ec703c39da609955f,c6dde018-76c9-4380-8aa8-a9734e0a4a26,2026-04-07,2025-12-17,2025-12-18,,,2026-04-11T00:21:27Z,2026,04,2,2025,1,111,,false,false,Major Disaster,Montana,Region 8 — Denver,Denver,"CO,MT,ND,SD,UT,WY",Severe storm,Straight-Line Winds; Winter Storm,false,false,false,false,false,false,false,true,true,false,false,1,false,true,false,30089,https://www.fema.gov/api/open/v2/DisasterDeclarationsSummaries,https://www.fema.gov/openfema-data-page/disaster-declarations-summaries-v2,2026-08-16T23:00:55Z
DR-4902-MT,4902,MT,DR,2026-04-07T00:00:00.000Z,2026,Straight-Line Winds,SEVERE WINTER STORM AND STRAIGHT-LINE WINDS,false,false,true,false,2025-12-17T00:00:00.000Z,2025-12-18T00:00:00.000Z,,false,30,087,99087,Rosebud (County),26003,,2025121901,8,"2,5",2026-04-11T00:21:27.178Z,6e6293fc212e4285440fa635313f3b83df5e8ffe,1509dac9-920b-4973-b440-7bc78b1dd600,2026-04-07,2025-12-17,2025-12-18,,,2026-04-11T00:21:27Z,2026,04,2,2025,1,111,,false,false,Major Disaster,Montana,Region 8 — Denver,Denver,"CO,MT,ND,SD,UT,WY",Severe storm,Straight-Line Winds; Winter Storm,false,false,false,false,false,false,false,true,true,false,false,1,false,true,false,30087,https://www.fema.gov/api/open/v2/DisasterDeclarationsSummaries,https://www.fema.gov/openfema-data-page/disaster-declarations-summaries-v2,2026-08-16T23:00:55Z
DR-4902-MT,4902,MT,DR,2026-04-07T00:00:00.000Z,2026,Straight-Line Winds,SEVERE WINTER STORM AND STRAIGHT-LINE WINDS,false,false,true,false,2025-12-17T00:00:00.000Z,2025-12-18T00:00:00.000Z,,false,30,081,99081,Ravalli (County),26003,,2025121901,8,"2,5",2026-04-11T00:21:27.178Z,cd2b22698c797da978460bbb56395e040b428e20,7a1acc2c-f55e-4fa0-8084-7d1b95ab36d9,2026-04-07,2025-12-17,2025-12-18,,,2026-04-11T00:21:27Z,2026,04,2,2025,1,111,,false,false,Major Disaster,Montana,Region 8 — Denver,Denver,"CO,MT,ND,SD,UT,WY",Severe storm,Straight-Line Winds; Winter Storm,false,false,false,false,false,false,false,true,true,false,false,1,false,true,false,30081,https://www.fema.gov/api/open/v2/DisasterDeclarationsSummaries,https://www.fema.gov/openfema-data-page/disaster-declarations-summaries-v2,2026-08-16T23:00:55Z
DR-4902-MT,4902,MT,DR,2026-04-07T00:00:00.000Z,2026,Straight-Line Winds,SEVERE WINTER STORM AND STRAIGHT-LINE WINDS,false,false,true,false,2025-12-17T00:00:00.000Z,2025-12-18T00:00:00.000Z,,false,30,077,99077,Powell (County),26003,,2025121901,8,"2,5",2026-04-11T00:21:27.178Z,de3b4dfb2a79989a41279b3857806efd84f4cfe3,974a7dfe-26af-49d3-9c5c-09b93823e1f3,2026-04-07,2025-12-17,2025-12-18,,,2026-04-11T00:21:27Z,2026,04,2,2025,1,111,,false,false,Major Disaster,Montana,Region 8 — Denver,Denver,"CO,MT,ND,SD,UT,WY",Severe storm,Straight-Line Winds; Winter Storm,false,false,false,false,false,false,false,true,true,false,false,1,false,true,false,30077,https://www.fema.gov/api/open/v2/DisasterDeclarationsSummaries,https://www.fema.gov/openfema-data-page/disaster-declarations-summaries-v2,2026-08-16T23:00:55Z
DR-4902-MT,4902,MT,DR,2026-04-07T00:00:00.000Z,2026,Straight-Line Winds,SEVERE WINTER STORM AND STRAIGHT-LINE WINDS,false,false,true,false,2025-12-17T00:00:00.000Z,2025-12-18T00:00:00.000Z,,false,30,075,99075,Powder River (County),26003,,2025121901,8,"2,5",2026-04-11T00:21:27.178Z,b360fcf227a3c011dea872ee88b94e33659b81e3,56cec9b8-09bb-47ca-bdab-594d7214d18f,2026-04-07,2025-12-17,2025-12-18,,,2026-04-11T00:21:27Z,2026,04,2,2025,1,111,,false,false,Major Disaster,Montana,Region 8 — Denver,Denver,"CO,MT,ND,SD,UT,WY",Severe storm,Straight-Line Winds; Winter Storm,false,false,false,false,false,false,false,true,true,false,false,1,false,true,false,30075,https://www.fema.gov/api/open/v2/DisasterDeclarationsSummaries,https://www.fema.gov/openfema-data-page/disaster-declarations-summaries-v2,2026-08-16T23:00:55Z
DR-4902-MT,4902,MT,DR,2026-04-07T00:00:00.000Z,2026,Straight-Line Winds,SEVERE WINTER STORM AND STRAIGHT-LINE WINDS,false,false,true,false,2025-12-17T00:00:00.000Z,2025-12-18T00:00:00.000Z,,false,30,073,99073,Pondera (County),26003,,2025121901,8,"2,5",2026-04-11T00:21:27.178Z,be8b19d89d9e1e2e1bfc1c038e5e68dcbfd0446a,8d7624f4-99dd-4bd6-805a-cfe88d3e8e0d,2026-04-07,2025-12-17,2025-12-18,,,2026-04-11T00:21:27Z,2026,04,2,2025,1,111,,false,false,Major Disaster,Montana,Region 8 — Denver,Denver,"CO,MT,ND,SD,UT,WY",Severe storm,Straight-Line Winds; Winter Storm,false,false,false,false,false,false,false,true,true,false,false,1,false,true,false,30073,https://www.fema.gov/api/open/v2/DisasterDeclarationsSummaries,https://www.fema.gov/openfema-data-page/disaster-declarations-summaries-v2,2026-08-16T23:00:55Z
DR-4902-MT,4902,MT,DR,2026-04-07T00:00:00.000Z,2026,Straight-Line Winds,SEVERE WINTER STORM AND STRAIGHT-LINE WINDS,false,false,true,false,2025-12-17T00:00:00.000Z,2025-12-18T00:00:00.000Z,,false,30,071,99071,Phillips (County),26003,,2025121901,8,"2,5",2026-04-11T00:21:27.178Z,10b9807b52d4dc4fc4ab58d80733ec844a22b59c,6c20942b-4a4c-47e9-9b93-269a29943608,2026-04-07,2025-12-17,2025-12-18,,,2026-04-11T00:21:27Z,2026,04,2,2025,1,111,,false,false,Major Disaster,Montana,Region 8 — Denver,Denver,"CO,MT,ND,SD,UT,WY",Severe storm,Straight-Line Winds; Winter Storm,false,false,false,false,false,false,false,true,true,false,false,1,false,true,false,30071,https://www.fema.gov/api/open/v2/DisasterDeclarationsSummaries,https://www.fema.gov/openfema-data-page/disaster-declarations-summaries-v2,2026-08-16T23:00:55Z
DR-4902-MT,4902,MT,DR,2026-04-07T00:00:00.000Z,2026,Straight-Line Winds,SEVERE WINTER STORM AND STRAIGHT-LINE WINDS,false,false,true,false,2025-12-17T00:00:00.000Z,2025-12-18T00:00:00.000Z,,false,30,067,99067,Park (County),26003,,2025121901,8,"2,5",2026-04-11T00:21:27.178Z,5d61ad3e7ace020ca50a6d07ac2989433fccf2af,b89e4a94-1ea2-457b-86f2-1a1ac7266c61,2026-04-07,2025-12-17,2025-12-18,,,2026-04-11T00:21:27Z,2026,04,2,2025,1,111,,false,false,Major Disaster,Montana,Region 8 — Denver,Denver,"CO,MT,ND,SD,UT,WY",Severe storm,Straight-Line Winds; Winter Storm,false,false,false,false,false,false,false,true,true,false,false,1,false,true,false,30067,https://www.fema.gov/api/open/v2/DisasterDeclarationsSummaries,https://www.fema.gov/openfema-data-page/disaster-declarations-summaries-v2,2026-08-16T23:00:55Z
DR-4902-MT,4902,MT,DR,2026-04-07T00:00:00.000Z,2026,Straight-Line Winds,SEVERE WINTER STORM AND STRAIGHT-LINE WINDS,false,false,true,false,2025-12-17T00:00:00.000Z,2025-12-18T00:00:00.000Z,,false,30,063,99063,Missoula (County),26003,,2025121901,8,"2,5",2026-04-11T00:21:27.178Z,40897f2af361bcc9d9e2c34e5a75414f0275c0cb,68bc5ffa-b1c8-4cfa-aeef-89f372a6a370,2026-04-07,2025-12-17,2025-12-18,,,2026-04-11T00:21:27Z,2026,04,2,2025,1,111,,false,false,Major Disaster,Montana,Region 8 — Denver,Denver,"CO,MT,ND,SD,UT,WY",Severe storm,Straight-Line Winds; Winter Storm,false,false,false,false,false,false,false,true,true,false,false,1,false,true,false,30063,https://www.fema.gov/api/open/v2/DisasterDeclarationsSummaries,https://www.fema.gov/openfema-data-page/disaster-declarations-summaries-v2,2026-08-16T23:00:55Z
DR-4902-MT,4902,MT,DR,2026-04-07T00:00:00.000Z,2026,Straight-Line Winds,SEVERE WINTER STORM AND STRAIGHT-LINE WINDS,false,false,true,false,2025-12-17T00:00:00.000Z,2025-12-18T00:00:00.000Z,,false,30,061,99061,Mineral (County),26003,,2025121901,8,"2,5",2026-04-11T00:21:27.178Z,9aab7f97e408f50a047e74ea2f039e93e8f39cdd,968941d7-9e0e-4a87-a13c-983177257ff6,2026-04-07,2025-12-17,2025-12-18,,,2026-04-11T00:21:27Z,2026,04,2,2025,1,111,,false,false,Major Disaster,Montana,Region 8 — Denver,Denver,"CO,MT,ND,SD,UT,WY",Severe storm,Straight-Line Winds; Winter Storm,false,false,false,false,false,false,false,true,true,false,false,1,false,true,false,30061,https://www.fema.gov/api/open/v2/DisasterDeclarationsSummaries,https://www.fema.gov/openfema-data-page/disaster-declarations-summaries-v2,2026-08-16T23:00:55Z
DR-4902-MT,4902,MT,DR,2026-04-07T00:00:00.000Z,2026,Straight-Line Winds,SEVERE WINTER STORM AND STRAIGHT-LINE WINDS,false,false,true,false,2025-12-17T00:00:00.000Z,2025-12-18T00:00:00.000Z,,false,30,055,99055,McCone (County),26003,,2025121901,8,"2,5",2026-04-11T00:21:27.178Z,b2b1ef97481e400754f531b10016cf9ec7418377,f89b8af7-7cfa-4f73-bde5-3a6e6afdcab2,2026-04-07,2025-12-17,2025-12-18,,,2026-04-11T00:21:27Z,2026,04,2,2025,1,111,,false,false,Major Disaster,Montana,Region 8 — Denver,Denver,"CO,MT,ND,SD,UT,WY",Severe storm,Straight-Line Winds; Winter Storm,false,false,false,false,false,false,false,true,true,false,false,1,false,true,false,30055,https://www.fema.gov/api/open/v2/DisasterDeclarationsSummaries,https://www.fema.gov/openfema-data-page/disaster-declarations-summaries-v2,2026-08-16T23:00:55Z
DR-4902-MT,4902,MT,DR,2026-04-07T00:00:00.000Z,2026,Straight-Line Winds,SEVERE WINTER STORM AND STRAIGHT-LINE WINDS,false,false,true,false,2025-12-17T00:00:00.000Z,2025-12-18T00:00:00.000Z,,false,30,053,99053,Lincoln (County),26003,,2025121901,8,"2,5",2026-04-11T00:21:27.178Z,d08024929f9b4229ebcb140d528263e8638d9f3b,848384d9-2b58-45ba-a124-0cf49286911c,2026-04-07,2025-12-17,2025-12-18,,,2026-04-11T00:21:27Z,2026,04,2,2025,1,111,,false,false,Major Disaster,Montana,Region 8 — Denver,Denver,"CO,MT,ND,SD,UT,WY",Severe storm,Straight-Line Winds; Winter Storm,false,false,false,false,false,false,false,true,true,false,false,1,false,true,false,30053,https://www.fema.gov/api/open/v2/DisasterDeclarationsSummaries,https://www.fema.gov/openfema-data-page/disaster-declarations-summaries-v2,2026-08-16T23:00:55Z
DR-4902-MT,4902,MT,DR,2026-04-07T00:00:00.000Z,2026,Straight-Line Winds,SEVERE WINTER STORM AND STRAIGHT-LINE WINDS,false,false,true,false,2025-12-17T00:00:00.000Z,2025-12-18T00:00:00.000Z,,false,30,047,99047,Lake (County),26003,,2025121901,8,"2,5",2026-04-11T00:21:27.178Z,c8e208be2f75bf7193ce5ad22c94fbdab6cbca60,666f8525-06e7-44ee-9434-d8b3c0205e93,2026-04-07,2025-12-17,2025-12-18,,,2026-04-11T00:21:27Z,2026,04,2,2025,1,111,,false,false,Major Disaster,Montana,Region 8 — Denver,Denver,"CO,MT,ND,SD,UT,WY",Severe storm,Straight-Line Winds; Winter Storm,false,false,false,false,false,false,false,true,true,false,false,1,false,true,false,30047,https://www.fema.gov/api/open/v2/DisasterDeclarationsSummaries,https://www.fema.gov/openfema-data-page/disaster-declarations-summaries-v2,2026-08-16T23:00:55Z
DR-4902-MT,4902,MT,DR,2026-04-07T00:00:00.000Z,2026,Straight-Line Winds,SEVERE WINTER STORM AND STRAIGHT-LINE WINDS,false,false,true,false,2025-12-17T00:00:00.000Z,2025-12-18T00:00:00.000Z,,false,30,045,99045,Judith Basin (County),26003,,2025121901,8,"2,5",2026-04-11T00:21:27.178Z,a9b6255b4085523ca29ec0601088bcca222d1dba,3753cd78-d15e-4872-99a1-73539b94a3fb,2026-04-07,2025-12-17,2025-12-18,,,2026-04-11T00:21:27Z,2026,04,2,2025,1,111,,false,false,Major Disaster,Montana,Region 8 — Denver,Denver,"CO,MT,ND,SD,UT,WY",Severe storm,Straight-Line Winds; Winter Storm,false,false,false,false,false,false,false,true,true,false,false,1,false,true,false,30045,https://www.fema.gov/api/open/v2/DisasterDeclarationsSummaries,https://www.fema.gov/openfema-data-page/disaster-declarations-summaries-v2,2026-08-16T23:00:55Z
DR-4902-MT,4902,MT,DR,2026-04-07T00:00:00.000Z,2026,Straight-Line Winds,SEVERE WINTER STORM AND STRAIGHT-LINE WINDS,false,false,true,false,2025-12-17T00:00:00.000Z,2025-12-18T00:00:00.000Z,,false,30,037,99037,Golden Valley (County),26003,,2025121901,8,"2,5",2026-04-11T00:21:27.178Z,c5b3257b164290c47b44b9d913ce67b7e38ec6c1,00cbd69b-7b8e-4f41-8e6f-70c4a368a598,2026-04-07,2025-12-17,2025-12-18,,,2026-04-11T00:21:27Z,2026,04,2,2025,1,111,,false,false,Major Disaster,Montana,Region 8 — Denver,Denver,"CO,MT,ND,SD,UT,WY",Severe storm,Straight-Line Winds; Winter Storm,false,false,false,false,false,false,false,true,true,false,false,1,false,true,false,30037,https://www.fema.gov/api/open/v2/DisasterDeclarationsSummaries,https://www.fema.gov/openfema-data-page/disaster-declarations-summaries-v2,2026-08-16T23:00:55Z
DR-4902-MT,4902,MT,DR,2026-04-07T00:00:00.000Z,2026,Straight-Line Winds,SEVERE WINTER STORM AND STRAIGHT-LINE WINDS,false,false,true,false,2025-12-17T00:00:00.000Z,2025-12-18T00:00:00.000Z,,false,30,035,99035,Glacier (County),26003,,2025121901,8,"2,5",2026-04-11T00:21:27.178Z,fe1838c4ca4d647b60f09da6f0f2012e3ee804e8,1bcb02bb-002c-4d76-bc2a-9fde211a3923,2026-04-07,2025-12-17,2025-12-18,,,2026-04-11T00:21:27Z,2026,04,2,2025,1,111,,false,false,Major Disaster,Montana,Region 8 — Denver,Denver,"CO,MT,ND,SD,UT,WY",Severe storm,Straight-Line Winds; Winter Storm,false,false,false,false,false,false,false,true,true,false,false,1,false,true,false,30035,https://www.fema.gov/api/open/v2/DisasterDeclarationsSummaries,https://www.fema.gov/openfema-data-page/disaster-declarations-summaries-v2,2026-08-16T23:00:55Z
DR-4902-MT,4902,MT,DR,2026-04-07T00:00:00.000Z,2026,Straight-Line Winds,SEVERE WINTER STORM AND STRAIGHT-LINE WINDS,false,false,true,false,2025-12-17T00:00:00.000Z,2025-12-18T00:00:00.000Z,,false,30,033,99033,Garfield (County),26003,,2025121901,8,"2,5",2026-04-11T00:21:27.178Z,baa936b9dcb32254d12bdf52f1d347a6e9040011,3e3db2a2-8e9b-4aea-82f8-65621e265753,2026-04-07,2025-12-17,2025-12-18,,,2026-04-11T00:21:27Z,2026,04,2,2025,1,111,,false,false,Major Disaster,Montana,Region 8 — Denver,Denver,"CO,MT,ND,SD,UT,WY",Severe storm,Straight-Line Winds; Winter Storm,false,false,false,false,false,false,false,true,true,false,false,1,false,true,false,30033,https://www.fema.gov/api/open/v2/DisasterDeclarationsSummaries,https://www.fema.gov/openfema-data-page/disaster-declarations-summaries-v2,2026-08-16T23:00:55Z
DR-4902-MT,4902,MT,DR,2026-04-07T00:00:00.000Z,2026,Straight-Line Winds,SEVERE WINTER STORM AND STRAIGHT-LINE WINDS,false,false,true,false,2025-12-17T00:00:00.000Z,2025-12-18T00:00:00.000Z,,false,30,029,99029,Flathead (County),26003,,2025121901,8,"2,5",2026-04-11T00:21:27.178Z,8f3bffee4e68df5746747b55d67865300e7cc779,73d000fd-c6da-400a-992a-853185f4ee8f,2026-04-07,2025-12-17,2025-12-18,,,2026-04-11T00:21:27Z,2026,04,2,2025,1,111,,false,false,Major Disaster,Montana,Region 8 — Denver,Denver,"CO,MT,ND,SD,UT,WY",Severe storm,Straight-Line Winds; Winter Storm,false,false,false,false,false,false,false,true,true,false,false,1,false,true,false,30029,https://www.fema.gov/api/open/v2/DisasterDeclarationsSummaries,https://www.fema.gov/openfema-data-page/disaster-declarations-summaries-v2,2026-08-16T23:00:55Z
DR-4902-MT,4902,MT,DR,2026-04-07T00:00:00.000Z,2026,Straight-Line Winds,SEVERE WINTER STORM AND STRAIGHT-LINE WINDS,false,false,true,false,2025-12-17T00:00:00.000Z,2025-12-18T00:00:00.000Z,,false,30,021,99021,Dawson (County),26003,,2025121901,8,"2,5",2026-04-11T00:21:27.178Z,f28319590302903c8203df6840eb4e40b8146c9e,565100de-882d-4543-bbe5-de4b5b81bd48,2026-04-07,2025-12-17,2025-12-18,,,2026-04-11T00:21:27Z,2026,04,2,2025,1,111,,false,false,Major Disaster,Montana,Region 8 — Denver,Denver,"CO,MT,ND,SD,UT,WY",Severe storm,Straight-Line Winds; Winter Storm,false,false,false,false,false,false,false,true,true,false,false,1,false,true,false,30021,https://www.fema.gov/api/open/v2/DisasterDeclarationsSummaries,https://www.fema.gov/openfema-data-page/disaster-declarations-summaries-v2,2026-08-16T23:00:55Z
DR-4902-MT,4902,MT,DR,2026-04-07T00:00:00.000Z,2026,Straight-Line Winds,SEVERE WINTER STORM AND STRAIGHT-LINE WINDS,false,false,true,false,2025-12-17T00:00:00.000Z,2025-12-18T00:00:00.000Z,,false,30,009,99009,Carbon (County),26003,,2025121901,8,"2,5",2026-04-11T00:21:27.178Z,d43857bd5f529a6c3da0ddd1cfc55ea9a48d538e,2614a761-3a8f-4c78-984a-ee85ac9cda4d,2026-04-07,2025-12-17,2025-12-18,,,2026-04-11T00:21:27Z,2026,04,2,2025,1,111,,false,false,Major Disaster,Montana,Region 8 — Denver,Denver,"CO,MT,ND,SD,UT,WY",Severe storm,Straight-Line Winds; Winter Storm,false,false,false,false,false,false,false,true,true,false,false,1,false,true,false,30009,https://www.fema.gov/api/open/v2/DisasterDeclarationsSummaries,https://www.fema.gov/openfema-data-page/disaster-declarations-summaries-v2,2026-08-16T23:00:55Z
DR-4902-MT,4902,MT,DR,2026-04-07T00:00:00.000Z,2026,Straight-Line Winds,SEVERE WINTER STORM AND STRAIGHT-LINE WINDS,false,false,true,false,2025-12-17T00:00:00.000Z,2025-12-18T00:00:00.000Z,,false,30,007,99007,Broadwater (County),26003,,2025121901,8,"2,5",2026-04-11T00:21:27.178Z,a087996c8b4ce6356532b55f1b6b3ff80cc5f0ec,5707b442-e90e-413e-85e4-0fc7a0dd3fff,2026-04-07,2025-12-17,2025-12-18,,,2026-04-11T00:21:27Z,2026,04,2,2025,1,111,,false,false,Major Disaster,Montana,Region 8 — Denver,Denver,"CO,MT,ND,SD,UT,WY",Severe storm,Straight-Line Winds; Winter Storm,false,false,false,false,false,false,false,true,true,false,false,1,false,true,false,30007,https://www.fema.gov/api/open/v2/DisasterDeclarationsSummaries,https://www.fema.gov/openfema-data-page/disaster-declarations-summaries-v2,2026-08-16T23:00:55Z
DR-4902-MT,4902,MT,DR,2026-04-07T00:00:00.000Z,2026,Straight-Line Winds,SEVERE WINTER STORM AND STRAIGHT-LINE WINDS,false,false,true,false,2025-12-17T00:00:00.000Z,2025-12-18T00:00:00.000Z,,false,30,005,99005,Blaine (County),26003,,2025121901,8,"2,5",2026-04-11T00:21:27.178Z,331ea657cacb0879eee4056a83550c939642390a,945d220c-3357-4834-b5da-01f8fc156814,2026-04-07,2025-12-17,2025-12-18,,,2026-04-11T00:21:27Z,2026,04,2,2025,1,111,,false,false,Major Disaster,Montana,Region 8 — Denver,Denver,"CO,MT,ND,SD,UT,WY",Severe storm,Straight-Line Winds; Winter Storm,false,false,false,false,false,false,false,true,true,false,false,1,false,true,false,30005,https://www.fema.gov/api/open/v2/DisasterDeclarationsSummaries,https://www.fema.gov/openfema-data-page/disaster-declarations-summaries-v2,2026-08-16T23:00:55Z
DR-4902-MT,4902,MT,DR,2026-04-07T00:00:00.000Z,2026,Straight-Line Winds,SEVERE WINTER STORM AND STRAIGHT-LINE WINDS,false,false,true,false,2025-12-17T00:00:00.000Z,2025-12-18T00:00:00.000Z,,false,30,003,99003,Big Horn (County),26003,,2025121901,8,"2,5",2026-04-11T00:21:27.178Z,770f0e82bb52230dd3384a0a1a82a15a58f94989,f59c7707-1301-4cac-9941-97269ce5c14b,2026-04-07,2025-12-17,2025-12-18,,,2026-04-11T00:21:27Z,2026,04,2,2025,1,111,,false,false,Major Disaster,Montana,Region 8 — Denver,Denver,"CO,MT,ND,SD,UT,WY",Severe storm,Straight-Line Winds; Winter Storm,false,false,false,false,false,false,false,true,true,false,false,1,false,true,false,30003,https://www.fema.gov/api/open/v2/DisasterDeclarationsSummaries,https://www.fema.gov/openfema-data-page/disaster-declarations-summaries-v2,2026-08-16T23:00:55Z
DR-4902-MT,4902,MT,DR,2026-04-07T00:00:00.000Z,2026,Straight-Line Winds,SEVERE WINTER STORM AND STRAIGHT-LINE WINDS,false,false,true,false,2025-12-17T00:00:00.000Z,2025-12-18T00:00:00.000Z,,false,30,000,7225,Blackfeet Indian Reservation,26003,,2025121901,8,"2,5",2026-04-11T00:21:27.178Z,f4b8dc571b787c0d15ff0640baa1cf7d6a9ea779,ccae0329-8436-41ad-9569-f9c9d7450b4e,2026-04-07,2025-12-17,2025-12-18,,,2026-04-11T00:21:27Z,2026,04,2,2025,1,111,,false,false,Major Disaster,Montana,Region 8 — Denver,Denver,"CO,MT,ND,SD,UT,WY",Severe storm,Straight-Line Winds; Winter Storm,false,false,false,false,false,false,false,true,true,false,false,1,false,true,false,30000,https://www.fema.gov/api/open/v2/DisasterDeclarationsSummaries,https://www.fema.gov/openfema-data-page/disaster-declarations-summaries-v2,2026-08-16T23:00:55Z
DR-4902-MT,4902,MT,DR,2026-04-07T00:00:00.000Z,2026,Straight-Line Winds,SEVERE WINTER STORM AND STRAIGHT-LINE WINDS,false,false,true,false,2025-12-17T00:00:00.000Z,2025-12-18T00:00:00.000Z,,false,30,000,54550,Northern Cheyenne Indian Reservation,26003,,2025121901,8,"2,5",2026-04-11T00:21:27.178Z,e1ca75306dcbe18a42d8801271b712d0b8a8f3fb,ccb510db-12c8-41d5-9331-663abbfd2b29,2026-04-07,2025-12-17,2025-12-18,,,2026-04-11T00:21:27Z,2026,04,2,2025,1,111,,false,false,Major Disaster,Montana,Region 8 — Denver,Denver,"CO,MT,ND,SD,UT,WY",Severe storm,Straight-Line Winds; Winter Storm,false,false,false,false,false,false,false,true,true,false,false,1,false,true,false,30000,https://www.fema.gov/api/open/v2/DisasterDeclarationsSummaries,https://www.fema.gov/openfema-data-page/disaster-declarations-summaries-v2,2026-08-16T23:00:55Z
DR-4902-MT,4902,MT,DR,2026-04-07T00:00:00.000Z,2026,Straight-Line Winds,SEVERE WINTER STORM AND STRAIGHT-LINE WINDS,false,false,true,false,2025-12-17T00:00:00.000Z,2025-12-18T00:00:00.000Z,,false,30,000,28525,Fort Peck Indian Reservation,26003,,2025121901,8,"2,5",2026-04-11T00:21:27.178Z,5e353349f0eb9d740e703bb8b60bf6103075ed0b,e12c9a9c-69c6-43d1-aed3-9254917e206a,2026-04-07,2025-12-17,2025-12-18,,,2026-04-11T00:21:27Z,2026,04,2,2025,1,111,,false,false,Major Disaster,Montana,Region 8 — Denver,Denver,"CO,MT,ND,SD,UT,WY",Severe storm,Straight-Line Winds; Winter Storm,false,false,false,false,false,false,false,true,true,false,false,1,false,true,false,30000,https://www.fema.gov/api/open/v2/DisasterDeclarationsSummaries,https://www.fema.gov/openfema-data-page/disaster-declarations-summaries-v2,2026-08-16T23:00:55Z
DR-4902-MT,4902,MT,DR,2026-04-07T00:00:00.000Z,2026,Straight-Line Winds,SEVERE WINTER STORM AND STRAIGHT-LINE WINDS,false,false,true,false,2025-12-17T00:00:00.000Z,2025-12-18T00:00:00.000Z,,false,30,000,27925,Fort Belknap Indian Reservation,26003,,2025121901,8,"2,5",2026-04-11T00:21:27.178Z,45834ef150ab67d35f1d7d0c4f84e94ac2300358,d0875edf-ed9a-4806-8f7c-bb307925564c,2026-04-07,2025-12-17,2025-12-18,,,2026-04-11T00:21:27Z,2026,04,2,2025,1,111,,false,false,Major Disaster,Montana,Region 8 — Denver,Denver,"CO,MT,ND,SD,UT,WY",Severe storm,Straight-Line Winds; Winter Storm,false,false,false,false,false,false,false,true,true,false,false,1,false,true,false,30000,https://www.fema.gov/api/open/v2/DisasterDeclarationsSummaries,https://www.fema.gov/openfema-data-page/disaster-declarations-summaries-v2,2026-08-16T23:00:55Z
DR-4901-MT,4901,MT,DR,2026-04-07T00:00:00.000Z,2026,Flood,SEVERE STORMS AND FLOODING,false,false,true,false,2025-12-09T00:00:00.000Z,2025-12-11T00:00:00.000Z,,false,30,053,99053,Lincoln (County),26002,,2025121602,8,"W,F",2026-08-07T15:01:26.974Z,56ee8909f1bf3b7dc878dc5d80aac2e7fa3021f1,c40cc004-942b-417c-a173-a558f4a69047,2026-04-07,2025-12-09,2025-12-11,,,2026-08-07T15:01:26Z,2026,04,2,2025,2,119,,false,false,Major Disaster,Montana,Region 8 — Denver,Denver,"CO,MT,ND,SD,UT,WY",Flood,Severe Storm; Flood,false,true,false,false,false,false,false,false,true,false,false,1,false,true,false,30053,https://www.fema.gov/api/open/v2/DisasterDeclarationsSummaries,https://www.fema.gov/openfema-data-page/disaster-declarations-summaries-v2,2026-08-16T23:00:55Z
FM-5628-OK,5628,OK,FM,2026-03-22T00:00:00.000Z,2026,Fire,JUMPING JUNIPER FIRE,false,false,true,false,2026-03-22T00:00:00.000Z,,,false,40,043,99043,Dewey (County),26045,,2026032302,6,R,2026-03-23T12:21:04.728Z,47b41d7e1ab15fc0ce60475a954880bc6f4fe2f6,b9c9ea9a-6d2c-4456-afb8-9706d2e54878,2026-03-22,2026-03-22,,,,2026-03-23T12:21:04Z,2026,03,1,2026,,0,,true,false,Fire Management Assistance,Oklahoma,Region 6 — Denton,Denton,"AR,LA,NM,OK,TX",Fire,Fire,false,false,true,false,false,false,false,false,false,false,false,1,false,true,false,40043,https://www.fema.gov/api/open/v2/DisasterDeclarationsSummaries,https://www.fema.gov/openfema-data-page/disaster-declarations-summaries-v2,2026-08-16T23:00:55Z
FM-5627-OK,5627,OK,FM,2026-03-22T00:00:00.000Z,2026,Fire,DIBBLE CREEK FIRE,false,false,true,false,2026-03-22T00:00:00.000Z,,,false,40,087,99087,McClain (County),26044,,2026032301,6,R,2026-03-23T12:21:04.728Z,ab044ff937ffb228251aa3e5098f791a6097fbb8,34315452-1557-4343-9900-0b52feba2378,2026-03-22,2026-03-22,,,,2026-03-23T12:21:04Z,2026,03,1,2026,,0,,true,false,Fire Management Assistance,Oklahoma,Region 6 — Denton,Denton,"AR,LA,NM,OK,TX",Fire,Fire,false,false,true,false,false,false,false,false,false,false,false,1,false,true,false,40087,https://www.fema.gov/api/open/v2/DisasterDeclarationsSummaries,https://www.fema.gov/openfema-data-page/disaster-declarations-summaries-v2,2026-08-16T23:00:55Z
FM-5626-OK,5626,OK,FM,2026-03-19T00:00:00.000Z,2026,Fire,BUCK HORN FIRE,false,false,true,false,2026-03-19T00:00:00.000Z,,,false,40,099,99099,Murray (County),26042,,2026032001,6,R,2026-03-20T14:21:18.599Z,b34048126b5e6056ed432237aa92f1c3c8cee4b3,22d3905a-52b8-4402-8f32-1af8000269ac,2026-03-19,2026-03-19,,,,2026-03-20T14:21:18Z,2026,03,1,2026,,0,,true,false,Fire Management Assistance,Oklahoma,Region 6 — Denton,Denton,"AR,LA,NM,OK,TX",Fire,Fire,false,false,true,false,false,false,false,false,false,false,false,1,false,true,false,40099,https://www.fema.gov/api/open/v2/DisasterDeclarationsSummaries,https://www.fema.gov/openfema-data-page/disaster-declarations-summaries-v2,2026-08-16T23:00:55Z
FM-5625-TX,5625,TX,FM,2026-03-15T00:00:00.000Z,2026,Fire,CORNER POCKET FIRE,false,false,true,false,2026-03-15T00:00:00.000Z,,,false,48,129,99129,Donley (County),26039,,2026031601,6,R,2026-03-17T16:41:13.496Z,97e90c912d807964640509a43fd4cffe5d111a66,7f6da293-cf74-4674-be1e-b6f6a72fa07e,2026-03-15,2026-03-15,,,,2026-03-17T16:41:13Z,2026,03,1,2026,,0,,true,false,Fire Management Assistance,Texas,Region 6 — Denton,Denton,"AR,LA,NM,OK,TX",Fire,Fire,false,false,true,false,false,false,false,false,false,false,false,1,false,true,false,48129,https://www.fema.gov/api/open/v2/DisasterDeclarationsSummaries,https://www.fema.gov/openfema-data-page/disaster-declarations-summaries-v2,2026-08-16T23:00:55Z
FM-5624-OK,5624,OK,FM,2026-03-15T00:00:00.000Z,2026,Fire,1170 ROAD FIRE,false,false,true,false,2026-03-15T00:00:00.000Z,2026-03-16T00:00:00.000Z,,false,40,009,99009,Beckham (County),26040,,2026031602,6,R,2026-03-31T19:21:16.764Z,bd0f541a7729f9e17c635cd228d366cb6f276ce1,2ddd16f8-d49a-4ba9-a987-9e97da4fc1bb,2026-03-15,2026-03-15,2026-03-16,,,2026-03-31T19:21:16Z,2026,03,1,2026,1,0,,false,false,Fire Management Assistance,Oklahoma,Region 6 — Denton,Denton,"AR,LA,NM,OK,TX",Fire,Fire,false,false,true,false,false,false,false,false,false,false,false,1,false,true,false,40009,https://www.fema.gov/api/open/v2/DisasterDeclarationsSummaries,https://www.fema.gov/openfema-data-page/disaster-declarations-summaries-v2,2026-08-16T23:00:55Z
FM-5623-NE,5623,NE,FM,2026-03-13T00:00:00.000Z,2026,Fire,MORRILL-COTTONWOOD FIRE,false,false,true,false,2026-03-12T00:00:00.000Z,2026-03-27T00:00:00.000Z,,false,31,123,99123,Morrill (County),26041,,2026031701,7,R,2026-04-30T16:41:19.383Z,530f8c746437d67f53007bc3e1ea1464a3422fb0,eb013dad-c2d9-4f8a-86a5-73c711b866f6,2026-03-13,2026-03-12,2026-03-27,,,2026-04-30T16:41:19Z,2026,03,1,2026,15,1,,false,false,Fire Management Assistance,Nebraska,Region 7 — Kansas City,Kansas City,"IA,KS,MO,NE",Fire,Fire,false,false,true,false,false,false,false,false,false,false,false,1,false,true,false,31123,https://www.fema.gov/api/open/v2/DisasterDeclarationsSummaries,https://www.fema.gov/openfema-data-page/disaster-declarations-summaries-v2,2026-08-16T23:00:55Z
FM-5623-NE,5623,NE,FM,2026-03-13T00:00:00.000Z,2026,Fire,MORRILL-COTTONWOOD FIRE,false,false,true,false,2026-03-12T00:00:00.000Z,2026-03-27T00:00:00.000Z,,false,31,111,99111,Lincoln (County),26041,,2026031701,7,R,2026-04-30T11:21:18.720Z,313b250a76870875cf028b6645890bf5c516c7e4,c1694bee-5be1-482b-9cf3-c6e46ff4e0ea,2026-03-13,2026-03-12,2026-03-27,,,2026-04-30T11:21:18Z,2026,03,1,2026,15,1,,false,false,Fire Management Assistance,Nebraska,Region 7 — Kansas City,Kansas City,"IA,KS,MO,NE",Fire,Fire,false,false,true,false,false,false,false,false,false,false,false,1,false,true,false,31111,https://www.fema.gov/api/open/v2/DisasterDeclarationsSummaries,https://www.fema.gov/openfema-data-page/disaster-declarations-summaries-v2,2026-08-16T23:00:55Z
FM-5623-NE,5623,NE,FM,2026-03-13T00:00:00.000Z,2026,Fire,MORRILL-COTTONWOOD FIRE,false,false,true,false,2026-03-12T00:00:00.000Z,2026-03-27T00:00:00.000Z,,false,31,101,99101,Keith (County),26041,,2026031701,7,R,2026-04-30T11:21:18.720Z,de1754bc790406843ccb7c1a3f0a864ebe1035ec,fac56b7a-0aae-4787-9954-3c3597373eb8,2026-03-13,2026-03-12,2026-03-27,,,2026-04-30T11:21:18Z,2026,03,1,2026,15,1,,false,false,Fire Management Assistance,Nebraska,Region 7 — Kansas City,Kansas City,"IA,KS,MO,NE",Fire,Fire,false,false,true,false,false,false,false,false,false,false,false,1,false,true,false,31101,https://www.fema.gov/api/open/v2/DisasterDeclarationsSummaries,https://www.fema.gov/openfema-data-page/disaster-declarations-summaries-v2,2026-08-16T23:00:55Z
FM-5623-NE,5623,NE,FM,2026-03-13T00:00:00.000Z,2026,Fire,MORRILL-COTTONWOOD FIRE,false,false,true,false,2026-03-12T00:00:00.000Z,2026-03-27T00:00:00.000Z,,false,31,075,99075,Grant (County),26041,,2026031701,7,R,2026-04-30T16:41:19.383Z,331c444b726d4e5e64b018e188d64656b5d06e04,b9a6707c-47e2-49b9-bf82-3aab4dce3d2c,2026-03-13,2026-03-12,2026-03-27,,,2026-04-30T16:41:19Z,2026,03,1,2026,15,1,,false,false,Fire Management Assistance,Nebraska,Region 7 — Kansas City,Kansas City,"IA,KS,MO,NE",Fire,Fire,false,false,true,false,false,false,false,false,false,false,false,1,false,true,false,31075,https://www.fema.gov/api/open/v2/DisasterDeclarationsSummaries,https://www.fema.gov/openfema-data-page/disaster-declarations-summaries-v2,2026-08-16T23:00:55Z
FM-5623-NE,5623,NE,FM,2026-03-13T00:00:00.000Z,2026,Fire,MORRILL-COTTONWOOD FIRE,false,false,true,false,2026-03-12T00:00:00.000Z,2026-03-27T00:00:00.000Z,,false,31,069,99069,Garden (County),26041,,2026031701,7,R,2026-04-30T11:21:18.720Z,47c88b7f028d7c90407337c45470e6936a13c1f4,0ee8545a-fca9-45d1-a4a1-a1398517bde4,2026-03-13,2026-03-12,2026-03-27,,,2026-04-30T11:21:18Z,2026,03,1,2026,15,1,,false,false,Fire Management Assistance,Nebraska,Region 7 — Kansas City,Kansas City,"IA,KS,MO,NE",Fire,Fire,false,false,true,false,false,false,false,false,false,false,false,1,false,true,false,31069,https://www.fema.gov/api/open/v2/DisasterDeclarationsSummaries,https://www.fema.gov/openfema-data-page/disaster-declarations-summaries-v2,2026-08-16T23:00:55Z
FM-5623-NE,5623,NE,FM,2026-03-13T00:00:00.000Z,2026,Fire,MORRILL-COTTONWOOD FIRE,false,false,true,false,2026-03-12T00:00:00.000Z,2026-03-27T00:00:00.000Z,,false,31,047,99047,Dawson (County),26041,,2026031701,7,R,2026-04-30T11:21:18.720Z,831b67af3f0316a51bc68aee4060b8ad14404aba,453fa727-8930-473e-be59-85a5196248b4,2026-03-13,2026-03-12,2026-03-27,,,2026-04-30T11:21:18Z,2026,03,1,2026,15,1,,false,false,Fire Management Assistance,Nebraska,Region 7 — Kansas City,Kansas City,"IA,KS,MO,NE",Fire,Fire,false,false,true,false,false,false,false,false,false,false,false,1,false,true,false,31047,https://www.fema.gov/api/open/v2/DisasterDeclarationsSummaries,https://www.fema.gov/openfema-data-page/disaster-declarations-summaries-v2,2026-08-16T23:00:55Z
FM-5623-NE,5623,NE,FM,2026-03-13T00:00:00.000Z,2026,Fire,MORRILL-COTTONWOOD FIRE,false,false,true,false,2026-03-12T00:00:00.000Z,2026-03-27T00:00:00.000Z,,false,31,005,99005,Arthur (County),26041,,2026031701,7,R,2026-04-30T11:21:18.720Z,948717d599b4b601871d27108e4c2a3f270004d8,a518aecb-f307-40c8-a57b-24940bc10b3d,2026-03-13,2026-03-12,2026-03-27,,,2026-04-30T11:21:18Z,2026,03,1,2026,15,1,,false,false,Fire Management Assistance,Nebraska,Region 7 — Kansas City,Kansas City,"IA,KS,MO,NE",Fire,Fire,false,false,true,false,false,false,false,false,false,false,false,1,false,true,false,31005,https://www.fema.gov/api/open/v2/DisasterDeclarationsSummaries,https://www.fema.gov/openfema-data-page/disaster-declarations-summaries-v2,2026-08-16T23:00:55Z
FM-5622-SD,5622,SD,FM,2026-03-13T00:00:00.000Z,2026,Fire,QURY FIRE,false,false,true,false,2026-03-12T00:00:00.000Z,,,false,46,033,99033,Custer (County),26038,,2026031302,8,R,2026-03-17T16:21:13.579Z,ae91837711414086f8563e09d096426f331ed4aa,95728fa3-3a45-4415-b791-3c1313d42495,2026-03-13,2026-03-12,,,,2026-03-17T16:21:13Z,2026,03,1,2026,,1,,true,false,Fire Management Assistance,South Dakota,Region 8 — Denver,Denver,"CO,MT,ND,SD,UT,WY",Fire,Fire,false,false,true,false,false,false,false,false,false,false,false,1,false,true,false,46033,https://www.fema.gov/api/open/v2/DisasterDeclarationsSummaries,https://www.fema.gov/openfema-data-page/disaster-declarations-summaries-v2,2026-08-16T23:00:55Z
EM-3643-DC,3643,DC,EM,2026-02-20T00:00:00.000Z,2026,Other,SEWER LINE COLLAPSE ,false,false,true,false,2026-01-19T00:00:00.000Z,2026-03-14T00:00:00.000Z,,false,11,001,99001,District of Columbia (County-equivalent),26032,,2026021901,3,Z,2026-08-07T15:01:26.974Z,d52650daa9be82014561ab81bc6f8b5346887352,31ba4668-fa13-48d8-b38d-90f146a2d772,2026-02-20,2026-01-19,2026-03-14,,,2026-08-07T15:01:26Z,2026,02,1,2026,54,32,,false,false,Emergency,District of Columbia,Region 3 — Philadelphia,Philadelphia,"DE,DC,MD,PA,VA,WV",Other,Other,false,false,false,false,false,false,false,false,false,false,false,1,false,true,false,11001,https://www.fema.gov/api/open/v2/DisasterDeclarationsSummaries,https://www.fema.gov/openfema-data-page/disaster-declarations-summaries-v2,2026-08-16T23:00:55Z
FM-5621-OK,5621,OK,FM,2026-02-19T00:00:00.000Z,2026,Fire,RATTLESNAKE FIRE,false,false,true,false,2026-02-19T00:00:00.000Z,2026-02-26T00:00:00.000Z,,false,40,147,99147,Washington (County),26035,,2026022002,6,R,2026-03-31T19:01:18.144Z,c4adadf564e0f90af7144d09e490eb02645cdaf6,5612a7cc-8eca-4e90-b6cb-2e3209ab06c7,2026-02-19,2026-02-19,2026-02-26,,,2026-03-31T19:01:18Z,2026,02,1,2026,7,0,,false,false,Fire Management Assistance,Oklahoma,Region 6 — Denton,Denton,"AR,LA,NM,OK,TX",Fire,Fire,false,false,true,false,false,false,false,false,false,false,false,1,false,true,false,40147,https://www.fema.gov/api/open/v2/DisasterDeclarationsSummaries,https://www.fema.gov/openfema-data-page/disaster-declarations-summaries-v2,2026-08-16T23:00:55Z
FM-5621-OK,5621,OK,FM,2026-02-19T00:00:00.000Z,2026,Fire,RATTLESNAKE FIRE,false,false,true,false,2026-02-19T00:00:00.000Z,2026-02-26T00:00:00.000Z,,false,40,113,99113,Osage (County),26035,,2026022002,6,R,2026-03-31T19:01:18.144Z,b196bfd1ad5389b26e3818e4b34fbefaeade0e89,33d69488-1580-40a2-a031-e7cb1e09a182,2026-02-19,2026-02-19,2026-02-26,,,2026-03-31T19:01:18Z,2026,02,1,2026,7,0,,false,false,Fire Management Assistance,Oklahoma,Region 6 — Denton,Denton,"AR,LA,NM,OK,TX",Fire,Fire,false,false,true,false,false,false,false,false,false,false,false,1,false,true,false,40113,https://www.fema.gov/api/open/v2/DisasterDeclarationsSummaries,https://www.fema.gov/openfema-data-page/disaster-declarations-summaries-v2,2026-08-16T23:00:55Z
FM-5620-OK,5620,OK,FM,2026-02-19T00:00:00.000Z,2026,Fire,HOSPITAL ROAD FIRE,false,false,true,false,2026-02-19T00:00:00.000Z,2026-02-22T00:00:00.000Z,,false,40,019,99019,Carter (County),26034,,2026022001,6,R,2026-03-31T19:41:19.252Z,4d150fbefeb5f247831213c95b5948c94dec2829,d64fa753-37c4-4cad-bac0-2de9a7183f99,2026-02-19,2026-02-19,2026-02-22,,,2026-03-31T19:41:19Z,2026,02,1,2026,3,0,,false,false,Fire Management Assistance,Oklahoma,Region 6 — Denton,Denton,"AR,LA,NM,OK,TX",Fire,Fire,false,false,true,false,false,false,false,false,false,false,false,1,false,true,false,40019,https://www.fema.gov/api/open/v2/DisasterDeclarationsSummaries,https://www.fema.gov/openfema-data-page/disaster-declarations-summaries-v2,2026-08-16T23:00:55Z
FM-5619-TX,5619,TX,FM,2026-02-18T00:00:00.000Z,2026,Fire,8 BALL FIRE,false,false,true,false,2026-02-17T00:00:00.000Z,,,false,48,129,99129,Donley (County),26031,,2026021902,6,R,2026-02-19T19:41:24.529Z,d4748f70441301148d1e5f5da93e8a21dc299ca9,8d13e8f2-5634-4b52-a39f-568f589abec4,2026-02-18,2026-02-17,,,,2026-02-19T19:41:24Z,2026,02,1,2026,,1,,true,false,Fire Management Assistance,Texas,Region 6 — Denton,Denton,"AR,LA,NM,OK,TX",Fire,Fire,false,false,true,false,false,false,false,false,false,false,false,1,false,true,false,48129,https://www.fema.gov/api/open/v2/DisasterDeclarationsSummaries,https://www.fema.gov/openfema-data-page/disaster-declarations-summaries-v2,2026-08-16T23:00:55Z
FM-5619-TX,5619,TX,FM,2026-02-18T00:00:00.000Z,2026,Fire,8 BALL FIRE,false,false,true,false,2026-02-17T00:00:00.000Z,,,false,48,011,99011,Armstrong (County),26031,,2026021902,6,R,2026-02-19T19:41:24.529Z,c64935eb39e9b0b4510bab26348f0699d2413c21,8fb42f35-30a5-4523-8427-7968857dbf42,2026-02-18,2026-02-17,,,,2026-02-19T19:41:24Z,2026,02,1,2026,,1,,true,false,Fire Management Assistance,Texas,Region 6 — Denton,Denton,"AR,LA,NM,OK,TX",Fire,Fire,false,false,true,false,false,false,false,false,false,false,false,1,false,true,false,48011,https://www.fema.gov/api/open/v2/DisasterDeclarationsSummaries,https://www.fema.gov/openfema-data-page/disaster-declarations-summaries-v2,2026-08-16T23:00:55Z
DR-4900-LA,4900,LA,DR,2026-02-18T00:00:00.000Z,2026,Winter Storm,SEVERE WINTER STORM,false,false,true,false,2026-01-23T00:00:00.000Z,2026-01-27T00:00:00.000Z,,false,22,127,99127,Winn (Parish),26021,,2026020501,6,5,2026-03-17T21:21:11.837Z,77299295cab45d4041ab951cf30efc54c0349d6e,75ac4ebf-5db9-44bc-9901-7b65a87454eb,2026-02-18,2026-01-23,2026-01-27,,,2026-03-17T21:21:11Z,2026,02,1,2026,4,26,,false,false,Major Disaster,Louisiana,Region 6 — Denton,Denton,"AR,LA,NM,OK,TX",Winter weather,Winter Storm,false,false,false,false,false,false,false,true,false,false,false,1,false,true,false,22127,https://www.fema.gov/api/open/v2/DisasterDeclarationsSummaries,https://www.fema.gov/openfema-data-page/disaster-declarations-summaries-v2,2026-08-16T23:00:55Z
DR-4900-LA,4900,LA,DR,2026-02-18T00:00:00.000Z,2026,Winter Storm,SEVERE WINTER STORM,false,false,true,false,2026-01-23T00:00:00.000Z,2026-01-27T00:00:00.000Z,,false,22,123,99123,West Carroll (Parish),26021,,2026020501,6,5,2026-02-19T14:41:11.948Z,1212258f055d28afe437a7a7d6bbdbdde9c902a3,eb3c5879-b431-4d1e-bb5c-3ba25330f2d0,2026-02-18,2026-01-23,2026-01-27,,,2026-02-19T14:41:11Z,2026,02,1,2026,4,26,,false,false,Major Disaster,Louisiana,Region 6 — Denton,Denton,"AR,LA,NM,OK,TX",Winter weather,Winter Storm,false,false,false,false,false,false,false,true,false,false,false,1,false,true,false,22123,https://www.fema.gov/api/open/v2/DisasterDeclarationsSummaries,https://www.fema.gov/openfema-data-page/disaster-declarations-summaries-v2,2026-08-16T23:00:55Z
DR-4900-LA,4900,LA,DR,2026-02-18T00:00:00.000Z,2026,Winter Storm,SEVERE WINTER STORM,false,false,true,false,2026-01-23T00:00:00.000Z,2026-01-27T00:00:00.000Z,,false,22,119,99119,Webster (Parish),26021,,2026020501,6,5,2026-03-17T21:21:11.837Z,c82756a43992b6f688c6bdab6dcaaa2b182b2557,815e66ff-b397-40f8-a09e-ce77fe560c92,2026-02-18,2026-01-23,2026-01-27,,,2026-03-17T21:21:11Z,2026,02,1,2026,4,26,,false,false,Major Disaster,Louisiana,Region 6 — Denton,Denton,"AR,LA,NM,OK,TX",Winter weather,Winter Storm,false,false,false,false,false,false,false,true,false,false,false,1,false,true,false,22119,https://www.fema.gov/api/open/v2/DisasterDeclarationsSummaries,https://www.fema.gov/openfema-data-page/disaster-declarations-summaries-v2,2026-08-16T23:00:55Z
DR-4900-LA,4900,LA,DR,2026-02-18T00:00:00.000Z,2026,Winter Storm,SEVERE WINTER STORM,false,false,true,false,2026-01-23T00:00:00.000Z,2026-01-27T00:00:00.000Z,,false,22,111,99111,Union (Parish),26021,,2026020501,6,5,2026-03-17T21:21:11.837Z,2afcf84ac2d0099037f6c045f2a12feb92cd5e07,3253b66b-ff29-4d3a-bbe4-523ee048282d,2026-02-18,2026-01-23,2026-01-27,,,2026-03-17T21:21:11Z,2026,02,1,2026,4,26,,false,false,Major Disaster,Louisiana,Region 6 — Denton,Denton,"AR,LA,NM,OK,TX",Winter weather,Winter Storm,false,false,false,false,false,false,false,true,false,false,false,1,false,true,false,22111,https://www.fema.gov/api/open/v2/DisasterDeclarationsSummaries,https://www.fema.gov/openfema-data-page/disaster-declarations-summaries-v2,2026-08-16T23:00:55Z
DR-4900-LA,4900,LA,DR,2026-02-18T00:00:00.000Z,2026,Winter Storm,SEVERE WINTER STORM,false,false,true,false,2026-01-23T00:00:00.000Z,2026-01-27T00:00:00.000Z,,false,22,107,99107,Tensas (Parish),26021,,2026020501,6,5,2026-02-19T14:41:11.948Z,bfd4b66c36969ec0a18d06d4f456a83bfeda14ac,112a3266-c736-42db-9045-6800c8280a11,2026-02-18,2026-01-23,2026-01-27,,,2026-02-19T14:41:11Z,2026,02,1,2026,4,26,,false,false,Major Disaster,Louisiana,Region 6 — Denton,Denton,"AR,LA,NM,OK,TX",Winter weather,Winter Storm,false,false,false,false,false,false,false,true,false,false,false,1,false,true,false,22107,https://www.fema.gov/api/open/v2/DisasterDeclarationsSummaries,https://www.fema.gov/openfema-data-page/disaster-declarations-summaries-v2,2026-08-16T23:00:55Z
DR-4900-LA,4900,LA,DR,2026-02-18T00:00:00.000Z,2026,Winter Storm,SEVERE WINTER STORM,false,false,true,false,2026-01-23T00:00:00.000Z,2026-01-27T00:00:00.000Z,,false,22,083,99083,Richland (Parish),26021,,2026020501,6,5,2026-02-19T14:41:11.948Z,df996a4d886bcb3378bf4e4e2a001d1da6967af7,06d91979-9f0d-49eb-b55b-da2542aa85b2,2026-02-18,2026-01-23,2026-01-27,,,2026-02-19T14:41:11Z,2026,02,1,2026,4,26,,false,false,Major Disaster,Louisiana,Region 6 — Denton,Denton,"AR,LA,NM,OK,TX",Winter weather,Winter Storm,false,false,false,false,false,false,false,true,false,false,false,1,false,true,false,22083,https://www.fema.gov/api/open/v2/DisasterDeclarationsSummaries,https://www.fema.gov/openfema-data-page/disaster-declarations-summaries-v2,2026-08-16T23:00:55Z
DR-4900-LA,4900,LA,DR,2026-02-18T00:00:00.000Z,2026,Winter Storm,SEVERE WINTER STORM,false,false,true,false,2026-01-23T00:00:00.000Z,2026-01-27T00:00:00.000Z,,false,22,081,99081,Red River (Parish),26021,,2026020501,6,5,2026-04-07T20:41:08.671Z,bf8148077fc986e1dcd7391c4f5caaac5397cb4c,6cf3123f-f571-486e-b702-70f493dbc5e2,2026-02-18,2026-01-23,2026-01-27,,,2026-04-07T20:41:08Z,2026,02,1,2026,4,26,,false,false,Major Disaster,Louisiana,Region 6 — Denton,Denton,"AR,LA,NM,OK,TX",Winter weather,Winter Storm,false,false,false,false,false,false,false,true,false,false,false,1,false,true,false,22081,https://www.fema.gov/api/open/v2/DisasterDeclarationsSummaries,https://www.fema.gov/openfema-data-page/disaster-declarations-summaries-v2,2026-08-16T23:00:55Z
DR-4900-LA,4900,LA,DR,2026-02-18T00:00:00.000Z,2026,Winter Storm,SEVERE WINTER STORM,false,false,true,false,2026-01-23T00:00:00.000Z,2026-01-27T00:00:00.000Z,,false,22,073,99073,Ouachita (Parish),26021,,2026020501,6,5,2026-02-19T14:41:11.948Z,2a928a1b63ba0ae1c8d649325748aca00146e899,34318546-486c-4a14-9061-1dbd5851a1aa,2026-02-18,2026-01-23,2026-01-27,,,2026-02-19T14:41:11Z,2026,02,1,2026,4,26,,false,false,Major Disaster,Louisiana,Region 6 — Denton,Denton,"AR,LA,NM,OK,TX",Winter weather,Winter Storm,false,false,false,false,false,false,false,true,false,false,false,1,false,true,false,22073,https://www.fema.gov/api/open/v2/DisasterDeclarationsSummaries,https://www.fema.gov/openfema-data-page/disaster-declarations-summaries-v2,2026-08-16T23:00:55Z
DR-4900-LA,4900,LA,DR,2026-02-18T00:00:00.000Z,2026,Winter Storm,SEVERE WINTER STORM,false,false,true,false,2026-01-23T00:00:00.000Z,2026-01-27T00:00:00.000Z,,false,22,067,99067,Morehouse (Parish),26021,,2026020501,6,5,2026-02-19T14:41:11.948Z,d9aefac0900749aff414266dc98b815452696c70,1e588499-5ae1-43a1-87b4-5dee164ac0be,2026-02-18,2026-01-23,2026-01-27,,,2026-02-19T14:41:11Z,2026,02,1,2026,4,26,,false,false,Major Disaster,Louisiana,Region 6 — Denton,Denton,"AR,LA,NM,OK,TX",Winter weather,Winter Storm,false,false,false,false,false,false,false,true,false,false,false,1,false,true,false,22067,https://www.fema.gov/api/open/v2/DisasterDeclarationsSummaries,https://www.fema.gov/openfema-data-page/disaster-declarations-summaries-v2,2026-08-16T23:00:55Z
DR-4900-LA,4900,LA,DR,2026-02-18T00:00:00.000Z,2026,Winter Storm,SEVERE WINTER STORM,false,false,true,false,2026-01-23T00:00:00.000Z,2026-01-27T00:00:00.000Z,,false,22,065,99065,Madison (Parish),26021,,2026020501,6,5,2026-03-17T21:21:11.837Z,ea04c7f01ef386ac8b159efcfa101913c3e8f627,50715028-6063-4d27-b5b1-7e7bfb0fbd13,2026-02-18,2026-01-23,2026-01-27,,,2026-03-17T21:21:11Z,2026,02,1,2026,4,26,,false,false,Major Disaster,Louisiana,Region 6 — Denton,Denton,"AR,LA,NM,OK,TX",Winter weather,Winter Storm,false,false,false,false,false,false,false,true,false,false,false,1,false,true,false,22065,https://www.fema.gov/api/open/v2/DisasterDeclarationsSummaries,https://www.fema.gov/openfema-data-page/disaster-declarations-summaries-v2,2026-08-16T23:00:55Z
DR-4900-LA,4900,LA,DR,2026-02-18T00:00:00.000Z,2026,Winter Storm,SEVERE WINTER STORM,false,false,true,false,2026-01-23T00:00:00.000Z,2026-01-27T00:00:00.000Z,,false,22,061,99061,Lincoln (Parish),26021,,2026020501,6,5,2026-03-17T21:21:11.837Z,bc0b810e65e5a9f73d6fc9cf248f47edec68fa3f,baa1e2ef-7d4a-49f4-8903-1935923de69a,2026-02-18,2026-01-23,2026-01-27,,,2026-03-17T21:21:11Z,2026,02,1,2026,4,26,,false,false,Major Disaster,Louisiana,Region 6 — Denton,Denton,"AR,LA,NM,OK,TX",Winter weather,Winter Storm,false,false,false,false,false,false,false,true,false,false,false,1,false,true,false,22061,https://www.fema.gov/api/open/v2/DisasterDeclarationsSummaries,https://www.fema.gov/openfema-data-page/disaster-declarations-summaries-v2,2026-08-16T23:00:55Z
DR-4900-LA,4900,LA,DR,2026-02-18T00:00:00.000Z,2026,Winter Storm,SEVERE WINTER STORM,false,false,true,false,2026-01-23T00:00:00.000Z,2026-01-27T00:00:00.000Z,,false,22,049,99049,Jackson (Parish),26021,,2026020501,6,5,2026-03-17T21:21:11.837Z,89f01c185ba46a1b73911309add5b5d6d317ee45,01fded34-fef1-4126-a597-263ed7f5e5e9,2026-02-18,2026-01-23,2026-01-27,,,2026-03-17T21:21:11Z,2026,02,1,2026,4,26,,false,false,Major Disaster,Louisiana,Region 6 — Denton,Denton,"AR,LA,NM,OK,TX",Winter weather,Winter Storm,false,false,false,false,false,false,false,true,false,false,false,1,false,true,false,22049,https://www.fema.gov/api/open/v2/DisasterDeclarationsSummaries,https://www.fema.gov/openfema-data-page/disaster-declarations-summaries-v2,2026-08-16T23:00:55Z
DR-4900-LA,4900,LA,DR,2026-02-18T00:00:00.000Z,2026,Winter Storm,SEVERE WINTER STORM,false,false,true,false,2026-01-23T00:00:00.000Z,2026-01-27T00:00:00.000Z,,false,22,041,99041,Franklin (Parish),26021,,2026020501,6,5,2026-02-19T14:41:11.948Z,a7d0dfe0ddc7b41dfe75da7c7ca144bca411a48d,dadadb1b-ef39-46ca-8a43-60c18e584b4a,2026-02-18,2026-01-23,2026-01-27,,,2026-02-19T14:41:11Z,2026,02,1,2026,4,26,,false,false,Major Disaster,Louisiana,Region 6 — Denton,Denton,"AR,LA,NM,OK,TX",Winter weather,Winter Storm,false,false,false,false,false,false,false,true,false,false,false,1,false,true,false,22041,https://www.fema.gov/api/open/v2/DisasterDeclarationsSummaries,https://www.fema.gov/openfema-data-page/disaster-declarations-summaries-v2,2026-08-16T23:00:55Z
DR-4900-LA,4900,LA,DR,2026-02-18T00:00:00.000Z,2026,Winter Storm,SEVERE WINTER STORM,false,false,true,false,2026-01-23T00:00:00.000Z,2026-01-27T00:00:00.000Z,,false,22,035,99035,East Carroll (Parish),26021,,2026020501,6,5,2026-02-19T14:41:11.948Z,7c14f974211ffcf5baa9135d370cb253640e09d2,de55fa5c-dba0-4b9b-8ac9-9cc1ce9a339b,2026-02-18,2026-01-23,2026-01-27,,,2026-02-19T14:41:11Z,2026,02,1,2026,4,26,,false,false,Major Disaster,Louisiana,Region 6 — Denton,Denton,"AR,LA,NM,OK,TX",Winter weather,Winter Storm,false,false,false,false,false,false,false,true,false,false,false,1,false,true,false,22035,https://www.fema.gov/api/open/v2/DisasterDeclarationsSummaries,https://www.fema.gov/openfema-data-page/disaster-declarations-summaries-v2,2026-08-16T23:00:55Z
DR-4900-LA,4900,LA,DR,2026-02-18T00:00:00.000Z,2026,Winter Storm,SEVERE WINTER STORM,false,false,true,false,2026-01-23T00:00:00.000Z,2026-01-27T00:00:00.000Z,,false,22,031,99031,De Soto (Parish),26021,,2026020501,6,5,2026-02-19T14:41:11.948Z,a0e4ce8c0c78c9184be474bc4664a72a2fc3c6c7,38a1604a-36fd-46f0-b206-25f92edf7775,2026-02-18,2026-01-23,2026-01-27,,,2026-02-19T14:41:11Z,2026,02,1,2026,4,26,,false,false,Major Disaster,Louisiana,Region 6 — Denton,Denton,"AR,LA,NM,OK,TX",Winter weather,Winter Storm,false,false,false,false,false,false,false,true,false,false,false,1,false,true,false,22031,https://www.fema.gov/api/open/v2/DisasterDeclarationsSummaries,https://www.fema.gov/openfema-data-page/disaster-declarations-summaries-v2,2026-08-16T23:00:55Z
DR-4900-LA,4900,LA,DR,2026-02-18T00:00:00.000Z,2026,Winter Storm,SEVERE WINTER STORM,false,false,true,false,2026-01-23T00:00:00.000Z,2026-01-27T00:00:00.000Z,,false,22,025,99025,Catahoula (Parish),26021,,2026020501,6,5,2026-03-17T21:21:11.837Z,a7ec41c11f1da7e89e1fa82450e3d1275afe1d8c,7901ee61-15bb-4b5a-9c01-d489c6140bab,2026-02-18,2026-01-23,2026-01-27,,,2026-03-17T21:21:11Z,2026,02,1,2026,4,26,,false,false,Major Disaster,Louisiana,Region 6 — Denton,Denton,"AR,LA,NM,OK,TX",Winter weather,Winter Storm,false,false,false,false,false,false,false,true,false,false,false,1,false,true,false,22025,https://www.fema.gov/api/open/v2/DisasterDeclarationsSummaries,https://www.fema.gov/openfema-data-page/disaster-declarations-summaries-v2,2026-08-16T23:00:55Z
DR-4900-LA,4900,LA,DR,2026-02-18T00:00:00.000Z,2026,Winter Storm,SEVERE WINTER STORM,false,false,true,false,2026-01-23T00:00:00.000Z,2026-01-27T00:00:00.000Z,,false,22,021,99021,Caldwell (Parish),26021,,2026020501,6,5,2026-03-17T21:21:11.837Z,48a84e8761d12762ffac5e5e1565f4f415a97fdf,0e64bf2d-e5e2-470c-be1e-b0f94dd06c7c,2026-02-18,2026-01-23,2026-01-27,,,2026-03-17T21:21:11Z,2026,02,1,2026,4,26,,false,false,Major Disaster,Louisiana,Region 6 — Denton,Denton,"AR,LA,NM,OK,TX",Winter weather,Winter Storm,false,false,false,false,false,false,false,true,false,false,false,1,false,true,false,22021,https://www.fema.gov/api/open/v2/DisasterDeclarationsSummaries,https://www.fema.gov/openfema-data-page/disaster-declarations-summaries-v2,2026-08-16T23:00:55Z
DR-4900-LA,4900,LA,DR,2026-02-18T00:00:00.000Z,2026,Winter Storm,SEVERE WINTER STORM,false,false,true,false,2026-01-23T00:00:00.000Z,2026-01-27T00:00:00.000Z,,false,22,013,99013,Bienville (Parish),26021,,2026020501,6,5,2026-02-19T14:41:11.948Z,ba421c138dd1d7f6d013cb72ba04afc6ff5aa0b8,939060fb-c1f8-4862-996c-933b044be74c,2026-02-18,2026-01-23,2026-01-27,,,2026-02-19T14:41:11Z,2026,02,1,2026,4,26,,false,false,Major Disaster,Louisiana,Region 6 — Denton,Denton,"AR,LA,NM,OK,TX",Winter weather,Winter Storm,false,false,false,false,false,false,false,true,false,false,false,1,false,true,false,22013,https://www.fema.gov/api/open/v2/DisasterDeclarationsSummaries,https://www.fema.gov/openfema-data-page/disaster-declarations-summaries-v2,2026-08-16T23:00:55Z
FM-5618-OK,5618,OK,FM,2026-02-17T00:00:00.000Z,2026,Fire,43 FIRE,false,false,true,false,2026-02-17T00:00:00.000Z,2026-02-22T00:00:00.000Z,,false,40,153,99153,Woodward (County),26030,,2026021803,6,R,2026-03-31T19:21:16.764Z,f7907ffb8e4187bbfe59d6c657c82981598f41f7,00d0bde8-559e-4705-8129-122286dd17dc,2026-02-17,2026-02-17,2026-02-22,,,2026-03-31T19:21:16Z,2026,02,1,2026,5,0,,false,false,Fire Management Assistance,Oklahoma,Region 6 — Denton,Denton,"AR,LA,NM,OK,TX",Fire,Fire,false,false,true,false,false,false,false,false,false,false,false,1,false,true,false,40153,https://www.fema.gov/api/open/v2/DisasterDeclarationsSummaries,https://www.fema.gov/openfema-data-page/disaster-declarations-summaries-v2,2026-08-16T23:00:55Z
FM-5617-OK,5617,OK,FM,2026-02-17T00:00:00.000Z,2026,Fire,RANGER ROAD FIRE,false,false,true,false,2026-02-17T00:00:00.000Z,2026-02-24T00:00:00.000Z,,false,40,007,99007,Beaver (County),26029,,2026021802,6,R,2026-03-31T19:01:18.144Z,c758a6ce2e8c51213a645ba48b145e69e36fa179,35d8f39c-836e-4182-8cd7-22923376dd49,2026-02-17,2026-02-17,2026-02-24,,,2026-03-31T19:01:18Z,2026,02,1,2026,7,0,,false,false,Fire Management Assistance,Oklahoma,Region 6 — Denton,Denton,"AR,LA,NM,OK,TX",Fire,Fire,false,false,true,false,false,false,false,false,false,false,false,1,false,true,false,40007,https://www.fema.gov/api/open/v2/DisasterDeclarationsSummaries,https://www.fema.gov/openfema-data-page/disaster-declarations-summaries-v2,2026-08-16T23:00:55Z
FM-5616-OK,5616,OK,FM,2026-02-17T00:00:00.000Z,2026,Fire,STEVENS FIRE,false,false,true,false,2026-02-17T00:00:00.000Z,2026-02-23T00:00:00.000Z,,false,40,139,99139,Texas (County),26028,,2026021801,6,R,2026-03-31T19:41:19.252Z,8ea7c96f233e6fe0c787100501962d4b748a3d57,dbcfd28b-d3d7-4b48-9812-25f9db8c645e,2026-02-17,2026-02-17,2026-02-23,,,2026-03-31T19:41:19Z,2026,02,1,2026,6,0,,false,false,Fire Management Assistance,Oklahoma,Region 6 — Denton,Denton,"AR,LA,NM,OK,TX",Fire,Fire,false,false,true,false,false,false,false,false,false,false,false,1,false,true,false,40139,https://www.fema.gov/api/open/v2/DisasterDeclarationsSummaries,https://www.fema.gov/openfema-data-page/disaster-declarations-summaries-v2,2026-08-16T23:00:55Z
FM-5616-OK,5616,OK,FM,2026-02-17T00:00:00.000Z,2026,Fire,STEVENS FIRE,false,false,true,false,2026-02-17T00:00:00.000Z,2026-02-23T00:00:00.000Z,,false,40,007,99007,Beaver (County),26028,,2026021801,6,R,2026-03-31T19:41:19.252Z,78883afec28cba8dce31c29e12dd8232e9d73496,b583ea4f-dc1c-418b-9283-7102e1a93e57,2026-02-17,2026-02-17,2026-02-23,,,2026-03-31T19:41:19Z,2026,02,1,2026,6,0,,false,false,Fire Management Assistance,Oklahoma,Region 6 — Denton,Denton,"AR,LA,NM,OK,TX",Fire,Fire,false,false,true,false,false,false,false,false,false,false,false,1,false,true,false,40007,https://www.fema.gov/api/open/v2/DisasterDeclarationsSummaries,https://www.fema.gov/openfema-data-page/disaster-declarations-summaries-v2,2026-08-16T23:00:55Z
DR-4899-MS,4899,MS,DR,2026-02-06T00:00:00.000Z,2026,Winter Storm,SEVERE WINTER STORM,true,false,true,false,2026-01-23T00:00:00.000Z,2026-01-27T00:00:00.000Z,,false,28,163,99163,Yazoo (County),26020,2026-06-10T00:00:00.000Z,2026012101,4,5,2026-04-11T11:21:13.349Z,575f9a80be473345b5515353d30c4f7b5dd47afa,16b164d5-6c98-490d-a0eb-559d3dc22290,2026-02-06,2026-01-23,2026-01-27,,2026-06-10,2026-04-11T11:21:13Z,2026,02,1,2026,4,14,,false,false,Major Disaster,Mississippi,Region 4 — Atlanta,Atlanta,"AL,FL,GA,KY,MS,NC,SC,TN",Winter weather,Winter Storm,false,false,false,false,false,false,false,true,false,false,false,2,true,true,false,28163,https://www.fema.gov/api/open/v2/DisasterDeclarationsSummaries,https://www.fema.gov/openfema-data-page/disaster-declarations-summaries-v2,2026-08-16T23:00:55Z
DR-4899-MS,4899,MS,DR,2026-02-06T00:00:00.000Z,2026,Winter Storm,SEVERE WINTER STORM,true,false,true,false,2026-01-23T00:00:00.000Z,2026-01-27T00:00:00.000Z,,false,28,161,99161,Yalobusha (County),26020,2026-06-10T00:00:00.000Z,2026012101,4,5,2026-04-11T11:21:13.349Z,98b6b93c1a5dddcab996bba1ca66326bc34811c4,a9057fd7-18d3-4884-89a5-55d1f37b7601,2026-02-06,2026-01-23,2026-01-27,,2026-06-10,2026-04-11T11:21:13Z,2026,02,1,2026,4,14,,false,false,Major Disaster,Mississippi,Region 4 — Atlanta,Atlanta,"AL,FL,GA,KY,MS,NC,SC,TN",Winter weather,Winter Storm,false,false,false,false,false,false,false,true,false,false,false,2,true,true,false,28161,https://www.fema.gov/api/open/v2/DisasterDeclarationsSummaries,https://www.fema.gov/openfema-data-page/disaster-declarations-summaries-v2,2026-08-16T23:00:55Z
DR-4899-MS,4899,MS,DR,2026-02-06T00:00:00.000Z,2026,Winter Storm,SEVERE WINTER STORM,false,false,true,false,2026-01-23T00:00:00.000Z,2026-01-27T00:00:00.000Z,,false,28,159,99159,Winston (County),26020,2026-06-10T00:00:00.000Z,2026012101,4,5,2026-04-11T11:21:13.349Z,894a315429eae867fbd4a62fdb587f3f572559fb,3eb3cde5-63fb-424a-b76f-d5a42f33d572,2026-02-06,2026-01-23,2026-01-27,,2026-06-10,2026-04-11T11:21:13Z,2026,02,1,2026,4,14,,false,false,Major Disaster,Mississippi,Region 4 — Atlanta,Atlanta,"AL,FL,GA,KY,MS,NC,SC,TN",Winter weather,Winter Storm,false,false,false,false,false,false,false,true,false,false,false,1,false,true,false,28159,https://www.fema.gov/api/open/v2/DisasterDeclarationsSummaries,https://www.fema.gov/openfema-data-page/disaster-declarations-summaries-v2,2026-08-16T23:00:55Z
DR-4899-MS,4899,MS,DR,2026-02-06T00:00:00.000Z,2026,Winter Storm,SEVERE WINTER STORM,false,false,true,false,2026-01-23T00:00:00.000Z,2026-01-27T00:00:00.000Z,,false,28,157,99157,Wilkinson (County),26020,2026-06-10T00:00:00.000Z,2026012101,4,5,2026-04-11T11:21:13.349Z,dfbb32732fce04b1f6ea53013ab9e7da288d80fd,a9251016-4b2b-46e3-8403-45ab5d9e19f3,2026-02-06,2026-01-23,2026-01-27,,2026-06-10,2026-04-11T11:21:13Z,2026,02,1,2026,4,14,,false,false,Major Disaster,Mississippi,Region 4 — Atlanta,Atlanta,"AL,FL,GA,KY,MS,NC,SC,TN",Winter weather,Winter Storm,false,false,false,false,false,false,false,true,false,false,false,1,false,true,false,28157,https://www.fema.gov/api/open/v2/DisasterDeclarationsSummaries,https://www.fema.gov/openfema-data-page/disaster-declarations-summaries-v2,2026-08-16T23:00:55Z
DR-4899-MS,4899,MS,DR,2026-02-06T00:00:00.000Z,2026,Winter Storm,SEVERE WINTER STORM,false,false,true,false,2026-01-23T00:00:00.000Z,2026-01-27T00:00:00.000Z,,false,28,155,99155,Webster (County),26020,2026-06-10T00:00:00.000Z,2026012101,4,5,2026-04-11T11:21:13.349Z,c0cd6ac4e44d359412c5c1b7781aa883d068894c,7b06449c-4b72-4971-b25b-694369b91d2f,2026-02-06,2026-01-23,2026-01-27,,2026-06-10,2026-04-11T11:21:13Z,2026,02,1,2026,4,14,,false,false,Major Disaster,Mississippi,Region 4 — Atlanta,Atlanta,"AL,FL,GA,KY,MS,NC,SC,TN",Winter weather,Winter Storm,false,false,false,false,false,false,false,true,false,false,false,1,false,true,false,28155,https://www.fema.gov/api/open/v2/DisasterDeclarationsSummaries,https://www.fema.gov/openfema-data-page/disaster-declarations-summaries-v2,2026-08-16T23:00:55Z
DR-4899-MS,4899,MS,DR,2026-02-06T00:00:00.000Z,2026,Winter Storm,SEVERE WINTER STORM,false,false,true,false,2026-01-23T00:00:00.000Z,2026-01-27T00:00:00.000Z,,false,28,153,99153,Wayne (County),26020,2026-06-10T00:00:00.000Z,2026012101,4,5,2026-04-11T11:21:13.349Z,2b3d8de0e9e64baa43827b0ba1dd27bb12914c98,c0cf45b3-9b2b-4799-be80-77bd6d2f773a,2026-02-06,2026-01-23,2026-01-27,,2026-06-10,2026-04-11T11:21:13Z,2026,02,1,2026,4,14,,false,false,Major Disaster,Mississippi,Region 4 — Atlanta,Atlanta,"AL,FL,GA,KY,MS,NC,SC,TN",Winter weather,Winter Storm,false,false,false,false,false,false,false,true,false,false,false,1,false,true,false,28153,https://www.fema.gov/api/open/v2/DisasterDeclarationsSummaries,https://www.fema.gov/openfema-data-page/disaster-declarations-summaries-v2,2026-08-16T23:00:55Z
DR-4899-MS,4899,MS,DR,2026-02-06T00:00:00.000Z,2026,Winter Storm,SEVERE WINTER STORM,true,false,true,false,2026-01-23T00:00:00.000Z,2026-01-27T00:00:00.000Z,,false,28,151,99151,Washington (County),26020,2026-06-10T00:00:00.000Z,2026012101,4,5,2026-04-11T11:21:13.349Z,2651495bc8f9078db48c3118b19c431a3c194991,c09c538c-a720-4026-af9e-86251ddea42c,2026-02-06,2026-01-23,2026-01-27,,2026-06-10,2026-04-11T11:21:13Z,2026,02,1,2026,4,14,,false,false,Major Disaster,Mississippi,Region 4 — Atlanta,Atlanta,"AL,FL,GA,KY,MS,NC,SC,TN",Winter weather,Winter Storm,false,false,false,false,false,false,false,true,false,false,false,2,true,true,false,28151,https://www.fema.gov/api/open/v2/DisasterDeclarationsSummaries,https://www.fema.gov/openfema-data-page/disaster-declarations-summaries-v2,2026-08-16T23:00:55Z
DR-4899-MS,4899,MS,DR,2026-02-06T00:00:00.000Z,2026,Winter Storm,SEVERE WINTER STORM,true,false,true,false,2026-01-23T00:00:00.000Z,2026-01-27T00:00:00.000Z,,false,28,149,99149,Warren (County),26020,2026-06-10T00:00:00.000Z,2026012101,4,5,2026-04-11T11:21:13.349Z,49f697b79a1ba3245d67ea002e905ddb826ea606,f77d54c8-7ba8-42fc-ab91-1705ee63324b,2026-02-06,2026-01-23,2026-01-27,,2026-06-10,2026-04-11T11:21:13Z,2026,02,1,2026,4,14,,false,false,Major Disaster,Mississippi,Region 4 — Atlanta,Atlanta,"AL,FL,GA,KY,MS,NC,SC,TN",Winter weather,Winter Storm,false,false,false,false,false,false,false,true,false,false,false,2,true,true,false,28149,https://www.fema.gov/api/open/v2/DisasterDeclarationsSummaries,https://www.fema.gov/openfema-data-page/disaster-declarations-summaries-v2,2026-08-16T23:00:55Z
DR-4899-MS,4899,MS,DR,2026-02-06T00:00:00.000Z,2026,Winter Storm,SEVERE WINTER STORM,false,false,true,false,2026-01-23T00:00:00.000Z,2026-01-27T00:00:00.000Z,,false,28,147,99147,Walthall (County),26020,2026-06-10T00:00:00.000Z,2026012101,4,5,2026-04-11T11:21:13.349Z,0b553530705440cf766c58dca9b6c35ae80ab0ef,5036104f-9a1a-4a55-a562-e64151b1f206,2026-02-06,2026-01-23,2026-01-27,,2026-06-10,2026-04-11T11:21:13Z,2026,02,1,2026,4,14,,false,false,Major Disaster,Mississippi,Region 4 — Atlanta,Atlanta,"AL,FL,GA,KY,MS,NC,SC,TN",Winter weather,Winter Storm,false,false,false,false,false,false,false,true,false,false,false,1,false,true,false,28147,https://www.fema.gov/api/open/v2/DisasterDeclarationsSummaries,https://www.fema.gov/openfema-data-page/disaster-declarations-summaries-v2,2026-08-16T23:00:55Z
DR-4899-MS,4899,MS,DR,2026-02-06T00:00:00.000Z,2026,Winter Storm,SEVERE WINTER STORM,true,false,true,false,2026-01-23T00:00:00.000Z,2026-01-27T00:00:00.000Z,,false,28,145,99145,Union (County),26020,2026-06-10T00:00:00.000Z,2026012101,4,5,2026-04-11T11:21:13.349Z,af10f4ff79b43534a0105ba1fb23130e70ec78bc,1ba35421-1d5a-46d1-9520-d6ceca1c801c,2026-02-06,2026-01-23,2026-01-27,,2026-06-10,2026-04-11T11:21:13Z,2026,02,1,2026,4,14,,false,false,Major Disaster,Mississippi,Region 4 — Atlanta,Atlanta,"AL,FL,GA,KY,MS,NC,SC,TN",Winter weather,Winter Storm,false,false,false,false,false,false,false,true,false,false,false,2,true,true,false,28145,https://www.fema.gov/api/open/v2/DisasterDeclarationsSummaries,https://www.fema.gov/openfema-data-page/disaster-declarations-summaries-v2,2026-08-16T23:00:55Z
DR-4899-MS,4899,MS,DR,2026-02-06T00:00:00.000Z,2026,Winter Storm,SEVERE WINTER STORM,true,false,true,false,2026-01-23T00:00:00.000Z,2026-01-27T00:00:00.000Z,,false,28,143,99143,Tunica (County),26020,2026-06-10T00:00:00.000Z,2026012101,4,5,2026-04-11T11:21:13.349Z,459d4dc307185ded21d4e22db2c34d734e40142b,04cd9bea-b44c-47e6-93e3-2f472e67d919,2026-02-06,2026-01-23,2026-01-27,,2026-06-10,2026-04-11T11:21:13Z,2026,02,1,2026,4,14,,false,false,Major Disaster,Mississippi,Region 4 — Atlanta,Atlanta,"AL,FL,GA,KY,MS,NC,SC,TN",Winter weather,Winter Storm,false,false,false,false,false,false,false,true,false,false,false,2,true,true,false,28143,https://www.fema.gov/api/open/v2/DisasterDeclarationsSummaries,https://www.fema.gov/openfema-data-page/disaster-declarations-summaries-v2,2026-08-16T23:00:55Z
DR-4899-MS,4899,MS,DR,2026-02-06T00:00:00.000Z,2026,Winter Storm,SEVERE WINTER STORM,true,false,true,false,2026-01-23T00:00:00.000Z,2026-01-27T00:00:00.000Z,,false,28,141,99141,Tishomingo (County),26020,2026-06-10T00:00:00.000Z,2026012101,4,5,2026-04-11T11:21:13.349Z,98f68eb9096863cadd9a5ae3a51bab7d55a40249,ed5077d1-331b-465c-bce1-47e7403efff7,2026-02-06,2026-01-23,2026-01-27,,2026-06-10,2026-04-11T11:21:13Z,2026,02,1,2026,4,14,,false,false,Major Disaster,Mississippi,Region 4 — Atlanta,Atlanta,"AL,FL,GA,KY,MS,NC,SC,TN",Winter weather,Winter Storm,false,false,false,false,false,false,false,true,false,false,false,2,true,true,false,28141,https://www.fema.gov/api/open/v2/DisasterDeclarationsSummaries,https://www.fema.gov/openfema-data-page/disaster-declarations-summaries-v2,2026-08-16T23:00:55Z
DR-4899-MS,4899,MS,DR,2026-02-06T00:00:00.000Z,2026,Winter Storm,SEVERE WINTER STORM,true,false,true,false,2026-01-23T00:00:00.000Z,2026-01-27T00:00:00.000Z,,false,28,139,99139,Tippah (County),26020,2026-06-10T00:00:00.000Z,2026012101,4,5,2026-04-11T11:21:13.349Z,646a547b5cb0eab8159f700b03474cc3635c63ba,b37661cb-a582-46b8-997b-36f6a3899dc9,2026-02-06,2026-01-23,2026-01-27,,2026-06-10,2026-04-11T11:21:13Z,2026,02,1,2026,4,14,,false,false,Major Disaster,Mississippi,Region 4 — Atlanta,Atlanta,"AL,FL,GA,KY,MS,NC,SC,TN",Winter weather,Winter Storm,false,false,false,false,false,false,false,true,false,false,false,2,true,true,false,28139,https://www.fema.gov/api/open/v2/DisasterDeclarationsSummaries,https://www.fema.gov/openfema-data-page/disaster-declarations-summaries-v2,2026-08-16T23:00:55Z
DR-4899-MS,4899,MS,DR,2026-02-06T00:00:00.000Z,2026,Winter Storm,SEVERE WINTER STORM,true,false,true,false,2026-01-23T00:00:00.000Z,2026-01-27T00:00:00.000Z,,false,28,137,99137,Tate (County),26020,2026-06-10T00:00:00.000Z,2026012101,4,5,2026-04-11T11:21:13.349Z,b7a5bbcf3f2ef79e24eac726dda48cb6e25cf825,30a99ee5-6956-4a19-9659-4142c96635f9,2026-02-06,2026-01-23,2026-01-27,,2026-06-10,2026-04-11T11:21:13Z,2026,02,1,2026,4,14,,false,false,Major Disaster,Mississippi,Region 4 — Atlanta,Atlanta,"AL,FL,GA,KY,MS,NC,SC,TN",Winter weather,Winter Storm,false,false,false,false,false,false,false,true,false,false,false,2,true,true,false,28137,https://www.fema.gov/api/open/v2/DisasterDeclarationsSummaries,https://www.fema.gov/openfema-data-page/disaster-declarations-summaries-v2,2026-08-16T23:00:55Z
DR-4899-MS,4899,MS,DR,2026-02-06T00:00:00.000Z,2026,Winter Storm,SEVERE WINTER STORM,true,false,true,false,2026-01-23T00:00:00.000Z,2026-01-27T00:00:00.000Z,,false,28,135,99135,Tallahatchie (County),26020,2026-06-10T00:00:00.000Z,2026012101,4,5,2026-04-11T11:21:13.349Z,961c0e505a741ca89683db60f05d828b8b71ca72,3afcc412-9ef4-41aa-a64d-746466634200,2026-02-06,2026-01-23,2026-01-27,,2026-06-10,2026-04-11T11:21:13Z,2026,02,1,2026,4,14,,false,false,Major Disaster,Mississippi,Region 4 — Atlanta,Atlanta,"AL,FL,GA,KY,MS,NC,SC,TN",Winter weather,Winter Storm,false,false,false,false,false,false,false,true,false,false,false,2,true,true,false,28135,https://www.fema.gov/api/open/v2/DisasterDeclarationsSummaries,https://www.fema.gov/openfema-data-page/disaster-declarations-summaries-v2,2026-08-16T23:00:55Z
DR-4899-MS,4899,MS,DR,2026-02-06T00:00:00.000Z,2026,Winter Storm,SEVERE WINTER STORM,true,false,true,false,2026-01-23T00:00:00.000Z,2026-01-27T00:00:00.000Z,,false,28,133,99133,Sunflower (County),26020,2026-06-10T00:00:00.000Z,2026012101,4,5,2026-04-11T11:21:13.349Z,78ef09dc987f9d8abc702d9309c05fa22dba939a,82ffe2fb-5d66-4b87-9556-87058f6edeae,2026-02-06,2026-01-23,2026-01-27,,2026-06-10,2026-04-11T11:21:13Z,2026,02,1,2026,4,14,,false,false,Major Disaster,Mississippi,Region 4 — Atlanta,Atlanta,"AL,FL,GA,KY,MS,NC,SC,TN",Winter weather,Winter Storm,false,false,false,false,false,false,false,true,false,false,false,2,true,true,false,28133,https://www.fema.gov/api/open/v2/DisasterDeclarationsSummaries,https://www.fema.gov/openfema-data-page/disaster-declarations-summaries-v2,2026-08-16T23:00:55Z
DR-4899-MS,4899,MS,DR,2026-02-06T00:00:00.000Z,2026,Winter Storm,SEVERE WINTER STORM,false,false,true,false,2026-01-23T00:00:00.000Z,2026-01-27T00:00:00.000Z,,false,28,131,99131,Stone (County),26020,2026-06-10T00:00:00.000Z,2026012101,4,5,2026-04-11T11:21:13.349Z,5f0837cd109f12b0f7c86f2ab6daffb95a78bb36,58522607-ee8c-426a-ba2a-7aa3ffe69fd1,2026-02-06,2026-01-23,2026-01-27,,2026-06-10,2026-04-11T11:21:13Z,2026,02,1,2026,4,14,,false,false,Major Disaster,Mississippi,Region 4 — Atlanta,Atlanta,"AL,FL,GA,KY,MS,NC,SC,TN",Winter weather,Winter Storm,false,false,false,false,false,false,false,true,false,false,false,1,false,true,false,28131,https://www.fema.gov/api/open/v2/DisasterDeclarationsSummaries,https://www.fema.gov/openfema-data-page/disaster-declarations-summaries-v2,2026-08-16T23:00:55Z
DR-4899-MS,4899,MS,DR,2026-02-06T00:00:00.000Z,2026,Winter Storm,SEVERE WINTER STORM,false,false,true,false,2026-01-23T00:00:00.000Z,2026-01-27T00:00:00.000Z,,false,28,129,99129,Smith (County),26020,2026-06-10T00:00:00.000Z,2026012101,4,5,2026-04-11T11:21:13.349Z,5c05cb5d7e4a83bd029bc30914ba27925ef14adb,f109ecb0-50ce-4a03-87b9-ecd8401a67c3,2026-02-06,2026-01-23,2026-01-27,,2026-06-10,2026-04-11T11:21:13Z,2026,02,1,2026,4,14,,false,false,Major Disaster,Mississippi,Region 4 — Atlanta,Atlanta,"AL,FL,GA,KY,MS,NC,SC,TN",Winter weather,Winter Storm,false,false,false,false,false,false,false,true,false,false,false,1,false,true,false,28129,https://www.fema.gov/api/open/v2/DisasterDeclarationsSummaries,https://www.fema.gov/openfema-data-page/disaster-declarations-summaries-v2,2026-08-16T23:00:55Z
DR-4899-MS,4899,MS,DR,2026-02-06T00:00:00.000Z,2026,Winter Storm,SEVERE WINTER STORM,false,false,true,false,2026-01-23T00:00:00.000Z,2026-01-27T00:00:00.000Z,,false,28,127,99127,Simpson (County),26020,2026-06-10T00:00:00.000Z,2026012101,4,5,2026-04-11T11:21:13.349Z,0ab60dcae5912e805a9f4a75a1d13324f5f9a781,24cfc26a-88fb-4e30-8cc8-fe64f8501524,2026-02-06,2026-01-23,2026-01-27,,2026-06-10,2026-04-11T11:21:13Z,2026,02,1,2026,4,14,,false,false,Major Disaster,Mississippi,Region 4 — Atlanta,Atlanta,"AL,FL,GA,KY,MS,NC,SC,TN",Winter weather,Winter Storm,false,false,false,false,false,false,false,true,false,false,false,1,false,true,false,28127,https://www.fema.gov/api/open/v2/DisasterDeclarationsSummaries,https://www.fema.gov/openfema-data-page/disaster-declarations-summaries-v2,2026-08-16T23:00:55Z
DR-4899-MS,4899,MS,DR,2026-02-06T00:00:00.000Z,2026,Winter Storm,SEVERE WINTER STORM,true,false,true,false,2026-01-23T00:00:00.000Z,2026-01-27T00:00:00.000Z,,false,28,125,99125,Sharkey (County),26020,2026-06-10T00:00:00.000Z,2026012101,4,5,2026-04-11T11:21:13.349Z,40807707cb91813e33d34e59508dcdabb2a3812e,35ae838a-8aa4-4851-be7f-ef447a34e805,2026-02-06,2026-01-23,2026-01-27,,2026-06-10,2026-04-11T11:21:13Z,2026,02,1,2026,4,14,,false,false,Major Disaster,Mississippi,Region 4 — Atlanta,Atlanta,"AL,FL,GA,KY,MS,NC,SC,TN",Winter weather,Winter Storm,false,false,false,false,false,false,false,true,false,false,false,2,true,true,false,28125,https://www.fema.gov/api/open/v2/DisasterDeclarationsSummaries,https://www.fema.gov/openfema-data-page/disaster-declarations-summaries-v2,2026-08-16T23:00:55Z
DR-4899-MS,4899,MS,DR,2026-02-06T00:00:00.000Z,2026,Winter Storm,SEVERE WINTER STORM,false,false,true,false,2026-01-23T00:00:00.000Z,2026-01-27T00:00:00.000Z,,false,28,123,99123,Scott (County),26020,2026-06-10T00:00:00.000Z,2026012101,4,5,2026-04-11T11:21:13.349Z,aaac4ca450d40318c4abaaeab626737cf93701e4,a03aad4b-28eb-476f-8337-13d5a14769a1,2026-02-06,2026-01-23,2026-01-27,,2026-06-10,2026-04-11T11:21:13Z,2026,02,1,2026,4,14,,false,false,Major Disaster,Mississippi,Region 4 — Atlanta,Atlanta,"AL,FL,GA,KY,MS,NC,SC,TN",Winter weather,Winter Storm,false,false,false,false,false,false,false,true,false,false,false,1,false,true,false,28123,https://www.fema.gov/api/open/v2/DisasterDeclarationsSummaries,https://www.fema.gov/openfema-data-page/disaster-declarations-summaries-v2,2026-08-16T23:00:55Z
DR-4899-MS,4899,MS,DR,2026-02-06T00:00:00.000Z,2026,Winter Storm,SEVERE WINTER STORM,false,false,true,false,2026-01-23T00:00:00.000Z,2026-01-27T00:00:00.000Z,,false,28,121,99121,Rankin (County),26020,2026-06-10T00:00:00.000Z,2026012101,4,5,2026-04-11T11:21:13.349Z,d3463b7b20cbf5c320ab7af63f2ca44fb7924844,05525c3a-2a8f-406d-8617-9b08ab3814b2,2026-02-06,2026-01-23,2026-01-27,,2026-06-10,2026-04-11T11:21:13Z,2026,02,1,2026,4,14,,false,false,Major Disaster,Mississippi,Region 4 — Atlanta,Atlanta,"AL,FL,GA,KY,MS,NC,SC,TN",Winter weather,Winter Storm,false,false,false,false,false,false,false,true,false,false,false,1,false,true,false,28121,https://www.fema.gov/api/open/v2/DisasterDeclarationsSummaries,https://www.fema.gov/openfema-data-page/disaster-declarations-summaries-v2,2026-08-16T23:00:55Z
DR-4899-MS,4899,MS,DR,2026-02-06T00:00:00.000Z,2026,Winter Storm,SEVERE WINTER STORM,true,false,true,false,2026-01-23T00:00:00.000Z,2026-01-27T00:00:00.000Z,,false,28,119,99119,Quitman (County),26020,2026-06-10T00:00:00.000Z,2026012101,4,5,2026-04-11T11:21:13.349Z,e40e9e18f73d00850486a938aeb2eb4dcdcb5a73,b86aee1e-50ad-4f7b-861e-0e2962b7e7ee,2026-02-06,2026-01-23,2026-01-27,,2026-06-10,2026-04-11T11:21:13Z,2026,02,1,2026,4,14,,false,false,Major Disaster,Mississippi,Region 4 — Atlanta,Atlanta,"AL,FL,GA,KY,MS,NC,SC,TN",Winter weather,Winter Storm,false,false,false,false,false,false,false,true,false,false,false,2,true,true,false,28119,https://www.fema.gov/api/open/v2/DisasterDeclarationsSummaries,https://www.fema.gov/openfema-data-page/disaster-declarations-summaries-v2,2026-08-16T23:00:55Z
DR-4899-MS,4899,MS,DR,2026-02-06T00:00:00.000Z,2026,Winter Storm,SEVERE WINTER STORM,true,false,true,false,2026-01-23T00:00:00.000Z,2026-01-27T00:00:00.000Z,,false,28,117,99117,Prentiss (County),26020,2026-06-10T00:00:00.000Z,2026012101,4,5,2026-04-11T11:21:13.349Z,9712efca1a6cb4b9ca38b7ceb067fd100973693a,4c2dccf3-ca12-40d3-b1b3-54d931c32505,2026-02-06,2026-01-23,2026-01-27,,2026-06-10,2026-04-11T11:21:13Z,2026,02,1,2026,4,14,,false,false,Major Disaster,Mississippi,Region 4 — Atlanta,Atlanta,"AL,FL,GA,KY,MS,NC,SC,TN",Winter weather,Winter Storm,false,false,false,false,false,false,false,true,false,false,false,2,true,true,false,28117,https://www.fema.gov/api/open/v2/DisasterDeclarationsSummaries,https://www.fema.gov/openfema-data-page/disaster-declarations-summaries-v2,2026-08-16T23:00:55Z
DR-4899-MS,4899,MS,DR,2026-02-06T00:00:00.000Z,2026,Winter Storm,SEVERE WINTER STORM,true,false,true,false,2026-01-23T00:00:00.000Z,2026-01-27T00:00:00.000Z,,false,28,115,99115,Pontotoc (County),26020,2026-06-10T00:00:00.000Z,2026012101,4,5,2026-04-11T11:21:13.349Z,a9231a93afd7299b8a0cf04dc35a9b8fe8e8fa58,22ec93e5-b2c7-477e-836d-d150e6526704,2026-02-06,2026-01-23,2026-01-27,,2026-06-10,2026-04-11T11:21:13Z,2026,02,1,2026,4,14,,false,false,Major Disaster,Mississippi,Region 4 — Atlanta,Atlanta,"AL,FL,GA,KY,MS,NC,SC,TN",Winter weather,Winter Storm,false,false,false,false,false,false,false,true,false,false,false,2,true,true,false,28115,https://www.fema.gov/api/open/v2/DisasterDeclarationsSummaries,https://www.fema.gov/openfema-data-page/disaster-declarations-summaries-v2,2026-08-16T23:00:55Z
DR-4899-MS,4899,MS,DR,2026-02-06T00:00:00.000Z,2026,Winter Storm,SEVERE WINTER STORM,false,false,true,false,2026-01-23T00:00:00.000Z,2026-01-27T00:00:00.000Z,,false,28,113,99113,Pike (County),26020,2026-06-10T00:00:00.000Z,2026012101,4,5,2026-04-11T11:21:13.349Z,49968c126fb7d6764d29affd1caedcd8a8ca5758,26bccfc7-4b41-41fa-aff4-4734b85f551a,2026-02-06,2026-01-23,2026-01-27,,2026-06-10,2026-04-11T11:21:13Z,2026,02,1,2026,4,14,,false,false,Major Disaster,Mississippi,Region 4 — Atlanta,Atlanta,"AL,FL,GA,KY,MS,NC,SC,TN",Winter weather,Winter Storm,false,false,false,false,false,false,false,true,false,false,false,1,false,true,false,28113,https://www.fema.gov/api/open/v2/DisasterDeclarationsSummaries,https://www.fema.gov/openfema-data-page/disaster-declarations-summaries-v2,2026-08-16T23:00:55Z
DR-4899-MS,4899,MS,DR,2026-02-06T00:00:00.000Z,2026,Winter Storm,SEVERE WINTER STORM,false,false,true,false,2026-01-23T00:00:00.000Z,2026-01-27T00:00:00.000Z,,false,28,111,99111,Perry (County),26020,2026-06-10T00:00:00.000Z,2026012101,4,5,2026-04-11T11:21:13.349Z,bd1207f7b2739b51de6963dea79de33ad025f437,80829baf-0e61-4434-9e67-85526f787b9c,2026-02-06,2026-01-23,2026-01-27,,2026-06-10,2026-04-11T11:21:13Z,2026,02,1,2026,4,14,,false,false,Major Disaster,Mississippi,Region 4 — Atlanta,Atlanta,"AL,FL,GA,KY,MS,NC,SC,TN",Winter weather,Winter Storm,false,false,false,false,false,false,false,true,false,false,false,1,false,true,false,28111,https://www.fema.gov/api/open/v2/DisasterDeclarationsSummaries,https://www.fema.gov/openfema-data-page/disaster-declarations-summaries-v2,2026-08-16T23:00:55Z
DR-4899-MS,4899,MS,DR,2026-02-06T00:00:00.000Z,2026,Winter Storm,SEVERE WINTER STORM,false,false,true,false,2026-01-23T00:00:00.000Z,2026-01-27T00:00:00.000Z,,false,28,109,99109,Pearl River (County),26020,2026-06-10T00:00:00.000Z,2026012101,4,5,2026-04-11T11:21:13.349Z,53249398c7188c6c864216fc144208af92964fc0,ce9b55b2-2cc2-43d5-97d3-5cbbe1680b94,2026-02-06,2026-01-23,2026-01-27,,2026-06-10,2026-04-11T11:21:13Z,2026,02,1,2026,4,14,,false,false,Major Disaster,Mississippi,Region 4 — Atlanta,Atlanta,"AL,FL,GA,KY,MS,NC,SC,TN",Winter weather,Winter Storm,false,false,false,false,false,false,false,true,false,false,false,1,false,true,false,28109,https://www.fema.gov/api/open/v2/DisasterDeclarationsSummaries,https://www.fema.gov/openfema-data-page/disaster-declarations-summaries-v2,2026-08-16T23:00:55Z
DR-4899-MS,4899,MS,DR,2026-02-06T00:00:00.000Z,2026,Winter Storm,SEVERE WINTER STORM,true,false,true,false,2026-01-23T00:00:00.000Z,2026-01-27T00:00:00.000Z,,false,28,107,99107,Panola (County),26020,2026-06-10T00:00:00.000Z,2026012101,4,5,2026-04-11T11:21:13.349Z,89762ded01f0feb52b1b56a2a1a2e4b9d48bdcb2,b56ef59c-4a38-47d4-a7d8-ec100bd66b83,2026-02-06,2026-01-23,2026-01-27,,2026-06-10,2026-04-11T11:21:13Z,2026,02,1,2026,4,14,,false,false,Major Disaster,Mississippi,Region 4 — Atlanta,Atlanta,"AL,FL,GA,KY,MS,NC,SC,TN",Winter weather,Winter Storm,false,false,false,false,false,false,false,true,false,false,false,2,true,true,false,28107,https://www.fema.gov/api/open/v2/DisasterDeclarationsSummaries,https://www.fema.gov/openfema-data-page/disaster-declarations-summaries-v2,2026-08-16T23:00:55Z
DR-4899-MS,4899,MS,DR,2026-02-06T00:00:00.000Z,2026,Winter Storm,SEVERE WINTER STORM,false,false,true,false,2026-01-23T00:00:00.000Z,2026-01-27T00:00:00.000Z,,false,28,105,99105,Oktibbeha (County),26020,2026-06-10T00:00:00.000Z,2026012101,4,5,2026-04-11T11:21:13.349Z,4a49fa8cfcd1ae184dedc0575ecc47f7284a1b2b,debf2cb1-5403-4f29-9b72-7a68e6dbb072,2026-02-06,2026-01-23,2026-01-27,,2026-06-10,2026-04-11T11:21:13Z,2026,02,1,2026,4,14,,false,false,Major Disaster,Mississippi,Region 4 — Atlanta,Atlanta,"AL,FL,GA,KY,MS,NC,SC,TN",Winter weather,Winter Storm,false,false,false,false,false,false,false,true,false,false,false,1,false,true,false,28105,https://www.fema.gov/api/open/v2/DisasterDeclarationsSummaries,https://www.fema.gov/openfema-data-page/disaster-declarations-summaries-v2,2026-08-16T23:00:55Z
DR-4899-MS,4899,MS,DR,2026-02-06T00:00:00.000Z,2026,Winter Storm,SEVERE WINTER STORM,false,false,true,false,2026-01-23T00:00:00.000Z,2026-01-27T00:00:00.000Z,,false,28,103,99103,Noxubee (County),26020,2026-06-10T00:00:00.000Z,2026012101,4,5,2026-04-11T11:21:13.349Z,a454dc29a4aa9b79563b28ddbaab541704202b6a,b3f33e44-4ca8-4112-b4a5-1e3990fed9e9,2026-02-06,2026-01-23,2026-01-27,,2026-06-10,2026-04-11T11:21:13Z,2026,02,1,2026,4,14,,false,false,Major Disaster,Mississippi,Region 4 — Atlanta,Atlanta,"AL,FL,GA,KY,MS,NC,SC,TN",Winter weather,Winter Storm,false,false,false,false,false,false,false,true,false,false,false,1,false,true,false,28103,https://www.fema.gov/api/open/v2/DisasterDeclarationsSummaries,https://www.fema.gov/openfema-data-page/disaster-declarations-summaries-v2,2026-08-16T23:00:55Z
DR-4899-MS,4899,MS,DR,2026-02-06T00:00:00.000Z,2026,Winter Storm,SEVERE WINTER STORM,false,false,true,false,2026-01-23T00:00:00.000Z,2026-01-27T00:00:00.000Z,,false,28,101,99101,Newton (County),26020,2026-06-10T00:00:00.000Z,2026012101,4,5,2026-04-11T11:21:13.349Z,e873346e309de680f861c8fb084e9a65c0f393b4,e7eabebb-954f-4a9b-936a-6f2222c21f25,2026-02-06,2026-01-23,2026-01-27,,2026-06-10,2026-04-11T11:21:13Z,2026,02,1,2026,4,14,,false,false,Major Disaster,Mississippi,Region 4 — Atlanta,Atlanta,"AL,FL,GA,KY,MS,NC,SC,TN",Winter weather,Winter Storm,false,false,false,false,false,false,false,true,false,false,false,1,false,true,false,28101,https://www.fema.gov/api/open/v2/DisasterDeclarationsSummaries,https://www.fema.gov/openfema-data-page/disaster-declarations-summaries-v2,2026-08-16T23:00:55Z
DR-4899-MS,4899,MS,DR,2026-02-06T00:00:00.000Z,2026,Winter Storm,SEVERE WINTER STORM,false,false,true,false,2026-01-23T00:00:00.000Z,2026-01-27T00:00:00.000Z,,false,28,099,99099,Neshoba (County),26020,2026-06-10T00:00:00.000Z,2026012101,4,5,2026-04-11T11:21:13.349Z,8eba1486b077a7c01368995018a408778b7a6a67,4254f586-9fbc-4ef9-ae69-0eed623477cb,2026-02-06,2026-01-23,2026-01-27,,2026-06-10,2026-04-11T11:21:13Z,2026,02,1,2026,4,14,,false,false,Major Disaster,Mississippi,Region 4 — Atlanta,Atlanta,"AL,FL,GA,KY,MS,NC,SC,TN",Winter weather,Winter Storm,false,false,false,false,false,false,false,true,false,false,false,1,false,true,false,28099,https://www.fema.gov/api/open/v2/DisasterDeclarationsSummaries,https://www.fema.gov/openfema-data-page/disaster-declarations-summaries-v2,2026-08-16T23:00:55Z
DR-4899-MS,4899,MS,DR,2026-02-06T00:00:00.000Z,2026,Winter Storm,SEVERE WINTER STORM,true,false,true,false,2026-01-23T00:00:00.000Z,2026-01-27T00:00:00.000Z,,false,28,097,99097,Montgomery (County),26020,2026-06-10T00:00:00.000Z,2026012101,4,5,2026-04-11T11:21:13.349Z,ef5a084d592b948553fd5e7a8794ba78e88ad3d3,f63dfd77-91ab-43f1-bcbc-99c6c83ca17e,2026-02-06,2026-01-23,2026-01-27,,2026-06-10,2026-04-11T11:21:13Z,2026,02,1,2026,4,14,,false,false,Major Disaster,Mississippi,Region 4 — Atlanta,Atlanta,"AL,FL,GA,KY,MS,NC,SC,TN",Winter weather,Winter Storm,false,false,false,false,false,false,false,true,false,false,false,2,true,true,false,28097,https://www.fema.gov/api/open/v2/DisasterDeclarationsSummaries,https://www.fema.gov/openfema-data-page/disaster-declarations-summaries-v2,2026-08-16T23:00:55Z
DR-4899-MS,4899,MS,DR,2026-02-06T00:00:00.000Z,2026,Winter Storm,SEVERE WINTER STORM,false,false,true,false,2026-01-23T00:00:00.000Z,2026-01-27T00:00:00.000Z,,false,28,095,99095,Monroe (County),26020,2026-06-10T00:00:00.000Z,2026012101,4,5,2026-04-11T11:21:13.349Z,fa8b3ba4b5c8fc82cc823f6f7068d50d176ad9d4,50953398-a774-44f9-bb93-a27f0f5ae2b6,2026-02-06,2026-01-23,2026-01-27,,2026-06-10,2026-04-11T11:21:13Z,2026,02,1,2026,4,14,,false,false,Major Disaster,Mississippi,Region 4 — Atlanta,Atlanta,"AL,FL,GA,KY,MS,NC,SC,TN",Winter weather,Winter Storm,false,false,false,false,false,false,false,true,false,false,false,1,false,true,false,28095,https://www.fema.gov/api/open/v2/DisasterDeclarationsSummaries,https://www.fema.gov/openfema-data-page/disaster-declarations-summaries-v2,2026-08-16T23:00:55Z
DR-4899-MS,4899,MS,DR,2026-02-06T00:00:00.000Z,2026,Winter Storm,SEVERE WINTER STORM,true,false,true,false,2026-01-23T00:00:00.000Z,2026-01-27T00:00:00.000Z,,false,28,093,99093,Marshall (County),26020,2026-06-10T00:00:00.000Z,2026012101,4,5,2026-04-11T11:21:13.349Z,ca506cbac0b610989fb4660db9166e5948f35793,320787e2-1912-4ca9-b1df-3fb523021867,2026-02-06,2026-01-23,2026-01-27,,2026-06-10,2026-04-11T11:21:13Z,2026,02,1,2026,4,14,,false,false,Major Disaster,Mississippi,Region 4 — Atlanta,Atlanta,"AL,FL,GA,KY,MS,NC,SC,TN",Winter weather,Winter Storm,false,false,false,false,false,false,false,true,false,false,false,2,true,true,false,28093,https://www.fema.gov/api/open/v2/DisasterDeclarationsSummaries,https://www.fema.gov/openfema-data-page/disaster-declarations-summaries-v2,2026-08-16T23:00:55Z
DR-4899-MS,4899,MS,DR,2026-02-06T00:00:00.000Z,2026,Winter Storm,SEVERE WINTER STORM,false,false,true,false,2026-01-23T00:00:00.000Z,2026-01-27T00:00:00.000Z,,false,28,091,99091,Marion (County),26020,2026-06-10T00:00:00.000Z,2026012101,4,5,2026-04-11T11:21:13.349Z,4a5d7ca223bdd5ef098c38fca2ec387cacb35342,4ecd2dde-26ad-4194-be46-c4e07df7b5a5,2026-02-06,2026-01-23,2026-01-27,,2026-06-10,2026-04-11T11:21:13Z,2026,02,1,2026,4,14,,false,false,Major Disaster,Mississippi,Region 4 — Atlanta,Atlanta,"AL,FL,GA,KY,MS,NC,SC,TN",Winter weather,Winter Storm,false,false,false,false,false,false,false,true,false,false,false,1,false,true,false,28091,https://www.fema.gov/api/open/v2/DisasterDeclarationsSummaries,https://www.fema.gov/openfema-data-page/disaster-declarations-summaries-v2,2026-08-16T23:00:55Z
DR-4899-MS,4899,MS,DR,2026-02-06T00:00:00.000Z,2026,Winter Storm,SEVERE WINTER STORM,false,false,true,false,2026-01-23T00:00:00.000Z,2026-01-27T00:00:00.000Z,,false,28,089,99089,Madison (County),26020,2026-06-10T00:00:00.000Z,2026012101,4,5,2026-04-11T11:21:13.349Z,750702cf515312d515090d5e12e6f9f1186c1f23,b9a38856-2c15-4a50-8908-ae8a9029e4cd,2026-02-06,2026-01-23,2026-01-27,,2026-06-10,2026-04-11T11:21:13Z,2026,02,1,2026,4,14,,false,false,Major Disaster,Mississippi,Region 4 — Atlanta,Atlanta,"AL,FL,GA,KY,MS,NC,SC,TN",Winter weather,Winter Storm,false,false,false,false,false,false,false,true,false,false,false,1,false,true,false,28089,https://www.fema.gov/api/open/v2/DisasterDeclarationsSummaries,https://www.fema.gov/openfema-data-page/disaster-declarations-summaries-v2,2026-08-16T23:00:55Z
DR-4899-MS,4899,MS,DR,2026-02-06T00:00:00.000Z,2026,Winter Storm,SEVERE WINTER STORM,false,false,true,false,2026-01-23T00:00:00.000Z,2026-01-27T00:00:00.000Z,,false,28,087,99087,Lowndes (County),26020,2026-06-10T00:00:00.000Z,2026012101,4,5,2026-04-11T11:21:13.349Z,7979efbe5678f4b1f9f3925faa730a6639b22359,43c8bc6b-984b-4511-ad55-11f2cf722f5a,2026-02-06,2026-01-23,2026-01-27,,2026-06-10,2026-04-11T11:21:13Z,2026,02,1,2026,4,14,,false,false,Major Disaster,Mississippi,Region 4 — Atlanta,Atlanta,"AL,FL,GA,KY,MS,NC,SC,TN",Winter weather,Winter Storm,false,false,false,false,false,false,false,true,false,false,false,1,false,true,false,28087,https://www.fema.gov/api/open/v2/DisasterDeclarationsSummaries,https://www.fema.gov/openfema-data-page/disaster-declarations-summaries-v2,2026-08-16T23:00:55Z
DR-4899-MS,4899,MS,DR,2026-02-06T00:00:00.000Z,2026,Winter Storm,SEVERE WINTER STORM,false,false,true,false,2026-01-23T00:00:00.000Z,2026-01-27T00:00:00.000Z,,false,28,085,99085,Lincoln (County),26020,2026-06-10T00:00:00.000Z,2026012101,4,5,2026-04-11T11:21:13.349Z,c31b6114a1876f8381389618944b10832a630c83,1b5cd7c5-ffe7-4724-be60-4f4108a12f01,2026-02-06,2026-01-23,2026-01-27,,2026-06-10,2026-04-11T11:21:13Z,2026,02,1,2026,4,14,,false,false,Major Disaster,Mississippi,Region 4 — Atlanta,Atlanta,"AL,FL,GA,KY,MS,NC,SC,TN",Winter weather,Winter Storm,false,false,false,false,false,false,false,true,false,false,false,1,false,true,false,28085,https://www.fema.gov/api/open/v2/DisasterDeclarationsSummaries,https://www.fema.gov/openfema-data-page/disaster-declarations-summaries-v2,2026-08-16T23:00:55Z
DR-4899-MS,4899,MS,DR,2026-02-06T00:00:00.000Z,2026,Winter Storm,SEVERE WINTER STORM,true,false,true,false,2026-01-23T00:00:00.000Z,2026-01-27T00:00:00.000Z,,false,28,083,99083,Leflore (County),26020,2026-06-10T00:00:00.000Z,2026012101,4,5,2026-04-11T11:21:13.349Z,804baa709e32a0b2bb0b64b07ff41dacb698b2c9,df1659ac-8900-40fa-a04a-6e25e229f63a,2026-02-06,2026-01-23,2026-01-27,,2026-06-10,2026-04-11T11:21:13Z,2026,02,1,2026,4,14,,false,false,Major Disaster,Mississippi,Region 4 — Atlanta,Atlanta,"AL,FL,GA,KY,MS,NC,SC,TN",Winter weather,Winter Storm,false,false,false,false,false,false,false,true,false,false,false,2,true,true,false,28083,https://www.fema.gov/api/open/v2/DisasterDeclarationsSummaries,https://www.fema.gov/openfema-data-page/disaster-declarations-summaries-v2,2026-08-16T23:00:55Z
DR-4899-MS,4899,MS,DR,2026-02-06T00:00:00.000Z,2026,Winter Storm,SEVERE WINTER STORM,true,false,true,false,2026-01-23T00:00:00.000Z,2026-01-27T00:00:00.000Z,,false,28,081,99081,Lee (County),26020,2026-06-10T00:00:00.000Z,2026012101,4,5,2026-04-11T11:21:13.349Z,dc15ccd071fde4bef31c0d40b17308f01dcdd788,bb5e7f5f-546c-4033-a186-400d28646df9,2026-02-06,2026-01-23,2026-01-27,,2026-06-10,2026-04-11T11:21:13Z,2026,02,1,2026,4,14,,false,false,Major Disaster,Mississippi,Region 4 — Atlanta,Atlanta,"AL,FL,GA,KY,MS,NC,SC,TN",Winter weather,Winter Storm,false,false,false,false,false,false,false,true,false,false,false,2,true,true,false,28081,https://www.fema.gov/api/open/v2/DisasterDeclarationsSummaries,https://www.fema.gov/openfema-data-page/disaster-declarations-summaries-v2,2026-08-16T23:00:55Z
DR-4899-MS,4899,MS,DR,2026-02-06T00:00:00.000Z,2026,Winter Storm,SEVERE WINTER STORM,false,false,true,false,2026-01-23T00:00:00.000Z,2026-01-27T00:00:00.000Z,,false,28,079,99079,Leake (County),26020,2026-06-10T00:00:00.000Z,2026012101,4,5,2026-04-11T11:21:13.349Z,0a0ac682562dc06b1b05445f02d3249b2ad561f6,fe7a1f83-b4ad-4539-b050-49105c023166,2026-02-06,2026-01-23,2026-01-27,,2026-06-10,2026-04-11T11:21:13Z,2026,02,1,2026,4,14,,false,false,Major Disaster,Mississippi,Region 4 — Atlanta,Atlanta,"AL,FL,GA,KY,MS,NC,SC,TN",Winter weather,Winter Storm,false,false,false,false,false,false,false,true,false,false,false,1,false,true,false,28079,https://www.fema.gov/api/open/v2/DisasterDeclarationsSummaries,https://www.fema.gov/openfema-data-page/disaster-declarations-summaries-v2,2026-08-16T23:00:55Z
DR-4899-MS,4899,MS,DR,2026-02-06T00:00:00.000Z,2026,Winter Storm,SEVERE WINTER STORM,false,false,true,false,2026-01-23T00:00:00.000Z,2026-01-27T00:00:00.000Z,,false,28,077,99077,Lawrence (County),26020,2026-06-10T00:00:00.000Z,2026012101,4,5,2026-04-11T11:21:13.349Z,625b9a372aa736564c87660402fe8d6e81ac9392,eba35deb-a287-4505-bdb3-a44eb629a3f3,2026-02-06,2026-01-23,2026-01-27,,2026-06-10,2026-04-11T11:21:13Z,2026,02,1,2026,4,14,,false,false,Major Disaster,Mississippi,Region 4 — Atlanta,Atlanta,"AL,FL,GA,KY,MS,NC,SC,TN",Winter weather,Winter Storm,false,false,false,false,false,false,false,true,false,false,false,1,false,true,false,28077,https://www.fema.gov/api/open/v2/DisasterDeclarationsSummaries,https://www.fema.gov/openfema-data-page/disaster-declarations-summaries-v2,2026-08-16T23:00:55Z
DR-4899-MS,4899,MS,DR,2026-02-06T00:00:00.000Z,2026,Winter Storm,SEVERE WINTER STORM,false,false,true,false,2026-01-23T00:00:00.000Z,2026-01-27T00:00:00.000Z,,false,28,075,99075,Lauderdale (County),26020,2026-06-10T00:00:00.000Z,2026012101,4,5,2026-04-11T11:21:13.349Z,0f4267cc0e523d2934720442a91c6d22ddcdf425,6be38f81-cfa5-45c1-81d8-9cf8e9e4eb9f,2026-02-06,2026-01-23,2026-01-27,,2026-06-10,2026-04-11T11:21:13Z,2026,02,1,2026,4,14,,false,false,Major Disaster,Mississippi,Region 4 — Atlanta,Atlanta,"AL,FL,GA,KY,MS,NC,SC,TN",Winter weather,Winter Storm,false,false,false,false,false,false,false,true,false,false,false,1,false,true,false,28075,https://www.fema.gov/api/open/v2/DisasterDeclarationsSummaries,https://www.fema.gov/openfema-data-page/disaster-declarations-summaries-v2,2026-08-16T23:00:55Z
DR-4899-MS,4899,MS,DR,2026-02-06T00:00:00.000Z,2026,Winter Storm,SEVERE WINTER STORM,false,false,true,false,2026-01-23T00:00:00.000Z,2026-01-27T00:00:00.000Z,,false,28,073,99073,Lamar (County),26020,2026-06-10T00:00:00.000Z,2026012101,4,5,2026-04-11T11:21:13.349Z,a11c091bec6a1ce41fa4c22c21fe4b4ab4cf8840,8dc092e6-a051-45c6-a82c-1c53ca41c49d,2026-02-06,2026-01-23,2026-01-27,,2026-06-10,2026-04-11T11:21:13Z,2026,02,1,2026,4,14,,false,false,Major Disaster,Mississippi,Region 4 — Atlanta,Atlanta,"AL,FL,GA,KY,MS,NC,SC,TN",Winter weather,Winter Storm,false,false,false,false,false,false,false,true,false,false,false,1,false,true,false,28073,https://www.fema.gov/api/open/v2/DisasterDeclarationsSummaries,https://www.fema.gov/openfema-data-page/disaster-declarations-summaries-v2,2026-08-16T23:00:55Z
DR-4899-MS,4899,MS,DR,2026-02-06T00:00:00.000Z,2026,Winter Storm,SEVERE WINTER STORM,true,false,true,false,2026-01-23T00:00:00.000Z,2026-01-27T00:00:00.000Z,,false,28,071,99071,Lafayette (County),26020,2026-06-10T00:00:00.000Z,2026012101,4,5,2026-04-11T11:21:13.349Z,0809cfcf89fd7a047371bb1e9bfe7e8abcf0d7aa,a7e509d6-1183-4d56-9913-8f6130d18a7d,2026-02-06,2026-01-23,2026-01-27,,2026-06-10,2026-04-11T11:21:13Z,2026,02,1,2026,4,14,,false,false,Major Disaster,Mississippi,Region 4 — Atlanta,Atlanta,"AL,FL,GA,KY,MS,NC,SC,TN",Winter weather,Winter Storm,false,false,false,false,false,false,false,true,false,false,false,2,true,true,false,28071,https://www.fema.gov/api/open/v2/DisasterDeclarationsSummaries,https://www.fema.gov/openfema-data-page/disaster-declarations-summaries-v2,2026-08-16T23:00:55Z
DR-4899-MS,4899,MS,DR,2026-02-06T00:00:00.000Z,2026,Winter Storm,SEVERE WINTER STORM,false,false,true,false,2026-01-23T00:00:00.000Z,2026-01-27T00:00:00.000Z,,false,28,069,99069,Kemper (County),26020,2026-06-10T00:00:00.000Z,2026012101,4,5,2026-04-11T11:21:13.349Z,579dbc4c071cb5bd9521a0f6cf0977ba35fb1108,3b109bc8-2014-4d46-aedd-19d297ba23cf,2026-02-06,2026-01-23,2026-01-27,,2026-06-10,2026-04-11T11:21:13Z,2026,02,1,2026,4,14,,false,false,Major Disaster,Mississippi,Region 4 — Atlanta,Atlanta,"AL,FL,GA,KY,MS,NC,SC,TN",Winter weather,Winter Storm,false,false,false,false,false,false,false,true,false,false,false,1,false,true,false,28069,https://www.fema.gov/api/open/v2/DisasterDeclarationsSummaries,https://www.fema.gov/openfema-data-page/disaster-declarations-summaries-v2,2026-08-16T23:00:55Z
DR-4899-MS,4899,MS,DR,2026-02-06T00:00:00.000Z,2026,Winter Storm,SEVERE WINTER STORM,false,false,true,false,2026-01-23T00:00:00.000Z,2026-01-27T00:00:00.000Z,,false,28,067,99067,Jones (County),26020,2026-06-10T00:00:00.000Z,2026012101,4,5,2026-04-11T11:21:13.349Z,f3d2f6b5ef84a2e8d4c6fc9846855bf35a177be4,06bc1a9d-fced-428c-8ee2-1a4a6155c146,2026-02-06,2026-01-23,2026-01-27,,2026-06-10,2026-04-11T11:21:13Z,2026,02,1,2026,4,14,,false,false,Major Disaster,Mississippi,Region 4 — Atlanta,Atlanta,"AL,FL,GA,KY,MS,NC,SC,TN",Winter weather,Winter Storm,false,false,false,false,false,false,false,true,false,false,false,1,false,true,false,28067,https://www.fema.gov/api/open/v2/DisasterDeclarationsSummaries,https://www.fema.gov/openfema-data-page/disaster-declarations-summaries-v2,2026-08-16T23:00:55Z
DR-4899-MS,4899,MS,DR,2026-02-06T00:00:00.000Z,2026,Winter Storm,SEVERE WINTER STORM,false,false,true,false,2026-01-23T00:00:00.000Z,2026-01-27T00:00:00.000Z,,false,28,065,99065,Jefferson Davis (County),26020,2026-06-10T00:00:00.000Z,2026012101,4,5,2026-04-11T11:21:13.349Z,6fc35191f1082bd85ab84ba33df15fd0600c8ddc,976873a9-7968-4aab-aef6-e0759ef05224,2026-02-06,2026-01-23,2026-01-27,,2026-06-10,2026-04-11T11:21:13Z,2026,02,1,2026,4,14,,false,false,Major Disaster,Mississippi,Region 4 — Atlanta,Atlanta,"AL,FL,GA,KY,MS,NC,SC,TN",Winter weather,Winter Storm,false,false,false,false,false,false,false,true,false,false,false,1,false,true,false,28065,https://www.fema.gov/api/open/v2/DisasterDeclarationsSummaries,https://www.fema.gov/openfema-data-page/disaster-declarations-summaries-v2,2026-08-16T23:00:55Z
DR-4899-MS,4899,MS,DR,2026-02-06T00:00:00.000Z,2026,Winter Storm,SEVERE WINTER STORM,true,false,true,false,2026-01-23T00:00:00.000Z,2026-01-27T00:00:00.000Z,,false,28,063,99063,Jefferson (County),26020,2026-06-10T00:00:00.000Z,2026012101,4,5,2026-04-11T11:21:13.349Z,e6a975e9bbc789c6741d6586f487ecf0ec5f6b48,1e0a72dd-06b7-45e9-be4e-31e620b46adc,2026-02-06,2026-01-23,2026-01-27,,2026-06-10,2026-04-11T11:21:13Z,2026,02,1,2026,4,14,,false,false,Major Disaster,Mississippi,Region 4 — Atlanta,Atlanta,"AL,FL,GA,KY,MS,NC,SC,TN",Winter weather,Winter Storm,false,false,false,false,false,false,false,true,false,false,false,2,true,true,false,28063,https://www.fema.gov/api/open/v2/DisasterDeclarationsSummaries,https://www.fema.gov/openfema-data-page/disaster-declarations-summaries-v2,2026-08-16T23:00:55Z
DR-4899-MS,4899,MS,DR,2026-02-06T00:00:00.000Z,2026,Winter Storm,SEVERE WINTER STORM,false,false,true,false,2026-01-23T00:00:00.000Z,2026-01-27T00:00:00.000Z,,false,28,061,99061,Jasper (County),26020,2026-06-10T00:00:00.000Z,2026012101,4,5,2026-04-11T11:21:13.349Z,abc10deb4bf5efcc565cb1169e297a9352c7a359,1a167826-e186-428b-8daa-a32caf06377f,2026-02-06,2026-01-23,2026-01-27,,2026-06-10,2026-04-11T11:21:13Z,2026,02,1,2026,4,14,,false,false,Major Disaster,Mississippi,Region 4 — Atlanta,Atlanta,"AL,FL,GA,KY,MS,NC,SC,TN",Winter weather,Winter Storm,false,false,false,false,false,false,false,true,false,false,false,1,false,true,false,28061,https://www.fema.gov/api/open/v2/DisasterDeclarationsSummaries,https://www.fema.gov/openfema-data-page/disaster-declarations-summaries-v2,2026-08-16T23:00:55Z
DR-4899-MS,4899,MS,DR,2026-02-06T00:00:00.000Z,2026,Winter Storm,SEVERE WINTER STORM,false,false,true,false,2026-01-23T00:00:00.000Z,2026-01-27T00:00:00.000Z,,false,28,059,99059,Jackson (County),26020,2026-06-10T00:00:00.000Z,2026012101,4,5,2026-04-11T11:21:13.349Z,7b64b0387b37d7923bde866c88971022108d6077,716d5b1b-d571-416e-8485-6010e0269024,2026-02-06,2026-01-23,2026-01-27,,2026-06-10,2026-04-11T11:21:13Z,2026,02,1,2026,4,14,,false,false,Major Disaster,Mississippi,Region 4 — Atlanta,Atlanta,"AL,FL,GA,KY,MS,NC,SC,TN",Winter weather,Winter Storm,false,false,false,false,false,false,false,true,false,false,false,1,false,true,false,28059,https://www.fema.gov/api/open/v2/DisasterDeclarationsSummaries,https://www.fema.gov/openfema-data-page/disaster-declarations-summaries-v2,2026-08-16T23:00:55Z
DR-4899-MS,4899,MS,DR,2026-02-06T00:00:00.000Z,2026,Winter Storm,SEVERE WINTER STORM,false,false,true,false,2026-01-23T00:00:00.000Z,2026-01-27T00:00:00.000Z,,false,28,057,99057,Itawamba (County),26020,2026-06-10T00:00:00.000Z,2026012101,4,5,2026-04-11T11:21:13.349Z,41aacca275c59c6bd151d83460bfe91dbd1cc4dc,a38e1874-10c0-4615-a13c-1262e7ca02a0,2026-02-06,2026-01-23,2026-01-27,,2026-06-10,2026-04-11T11:21:13Z,2026,02,1,2026,4,14,,false,false,Major Disaster,Mississippi,Region 4 — Atlanta,Atlanta,"AL,FL,GA,KY,MS,NC,SC,TN",Winter weather,Winter Storm,false,false,false,false,false,false,false,true,false,false,false,1,false,true,false,28057,https://www.fema.gov/api/open/v2/DisasterDeclarationsSummaries,https://www.fema.gov/openfema-data-page/disaster-declarations-summaries-v2,2026-08-16T23:00:55Z
DR-4899-MS,4899,MS,DR,2026-02-06T00:00:00.000Z,2026,Winter Storm,SEVERE WINTER STORM,true,false,true,false,2026-01-23T00:00:00.000Z,2026-01-27T00:00:00.000Z,,false,28,055,99055,Issaquena (County),26020,2026-06-10T00:00:00.000Z,2026012101,4,5,2026-04-11T11:21:13.349Z,0825b554a4334ce2a334c0640e19aa49787e91de,4afb1e43-bb4b-4d5f-b2b1-d6ac3af6ca7b,2026-02-06,2026-01-23,2026-01-27,,2026-06-10,2026-04-11T11:21:13Z,2026,02,1,2026,4,14,,false,false,Major Disaster,Mississippi,Region 4 — Atlanta,Atlanta,"AL,FL,GA,KY,MS,NC,SC,TN",Winter weather,Winter Storm,false,false,false,false,false,false,false,true,false,false,false,2,true,true,false,28055,https://www.fema.gov/api/open/v2/DisasterDeclarationsSummaries,https://www.fema.gov/openfema-data-page/disaster-declarations-summaries-v2,2026-08-16T23:00:55Z
DR-4899-MS,4899,MS,DR,2026-02-06T00:00:00.000Z,2026,Winter Storm,SEVERE WINTER STORM,true,false,true,false,2026-01-23T00:00:00.000Z,2026-01-27T00:00:00.000Z,,false,28,053,99053,Humphreys (County),26020,2026-06-10T00:00:00.000Z,2026012101,4,5,2026-04-11T11:21:13.349Z,19c9c6271eeb7ce201a56a4e22a131e12e0c7de6,8a075af4-69e4-418e-a0f0-5d7ff329b100,2026-02-06,2026-01-23,2026-01-27,,2026-06-10,2026-04-11T11:21:13Z,2026,02,1,2026,4,14,,false,false,Major Disaster,Mississippi,Region 4 — Atlanta,Atlanta,"AL,FL,GA,KY,MS,NC,SC,TN",Winter weather,Winter Storm,false,false,false,false,false,false,false,true,false,false,false,2,true,true,false,28053,https://www.fema.gov/api/open/v2/DisasterDeclarationsSummaries,https://www.fema.gov/openfema-data-page/disaster-declarations-summaries-v2,2026-08-16T23:00:55Z
DR-4899-MS,4899,MS,DR,2026-02-06T00:00:00.000Z,2026,Winter Storm,SEVERE WINTER STORM,true,false,true,false,2026-01-23T00:00:00.000Z,2026-01-27T00:00:00.000Z,,false,28,051,99051,Holmes (County),26020,2026-06-10T00:00:00.000Z,2026012101,4,5,2026-04-11T11:21:13.349Z,5e9d55197f33c316797c3eb25d42e575c9ebbc5a,7376666b-e646-4381-b651-1500f2f2e1dd,2026-02-06,2026-01-23,2026-01-27,,2026-06-10,2026-04-11T11:21:13Z,2026,02,1,2026,4,14,,false,false,Major Disaster,Mississippi,Region 4 — Atlanta,Atlanta,"AL,FL,GA,KY,MS,NC,SC,TN",Winter weather,Winter Storm,false,false,false,false,false,false,false,true,false,false,false,2,true,true,false,28051,https://www.fema.gov/api/open/v2/DisasterDeclarationsSummaries,https://www.fema.gov/openfema-data-page/disaster-declarations-summaries-v2,2026-08-16T23:00:55Z
DR-4899-MS,4899,MS,DR,2026-02-06T00:00:00.000Z,2026,Winter Storm,SEVERE WINTER STORM,false,false,true,false,2026-01-23T00:00:00.000Z,2026-01-27T00:00:00.000Z,,false,28,049,99049,Hinds (County),26020,2026-06-10T00:00:00.000Z,2026012101,4,5,2026-04-11T11:21:13.349Z,91a655d30d60dadae3265fa2b4458fdf117f96d3,246ff7c5-b6df-447e-88a0-6aed1ed3f9e2,2026-02-06,2026-01-23,2026-01-27,,2026-06-10,2026-04-11T11:21:13Z,2026,02,1,2026,4,14,,false,false,Major Disaster,Mississippi,Region 4 — Atlanta,Atlanta,"AL,FL,GA,KY,MS,NC,SC,TN",Winter weather,Winter Storm,false,false,false,false,false,false,false,true,false,false,false,1,false,true,false,28049,https://www.fema.gov/api/open/v2/DisasterDeclarationsSummaries,https://www.fema.gov/openfema-data-page/disaster-declarations-summaries-v2,2026-08-16T23:00:55Z
DR-4899-MS,4899,MS,DR,2026-02-06T00:00:00.000Z,2026,Winter Storm,SEVERE WINTER STORM,false,false,true,false,2026-01-23T00:00:00.000Z,2026-01-27T00:00:00.000Z,,false,28,047,99047,Harrison (County),26020,2026-06-10T00:00:00.000Z,2026012101,4,5,2026-04-11T11:21:13.349Z,cab4999de870d2d6f228b329dcc6832d273ab212,7f9fae2e-bd68-4cf3-b91c-0cc86bf10351,2026-02-06,2026-01-23,2026-01-27,,2026-06-10,2026-04-11T11:21:13Z,2026,02,1,2026,4,14,,false,false,Major Disaster,Mississippi,Region 4 — Atlanta,Atlanta,"AL,FL,GA,KY,MS,NC,SC,TN",Winter weather,Winter Storm,false,false,false,false,false,false,false,true,false,false,false,1,false,true,false,28047,https://www.fema.gov/api/open/v2/DisasterDeclarationsSummaries,https://www.fema.gov/openfema-data-page/disaster-declarations-summaries-v2,2026-08-16T23:00:55Z
DR-4899-MS,4899,MS,DR,2026-02-06T00:00:00.000Z,2026,Winter Storm,SEVERE WINTER STORM,false,false,true,false,2026-01-23T00:00:00.000Z,2026-01-27T00:00:00.000Z,,false,28,045,99045,Hancock (County),26020,2026-06-10T00:00:00.000Z,2026012101,4,5,2026-04-11T11:21:13.349Z,1fda18d0cc96bcb52f58dfeefe36ac799f27f528,436c362d-c629-445a-a7ef-5cc5a08452bc,2026-02-06,2026-01-23,2026-01-27,,2026-06-10,2026-04-11T11:21:13Z,2026,02,1,2026,4,14,,false,false,Major Disaster,Mississippi,Region 4 — Atlanta,Atlanta,"AL,FL,GA,KY,MS,NC,SC,TN",Winter weather,Winter Storm,false,false,false,false,false,false,false,true,false,false,false,1,false,true,false,28045,https://www.fema.gov/api/open/v2/DisasterDeclarationsSummaries,https://www.fema.gov/openfema-data-page/disaster-declarations-summaries-v2,2026-08-16T23:00:55Z
DR-4899-MS,4899,MS,DR,2026-02-06T00:00:00.000Z,2026,Winter Storm,SEVERE WINTER STORM,true,false,true,false,2026-01-23T00:00:00.000Z,2026-01-27T00:00:00.000Z,,false,28,043,99043,Grenada (County),26020,2026-06-10T00:00:00.000Z,2026012101,4,5,2026-04-11T11:21:13.349Z,d241eee4ee1e25beba64df40cc8a163f6553b45b,f9e4a3bb-83f8-4d85-933f-f46b60be4108,2026-02-06,2026-01-23,2026-01-27,,2026-06-10,2026-04-11T11:21:13Z,2026,02,1,2026,4,14,,false,false,Major Disaster,Mississippi,Region 4 — Atlanta,Atlanta,"AL,FL,GA,KY,MS,NC,SC,TN",Winter weather,Winter Storm,false,false,false,false,false,false,false,true,false,false,false,2,true,true,false,28043,https://www.fema.gov/api/open/v2/DisasterDeclarationsSummaries,https://www.fema.gov/openfema-data-page/disaster-declarations-summaries-v2,2026-08-16T23:00:55Z
DR-4899-MS,4899,MS,DR,2026-02-06T00:00:00.000Z,2026,Winter Storm,SEVERE WINTER STORM,false,false,true,false,2026-01-23T00:00:00.000Z,2026-01-27T00:00:00.000Z,,false,28,041,99041,Greene (County),26020,2026-06-10T00:00:00.000Z,2026012101,4,5,2026-04-11T11:21:13.349Z,3adf14035c2dde01171f6258eff1128b37b3bf95,a7bab31c-e140-4aef-a9fd-d118b8233b69,2026-02-06,2026-01-23,2026-01-27,,2026-06-10,2026-04-11T11:21:13Z,2026,02,1,2026,4,14,,false,false,Major Disaster,Mississippi,Region 4 — Atlanta,Atlanta,"AL,FL,GA,KY,MS,NC,SC,TN",Winter weather,Winter Storm,false,false,false,false,false,false,false,true,false,false,false,1,false,true,false,28041,https://www.fema.gov/api/open/v2/DisasterDeclarationsSummaries,https://www.fema.gov/openfema-data-page/disaster-declarations-summaries-v2,2026-08-16T23:00:55Z
DR-4899-MS,4899,MS,DR,2026-02-06T00:00:00.000Z,2026,Winter Storm,SEVERE WINTER STORM,false,false,true,false,2026-01-23T00:00:00.000Z,2026-01-27T00:00:00.000Z,,false,28,039,99039,George (County),26020,2026-06-10T00:00:00.000Z,2026012101,4,5,2026-04-11T11:21:13.349Z,11b4e2166fc7c5cc3b50a937498cdcb762937c5f,86fc3f35-c66f-4d27-9e99-1af0ef470d82,2026-02-06,2026-01-23,2026-01-27,,2026-06-10,2026-04-11T11:21:13Z,2026,02,1,2026,4,14,,false,false,Major Disaster,Mississippi,Region 4 — Atlanta,Atlanta,"AL,FL,GA,KY,MS,NC,SC,TN",Winter weather,Winter Storm,false,false,false,false,false,false,false,true,false,false,false,1,false,true,false,28039,https://www.fema.gov/api/open/v2/DisasterDeclarationsSummaries,https://www.fema.gov/openfema-data-page/disaster-declarations-summaries-v2,2026-08-16T23:00:55Z
DR-4899-MS,4899,MS,DR,2026-02-06T00:00:00.000Z,2026,Winter Storm,SEVERE WINTER STORM,false,false,true,false,2026-01-23T00:00:00.000Z,2026-01-27T00:00:00.000Z,,false,28,037,99037,Franklin (County),26020,2026-06-10T00:00:00.000Z,2026012101,4,5,2026-04-11T11:21:13.349Z,b3af086aebccb769a229d04ef353c7eafcb72f86,c61471df-a03d-465e-8fad-1e338be5b43d,2026-02-06,2026-01-23,2026-01-27,,2026-06-10,2026-04-11T11:21:13Z,2026,02,1,2026,4,14,,false,false,Major Disaster,Mississippi,Region 4 — Atlanta,Atlanta,"AL,FL,GA,KY,MS,NC,SC,TN",Winter weather,Winter Storm,false,false,false,false,false,false,false,true,false,false,false,1,false,true,false,28037,https://www.fema.gov/api/open/v2/DisasterDeclarationsSummaries,https://www.fema.gov/openfema-data-page/disaster-declarations-summaries-v2,2026-08-16T23:00:55Z
DR-4899-MS,4899,MS,DR,2026-02-06T00:00:00.000Z,2026,Winter Storm,SEVERE WINTER STORM,false,false,true,false,2026-01-23T00:00:00.000Z,2026-01-27T00:00:00.000Z,,false,28,035,99035,Forrest (County),26020,2026-06-10T00:00:00.000Z,2026012101,4,5,2026-04-11T11:21:13.349Z,998355210bbee456dc0387c81e332de443a0b859,25fe8ccf-a2ae-4dd0-ac12-cbe49f893ca9,2026-02-06,2026-01-23,2026-01-27,,2026-06-10,2026-04-11T11:21:13Z,2026,02,1,2026,4,14,,false,false,Major Disaster,Mississippi,Region 4 — Atlanta,Atlanta,"AL,FL,GA,KY,MS,NC,SC,TN",Winter weather,Winter Storm,false,false,false,false,false,false,false,true,false,false,false,1,false,true,false,28035,https://www.fema.gov/api/open/v2/DisasterDeclarationsSummaries,https://www.fema.gov/openfema-data-page/disaster-declarations-summaries-v2,2026-08-16T23:00:55Z
DR-4899-MS,4899,MS,DR,2026-02-06T00:00:00.000Z,2026,Winter Storm,SEVERE WINTER STORM,true,false,true,false,2026-01-23T00:00:00.000Z,2026-01-27T00:00:00.000Z,,false,28,033,99033,DeSoto (County),26020,2026-06-10T00:00:00.000Z,2026012101,4,5,2026-04-11T11:21:13.349Z,1b5ea2a8b5587c3a4775024cab2538a30b7ccd1d,68c1ae6e-2833-4c97-9a61-d05fc6e6b61c,2026-02-06,2026-01-23,2026-01-27,,2026-06-10,2026-04-11T11:21:13Z,2026,02,1,2026,4,14,,false,false,Major Disaster,Mississippi,Region 4 — Atlanta,Atlanta,"AL,FL,GA,KY,MS,NC,SC,TN",Winter weather,Winter Storm,false,false,false,false,false,false,false,true,false,false,false,2,true,true,false,28033,https://www.fema.gov/api/open/v2/DisasterDeclarationsSummaries,https://www.fema.gov/openfema-data-page/disaster-declarations-summaries-v2,2026-08-16T23:00:55Z
DR-4899-MS,4899,MS,DR,2026-02-06T00:00:00.000Z,2026,Winter Storm,SEVERE WINTER STORM,false,false,true,false,2026-01-23T00:00:00.000Z,2026-01-27T00:00:00.000Z,,false,28,031,99031,Covington (County),26020,2026-06-10T00:00:00.000Z,2026012101,4,5,2026-04-11T11:21:13.349Z,959f6ebd572052b537bbd4ec813e5b5f00c72f37,59201342-f2be-4c3d-83ca-6808e66dd6f2,2026-02-06,2026-01-23,2026-01-27,,2026-06-10,2026-04-11T11:21:13Z,2026,02,1,2026,4,14,,false,false,Major Disaster,Mississippi,Region 4 — Atlanta,Atlanta,"AL,FL,GA,KY,MS,NC,SC,TN",Winter weather,Winter Storm,false,false,false,false,false,false,false,true,false,false,false,1,false,true,false,28031,https://www.fema.gov/api/open/v2/DisasterDeclarationsSummaries,https://www.fema.gov/openfema-data-page/disaster-declarations-summaries-v2,2026-08-16T23:00:55Z
DR-4899-MS,4899,MS,DR,2026-02-06T00:00:00.000Z,2026,Winter Storm,SEVERE WINTER STORM,false,false,true,false,2026-01-23T00:00:00.000Z,2026-01-27T00:00:00.000Z,,false,28,029,99029,Copiah (County),26020,2026-06-10T00:00:00.000Z,2026012101,4,5,2026-04-11T11:21:13.349Z,932a9e4ca6122224e237f43454928b3adbe9c540,2a97f0a3-9fc3-44ff-860a-a8f3be841157,2026-02-06,2026-01-23,2026-01-27,,2026-06-10,2026-04-11T11:21:13Z,2026,02,1,2026,4,14,,false,false,Major Disaster,Mississippi,Region 4 — Atlanta,Atlanta,"AL,FL,GA,KY,MS,NC,SC,TN",Winter weather,Winter Storm,false,false,false,false,false,false,false,true,false,false,false,1,false,true,false,28029,https://www.fema.gov/api/open/v2/DisasterDeclarationsSummaries,https://www.fema.gov/openfema-data-page/disaster-declarations-summaries-v2,2026-08-16T23:00:55Z
DR-4899-MS,4899,MS,DR,2026-02-06T00:00:00.000Z,2026,Winter Storm,SEVERE WINTER STORM,true,false,true,false,2026-01-23T00:00:00.000Z,2026-01-27T00:00:00.000Z,,false,28,027,99027,Coahoma (County),26020,2026-06-10T00:00:00.000Z,2026012101,4,5,2026-04-11T11:21:13.349Z,3d8e642bdfeed1c9d5a13dbf89f24bc2b37ba330,881aa0ef-126a-47fe-8828-61b926930b5d,2026-02-06,2026-01-23,2026-01-27,,2026-06-10,2026-04-11T11:21:13Z,2026,02,1,2026,4,14,,false,false,Major Disaster,Mississippi,Region 4 — Atlanta,Atlanta,"AL,FL,GA,KY,MS,NC,SC,TN",Winter weather,Winter Storm,false,false,false,false,false,false,false,true,false,false,false,2,true,true,false,28027,https://www.fema.gov/api/open/v2/DisasterDeclarationsSummaries,https://www.fema.gov/openfema-data-page/disaster-declarations-summaries-v2,2026-08-16T23:00:55Z
DR-4899-MS,4899,MS,DR,2026-02-06T00:00:00.000Z,2026,Winter Storm,SEVERE WINTER STORM,false,false,true,false,2026-01-23T00:00:00.000Z,2026-01-27T00:00:00.000Z,,false,28,025,99025,Clay (County),26020,2026-06-10T00:00:00.000Z,2026012101,4,5,2026-04-11T11:21:13.349Z,d7f00c76054722b7c6b9706b335dcb1fdea2c052,a33f787a-280d-499c-b3d7-1cf32db9aafd,2026-02-06,2026-01-23,2026-01-27,,2026-06-10,2026-04-11T11:21:13Z,2026,02,1,2026,4,14,,false,false,Major Disaster,Mississippi,Region 4 — Atlanta,Atlanta,"AL,FL,GA,KY,MS,NC,SC,TN",Winter weather,Winter Storm,false,false,false,false,false,false,false,true,false,false,false,1,false,true,false,28025,https://www.fema.gov/api/open/v2/DisasterDeclarationsSummaries,https://www.fema.gov/openfema-data-page/disaster-declarations-summaries-v2,2026-08-16T23:00:55Z
DR-4899-MS,4899,MS,DR,2026-02-06T00:00:00.000Z,2026,Winter Storm,SEVERE WINTER STORM,false,false,true,false,2026-01-23T00:00:00.000Z,2026-01-27T00:00:00.000Z,,false,28,023,99023,Clarke (County),26020,2026-06-10T00:00:00.000Z,2026012101,4,5,2026-04-11T11:21:13.349Z,0316eb8636c69f4396d28671dca9c4eb6599160d,f650472d-b7d1-4e3c-b17a-94759b00b7c0,2026-02-06,2026-01-23,2026-01-27,,2026-06-10,2026-04-11T11:21:13Z,2026,02,1,2026,4,14,,false,false,Major Disaster,Mississippi,Region 4 — Atlanta,Atlanta,"AL,FL,GA,KY,MS,NC,SC,TN",Winter weather,Winter Storm,false,false,false,false,false,false,false,true,false,false,false,1,false,true,false,28023,https://www.fema.gov/api/open/v2/DisasterDeclarationsSummaries,https://www.fema.gov/openfema-data-page/disaster-declarations-summaries-v2,2026-08-16T23:00:55Z
DR-4899-MS,4899,MS,DR,2026-02-06T00:00:00.000Z,2026,Winter Storm,SEVERE WINTER STORM,true,false,true,false,2026-01-23T00:00:00.000Z,2026-01-27T00:00:00.000Z,,false,28,021,99021,Claiborne (County),26020,2026-06-10T00:00:00.000Z,2026012101,4,5,2026-04-11T11:21:13.349Z,a2207d6ad23491f482b4b6ff6465390c21a91cc2,e85aa14b-84b5-4b38-89bb-5d81478996f8,2026-02-06,2026-01-23,2026-01-27,,2026-06-10,2026-04-11T11:21:13Z,2026,02,1,2026,4,14,,false,false,Major Disaster,Mississippi,Region 4 — Atlanta,Atlanta,"AL,FL,GA,KY,MS,NC,SC,TN",Winter weather,Winter Storm,false,false,false,false,false,false,false,true,false,false,false,2,true,true,false,28021,https://www.fema.gov/api/open/v2/DisasterDeclarationsSummaries,https://www.fema.gov/openfema-data-page/disaster-declarations-summaries-v2,2026-08-16T23:00:55Z
DR-4899-MS,4899,MS,DR,2026-02-06T00:00:00.000Z,2026,Winter Storm,SEVERE WINTER STORM,false,false,true,false,2026-01-23T00:00:00.000Z,2026-01-27T00:00:00.000Z,,false,28,019,99019,Choctaw (County),26020,2026-06-10T00:00:00.000Z,2026012101,4,5,2026-04-11T11:21:13.349Z,b199a2a25e891782c0954d58a543f97f4e866815,5ca700dd-f92e-4843-b0ef-17b8c8372ab1,2026-02-06,2026-01-23,2026-01-27,,2026-06-10,2026-04-11T11:21:13Z,2026,02,1,2026,4,14,,false,false,Major Disaster,Mississippi,Region 4 — Atlanta,Atlanta,"AL,FL,GA,KY,MS,NC,SC,TN",Winter weather,Winter Storm,false,false,false,false,false,false,false,true,false,false,false,1,false,true,false,28019,https://www.fema.gov/api/open/v2/DisasterDeclarationsSummaries,https://www.fema.gov/openfema-data-page/disaster-declarations-summaries-v2,2026-08-16T23:00:55Z
DR-4899-MS,4899,MS,DR,2026-02-06T00:00:00.000Z,2026,Winter Storm,SEVERE WINTER STORM,false,false,true,false,2026-01-23T00:00:00.000Z,2026-01-27T00:00:00.000Z,,false,28,017,99017,Chickasaw (County),26020,2026-06-10T00:00:00.000Z,2026012101,4,5,2026-04-11T11:21:13.349Z,3fed646f585ba25311094bf8bb35a9515e02116d,2d058e60-0a18-4526-bd98-1023963f3eff,2026-02-06,2026-01-23,2026-01-27,,2026-06-10,2026-04-11T11:21:13Z,2026,02,1,2026,4,14,,false,false,Major Disaster,Mississippi,Region 4 — Atlanta,Atlanta,"AL,FL,GA,KY,MS,NC,SC,TN",Winter weather,Winter Storm,false,false,false,false,false,false,false,true,false,false,false,1,false,true,false,28017,https://www.fema.gov/api/open/v2/DisasterDeclarationsSummaries,https://www.fema.gov/openfema-data-page/disaster-declarations-summaries-v2,2026-08-16T23:00:55Z
DR-4899-MS,4899,MS,DR,2026-02-06T00:00:00.000Z,2026,Winter Storm,SEVERE WINTER STORM,true,false,true,false,2026-01-23T00:00:00.000Z,2026-01-27T00:00:00.000Z,,false,28,015,99015,Carroll (County),26020,2026-06-10T00:00:00.000Z,2026012101,4,5,2026-04-11T11:21:13.349Z,e352aa3970eca9701c2d51c7f6b5e487416406c8,3aaa8aa6-e3a6-4dae-a4e2-133fb5c1e216,2026-02-06,2026-01-23,2026-01-27,,2026-06-10,2026-04-11T11:21:13Z,2026,02,1,2026,4,14,,false,false,Major Disaster,Mississippi,Region 4 — Atlanta,Atlanta,"AL,FL,GA,KY,MS,NC,SC,TN",Winter weather,Winter Storm,false,false,false,false,false,false,false,true,false,false,false,2,true,true,false,28015,https://www.fema.gov/api/open/v2/DisasterDeclarationsSummaries,https://www.fema.gov/openfema-data-page/disaster-declarations-summaries-v2,2026-08-16T23:00:55Z
DR-4899-MS,4899,MS,DR,2026-02-06T00:00:00.000Z,2026,Winter Storm,SEVERE WINTER STORM,true,false,true,false,2026-01-23T00:00:00.000Z,2026-01-27T00:00:00.000Z,,false,28,013,99013,Calhoun (County),26020,2026-06-10T00:00:00.000Z,2026012101,4,5,2026-04-11T11:21:13.349Z,2bf8abacfcffa0c85308af3cf7d1ab149c464394,72a7f3d6-ad2f-497c-b83e-4b59d2fc184c,2026-02-06,2026-01-23,2026-01-27,,2026-06-10,2026-04-11T11:21:13Z,2026,02,1,2026,4,14,,false,false,Major Disaster,Mississippi,Region 4 — Atlanta,Atlanta,"AL,FL,GA,KY,MS,NC,SC,TN",Winter weather,Winter Storm,false,false,false,false,false,false,false,true,false,false,false,2,true,true,false,28013,https://www.fema.gov/api/open/v2/DisasterDeclarationsSummaries,https://www.fema.gov/openfema-data-page/disaster-declarations-summaries-v2,2026-08-16T23:00:55Z
DR-4899-MS,4899,MS,DR,2026-02-06T00:00:00.000Z,2026,Winter Storm,SEVERE WINTER STORM,true,false,true,false,2026-01-23T00:00:00.000Z,2026-01-27T00:00:00.000Z,,false,28,011,99011,Bolivar (County),26020,2026-06-10T00:00:00.000Z,2026012101,4,5,2026-04-11T11:21:13.349Z,fddea887bd06bcc3989fa2385d714f444e8e9e6e,ecfb495a-2f95-4f35-a497-4a89806e9a97,2026-02-06,2026-01-23,2026-01-27,,2026-06-10,2026-04-11T11:21:13Z,2026,02,1,2026,4,14,,false,false,Major Disaster,Mississippi,Region 4 — Atlanta,Atlanta,"AL,FL,GA,KY,MS,NC,SC,TN",Winter weather,Winter Storm,false,false,false,false,false,false,false,true,false,false,false,2,true,true,false,28011,https://www.fema.gov/api/open/v2/DisasterDeclarationsSummaries,https://www.fema.gov/openfema-data-page/disaster-declarations-summaries-v2,2026-08-16T23:00:55Z
DR-4899-MS,4899,MS,DR,2026-02-06T00:00:00.000Z,2026,Winter Storm,SEVERE WINTER STORM,true,false,true,false,2026-01-23T00:00:00.000Z,2026-01-27T00:00:00.000Z,,false,28,009,99009,Benton (County),26020,2026-06-10T00:00:00.000Z,2026012101,4,5,2026-04-11T11:21:13.349Z,7629ad9fbe627f9ffa93659064526ab5207bf0de,00251fe7-ee94-4400-8a41-61e465d83f94,2026-02-06,2026-01-23,2026-01-27,,2026-06-10,2026-04-11T11:21:13Z,2026,02,1,2026,4,14,,false,false,Major Disaster,Mississippi,Region 4 — Atlanta,Atlanta,"AL,FL,GA,KY,MS,NC,SC,TN",Winter weather,Winter Storm,false,false,false,false,false,false,false,true,false,false,false,2,true,true,false,28009,https://www.fema.gov/api/open/v2/DisasterDeclarationsSummaries,https://www.fema.gov/openfema-data-page/disaster-declarations-summaries-v2,2026-08-16T23:00:55Z
DR-4899-MS,4899,MS,DR,2026-02-06T00:00:00.000Z,2026,Winter Storm,SEVERE WINTER STORM,true,false,true,false,2026-01-23T00:00:00.000Z,2026-01-27T00:00:00.000Z,,false,28,007,99007,Attala (County),26020,2026-06-10T00:00:00.000Z,2026012101,4,5,2026-04-11T11:21:13.349Z,1549e550d13faf153b59f2d3e65ccc629910f567,ed9c110e-d6c3-444e-abc1-194c3dfb94c4,2026-02-06,2026-01-23,2026-01-27,,2026-06-10,2026-04-11T11:21:13Z,2026,02,1,2026,4,14,,false,false,Major Disaster,Mississippi,Region 4 — Atlanta,Atlanta,"AL,FL,GA,KY,MS,NC,SC,TN",Winter weather,Winter Storm,false,false,false,false,false,false,false,true,false,false,false,2,true,true,false,28007,https://www.fema.gov/api/open/v2/DisasterDeclarationsSummaries,https://www.fema.gov/openfema-data-page/disaster-declarations-summaries-v2,2026-08-16T23:00:55Z
DR-4899-MS,4899,MS,DR,2026-02-06T00:00:00.000Z,2026,Winter Storm,SEVERE WINTER STORM,false,false,true,false,2026-01-23T00:00:00.000Z,2026-01-27T00:00:00.000Z,,false,28,005,99005,Amite (County),26020,2026-06-10T00:00:00.000Z,2026012101,4,5,2026-04-11T11:21:13.349Z,3ced50bc82ac11a47271589a6b687fea6714a6c6,838e8b33-c4e9-473d-a3bf-a9385d9ccf08,2026-02-06,2026-01-23,2026-01-27,,2026-06-10,2026-04-11T11:21:13Z,2026,02,1,2026,4,14,,false,false,Major Disaster,Mississippi,Region 4 — Atlanta,Atlanta,"AL,FL,GA,KY,MS,NC,SC,TN",Winter weather,Winter Storm,false,false,false,false,false,false,false,true,false,false,false,1,false,true,false,28005,https://www.fema.gov/api/open/v2/DisasterDeclarationsSummaries,https://www.fema.gov/openfema-data-page/disaster-declarations-summaries-v2,2026-08-16T23:00:55Z
DR-4899-MS,4899,MS,DR,2026-02-06T00:00:00.000Z,2026,Winter Storm,SEVERE WINTER STORM,true,false,true,false,2026-01-23T00:00:00.000Z,2026-01-27T00:00:00.000Z,,false,28,003,99003,Alcorn (County),26020,2026-06-10T00:00:00.000Z,2026012101,4,5,2026-04-11T11:21:13.349Z,3b1d3f20d92979951d671798f65df599f3ba6636,d2b139a7-0057-41af-9ea8-b5d2fbeb86ab,2026-02-06,2026-01-23,2026-01-27,,2026-06-10,2026-04-11T11:21:13Z,2026,02,1,2026,4,14,,false,false,Major Disaster,Mississippi,Region 4 — Atlanta,Atlanta,"AL,FL,GA,KY,MS,NC,SC,TN",Winter weather,Winter Storm,false,false,false,false,false,false,false,true,false,false,false,2,true,true,false,28003,https://www.fema.gov/api/open/v2/DisasterDeclarationsSummaries,https://www.fema.gov/openfema-data-page/disaster-declarations-summaries-v2,2026-08-16T23:00:55Z
DR-4899-MS,4899,MS,DR,2026-02-06T00:00:00.000Z,2026,Winter Storm,SEVERE WINTER STORM,true,false,true,false,2026-01-23T00:00:00.000Z,2026-01-27T00:00:00.000Z,,false,28,001,99001,Adams (County),26020,2026-06-10T00:00:00.000Z,2026012101,4,5,2026-04-11T11:21:13.349Z,ff5ca7a9b82337ebd90b91bd135112ae41edd819,b83f98d2-488c-4398-b10a-6e1214c37b3a,2026-02-06,2026-01-23,2026-01-27,,2026-06-10,2026-04-11T11:21:13Z,2026,02,1,2026,4,14,,false,false,Major Disaster,Mississippi,Region 4 — Atlanta,Atlanta,"AL,FL,GA,KY,MS,NC,SC,TN",Winter weather,Winter Storm,false,false,false,false,false,false,false,true,false,false,false,2,true,true,false,28001,https://www.fema.gov/api/open/v2/DisasterDeclarationsSummaries,https://www.fema.gov/openfema-data-page/disaster-declarations-summaries-v2,2026-08-16T23:00:55Z
DR-4899-MS,4899,MS,DR,2026-02-06T00:00:00.000Z,2026,Winter Storm,SEVERE WINTER STORM,true,false,true,false,2026-01-23T00:00:00.000Z,2026-01-27T00:00:00.000Z,,false,28,000,47980,Mississippi Choctaw Indian Reservation,26020,2026-06-10T00:00:00.000Z,2026012101,4,5,2026-04-11T11:21:13.349Z,7e72db3dce4b55e7d3895f590db8a7fcf609a534,875551f8-0c5c-4c99-9ca2-7e08778018d0,2026-02-06,2026-01-23,2026-01-27,,2026-06-10,2026-04-11T11:21:13Z,2026,02,1,2026,4,14,,false,false,Major Disaster,Mississippi,Region 4 — Atlanta,Atlanta,"AL,FL,GA,KY,MS,NC,SC,TN",Winter weather,Winter Storm,false,false,false,false,false,false,false,true,false,false,false,2,true,true,false,28000,https://www.fema.gov/api/open/v2/DisasterDeclarationsSummaries,https://www.fema.gov/openfema-data-page/disaster-declarations-summaries-v2,2026-08-16T23:00:55Z
DR-4898-TN,4898,TN,DR,2026-02-06T00:00:00.000Z,2026,Winter Storm,SEVERE WINTER STORM,true,false,true,false,2026-01-22T00:00:00.000Z,2026-01-27T00:00:00.000Z,,false,47,189,99189,Wilson (County),26018,2026-06-10T00:00:00.000Z,2026012101,4,"5,W",2026-04-11T11:41:11.644Z,994a387447bc229b039035e9218ba8b95d4cb73b,a2b0589a-bad1-4970-b719-5e6ea8fbc0a9,2026-02-06,2026-01-22,2026-01-27,,2026-06-10,2026-04-11T11:41:11Z,2026,02,1,2026,5,15,,false,false,Major Disaster,Tennessee,Region 4 — Atlanta,Atlanta,"AL,FL,GA,KY,MS,NC,SC,TN",Winter weather,Winter Storm; Severe Storm,false,false,false,false,false,false,false,true,true,false,false,2,true,true,false,47189,https://www.fema.gov/api/open/v2/DisasterDeclarationsSummaries,https://www.fema.gov/openfema-data-page/disaster-declarations-summaries-v2,2026-08-16T23:00:55Z
DR-4898-TN,4898,TN,DR,2026-02-06T00:00:00.000Z,2026,Winter Storm,SEVERE WINTER STORM,true,false,true,false,2026-01-22T00:00:00.000Z,2026-01-27T00:00:00.000Z,,false,47,187,99187,Williamson (County),26018,2026-06-10T00:00:00.000Z,2026012101,4,"5,W",2026-04-11T11:41:11.644Z,21393a817e669a82fc4ef876318a6b649d77d3f6,6eb6a0d8-8d48-49bd-99a3-4f2604765dde,2026-02-06,2026-01-22,2026-01-27,,2026-06-10,2026-04-11T11:41:11Z,2026,02,1,2026,5,15,,false,false,Major Disaster,Tennessee,Region 4 — Atlanta,Atlanta,"AL,FL,GA,KY,MS,NC,SC,TN",Winter weather,Winter Storm; Severe Storm,false,false,false,false,false,false,false,true,true,false,false,2,true,true,false,47187,https://www.fema.gov/api/open/v2/DisasterDeclarationsSummaries,https://www.fema.gov/openfema-data-page/disaster-declarations-summaries-v2,2026-08-16T23:00:55Z
DR-4898-TN,4898,TN,DR,2026-02-06T00:00:00.000Z,2026,Winter Storm,SEVERE WINTER STORM,false,false,true,false,2026-01-22T00:00:00.000Z,2026-01-27T00:00:00.000Z,,false,47,185,99185,White (County),26018,2026-06-10T00:00:00.000Z,2026012101,4,"5,W",2026-04-11T11:41:11.644Z,f2adba9e6ab6549521fe37e684bd1976599a2769,731b93f8-9e8d-412a-aa17-1345a2d883da,2026-02-06,2026-01-22,2026-01-27,,2026-06-10,2026-04-11T11:41:11Z,2026,02,1,2026,5,15,,false,false,Major Disaster,Tennessee,Region 4 — Atlanta,Atlanta,"AL,FL,GA,KY,MS,NC,SC,TN",Winter weather,Winter Storm; Severe Storm,false,false,false,false,false,false,false,true,true,false,false,1,false,true,false,47185,https://www.fema.gov/api/open/v2/DisasterDeclarationsSummaries,https://www.fema.gov/openfema-data-page/disaster-declarations-summaries-v2,2026-08-16T23:00:55Z
DR-4898-TN,4898,TN,DR,2026-02-06T00:00:00.000Z,2026,Winter Storm,SEVERE WINTER STORM,false,false,true,false,2026-01-22T00:00:00.000Z,2026-01-27T00:00:00.000Z,,false,47,183,99183,Weakley (County),26018,2026-06-10T00:00:00.000Z,2026012101,4,"5,W",2026-04-11T11:41:11.644Z,4ec1f705454f2bca021d83e6227efb07a3942d9f,cdc688df-e155-4be8-9d53-12161c333b47,2026-02-06,2026-01-22,2026-01-27,,2026-06-10,2026-04-11T11:41:11Z,2026,02,1,2026,5,15,,false,false,Major Disaster,Tennessee,Region 4 — Atlanta,Atlanta,"AL,FL,GA,KY,MS,NC,SC,TN",Winter weather,Winter Storm; Severe Storm,false,false,false,false,false,false,false,true,true,false,false,1,false,true,false,47183,https://www.fema.gov/api/open/v2/DisasterDeclarationsSummaries,https://www.fema.gov/openfema-data-page/disaster-declarations-summaries-v2,2026-08-16T23:00:55Z
DR-4898-TN,4898,TN,DR,2026-02-06T00:00:00.000Z,2026,Winter Storm,SEVERE WINTER STORM,true,false,true,false,2026-01-22T00:00:00.000Z,2026-01-27T00:00:00.000Z,,false,47,181,99181,Wayne (County),26018,2026-06-10T00:00:00.000Z,2026012101,4,"5,W",2026-04-11T11:41:11.644Z,abd88d5f3f90476dd5314339c892fec2fb598243,9cf58ab1-5deb-43c2-9729-40d26fcc1fc1,2026-02-06,2026-01-22,2026-01-27,,2026-06-10,2026-04-11T11:41:11Z,2026,02,1,2026,5,15,,false,false,Major Disaster,Tennessee,Region 4 — Atlanta,Atlanta,"AL,FL,GA,KY,MS,NC,SC,TN",Winter weather,Winter Storm; Severe Storm,false,false,false,false,false,false,false,true,true,false,false,2,true,true,false,47181,https://www.fema.gov/api/open/v2/DisasterDeclarationsSummaries,https://www.fema.gov/openfema-data-page/disaster-declarations-summaries-v2,2026-08-16T23:00:55Z
DR-4898-TN,4898,TN,DR,2026-02-06T00:00:00.000Z,2026,Winter Storm,SEVERE WINTER STORM,false,false,true,false,2026-01-22T00:00:00.000Z,2026-01-27T00:00:00.000Z,,false,47,179,99179,Washington (County),26018,2026-06-10T00:00:00.000Z,2026012101,4,"5,W",2026-04-11T11:41:11.644Z,b9d0606cb238463043a62979d71e7b3f3ad0ab96,9912f97e-2d25-4381-9024-92dd2e1ae44a,2026-02-06,2026-01-22,2026-01-27,,2026-06-10,2026-04-11T11:41:11Z,2026,02,1,2026,5,15,,false,false,Major Disaster,Tennessee,Region 4 — Atlanta,Atlanta,"AL,FL,GA,KY,MS,NC,SC,TN",Winter weather,Winter Storm; Severe Storm,false,false,false,false,false,false,false,true,true,false,false,1,false,true,false,47179,https://www.fema.gov/api/open/v2/DisasterDeclarationsSummaries,https://www.fema.gov/openfema-data-page/disaster-declarations-summaries-v2,2026-08-16T23:00:55Z
DR-4898-TN,4898,TN,DR,2026-02-06T00:00:00.000Z,2026,Winter Storm,SEVERE WINTER STORM,false,false,true,false,2026-01-22T00:00:00.000Z,2026-01-27T00:00:00.000Z,,false,47,177,99177,Warren (County),26018,2026-06-10T00:00:00.000Z,2026012101,4,"5,W",2026-04-11T11:41:11.644Z,e81c81409797f27fdaf36d28a43a5dc4b1c09221,f8febd5d-8794-445a-9e2b-768aadfce570,2026-02-06,2026-01-22,2026-01-27,,2026-06-10,2026-04-11T11:41:11Z,2026,02,1,2026,5,15,,false,false,Major Disaster,Tennessee,Region 4 — Atlanta,Atlanta,"AL,FL,GA,KY,MS,NC,SC,TN",Winter weather,Winter Storm; Severe Storm,false,false,false,false,false,false,false,true,true,false,false,1,false,true,false,47177,https://www.fema.gov/api/open/v2/DisasterDeclarationsSummaries,https://www.fema.gov/openfema-data-page/disaster-declarations-summaries-v2,2026-08-16T23:00:55Z
DR-4898-TN,4898,TN,DR,2026-02-06T00:00:00.000Z,2026,Winter Storm,SEVERE WINTER STORM,false,false,true,false,2026-01-22T00:00:00.000Z,2026-01-27T00:00:00.000Z,,false,47,175,99175,Van Buren (County),26018,2026-06-10T00:00:00.000Z,2026012101,4,"5,W",2026-04-11T11:41:11.644Z,9b7722400e874acd49577d07527f6782284ee029,02929ccb-1f92-46b9-b2c6-c33ed15c710f,2026-02-06,2026-01-22,2026-01-27,,2026-06-10,2026-04-11T11:41:11Z,2026,02,1,2026,5,15,,false,false,Major Disaster,Tennessee,Region 4 — Atlanta,Atlanta,"AL,FL,GA,KY,MS,NC,SC,TN",Winter weather,Winter Storm; Severe Storm,false,false,false,false,false,false,false,true,true,false,false,1,false,true,false,47175,https://www.fema.gov/api/open/v2/DisasterDeclarationsSummaries,https://www.fema.gov/openfema-data-page/disaster-declarations-summaries-v2,2026-08-16T23:00:55Z
DR-4898-TN,4898,TN,DR,2026-02-06T00:00:00.000Z,2026,Winter Storm,SEVERE WINTER STORM,false,false,true,false,2026-01-22T00:00:00.000Z,2026-01-27T00:00:00.000Z,,false,47,173,99173,Union (County),26018,2026-06-10T00:00:00.000Z,2026012101,4,"5,W",2026-04-11T11:41:11.644Z,869922d5f16c538eafcf488c7f9c0dd2925db493,f51407da-7ed5-4308-9ef7-af63396c8c17,2026-02-06,2026-01-22,2026-01-27,,2026-06-10,2026-04-11T11:41:11Z,2026,02,1,2026,5,15,,false,false,Major Disaster,Tennessee,Region 4 — Atlanta,Atlanta,"AL,FL,GA,KY,MS,NC,SC,TN",Winter weather,Winter Storm; Severe Storm,false,false,false,false,false,false,false,true,true,false,false,1,false,true,false,47173,https://www.fema.gov/api/open/v2/DisasterDeclarationsSummaries,https://www.fema.gov/openfema-data-page/disaster-declarations-summaries-v2,2026-08-16T23:00:55Z
DR-4898-TN,4898,TN,DR,2026-02-06T00:00:00.000Z,2026,Winter Storm,SEVERE WINTER STORM,false,false,true,false,2026-01-22T00:00:00.000Z,2026-01-27T00:00:00.000Z,,false,47,171,99171,Unicoi (County),26018,2026-06-10T00:00:00.000Z,2026012101,4,"5,W",2026-04-11T11:41:11.644Z,82d20bd940dbed7a7af549e6fda588c5bf8a2c0d,ab1216e6-334e-4eae-a440-5ebef409d4b6,2026-02-06,2026-01-22,2026-01-27,,2026-06-10,2026-04-11T11:41:11Z,2026,02,1,2026,5,15,,false,false,Major Disaster,Tennessee,Region 4 — Atlanta,Atlanta,"AL,FL,GA,KY,MS,NC,SC,TN",Winter weather,Winter Storm; Severe Storm,false,false,false,false,false,false,false,true,true,false,false,1,false,true,false,47171,https://www.fema.gov/api/open/v2/DisasterDeclarationsSummaries,https://www.fema.gov/openfema-data-page/disaster-declarations-summaries-v2,2026-08-16T23:00:55Z
DR-4898-TN,4898,TN,DR,2026-02-06T00:00:00.000Z,2026,Winter Storm,SEVERE WINTER STORM,true,false,true,false,2026-01-22T00:00:00.000Z,2026-01-27T00:00:00.000Z,,false,47,169,99169,Trousdale (County),26018,2026-06-10T00:00:00.000Z,2026012101,4,"5,W",2026-04-11T11:41:11.644Z,d22b7360795a400443ed3763a7315abd7b9f9a33,66c4c2bf-c1f8-4a1c-a4c7-3e77976c8472,2026-02-06,2026-01-22,2026-01-27,,2026-06-10,2026-04-11T11:41:11Z,2026,02,1,2026,5,15,,false,false,Major Disaster,Tennessee,Region 4 — Atlanta,Atlanta,"AL,FL,GA,KY,MS,NC,SC,TN",Winter weather,Winter Storm; Severe Storm,false,false,false,false,false,false,false,true,true,false,false,2,true,true,false,47169,https://www.fema.gov/api/open/v2/DisasterDeclarationsSummaries,https://www.fema.gov/openfema-data-page/disaster-declarations-summaries-v2,2026-08-16T23:00:55Z
DR-4898-TN,4898,TN,DR,2026-02-06T00:00:00.000Z,2026,Winter Storm,SEVERE WINTER STORM,false,false,true,false,2026-01-22T00:00:00.000Z,2026-01-27T00:00:00.000Z,,false,47,167,99167,Tipton (County),26018,2026-06-10T00:00:00.000Z,2026012101,4,"5,W",2026-04-11T11:41:11.644Z,a2c47c721b5430d887ccf97add768e41dd4fdd16,c851e052-537e-437f-8ac2-17a8d8c1ad96,2026-02-06,2026-01-22,2026-01-27,,2026-06-10,2026-04-11T11:41:11Z,2026,02,1,2026,5,15,,false,false,Major Disaster,Tennessee,Region 4 — Atlanta,Atlanta,"AL,FL,GA,KY,MS,NC,SC,TN",Winter weather,Winter Storm; Severe Storm,false,false,false,false,false,false,false,true,true,false,false,1,false,true,false,47167,https://www.fema.gov/api/open/v2/DisasterDeclarationsSummaries,https://www.fema.gov/openfema-data-page/disaster-declarations-summaries-v2,2026-08-16T23:00:55Z
DR-4898-TN,4898,TN,DR,2026-02-06T00:00:00.000Z,2026,Winter Storm,SEVERE WINTER STORM,true,false,true,false,2026-01-22T00:00:00.000Z,2026-01-27T00:00:00.000Z,,false,47,165,99165,Sumner (County),26018,2026-06-10T00:00:00.000Z,2026012101,4,"5,W",2026-04-11T11:41:11.644Z,f854f935e89a30530552db651d8b74bf0507fc22,102abaf2-d358-46fd-8c64-dbab56bc3e8d,2026-02-06,2026-01-22,2026-01-27,,2026-06-10,2026-04-11T11:41:11Z,2026,02,1,2026,5,15,,false,false,Major Disaster,Tennessee,Region 4 — Atlanta,Atlanta,"AL,FL,GA,KY,MS,NC,SC,TN",Winter weather,Winter Storm; Severe Storm,false,false,false,false,false,false,false,true,true,false,false,2,true,true,false,47165,https://www.fema.gov/api/open/v2/DisasterDeclarationsSummaries,https://www.fema.gov/openfema-data-page/disaster-declarations-summaries-v2,2026-08-16T23:00:55Z
DR-4898-TN,4898,TN,DR,2026-02-06T00:00:00.000Z,2026,Winter Storm,SEVERE WINTER STORM,false,false,true,false,2026-01-22T00:00:00.000Z,2026-01-27T00:00:00.000Z,,false,47,163,99163,Sullivan (County),26018,2026-06-10T00:00:00.000Z,2026012101,4,"5,W",2026-04-11T11:41:11.644Z,ca9838f96dc71d8916d67a7e9485d1ffd85b28f8,6ca5e5b3-0504-4aa6-b265-07e073aba7d5,2026-02-06,2026-01-22,2026-01-27,,2026-06-10,2026-04-11T11:41:11Z,2026,02,1,2026,5,15,,false,false,Major Disaster,Tennessee,Region 4 — Atlanta,Atlanta,"AL,FL,GA,KY,MS,NC,SC,TN",Winter weather,Winter Storm; Severe Storm,false,false,false,false,false,false,false,true,true,false,false,1,false,true,false,47163,https://www.fema.gov/api/open/v2/DisasterDeclarationsSummaries,https://www.fema.gov/openfema-data-page/disaster-declarations-summaries-v2,2026-08-16T23:00:55Z
DR-4898-TN,4898,TN,DR,2026-02-06T00:00:00.000Z,2026,Winter Storm,SEVERE WINTER STORM,false,false,true,false,2026-01-22T00:00:00.000Z,2026-01-27T00:00:00.000Z,,false,47,161,99161,Stewart (County),26018,2026-06-10T00:00:00.000Z,2026012101,4,"5,W",2026-04-11T11:41:11.644Z,144000acbffbd86d804564264da95132a50723db,44837fde-0b72-4e06-b726-e4a54497eef4,2026-02-06,2026-01-22,2026-01-27,,2026-06-10,2026-04-11T11:41:11Z,2026,02,1,2026,5,15,,false,false,Major Disaster,Tennessee,Region 4 — Atlanta,Atlanta,"AL,FL,GA,KY,MS,NC,SC,TN",Winter weather,Winter Storm; Severe Storm,false,false,false,false,false,false,false,true,true,false,false,1,false,true,false,47161,https://www.fema.gov/api/open/v2/DisasterDeclarationsSummaries,https://www.fema.gov/openfema-data-page/disaster-declarations-summaries-v2,2026-08-16T23:00:55Z
DR-4898-TN,4898,TN,DR,2026-02-06T00:00:00.000Z,2026,Winter Storm,SEVERE WINTER STORM,false,false,true,false,2026-01-22T00:00:00.000Z,2026-01-27T00:00:00.000Z,,false,47,159,99159,Smith (County),26018,2026-06-10T00:00:00.000Z,2026012101,4,"5,W",2026-04-11T11:41:11.644Z,29b99c40fd910d45c5ae4a1d6b204f24fa1a0329,a9016a43-3d31-4f43-9db3-54284ffc008a,2026-02-06,2026-01-22,2026-01-27,,2026-06-10,2026-04-11T11:41:11Z,2026,02,1,2026,5,15,,false,false,Major Disaster,Tennessee,Region 4 — Atlanta,Atlanta,"AL,FL,GA,KY,MS,NC,SC,TN",Winter weather,Winter Storm; Severe Storm,false,false,false,false,false,false,false,true,true,false,false,1,false,true,false,47159,https://www.fema.gov/api/open/v2/DisasterDeclarationsSummaries,https://www.fema.gov/openfema-data-page/disaster-declarations-summaries-v2,2026-08-16T23:00:55Z
DR-4898-TN,4898,TN,DR,2026-02-06T00:00:00.000Z,2026,Winter Storm,SEVERE WINTER STORM,true,false,true,false,2026-01-22T00:00:00.000Z,2026-01-27T00:00:00.000Z,,false,47,157,99157,Shelby (County),26018,2026-06-10T00:00:00.000Z,2026012101,4,"5,W",2026-04-11T11:41:11.644Z,c8e04d12816e76fea8187ea9ab3e78c5d3a51381,b91bd7fa-0d80-49d6-a3b1-7918f95a999a,2026-02-06,2026-01-22,2026-01-27,,2026-06-10,2026-04-11T11:41:11Z,2026,02,1,2026,5,15,,false,false,Major Disaster,Tennessee,Region 4 — Atlanta,Atlanta,"AL,FL,GA,KY,MS,NC,SC,TN",Winter weather,Winter Storm; Severe Storm,false,false,false,false,false,false,false,true,true,false,false,2,true,true,false,47157,https://www.fema.gov/api/open/v2/DisasterDeclarationsSummaries,https://www.fema.gov/openfema-data-page/disaster-declarations-summaries-v2,2026-08-16T23:00:55Z
DR-4898-TN,4898,TN,DR,2026-02-06T00:00:00.000Z,2026,Winter Storm,SEVERE WINTER STORM,false,false,true,false,2026-01-22T00:00:00.000Z,2026-01-27T00:00:00.000Z,,false,47,155,99155,Sevier (County),26018,2026-06-10T00:00:00.000Z,2026012101,4,"5,W",2026-04-11T11:41:11.644Z,f2036a999d5d5d8ce4a6d94623c3d7952fe2e848,7ab4a3c0-0dff-4c4a-baec-4e6b0d707405,2026-02-06,2026-01-22,2026-01-27,,2026-06-10,2026-04-11T11:41:11Z,2026,02,1,2026,5,15,,false,false,Major Disaster,Tennessee,Region 4 — Atlanta,Atlanta,"AL,FL,GA,KY,MS,NC,SC,TN",Winter weather,Winter Storm; Severe Storm,false,false,false,false,false,false,false,true,true,false,false,1,false,true,false,47155,https://www.fema.gov/api/open/v2/DisasterDeclarationsSummaries,https://www.fema.gov/openfema-data-page/disaster-declarations-summaries-v2,2026-08-16T23:00:55Z
DR-4898-TN,4898,TN,DR,2026-02-06T00:00:00.000Z,2026,Winter Storm,SEVERE WINTER STORM,false,false,true,false,2026-01-22T00:00:00.000Z,2026-01-27T00:00:00.000Z,,false,47,153,99153,Sequatchie (County),26018,2026-06-10T00:00:00.000Z,2026012101,4,"5,W",2026-04-11T11:41:11.644Z,084b0354a9f89ac56094082b1806ef3438928624,85125d6f-bcf4-4836-bdec-eebfce664dee,2026-02-06,2026-01-22,2026-01-27,,2026-06-10,2026-04-11T11:41:11Z,2026,02,1,2026,5,15,,false,false,Major Disaster,Tennessee,Region 4 — Atlanta,Atlanta,"AL,FL,GA,KY,MS,NC,SC,TN",Winter weather,Winter Storm; Severe Storm,false,false,false,false,false,false,false,true,true,false,false,1,false,true,false,47153,https://www.fema.gov/api/open/v2/DisasterDeclarationsSummaries,https://www.fema.gov/openfema-data-page/disaster-declarations-summaries-v2,2026-08-16T23:00:55Z
DR-4898-TN,4898,TN,DR,2026-02-06T00:00:00.000Z,2026,Winter Storm,SEVERE WINTER STORM,false,false,true,false,2026-01-22T00:00:00.000Z,2026-01-27T00:00:00.000Z,,false,47,151,99151,Scott (County),26018,2026-06-10T00:00:00.000Z,2026012101,4,"5,W",2026-04-11T11:41:11.644Z,50d8ff444b3ab4ea3a0c07039248f74a5cc7aafa,6b7b45b5-c9e4-4799-97ba-3d797fe200b7,2026-02-06,2026-01-22,2026-01-27,,2026-06-10,2026-04-11T11:41:11Z,2026,02,1,2026,5,15,,false,false,Major Disaster,Tennessee,Region 4 — Atlanta,Atlanta,"AL,FL,GA,KY,MS,NC,SC,TN",Winter weather,Winter Storm; Severe Storm,false,false,false,false,false,false,false,true,true,false,false,1,false,true,false,47151,https://www.fema.gov/api/open/v2/DisasterDeclarationsSummaries,https://www.fema.gov/openfema-data-page/disaster-declarations-summaries-v2,2026-08-16T23:00:55Z
DR-4898-TN,4898,TN,DR,2026-02-06T00:00:00.000Z,2026,Winter Storm,SEVERE WINTER STORM,true,false,true,false,2026-01-22T00:00:00.000Z,2026-01-27T00:00:00.000Z,,false,47,149,99149,Rutherford (County),26018,2026-06-10T00:00:00.000Z,2026012101,4,"5,W",2026-04-11T11:41:11.644Z,294b803c8efd274b75b3622c7f0347d3956ecefc,833bbd16-453a-4006-9e52-1283faa134ae,2026-02-06,2026-01-22,2026-01-27,,2026-06-10,2026-04-11T11:41:11Z,2026,02,1,2026,5,15,,false,false,Major Disaster,Tennessee,Region 4 — Atlanta,Atlanta,"AL,FL,GA,KY,MS,NC,SC,TN",Winter weather,Winter Storm; Severe Storm,false,false,false,false,false,false,false,true,true,false,false,2,true,true,false,47149,https://www.fema.gov/api/open/v2/DisasterDeclarationsSummaries,https://www.fema.gov/openfema-data-page/disaster-declarations-summaries-v2,2026-08-16T23:00:55Z
DR-4898-TN,4898,TN,DR,2026-02-06T00:00:00.000Z,2026,Winter Storm,SEVERE WINTER STORM,true,false,true,false,2026-01-22T00:00:00.000Z,2026-01-27T00:00:00.000Z,,false,47,147,99147,Robertson (County),26018,2026-06-10T00:00:00.000Z,2026012101,4,"5,W",2026-04-11T11:41:11.644Z,43e21f23906c2ffbffa09f2e0fc09e41e4cc6106,c93a5edc-0f43-4285-b738-b2bf30388e6c,2026-02-06,2026-01-22,2026-01-27,,2026-06-10,2026-04-11T11:41:11Z,2026,02,1,2026,5,15,,false,false,Major Disaster,Tennessee,Region 4 — Atlanta,Atlanta,"AL,FL,GA,KY,MS,NC,SC,TN",Winter weather,Winter Storm; Severe Storm,false,false,false,false,false,false,false,true,true,false,false,2,true,true,false,47147,https://www.fema.gov/api/open/v2/DisasterDeclarationsSummaries,https://www.fema.gov/openfema-data-page/disaster-declarations-summaries-v2,2026-08-16T23:00:55Z
DR-4898-TN,4898,TN,DR,2026-02-06T00:00:00.000Z,2026,Winter Storm,SEVERE WINTER STORM,false,false,true,false,2026-01-22T00:00:00.000Z,2026-01-27T00:00:00.000Z,,false,47,145,99145,Roane (County),26018,2026-06-10T00:00:00.000Z,2026012101,4,"5,W",2026-04-11T11:41:11.644Z,4da2b7eb3aaf24deebca9a2187d76d5b503722e2,f299e2f8-2c5d-47ae-bca8-23ce3b51a389,2026-02-06,2026-01-22,2026-01-27,,2026-06-10,2026-04-11T11:41:11Z,2026,02,1,2026,5,15,,false,false,Major Disaster,Tennessee,Region 4 — Atlanta,Atlanta,"AL,FL,GA,KY,MS,NC,SC,TN",Winter weather,Winter Storm; Severe Storm,false,false,false,false,false,false,false,true,true,false,false,1,false,true,false,47145,https://www.fema.gov/api/open/v2/DisasterDeclarationsSummaries,https://www.fema.gov/openfema-data-page/disaster-declarations-summaries-v2,2026-08-16T23:00:55Z
DR-4898-TN,4898,TN,DR,2026-02-06T00:00:00.000Z,2026,Winter Storm,SEVERE WINTER STORM,false,false,true,false,2026-01-22T00:00:00.000Z,2026-01-27T00:00:00.000Z,,false,47,143,99143,Rhea (County),26018,2026-06-10T00:00:00.000Z,2026012101,4,"5,W",2026-04-11T11:41:11.644Z,b411f92e9a98cb74e38c3a8f5ef409b4f09f5440,6a97f4e8-e218-44a1-8c09-ff589db330ea,2026-02-06,2026-01-22,2026-01-27,,2026-06-10,2026-04-11T11:41:11Z,2026,02,1,2026,5,15,,false,false,Major Disaster,Tennessee,Region 4 — Atlanta,Atlanta,"AL,FL,GA,KY,MS,NC,SC,TN",Winter weather,Winter Storm; Severe Storm,false,false,false,false,false,false,false,true,true,false,false,1,false,true,false,47143,https://www.fema.gov/api/open/v2/DisasterDeclarationsSummaries,https://www.fema.gov/openfema-data-page/disaster-declarations-summaries-v2,2026-08-16T23:00:55Z
DR-4898-TN,4898,TN,DR,2026-02-06T00:00:00.000Z,2026,Winter Storm,SEVERE WINTER STORM,false,false,true,false,2026-01-22T00:00:00.000Z,2026-01-27T00:00:00.000Z,,false,47,141,99141,Putnam (County),26018,2026-06-10T00:00:00.000Z,2026012101,4,"5,W",2026-04-11T11:41:11.644Z,0279a6f846131d2dee518f191592e35e193e72ba,dde0013b-64e3-4dff-aa49-4cedf83a8ec3,2026-02-06,2026-01-22,2026-01-27,,2026-06-10,2026-04-11T11:41:11Z,2026,02,1,2026,5,15,,false,false,Major Disaster,Tennessee,Region 4 — Atlanta,Atlanta,"AL,FL,GA,KY,MS,NC,SC,TN",Winter weather,Winter Storm; Severe Storm,false,false,false,false,false,false,false,true,true,false,false,1,false,true,false,47141,https://www.fema.gov/api/open/v2/DisasterDeclarationsSummaries,https://www.fema.gov/openfema-data-page/disaster-declarations-summaries-v2,2026-08-16T23:00:55Z
DR-4898-TN,4898,TN,DR,2026-02-06T00:00:00.000Z,2026,Winter Storm,SEVERE WINTER STORM,false,false,true,false,2026-01-22T00:00:00.000Z,2026-01-27T00:00:00.000Z,,false,47,139,99139,Polk (County),26018,2026-06-10T00:00:00.000Z,2026012101,4,"5,W",2026-04-11T11:41:11.644Z,ce504c6b5eea9ff5168176f1dcac045e9d306a0d,521dd7ed-6686-4614-90c4-8a9f1155d8bf,2026-02-06,2026-01-22,2026-01-27,,2026-06-10,2026-04-11T11:41:11Z,2026,02,1,2026,5,15,,false,false,Major Disaster,Tennessee,Region 4 — Atlanta,Atlanta,"AL,FL,GA,KY,MS,NC,SC,TN",Winter weather,Winter Storm; Severe Storm,false,false,false,false,false,false,false,true,true,false,false,1,false,true,false,47139,https://www.fema.gov/api/open/v2/DisasterDeclarationsSummaries,https://www.fema.gov/openfema-data-page/disaster-declarations-summaries-v2,2026-08-16T23:00:55Z
DR-4898-TN,4898,TN,DR,2026-02-06T00:00:00.000Z,2026,Winter Storm,SEVERE WINTER STORM,false,false,true,false,2026-01-22T00:00:00.000Z,2026-01-27T00:00:00.000Z,,false,47,137,99137,Pickett (County),26018,2026-06-10T00:00:00.000Z,2026012101,4,"5,W",2026-04-11T11:41:11.644Z,7a0623679652784c7a08b48aee447221105001d0,87625c93-0127-487b-abbd-34c15a8edcfa,2026-02-06,2026-01-22,2026-01-27,,2026-06-10,2026-04-11T11:41:11Z,2026,02,1,2026,5,15,,false,false,Major Disaster,Tennessee,Region 4 — Atlanta,Atlanta,"AL,FL,GA,KY,MS,NC,SC,TN",Winter weather,Winter Storm; Severe Storm,false,false,false,false,false,false,false,true,true,false,false,1,false,true,false,47137,https://www.fema.gov/api/open/v2/DisasterDeclarationsSummaries,https://www.fema.gov/openfema-data-page/disaster-declarations-summaries-v2,2026-08-16T23:00:55Z
DR-4898-TN,4898,TN,DR,2026-02-06T00:00:00.000Z,2026,Winter Storm,SEVERE WINTER STORM,true,false,true,false,2026-01-22T00:00:00.000Z,2026-01-27T00:00:00.000Z,,false,47,135,99135,Perry (County),26018,2026-06-10T00:00:00.000Z,2026012101,4,"5,W",2026-04-11T11:41:11.644Z,6f30ee913d19c707d803e9ec16d064314923fc54,abcf7246-fcde-4a5f-b444-da62fc6c5638,2026-02-06,2026-01-22,2026-01-27,,2026-06-10,2026-04-11T11:41:11Z,2026,02,1,2026,5,15,,false,false,Major Disaster,Tennessee,Region 4 — Atlanta,Atlanta,"AL,FL,GA,KY,MS,NC,SC,TN",Winter weather,Winter Storm; Severe Storm,false,false,false,false,false,false,false,true,true,false,false,2,true,true,false,47135,https://www.fema.gov/api/open/v2/DisasterDeclarationsSummaries,https://www.fema.gov/openfema-data-page/disaster-declarations-summaries-v2,2026-08-16T23:00:55Z
DR-4898-TN,4898,TN,DR,2026-02-06T00:00:00.000Z,2026,Winter Storm,SEVERE WINTER STORM,false,false,true,false,2026-01-22T00:00:00.000Z,2026-01-27T00:00:00.000Z,,false,47,133,99133,Overton (County),26018,2026-06-10T00:00:00.000Z,2026012101,4,"5,W",2026-04-11T11:41:11.644Z,dfcc23ed6a8eb26c0de19c1b0c796db047f2c929,e7b2c95c-e036-4501-b47b-d0d54c56bd28,2026-02-06,2026-01-22,2026-01-27,,2026-06-10,2026-04-11T11:41:11Z,2026,02,1,2026,5,15,,false,false,Major Disaster,Tennessee,Region 4 — Atlanta,Atlanta,"AL,FL,GA,KY,MS,NC,SC,TN",Winter weather,Winter Storm; Severe Storm,false,false,false,false,false,false,false,true,true,false,false,1,false,true,false,47133,https://www.fema.gov/api/open/v2/DisasterDeclarationsSummaries,https://www.fema.gov/openfema-data-page/disaster-declarations-summaries-v2,2026-08-16T23:00:55Z
DR-4898-TN,4898,TN,DR,2026-02-06T00:00:00.000Z,2026,Winter Storm,SEVERE WINTER STORM,false,false,true,false,2026-01-22T00:00:00.000Z,2026-01-27T00:00:00.000Z,,false,47,131,99131,Obion (County),26018,2026-06-10T00:00:00.000Z,2026012101,4,"5,W",2026-04-11T11:41:11.644Z,7dc3ed6121c7186cf63aa29618381f236750bd9a,98e3bd62-506e-460a-b508-f3d92d42685a,2026-02-06,2026-01-22,2026-01-27,,2026-06-10,2026-04-11T11:41:11Z,2026,02,1,2026,5,15,,false,false,Major Disaster,Tennessee,Region 4 — Atlanta,Atlanta,"AL,FL,GA,KY,MS,NC,SC,TN",Winter weather,Winter Storm; Severe Storm,false,false,false,false,false,false,false,true,true,false,false,1,false,true,false,47131,https://www.fema.gov/api/open/v2/DisasterDeclarationsSummaries,https://www.fema.gov/openfema-data-page/disaster-declarations-summaries-v2,2026-08-16T23:00:55Z
DR-4898-TN,4898,TN,DR,2026-02-06T00:00:00.000Z,2026,Winter Storm,SEVERE WINTER STORM,false,false,true,false,2026-01-22T00:00:00.000Z,2026-01-27T00:00:00.000Z,,false,47,129,99129,Morgan (County),26018,2026-06-10T00:00:00.000Z,2026012101,4,"5,W",2026-04-11T11:41:11.644Z,457d07f713b5950a01e7c0778d0313b9594bdd3e,a2afb066-ed3a-4a7d-8675-166b0d2d9a9a,2026-02-06,2026-01-22,2026-01-27,,2026-06-10,2026-04-11T11:41:11Z,2026,02,1,2026,5,15,,false,false,Major Disaster,Tennessee,Region 4 — Atlanta,Atlanta,"AL,FL,GA,KY,MS,NC,SC,TN",Winter weather,Winter Storm; Severe Storm,false,false,false,false,false,false,false,true,true,false,false,1,false,true,false,47129,https://www.fema.gov/api/open/v2/DisasterDeclarationsSummaries,https://www.fema.gov/openfema-data-page/disaster-declarations-summaries-v2,2026-08-16T23:00:55Z
DR-4898-TN,4898,TN,DR,2026-02-06T00:00:00.000Z,2026,Winter Storm,SEVERE WINTER STORM,false,false,true,false,2026-01-22T00:00:00.000Z,2026-01-27T00:00:00.000Z,,false,47,127,99127,Moore (County),26018,2026-06-10T00:00:00.000Z,2026012101,4,"5,W",2026-04-11T11:41:11.644Z,ec1d816988f1eb09338140bb537980796e94be0a,9e473e88-b17a-468f-865c-1483c3eb945f,2026-02-06,2026-01-22,2026-01-27,,2026-06-10,2026-04-11T11:41:11Z,2026,02,1,2026,5,15,,false,false,Major Disaster,Tennessee,Region 4 — Atlanta,Atlanta,"AL,FL,GA,KY,MS,NC,SC,TN",Winter weather,Winter Storm; Severe Storm,false,false,false,false,false,false,false,true,true,false,false,1,false,true,false,47127,https://www.fema.gov/api/open/v2/DisasterDeclarationsSummaries,https://www.fema.gov/openfema-data-page/disaster-declarations-summaries-v2,2026-08-16T23:00:55Z
DR-4898-TN,4898,TN,DR,2026-02-06T00:00:00.000Z,2026,Winter Storm,SEVERE WINTER STORM,true,false,true,false,2026-01-22T00:00:00.000Z,2026-01-27T00:00:00.000Z,,false,47,125,99125,Montgomery (County),26018,2026-06-10T00:00:00.000Z,2026012101,4,"5,W",2026-04-11T11:41:11.644Z,f57edfb273c2749334913c185083f0a36316dfee,76cf4cc7-d13d-420a-9e50-50b15495e1eb,2026-02-06,2026-01-22,2026-01-27,,2026-06-10,2026-04-11T11:41:11Z,2026,02,1,2026,5,15,,false,false,Major Disaster,Tennessee,Region 4 — Atlanta,Atlanta,"AL,FL,GA,KY,MS,NC,SC,TN",Winter weather,Winter Storm; Severe Storm,false,false,false,false,false,false,false,true,true,false,false,2,true,true,false,47125,https://www.fema.gov/api/open/v2/DisasterDeclarationsSummaries,https://www.fema.gov/openfema-data-page/disaster-declarations-summaries-v2,2026-08-16T23:00:55Z
DR-4898-TN,4898,TN,DR,2026-02-06T00:00:00.000Z,2026,Winter Storm,SEVERE WINTER STORM,false,false,true,false,2026-01-22T00:00:00.000Z,2026-01-27T00:00:00.000Z,,false,47,123,99123,Monroe (County),26018,2026-06-10T00:00:00.000Z,2026012101,4,"5,W",2026-04-11T11:41:11.644Z,161cd9c73a8936b9641cc9016060dd1c55affe0c,95e0acab-68b8-4436-9d4e-6f9060be0b19,2026-02-06,2026-01-22,2026-01-27,,2026-06-10,2026-04-11T11:41:11Z,2026,02,1,2026,5,15,,false,false,Major Disaster,Tennessee,Region 4 — Atlanta,Atlanta,"AL,FL,GA,KY,MS,NC,SC,TN",Winter weather,Winter Storm; Severe Storm,false,false,false,false,false,false,false,true,true,false,false,1,false,true,false,47123,https://www.fema.gov/api/open/v2/DisasterDeclarationsSummaries,https://www.fema.gov/openfema-data-page/disaster-declarations-summaries-v2,2026-08-16T23:00:55Z
DR-4898-TN,4898,TN,DR,2026-02-06T00:00:00.000Z,2026,Winter Storm,SEVERE WINTER STORM,false,false,true,false,2026-01-22T00:00:00.000Z,2026-01-27T00:00:00.000Z,,false,47,121,99121,Meigs (County),26018,2026-06-10T00:00:00.000Z,2026012101,4,"5,W",2026-04-11T11:41:11.644Z,dc76decc4d4ea3bb9a96e26b6e6f42a26a08d136,aff3a6dc-79de-4c54-b181-6bd35a00d699,2026-02-06,2026-01-22,2026-01-27,,2026-06-10,2026-04-11T11:41:11Z,2026,02,1,2026,5,15,,false,false,Major Disaster,Tennessee,Region 4 — Atlanta,Atlanta,"AL,FL,GA,KY,MS,NC,SC,TN",Winter weather,Winter Storm; Severe Storm,false,false,false,false,false,false,false,true,true,false,false,1,false,true,false,47121,https://www.fema.gov/api/open/v2/DisasterDeclarationsSummaries,https://www.fema.gov/openfema-data-page/disaster-declarations-summaries-v2,2026-08-16T23:00:55Z
DR-4898-TN,4898,TN,DR,2026-02-06T00:00:00.000Z,2026,Winter Storm,SEVERE WINTER STORM,true,false,true,false,2026-01-22T00:00:00.000Z,2026-01-27T00:00:00.000Z,,false,47,119,99119,Maury (County),26018,2026-06-10T00:00:00.000Z,2026012101,4,"5,W",2026-04-11T11:41:11.644Z,f9ad6e89ba060cf4403fd042d1e0bc3c45e9e613,4d32ccd7-cb46-49fc-a833-5f7632418bcf,2026-02-06,2026-01-22,2026-01-27,,2026-06-10,2026-04-11T11:41:11Z,2026,02,1,2026,5,15,,false,false,Major Disaster,Tennessee,Region 4 — Atlanta,Atlanta,"AL,FL,GA,KY,MS,NC,SC,TN",Winter weather,Winter Storm; Severe Storm,false,false,false,false,false,false,false,true,true,false,false,2,true,true,false,47119,https://www.fema.gov/api/open/v2/DisasterDeclarationsSummaries,https://www.fema.gov/openfema-data-page/disaster-declarations-summaries-v2,2026-08-16T23:00:55Z
DR-4898-TN,4898,TN,DR,2026-02-06T00:00:00.000Z,2026,Winter Storm,SEVERE WINTER STORM,false,false,true,false,2026-01-22T00:00:00.000Z,2026-01-27T00:00:00.000Z,,false,47,117,99117,Marshall (County),26018,2026-06-10T00:00:00.000Z,2026012101,4,"5,W",2026-04-11T11:41:11.644Z,d0a316b0153560702095549ef033a5b706dba1c8,51910de3-7b87-4f14-ac09-2cb402a329e8,2026-02-06,2026-01-22,2026-01-27,,2026-06-10,2026-04-11T11:41:11Z,2026,02,1,2026,5,15,,false,false,Major Disaster,Tennessee,Region 4 — Atlanta,Atlanta,"AL,FL,GA,KY,MS,NC,SC,TN",Winter weather,Winter Storm; Severe Storm,false,false,false,false,false,false,false,true,true,false,false,1,false,true,false,47117,https://www.fema.gov/api/open/v2/DisasterDeclarationsSummaries,https://www.fema.gov/openfema-data-page/disaster-declarations-summaries-v2,2026-08-16T23:00:55Z
DR-4898-TN,4898,TN,DR,2026-02-06T00:00:00.000Z,2026,Winter Storm,SEVERE WINTER STORM,false,false,true,false,2026-01-22T00:00:00.000Z,2026-01-27T00:00:00.000Z,,false,47,115,99115,Marion (County),26018,2026-06-10T00:00:00.000Z,2026012101,4,"5,W",2026-04-11T11:41:11.644Z,98548e948d825c6be18a35290d78a8d71ac5005a,c3d9b765-e6f6-45f2-a7d5-b02d178b3361,2026-02-06,2026-01-22,2026-01-27,,2026-06-10,2026-04-11T11:41:11Z,2026,02,1,2026,5,15,,false,false,Major Disaster,Tennessee,Region 4 — Atlanta,Atlanta,"AL,FL,GA,KY,MS,NC,SC,TN",Winter weather,Winter Storm; Severe Storm,false,false,false,false,false,false,false,true,true,false,false,1,false,true,false,47115,https://www.fema.gov/api/open/v2/DisasterDeclarationsSummaries,https://www.fema.gov/openfema-data-page/disaster-declarations-summaries-v2,2026-08-16T23:00:55Z
DR-4898-TN,4898,TN,DR,2026-02-06T00:00:00.000Z,2026,Winter Storm,SEVERE WINTER STORM,true,false,true,false,2026-01-22T00:00:00.000Z,2026-01-27T00:00:00.000Z,,false,47,113,99113,Madison (County),26018,2026-06-10T00:00:00.000Z,2026012101,4,"5,W",2026-04-11T11:41:11.644Z,88f5a731d9bce6d07142c6d09909a58a47baa3f7,7b6ff198-d4e4-4c4b-b04e-7c160883bbef,2026-02-06,2026-01-22,2026-01-27,,2026-06-10,2026-04-11T11:41:11Z,2026,02,1,2026,5,15,,false,false,Major Disaster,Tennessee,Region 4 — Atlanta,Atlanta,"AL,FL,GA,KY,MS,NC,SC,TN",Winter weather,Winter Storm; Severe Storm,false,false,false,false,false,false,false,true,true,false,false,2,true,true,false,47113,https://www.fema.gov/api/open/v2/DisasterDeclarationsSummaries,https://www.fema.gov/openfema-data-page/disaster-declarations-summaries-v2,2026-08-16T23:00:55Z
DR-4898-TN,4898,TN,DR,2026-02-06T00:00:00.000Z,2026,Winter Storm,SEVERE WINTER STORM,true,false,true,false,2026-01-22T00:00:00.000Z,2026-01-27T00:00:00.000Z,,false,47,111,99111,Macon (County),26018,2026-06-10T00:00:00.000Z,2026012101,4,"5,W",2026-04-11T11:41:11.644Z,d417015273be6655dada2e28effda48eae5687fe,666d3f84-21af-4e33-886a-721139557443,2026-02-06,2026-01-22,2026-01-27,,2026-06-10,2026-04-11T11:41:11Z,2026,02,1,2026,5,15,,false,false,Major Disaster,Tennessee,Region 4 — Atlanta,Atlanta,"AL,FL,GA,KY,MS,NC,SC,TN",Winter weather,Winter Storm; Severe Storm,false,false,false,false,false,false,false,true,true,false,false,2,true,true,false,47111,https://www.fema.gov/api/open/v2/DisasterDeclarationsSummaries,https://www.fema.gov/openfema-data-page/disaster-declarations-summaries-v2,2026-08-16T23:00:55Z
DR-4898-TN,4898,TN,DR,2026-02-06T00:00:00.000Z,2026,Winter Storm,SEVERE WINTER STORM,true,false,true,false,2026-01-22T00:00:00.000Z,2026-01-27T00:00:00.000Z,,false,47,109,99109,McNairy (County),26018,2026-06-10T00:00:00.000Z,2026012101,4,"5,W",2026-04-11T11:41:11.644Z,28b575594e0296366c469d42bdcd4e9833c67562,3009f8a4-867d-47c7-9fdb-75f32671318b,2026-02-06,2026-01-22,2026-01-27,,2026-06-10,2026-04-11T11:41:11Z,2026,02,1,2026,5,15,,false,false,Major Disaster,Tennessee,Region 4 — Atlanta,Atlanta,"AL,FL,GA,KY,MS,NC,SC,TN",Winter weather,Winter Storm; Severe Storm,false,false,false,false,false,false,false,true,true,false,false,2,true,true,false,47109,https://www.fema.gov/api/open/v2/DisasterDeclarationsSummaries,https://www.fema.gov/openfema-data-page/disaster-declarations-summaries-v2,2026-08-16T23:00:55Z
DR-4898-TN,4898,TN,DR,2026-02-06T00:00:00.000Z,2026,Winter Storm,SEVERE WINTER STORM,false,false,true,false,2026-01-22T00:00:00.000Z,2026-01-27T00:00:00.000Z,,false,47,107,99107,McMinn (County),26018,2026-06-10T00:00:00.000Z,2026012101,4,"5,W",2026-04-11T11:41:11.644Z,b04005828d16750bbc5aab2d7c073505d3db362c,53f83a48-32fa-4697-9570-31fca2b61b38,2026-02-06,2026-01-22,2026-01-27,,2026-06-10,2026-04-11T11:41:11Z,2026,02,1,2026,5,15,,false,false,Major Disaster,Tennessee,Region 4 — Atlanta,Atlanta,"AL,FL,GA,KY,MS,NC,SC,TN",Winter weather,Winter Storm; Severe Storm,false,false,false,false,false,false,false,true,true,false,false,1,false,true,false,47107,https://www.fema.gov/api/open/v2/DisasterDeclarationsSummaries,https://www.fema.gov/openfema-data-page/disaster-declarations-summaries-v2,2026-08-16T23:00:55Z
DR-4898-TN,4898,TN,DR,2026-02-06T00:00:00.000Z,2026,Winter Storm,SEVERE WINTER STORM,false,false,true,false,2026-01-22T00:00:00.000Z,2026-01-27T00:00:00.000Z,,false,47,105,99105,Loudon (County),26018,2026-06-10T00:00:00.000Z,2026012101,4,"5,W",2026-04-11T11:41:11.644Z,e233670733c6b0b18dbd76c01dbcdcf37ce7ae02,c7613113-d37b-4841-9de7-85c49916afa3,2026-02-06,2026-01-22,2026-01-27,,2026-06-10,2026-04-11T11:41:11Z,2026,02,1,2026,5,15,,false,false,Major Disaster,Tennessee,Region 4 — Atlanta,Atlanta,"AL,FL,GA,KY,MS,NC,SC,TN",Winter weather,Winter Storm; Severe Storm,false,false,false,false,false,false,false,true,true,false,false,1,false,true,false,47105,https://www.fema.gov/api/open/v2/DisasterDeclarationsSummaries,https://www.fema.gov/openfema-data-page/disaster-declarations-summaries-v2,2026-08-16T23:00:55Z
DR-4898-TN,4898,TN,DR,2026-02-06T00:00:00.000Z,2026,Winter Storm,SEVERE WINTER STORM,false,false,true,false,2026-01-22T00:00:00.000Z,2026-01-27T00:00:00.000Z,,false,47,103,99103,Lincoln (County),26018,2026-06-10T00:00:00.000Z,2026012101,4,"5,W",2026-04-11T11:41:11.644Z,12611a797ece1e45af5c690baf96019236539b73,8cbdbb8f-2f1f-40c6-8c94-2fbeb611cbca,2026-02-06,2026-01-22,2026-01-27,,2026-06-10,2026-04-11T11:41:11Z,2026,02,1,2026,5,15,,false,false,Major Disaster,Tennessee,Region 4 — Atlanta,Atlanta,"AL,FL,GA,KY,MS,NC,SC,TN",Winter weather,Winter Storm; Severe Storm,false,false,false,false,false,false,false,true,true,false,false,1,false,true,false,47103,https://www.fema.gov/api/open/v2/DisasterDeclarationsSummaries,https://www.fema.gov/openfema-data-page/disaster-declarations-summaries-v2,2026-08-16T23:00:55Z
DR-4898-TN,4898,TN,DR,2026-02-06T00:00:00.000Z,2026,Winter Storm,SEVERE WINTER STORM,true,false,true,false,2026-01-22T00:00:00.000Z,2026-01-27T00:00:00.000Z,,false,47,101,99101,Lewis (County),26018,2026-06-10T00:00:00.000Z,2026012101,4,"5,W",2026-04-11T11:41:11.644Z,391d9b4ee56566723d6021b25f762332fa87f554,052e88ee-3e39-4978-87c3-b5f65d5244f3,2026-02-06,2026-01-22,2026-01-27,,2026-06-10,2026-04-11T11:41:11Z,2026,02,1,2026,5,15,,false,false,Major Disaster,Tennessee,Region 4 — Atlanta,Atlanta,"AL,FL,GA,KY,MS,NC,SC,TN",Winter weather,Winter Storm; Severe Storm,false,false,false,false,false,false,false,true,true,false,false,2,true,true,false,47101,https://www.fema.gov/api/open/v2/DisasterDeclarationsSummaries,https://www.fema.gov/openfema-data-page/disaster-declarations-summaries-v2,2026-08-16T23:00:55Z
DR-4898-TN,4898,TN,DR,2026-02-06T00:00:00.000Z,2026,Winter Storm,SEVERE WINTER STORM,false,false,true,false,2026-01-22T00:00:00.000Z,2026-01-27T00:00:00.000Z,,false,47,099,99099,Lawrence (County),26018,2026-06-10T00:00:00.000Z,2026012101,4,"5,W",2026-04-11T11:41:11.644Z,c8eb89fac3b4176277e1c75e77482025f3477881,16b47662-01bb-4356-8893-0d28b70780a6,2026-02-06,2026-01-22,2026-01-27,,2026-06-10,2026-04-11T11:41:11Z,2026,02,1,2026,5,15,,false,false,Major Disaster,Tennessee,Region 4 — Atlanta,Atlanta,"AL,FL,GA,KY,MS,NC,SC,TN",Winter weather,Winter Storm; Severe Storm,false,false,false,false,false,false,false,true,true,false,false,1,false,true,false,47099,https://www.fema.gov/api/open/v2/DisasterDeclarationsSummaries,https://www.fema.gov/openfema-data-page/disaster-declarations-summaries-v2,2026-08-16T23:00:55Z
DR-4898-TN,4898,TN,DR,2026-02-06T00:00:00.000Z,2026,Winter Storm,SEVERE WINTER STORM,false,false,true,false,2026-01-22T00:00:00.000Z,2026-01-27T00:00:00.000Z,,false,47,097,99097,Lauderdale (County),26018,2026-06-10T00:00:00.000Z,2026012101,4,"5,W",2026-04-11T11:41:11.644Z,7db5e13894f2c81f6fd7ad5b2290fb9f829ab05f,6797c642-ee59-4440-8a2c-9c31495dfab7,2026-02-06,2026-01-22,2026-01-27,,2026-06-10,2026-04-11T11:41:11Z,2026,02,1,2026,5,15,,false,false,Major Disaster,Tennessee,Region 4 — Atlanta,Atlanta,"AL,FL,GA,KY,MS,NC,SC,TN",Winter weather,Winter Storm; Severe Storm,false,false,false,false,false,false,false,true,true,false,false,1,false,true,false,47097,https://www.fema.gov/api/open/v2/DisasterDeclarationsSummaries,https://www.fema.gov/openfema-data-page/disaster-declarations-summaries-v2,2026-08-16T23:00:55Z
DR-4898-TN,4898,TN,DR,2026-02-06T00:00:00.000Z,2026,Winter Storm,SEVERE WINTER STORM,false,false,true,false,2026-01-22T00:00:00.000Z,2026-01-27T00:00:00.000Z,,false,47,095,99095,Lake (County),26018,2026-06-10T00:00:00.000Z,2026012101,4,"5,W",2026-04-11T11:41:11.644Z,1993145f3076542f04fabc78d1de885b5d1053bb,e39be445-531d-467c-bbe2-b47bedf10614,2026-02-06,2026-01-22,2026-01-27,,2026-06-10,2026-04-11T11:41:11Z,2026,02,1,2026,5,15,,false,false,Major Disaster,Tennessee,Region 4 — Atlanta,Atlanta,"AL,FL,GA,KY,MS,NC,SC,TN",Winter weather,Winter Storm; Severe Storm,false,false,false,false,false,false,false,true,true,false,false,1,false,true,false,47095,https://www.fema.gov/api/open/v2/DisasterDeclarationsSummaries,https://www.fema.gov/openfema-data-page/disaster-declarations-summaries-v2,2026-08-16T23:00:55Z
DR-4898-TN,4898,TN,DR,2026-02-06T00:00:00.000Z,2026,Winter Storm,SEVERE WINTER STORM,false,false,true,false,2026-01-22T00:00:00.000Z,2026-01-27T00:00:00.000Z,,false,47,093,99093,Knox (County),26018,2026-06-10T00:00:00.000Z,2026012101,4,"5,W",2026-04-11T11:41:11.644Z,d6a34007533b0e377efbb04041884b94f87b5ead,379e8189-102c-4d5d-97c9-68804d17b9a9,2026-02-06,2026-01-22,2026-01-27,,2026-06-10,2026-04-11T11:41:11Z,2026,02,1,2026,5,15,,false,false,Major Disaster,Tennessee,Region 4 — Atlanta,Atlanta,"AL,FL,GA,KY,MS,NC,SC,TN",Winter weather,Winter Storm; Severe Storm,false,false,false,false,false,false,false,true,true,false,false,1,false,true,false,47093,https://www.fema.gov/api/open/v2/DisasterDeclarationsSummaries,https://www.fema.gov/openfema-data-page/disaster-declarations-summaries-v2,2026-08-16T23:00:55Z
DR-4898-TN,4898,TN,DR,2026-02-06T00:00:00.000Z,2026,Winter Storm,SEVERE WINTER STORM,false,false,true,false,2026-01-22T00:00:00.000Z,2026-01-27T00:00:00.000Z,,false,47,091,99091,Johnson (County),26018,2026-06-10T00:00:00.000Z,2026012101,4,"5,W",2026-04-11T11:41:11.644Z,2d3f47c8bc91d2a08bd49ec7bf30ad0839d6fa4a,a49b7d16-8083-462e-ae32-0efb758e21f8,2026-02-06,2026-01-22,2026-01-27,,2026-06-10,2026-04-11T11:41:11Z,2026,02,1,2026,5,15,,false,false,Major Disaster,Tennessee,Region 4 — Atlanta,Atlanta,"AL,FL,GA,KY,MS,NC,SC,TN",Winter weather,Winter Storm; Severe Storm,false,false,false,false,false,false,false,true,true,false,false,1,false,true,false,47091,https://www.fema.gov/api/open/v2/DisasterDeclarationsSummaries,https://www.fema.gov/openfema-data-page/disaster-declarations-summaries-v2,2026-08-16T23:00:55Z
DR-4898-TN,4898,TN,DR,2026-02-06T00:00:00.000Z,2026,Winter Storm,SEVERE WINTER STORM,false,false,true,false,2026-01-22T00:00:00.000Z,2026-01-27T00:00:00.000Z,,false,47,089,99089,Jefferson (County),26018,2026-06-10T00:00:00.000Z,2026012101,4,"5,W",2026-04-11T11:41:11.644Z,e192fe793f4c99c36ab40ab36403a61c35e0e06b,d4d55b76-318a-4349-925d-8c2ce05048b9,2026-02-06,2026-01-22,2026-01-27,,2026-06-10,2026-04-11T11:41:11Z,2026,02,1,2026,5,15,,false,false,Major Disaster,Tennessee,Region 4 — Atlanta,Atlanta,"AL,FL,GA,KY,MS,NC,SC,TN",Winter weather,Winter Storm; Severe Storm,false,false,false,false,false,false,false,true,true,false,false,1,false,true,false,47089,https://www.fema.gov/api/open/v2/DisasterDeclarationsSummaries,https://www.fema.gov/openfema-data-page/disaster-declarations-summaries-v2,2026-08-16T23:00:55Z
DR-4898-TN,4898,TN,DR,2026-02-06T00:00:00.000Z,2026,Winter Storm,SEVERE WINTER STORM,false,false,true,false,2026-01-22T00:00:00.000Z,2026-01-27T00:00:00.000Z,,false,47,087,99087,Jackson (County),26018,2026-06-10T00:00:00.000Z,2026012101,4,"5,W",2026-04-11T11:41:11.644Z,b6964428bcb57bc28b548bbd66bf43e91ba4020c,4af6a36e-2e7d-47c7-b7a2-c49f1f9f640b,2026-02-06,2026-01-22,2026-01-27,,2026-06-10,2026-04-11T11:41:11Z,2026,02,1,2026,5,15,,false,false,Major Disaster,Tennessee,Region 4 — Atlanta,Atlanta,"AL,FL,GA,KY,MS,NC,SC,TN",Winter weather,Winter Storm; Severe Storm,false,false,false,false,false,false,false,true,true,false,false,1,false,true,false,47087,https://www.fema.gov/api/open/v2/DisasterDeclarationsSummaries,https://www.fema.gov/openfema-data-page/disaster-declarations-summaries-v2,2026-08-16T23:00:55Z
DR-4898-TN,4898,TN,DR,2026-02-06T00:00:00.000Z,2026,Winter Storm,SEVERE WINTER STORM,false,false,true,false,2026-01-22T00:00:00.000Z,2026-01-27T00:00:00.000Z,,false,47,085,99085,Humphreys (County),26018,2026-06-10T00:00:00.000Z,2026012101,4,"5,W",2026-04-11T11:41:11.644Z,3387b57f7f884c0cc9645ff8324ce058ae371383,beaddee3-3e79-4285-b4d6-14e7cfbad3b4,2026-02-06,2026-01-22,2026-01-27,,2026-06-10,2026-04-11T11:41:11Z,2026,02,1,2026,5,15,,false,false,Major Disaster,Tennessee,Region 4 — Atlanta,Atlanta,"AL,FL,GA,KY,MS,NC,SC,TN",Winter weather,Winter Storm; Severe Storm,false,false,false,false,false,false,false,true,true,false,false,1,false,true,false,47085,https://www.fema.gov/api/open/v2/DisasterDeclarationsSummaries,https://www.fema.gov/openfema-data-page/disaster-declarations-summaries-v2,2026-08-16T23:00:55Z
DR-4898-TN,4898,TN,DR,2026-02-06T00:00:00.000Z,2026,Winter Storm,SEVERE WINTER STORM,false,false,true,false,2026-01-22T00:00:00.000Z,2026-01-27T00:00:00.000Z,,false,47,083,99083,Houston (County),26018,2026-06-10T00:00:00.000Z,2026012101,4,"5,W",2026-04-11T11:41:11.644Z,c18a6b0cf4c6407254d36bbb575d5cbad04bbfe0,c3727335-c056-4e18-8d98-5881f0e3c059,2026-02-06,2026-01-22,2026-01-27,,2026-06-10,2026-04-11T11:41:11Z,2026,02,1,2026,5,15,,false,false,Major Disaster,Tennessee,Region 4 — Atlanta,Atlanta,"AL,FL,GA,KY,MS,NC,SC,TN",Winter weather,Winter Storm; Severe Storm,false,false,false,false,false,false,false,true,true,false,false,1,false,true,false,47083,https://www.fema.gov/api/open/v2/DisasterDeclarationsSummaries,https://www.fema.gov/openfema-data-page/disaster-declarations-summaries-v2,2026-08-16T23:00:55Z
DR-4898-TN,4898,TN,DR,2026-02-06T00:00:00.000Z,2026,Winter Storm,SEVERE WINTER STORM,true,false,true,false,2026-01-22T00:00:00.000Z,2026-01-27T00:00:00.000Z,,false,47,081,99081,Hickman (County),26018,2026-06-10T00:00:00.000Z,2026012101,4,"5,W",2026-04-11T11:41:11.644Z,aefacdc046d530a0a56809c5481dea73c7387615,81142d83-5a3a-49c0-a54a-d32fa98bf73c,2026-02-06,2026-01-22,2026-01-27,,2026-06-10,2026-04-11T11:41:11Z,2026,02,1,2026,5,15,,false,false,Major Disaster,Tennessee,Region 4 — Atlanta,Atlanta,"AL,FL,GA,KY,MS,NC,SC,TN",Winter weather,Winter Storm; Severe Storm,false,false,false,false,false,false,false,true,true,false,false,2,true,true,false,47081,https://www.fema.gov/api/open/v2/DisasterDeclarationsSummaries,https://www.fema.gov/openfema-data-page/disaster-declarations-summaries-v2,2026-08-16T23:00:55Z
DR-4898-TN,4898,TN,DR,2026-02-06T00:00:00.000Z,2026,Winter Storm,SEVERE WINTER STORM,false,false,true,false,2026-01-22T00:00:00.000Z,2026-01-27T00:00:00.000Z,,false,47,079,99079,Henry (County),26018,2026-06-10T00:00:00.000Z,2026012101,4,"5,W",2026-04-11T11:41:11.644Z,48fe7b05e32a78bb4b066dfeb876784bca97d78d,9c4ee7c4-c92c-4078-b181-f0109972d3d1,2026-02-06,2026-01-22,2026-01-27,,2026-06-10,2026-04-11T11:41:11Z,2026,02,1,2026,5,15,,false,false,Major Disaster,Tennessee,Region 4 — Atlanta,Atlanta,"AL,FL,GA,KY,MS,NC,SC,TN",Winter weather,Winter Storm; Severe Storm,false,false,false,false,false,false,false,true,true,false,false,1,false,true,false,47079,https://www.fema.gov/api/open/v2/DisasterDeclarationsSummaries,https://www.fema.gov/openfema-data-page/disaster-declarations-summaries-v2,2026-08-16T23:00:55Z
DR-4898-TN,4898,TN,DR,2026-02-06T00:00:00.000Z,2026,Winter Storm,SEVERE WINTER STORM,true,false,true,false,2026-01-22T00:00:00.000Z,2026-01-27T00:00:00.000Z,,false,47,077,99077,Henderson (County),26018,2026-06-10T00:00:00.000Z,2026012101,4,"5,W",2026-04-11T11:41:11.644Z,cb2d2e79085fb361a65079285561bb7ebc65dd38,3e7f348f-5852-43bd-a3df-1a99a6d024dd,2026-02-06,2026-01-22,2026-01-27,,2026-06-10,2026-04-11T11:41:11Z,2026,02,1,2026,5,15,,false,false,Major Disaster,Tennessee,Region 4 — Atlanta,Atlanta,"AL,FL,GA,KY,MS,NC,SC,TN",Winter weather,Winter Storm; Severe Storm,false,false,false,false,false,false,false,true,true,false,false,2,true,true,false,47077,https://www.fema.gov/api/open/v2/DisasterDeclarationsSummaries,https://www.fema.gov/openfema-data-page/disaster-declarations-summaries-v2,2026-08-16T23:00:55Z
DR-4898-TN,4898,TN,DR,2026-02-06T00:00:00.000Z,2026,Winter Storm,SEVERE WINTER STORM,false,false,true,false,2026-01-22T00:00:00.000Z,2026-01-27T00:00:00.000Z,,false,47,075,99075,Haywood (County),26018,2026-06-10T00:00:00.000Z,2026012101,4,"5,W",2026-04-11T11:41:11.644Z,85bfe4d8bfb33ac3d46e97964c4ed2b407495dc7,712dfb0e-6a2c-4e3a-87ce-29b67a9f33be,2026-02-06,2026-01-22,2026-01-27,,2026-06-10,2026-04-11T11:41:11Z,2026,02,1,2026,5,15,,false,false,Major Disaster,Tennessee,Region 4 — Atlanta,Atlanta,"AL,FL,GA,KY,MS,NC,SC,TN",Winter weather,Winter Storm; Severe Storm,false,false,false,false,false,false,false,true,true,false,false,1,false,true,false,47075,https://www.fema.gov/api/open/v2/DisasterDeclarationsSummaries,https://www.fema.gov/openfema-data-page/disaster-declarations-summaries-v2,2026-08-16T23:00:55Z
DR-4898-TN,4898,TN,DR,2026-02-06T00:00:00.000Z,2026,Winter Storm,SEVERE WINTER STORM,false,false,true,false,2026-01-22T00:00:00.000Z,2026-01-27T00:00:00.000Z,,false,47,073,99073,Hawkins (County),26018,2026-06-10T00:00:00.000Z,2026012101,4,"5,W",2026-04-11T11:41:11.644Z,f12927f5b67d5a5555e008a9df9b53218e33fde5,3e06386e-d324-4607-a24f-cce6d436255d,2026-02-06,2026-01-22,2026-01-27,,2026-06-10,2026-04-11T11:41:11Z,2026,02,1,2026,5,15,,false,false,Major Disaster,Tennessee,Region 4 — Atlanta,Atlanta,"AL,FL,GA,KY,MS,NC,SC,TN",Winter weather,Winter Storm; Severe Storm,false,false,false,false,false,false,false,true,true,false,false,1,false,true,false,47073,https://www.fema.gov/api/open/v2/DisasterDeclarationsSummaries,https://www.fema.gov/openfema-data-page/disaster-declarations-summaries-v2,2026-08-16T23:00:55Z
DR-4898-TN,4898,TN,DR,2026-02-06T00:00:00.000Z,2026,Winter Storm,SEVERE WINTER STORM,true,false,true,false,2026-01-22T00:00:00.000Z,2026-01-27T00:00:00.000Z,,false,47,071,99071,Hardin (County),26018,2026-06-10T00:00:00.000Z,2026012101,4,"5,W",2026-04-11T11:41:11.644Z,da83b7fea0a98a5520c9638da80dd2ba41a5ba37,d6d7c763-34cc-484b-936c-e258dbb1019b,2026-02-06,2026-01-22,2026-01-27,,2026-06-10,2026-04-11T11:41:11Z,2026,02,1,2026,5,15,,false,false,Major Disaster,Tennessee,Region 4 — Atlanta,Atlanta,"AL,FL,GA,KY,MS,NC,SC,TN",Winter weather,Winter Storm; Severe Storm,false,false,false,false,false,false,false,true,true,false,false,2,true,true,false,47071,https://www.fema.gov/api/open/v2/DisasterDeclarationsSummaries,https://www.fema.gov/openfema-data-page/disaster-declarations-summaries-v2,2026-08-16T23:00:55Z
DR-4898-TN,4898,TN,DR,2026-02-06T00:00:00.000Z,2026,Winter Storm,SEVERE WINTER STORM,true,false,true,false,2026-01-22T00:00:00.000Z,2026-01-27T00:00:00.000Z,,false,47,069,99069,Hardeman (County),26018,2026-06-10T00:00:00.000Z,2026012101,4,"5,W",2026-04-11T11:41:11.644Z,59c32a61cf23c827d83051bcb9289ada9745c3be,87a71658-87c3-46e8-9299-e8e43c5915f5,2026-02-06,2026-01-22,2026-01-27,,2026-06-10,2026-04-11T11:41:11Z,2026,02,1,2026,5,15,,false,false,Major Disaster,Tennessee,Region 4 — Atlanta,Atlanta,"AL,FL,GA,KY,MS,NC,SC,TN",Winter weather,Winter Storm; Severe Storm,false,false,false,false,false,false,false,true,true,false,false,2,true,true,false,47069,https://www.fema.gov/api/open/v2/DisasterDeclarationsSummaries,https://www.fema.gov/openfema-data-page/disaster-declarations-summaries-v2,2026-08-16T23:00:55Z
DR-4898-TN,4898,TN,DR,2026-02-06T00:00:00.000Z,2026,Winter Storm,SEVERE WINTER STORM,false,false,true,false,2026-01-22T00:00:00.000Z,2026-01-27T00:00:00.000Z,,false,47,067,99067,Hancock (County),26018,2026-06-10T00:00:00.000Z,2026012101,4,"5,W",2026-04-11T11:41:11.644Z,e9ea726582cdbfeed3995c87d66d26df239c8ff3,95c9bb06-d808-4641-aa39-7e2298db2378,2026-02-06,2026-01-22,2026-01-27,,2026-06-10,2026-04-11T11:41:11Z,2026,02,1,2026,5,15,,false,false,Major Disaster,Tennessee,Region 4 — Atlanta,Atlanta,"AL,FL,GA,KY,MS,NC,SC,TN",Winter weather,Winter Storm; Severe Storm,false,false,false,false,false,false,false,true,true,false,false,1,false,true,false,47067,https://www.fema.gov/api/open/v2/DisasterDeclarationsSummaries,https://www.fema.gov/openfema-data-page/disaster-declarations-summaries-v2,2026-08-16T23:00:55Z
DR-4898-TN,4898,TN,DR,2026-02-06T00:00:00.000Z,2026,Winter Storm,SEVERE WINTER STORM,false,false,true,false,2026-01-22T00:00:00.000Z,2026-01-27T00:00:00.000Z,,false,47,065,99065,Hamilton (County),26018,2026-06-10T00:00:00.000Z,2026012101,4,"5,W",2026-04-11T11:41:11.644Z,d38139b187af59e74dcd613f5b2ee38fc9775748,9dd6ca06-22ab-4e44-9af1-41f3ce681bd2,2026-02-06,2026-01-22,2026-01-27,,2026-06-10,2026-04-11T11:41:11Z,2026,02,1,2026,5,15,,false,false,Major Disaster,Tennessee,Region 4 — Atlanta,Atlanta,"AL,FL,GA,KY,MS,NC,SC,TN",Winter weather,Winter Storm; Severe Storm,false,false,false,false,false,false,false,true,true,false,false,1,false,true,false,47065,https://www.fema.gov/api/open/v2/DisasterDeclarationsSummaries,https://www.fema.gov/openfema-data-page/disaster-declarations-summaries-v2,2026-08-16T23:00:55Z
DR-4898-TN,4898,TN,DR,2026-02-06T00:00:00.000Z,2026,Winter Storm,SEVERE WINTER STORM,false,false,true,false,2026-01-22T00:00:00.000Z,2026-01-27T00:00:00.000Z,,false,47,063,99063,Hamblen (County),26018,2026-06-10T00:00:00.000Z,2026012101,4,"5,W",2026-04-11T11:41:11.644Z,14aaed532db443c6ef75b38b9af4eea318f6750d,fd18d99e-59ad-460d-95b9-9e247ce13fc1,2026-02-06,2026-01-22,2026-01-27,,2026-06-10,2026-04-11T11:41:11Z,2026,02,1,2026,5,15,,false,false,Major Disaster,Tennessee,Region 4 — Atlanta,Atlanta,"AL,FL,GA,KY,MS,NC,SC,TN",Winter weather,Winter Storm; Severe Storm,false,false,false,false,false,false,false,true,true,false,false,1,false,true,false,47063,https://www.fema.gov/api/open/v2/DisasterDeclarationsSummaries,https://www.fema.gov/openfema-data-page/disaster-declarations-summaries-v2,2026-08-16T23:00:55Z
DR-4898-TN,4898,TN,DR,2026-02-06T00:00:00.000Z,2026,Winter Storm,SEVERE WINTER STORM,false,false,true,false,2026-01-22T00:00:00.000Z,2026-01-27T00:00:00.000Z,,false,47,061,99061,Grundy (County),26018,2026-06-10T00:00:00.000Z,2026012101,4,"5,W",2026-04-11T11:41:11.644Z,68374fc55e550b0e6f8cb19bf6371fcfccb79523,b744d487-10ce-4544-91c2-82f3bae9bb5b,2026-02-06,2026-01-22,2026-01-27,,2026-06-10,2026-04-11T11:41:11Z,2026,02,1,2026,5,15,,false,false,Major Disaster,Tennessee,Region 4 — Atlanta,Atlanta,"AL,FL,GA,KY,MS,NC,SC,TN",Winter weather,Winter Storm; Severe Storm,false,false,false,false,false,false,false,true,true,false,false,1,false,true,false,47061,https://www.fema.gov/api/open/v2/DisasterDeclarationsSummaries,https://www.fema.gov/openfema-data-page/disaster-declarations-summaries-v2,2026-08-16T23:00:55Z
DR-4898-TN,4898,TN,DR,2026-02-06T00:00:00.000Z,2026,Winter Storm,SEVERE WINTER STORM,false,false,true,false,2026-01-22T00:00:00.000Z,2026-01-27T00:00:00.000Z,,false,47,059,99059,Greene (County),26018,2026-06-10T00:00:00.000Z,2026012101,4,"5,W",2026-04-11T11:41:11.644Z,fae0f021edb3f915bf3487bce0e5eaa120e3a401,3ffd8081-cc6d-44b4-afd8-5d1284d1879a,2026-02-06,2026-01-22,2026-01-27,,2026-06-10,2026-04-11T11:41:11Z,2026,02,1,2026,5,15,,false,false,Major Disaster,Tennessee,Region 4 — Atlanta,Atlanta,"AL,FL,GA,KY,MS,NC,SC,TN",Winter weather,Winter Storm; Severe Storm,false,false,false,false,false,false,false,true,true,false,false,1,false,true,false,47059,https://www.fema.gov/api/open/v2/DisasterDeclarationsSummaries,https://www.fema.gov/openfema-data-page/disaster-declarations-summaries-v2,2026-08-16T23:00:55Z
DR-4898-TN,4898,TN,DR,2026-02-06T00:00:00.000Z,2026,Winter Storm,SEVERE WINTER STORM,false,false,true,false,2026-01-22T00:00:00.000Z,2026-01-27T00:00:00.000Z,,false,47,057,99057,Grainger (County),26018,2026-06-10T00:00:00.000Z,2026012101,4,"5,W",2026-04-11T11:41:11.644Z,2863a8d6c0289f482b12baab263a2fcb00570425,56f5fd97-5ba1-4b31-bd2f-d88f61eba749,2026-02-06,2026-01-22,2026-01-27,,2026-06-10,2026-04-11T11:41:11Z,2026,02,1,2026,5,15,,false,false,Major Disaster,Tennessee,Region 4 — Atlanta,Atlanta,"AL,FL,GA,KY,MS,NC,SC,TN",Winter weather,Winter Storm; Severe Storm,false,false,false,false,false,false,false,true,true,false,false,1,false,true,false,47057,https://www.fema.gov/api/open/v2/DisasterDeclarationsSummaries,https://www.fema.gov/openfema-data-page/disaster-declarations-summaries-v2,2026-08-16T23:00:55Z
DR-4898-TN,4898,TN,DR,2026-02-06T00:00:00.000Z,2026,Winter Storm,SEVERE WINTER STORM,false,false,true,false,2026-01-22T00:00:00.000Z,2026-01-27T00:00:00.000Z,,false,47,055,99055,Giles (County),26018,2026-06-10T00:00:00.000Z,2026012101,4,"5,W",2026-04-11T11:41:11.644Z,31b26806107209075a9849a03b452fe9c7071374,1f2c3ee7-4a19-4469-bd03-e82b7400d6ad,2026-02-06,2026-01-22,2026-01-27,,2026-06-10,2026-04-11T11:41:11Z,2026,02,1,2026,5,15,,false,false,Major Disaster,Tennessee,Region 4 — Atlanta,Atlanta,"AL,FL,GA,KY,MS,NC,SC,TN",Winter weather,Winter Storm; Severe Storm,false,false,false,false,false,false,false,true,true,false,false,1,false,true,false,47055,https://www.fema.gov/api/open/v2/DisasterDeclarationsSummaries,https://www.fema.gov/openfema-data-page/disaster-declarations-summaries-v2,2026-08-16T23:00:55Z
DR-4898-TN,4898,TN,DR,2026-02-06T00:00:00.000Z,2026,Winter Storm,SEVERE WINTER STORM,false,false,true,false,2026-01-22T00:00:00.000Z,2026-01-27T00:00:00.000Z,,false,47,053,99053,Gibson (County),26018,2026-06-10T00:00:00.000Z,2026012101,4,"5,W",2026-04-11T11:41:11.644Z,9f22a303363a0ee2403be9c34ce8300cacb3642b,e7890f54-e520-4623-b2ed-db3298cb33ec,2026-02-06,2026-01-22,2026-01-27,,2026-06-10,2026-04-11T11:41:11Z,2026,02,1,2026,5,15,,false,false,Major Disaster,Tennessee,Region 4 — Atlanta,Atlanta,"AL,FL,GA,KY,MS,NC,SC,TN",Winter weather,Winter Storm; Severe Storm,false,false,false,false,false,false,false,true,true,false,false,1,false,true,false,47053,https://www.fema.gov/api/open/v2/DisasterDeclarationsSummaries,https://www.fema.gov/openfema-data-page/disaster-declarations-summaries-v2,2026-08-16T23:00:55Z
DR-4898-TN,4898,TN,DR,2026-02-06T00:00:00.000Z,2026,Winter Storm,SEVERE WINTER STORM,false,false,true,false,2026-01-22T00:00:00.000Z,2026-01-27T00:00:00.000Z,,false,47,051,99051,Franklin (County),26018,2026-06-10T00:00:00.000Z,2026012101,4,"5,W",2026-04-11T11:41:11.644Z,8b471b094c2030de0eef5e0620505ccff4df4c69,1dd32eb4-aa04-43c0-903e-9d0ec7082b2f,2026-02-06,2026-01-22,2026-01-27,,2026-06-10,2026-04-11T11:41:11Z,2026,02,1,2026,5,15,,false,false,Major Disaster,Tennessee,Region 4 — Atlanta,Atlanta,"AL,FL,GA,KY,MS,NC,SC,TN",Winter weather,Winter Storm; Severe Storm,false,false,false,false,false,false,false,true,true,false,false,1,false,true,false,47051,https://www.fema.gov/api/open/v2/DisasterDeclarationsSummaries,https://www.fema.gov/openfema-data-page/disaster-declarations-summaries-v2,2026-08-16T23:00:55Z
DR-4898-TN,4898,TN,DR,2026-02-06T00:00:00.000Z,2026,Winter Storm,SEVERE WINTER STORM,false,false,true,false,2026-01-22T00:00:00.000Z,2026-01-27T00:00:00.000Z,,false,47,049,99049,Fentress (County),26018,2026-06-10T00:00:00.000Z,2026012101,4,"5,W",2026-04-11T11:41:11.644Z,66eb83aaad2d1a3534dd9dfb3b28074f0048ebde,a1981ef9-ba75-42b3-a3ad-133fc37147bd,2026-02-06,2026-01-22,2026-01-27,,2026-06-10,2026-04-11T11:41:11Z,2026,02,1,2026,5,15,,false,false,Major Disaster,Tennessee,Region 4 — Atlanta,Atlanta,"AL,FL,GA,KY,MS,NC,SC,TN",Winter weather,Winter Storm; Severe Storm,false,false,false,false,false,false,false,true,true,false,false,1,false,true,false,47049,https://www.fema.gov/api/open/v2/DisasterDeclarationsSummaries,https://www.fema.gov/openfema-data-page/disaster-declarations-summaries-v2,2026-08-16T23:00:55Z
DR-4898-TN,4898,TN,DR,2026-02-06T00:00:00.000Z,2026,Winter Storm,SEVERE WINTER STORM,true,false,true,false,2026-01-22T00:00:00.000Z,2026-01-27T00:00:00.000Z,,false,47,047,99047,Fayette (County),26018,2026-06-10T00:00:00.000Z,2026012101,4,"5,W",2026-04-11T11:41:11.644Z,5201449c41551f4718424385d13df3e39c3fafde,b2cf02e9-947a-4c93-9863-50eab8793990,2026-02-06,2026-01-22,2026-01-27,,2026-06-10,2026-04-11T11:41:11Z,2026,02,1,2026,5,15,,false,false,Major Disaster,Tennessee,Region 4 — Atlanta,Atlanta,"AL,FL,GA,KY,MS,NC,SC,TN",Winter weather,Winter Storm; Severe Storm,false,false,false,false,false,false,false,true,true,false,false,2,true,true,false,47047,https://www.fema.gov/api/open/v2/DisasterDeclarationsSummaries,https://www.fema.gov/openfema-data-page/disaster-declarations-summaries-v2,2026-08-16T23:00:55Z
DR-4898-TN,4898,TN,DR,2026-02-06T00:00:00.000Z,2026,Winter Storm,SEVERE WINTER STORM,true,false,true,false,2026-01-22T00:00:00.000Z,2026-01-27T00:00:00.000Z,,false,47,045,99045,Dyer (County),26018,2026-06-10T00:00:00.000Z,2026012101,4,"5,W",2026-04-11T11:41:11.644Z,259f737e8731bb9faa949aeebf995e6e0a15e786,6bb5d84a-0379-4190-9083-f06fd5720d7f,2026-02-06,2026-01-22,2026-01-27,,2026-06-10,2026-04-11T11:41:11Z,2026,02,1,2026,5,15,,false,false,Major Disaster,Tennessee,Region 4 — Atlanta,Atlanta,"AL,FL,GA,KY,MS,NC,SC,TN",Winter weather,Winter Storm; Severe Storm,false,false,false,false,false,false,false,true,true,false,false,2,true,true,false,47045,https://www.fema.gov/api/open/v2/DisasterDeclarationsSummaries,https://www.fema.gov/openfema-data-page/disaster-declarations-summaries-v2,2026-08-16T23:00:55Z
DR-4898-TN,4898,TN,DR,2026-02-06T00:00:00.000Z,2026,Winter Storm,SEVERE WINTER STORM,true,false,true,false,2026-01-22T00:00:00.000Z,2026-01-27T00:00:00.000Z,,false,47,043,99043,Dickson (County),26018,2026-06-10T00:00:00.000Z,2026012101,4,"5,W",2026-04-11T11:41:11.644Z,9e3102d43fdde7f54ccda931b8036730527db222,21e45c3c-54f9-45ae-adb0-2096909c273e,2026-02-06,2026-01-22,2026-01-27,,2026-06-10,2026-04-11T11:41:11Z,2026,02,1,2026,5,15,,false,false,Major Disaster,Tennessee,Region 4 — Atlanta,Atlanta,"AL,FL,GA,KY,MS,NC,SC,TN",Winter weather,Winter Storm; Severe Storm,false,false,false,false,false,false,false,true,true,false,false,2,true,true,false,47043,https://www.fema.gov/api/open/v2/DisasterDeclarationsSummaries,https://www.fema.gov/openfema-data-page/disaster-declarations-summaries-v2,2026-08-16T23:00:55Z
DR-4898-TN,4898,TN,DR,2026-02-06T00:00:00.000Z,2026,Winter Storm,SEVERE WINTER STORM,false,false,true,false,2026-01-22T00:00:00.000Z,2026-01-27T00:00:00.000Z,,false,47,041,99041,DeKalb (County),26018,2026-06-10T00:00:00.000Z,2026012101,4,"5,W",2026-04-11T11:41:11.644Z,d0fc121fac07c17fc316a886d8939c448c406ec4,5f4f6bc9-d1a4-4489-95f4-26702d38d755,2026-02-06,2026-01-22,2026-01-27,,2026-06-10,2026-04-11T11:41:11Z,2026,02,1,2026,5,15,,false,false,Major Disaster,Tennessee,Region 4 — Atlanta,Atlanta,"AL,FL,GA,KY,MS,NC,SC,TN",Winter weather,Winter Storm; Severe Storm,false,false,false,false,false,false,false,true,true,false,false,1,false,true,false,47041,https://www.fema.gov/api/open/v2/DisasterDeclarationsSummaries,https://www.fema.gov/openfema-data-page/disaster-declarations-summaries-v2,2026-08-16T23:00:55Z
DR-4898-TN,4898,TN,DR,2026-02-06T00:00:00.000Z,2026,Winter Storm,SEVERE WINTER STORM,true,false,true,false,2026-01-22T00:00:00.000Z,2026-01-27T00:00:00.000Z,,false,47,039,99039,Decatur (County),26018,2026-06-10T00:00:00.000Z,2026012101,4,"5,W",2026-04-11T11:41:11.644Z,af8c841e686156c004d9d124afeb2a3c2ae79569,f1fbac25-de3d-493a-af14-caa955f43ba6,2026-02-06,2026-01-22,2026-01-27,,2026-06-10,2026-04-11T11:41:11Z,2026,02,1,2026,5,15,,false,false,Major Disaster,Tennessee,Region 4 — Atlanta,Atlanta,"AL,FL,GA,KY,MS,NC,SC,TN",Winter weather,Winter Storm; Severe Storm,false,false,false,false,false,false,false,true,true,false,false,2,true,true,false,47039,https://www.fema.gov/api/open/v2/DisasterDeclarationsSummaries,https://www.fema.gov/openfema-data-page/disaster-declarations-summaries-v2,2026-08-16T23:00:55Z
DR-4898-TN,4898,TN,DR,2026-02-06T00:00:00.000Z,2026,Winter Storm,SEVERE WINTER STORM,true,false,true,false,2026-01-22T00:00:00.000Z,2026-01-27T00:00:00.000Z,,false,47,037,99037,Davidson (County),26018,2026-06-10T00:00:00.000Z,2026012101,4,"5,W",2026-04-11T11:41:11.644Z,ec9eef71f378b6a8cdde949669b589dbf33f5b5d,722ba1ad-4d91-488b-81e4-a51b7bcfe31d,2026-02-06,2026-01-22,2026-01-27,,2026-06-10,2026-04-11T11:41:11Z,2026,02,1,2026,5,15,,false,false,Major Disaster,Tennessee,Region 4 — Atlanta,Atlanta,"AL,FL,GA,KY,MS,NC,SC,TN",Winter weather,Winter Storm; Severe Storm,false,false,false,false,false,false,false,true,true,false,false,2,true,true,false,47037,https://www.fema.gov/api/open/v2/DisasterDeclarationsSummaries,https://www.fema.gov/openfema-data-page/disaster-declarations-summaries-v2,2026-08-16T23:00:55Z
DR-4898-TN,4898,TN,DR,2026-02-06T00:00:00.000Z,2026,Winter Storm,SEVERE WINTER STORM,false,false,true,false,2026-01-22T00:00:00.000Z,2026-01-27T00:00:00.000Z,,false,47,035,99035,Cumberland (County),26018,2026-06-10T00:00:00.000Z,2026012101,4,"5,W",2026-04-11T11:41:11.644Z,aa68251e02d264d368661ec2aee1187eeb52868d,acadfdf9-256a-4c84-89e1-dc461cbda0c5,2026-02-06,2026-01-22,2026-01-27,,2026-06-10,2026-04-11T11:41:11Z,2026,02,1,2026,5,15,,false,false,Major Disaster,Tennessee,Region 4 — Atlanta,Atlanta,"AL,FL,GA,KY,MS,NC,SC,TN",Winter weather,Winter Storm; Severe Storm,false,false,false,false,false,false,false,true,true,false,false,1,false,true,false,47035,https://www.fema.gov/api/open/v2/DisasterDeclarationsSummaries,https://www.fema.gov/openfema-data-page/disaster-declarations-summaries-v2,2026-08-16T23:00:55Z
DR-4898-TN,4898,TN,DR,2026-02-06T00:00:00.000Z,2026,Winter Storm,SEVERE WINTER STORM,false,false,true,false,2026-01-22T00:00:00.000Z,2026-01-27T00:00:00.000Z,,false,47,033,99033,Crockett (County),26018,2026-06-10T00:00:00.000Z,2026012101,4,"5,W",2026-04-11T11:41:11.644Z,6e230a05f6762d9aae4e862993b24a0fed6591e1,281e7259-87de-4a67-96d2-4bf338960ea0,2026-02-06,2026-01-22,2026-01-27,,2026-06-10,2026-04-11T11:41:11Z,2026,02,1,2026,5,15,,false,false,Major Disaster,Tennessee,Region 4 — Atlanta,Atlanta,"AL,FL,GA,KY,MS,NC,SC,TN",Winter weather,Winter Storm; Severe Storm,false,false,false,false,false,false,false,true,true,false,false,1,false,true,false,47033,https://www.fema.gov/api/open/v2/DisasterDeclarationsSummaries,https://www.fema.gov/openfema-data-page/disaster-declarations-summaries-v2,2026-08-16T23:00:55Z
DR-4898-TN,4898,TN,DR,2026-02-06T00:00:00.000Z,2026,Winter Storm,SEVERE WINTER STORM,false,false,true,false,2026-01-22T00:00:00.000Z,2026-01-27T00:00:00.000Z,,false,47,031,99031,Coffee (County),26018,2026-06-10T00:00:00.000Z,2026012101,4,"5,W",2026-04-11T11:41:11.644Z,084e5341d9dfe538870d53c21012d4cca038a236,f5b02148-2bd2-42cf-b66c-0fcf549b5a02,2026-02-06,2026-01-22,2026-01-27,,2026-06-10,2026-04-11T11:41:11Z,2026,02,1,2026,5,15,,false,false,Major Disaster,Tennessee,Region 4 — Atlanta,Atlanta,"AL,FL,GA,KY,MS,NC,SC,TN",Winter weather,Winter Storm; Severe Storm,false,false,false,false,false,false,false,true,true,false,false,1,false,true,false,47031,https://www.fema.gov/api/open/v2/DisasterDeclarationsSummaries,https://www.fema.gov/openfema-data-page/disaster-declarations-summaries-v2,2026-08-16T23:00:55Z
DR-4898-TN,4898,TN,DR,2026-02-06T00:00:00.000Z,2026,Winter Storm,SEVERE WINTER STORM,false,false,true,false,2026-01-22T00:00:00.000Z,2026-01-27T00:00:00.000Z,,false,47,029,99029,Cocke (County),26018,2026-06-10T00:00:00.000Z,2026012101,4,"5,W",2026-04-11T11:41:11.644Z,dad25d8e6fa901481a1cecef36387029629bf8ab,81ad7ec5-af6c-4d97-abc8-c32206ebb5c3,2026-02-06,2026-01-22,2026-01-27,,2026-06-10,2026-04-11T11:41:11Z,2026,02,1,2026,5,15,,false,false,Major Disaster,Tennessee,Region 4 — Atlanta,Atlanta,"AL,FL,GA,KY,MS,NC,SC,TN",Winter weather,Winter Storm; Severe Storm,false,false,false,false,false,false,false,true,true,false,false,1,false,true,false,47029,https://www.fema.gov/api/open/v2/DisasterDeclarationsSummaries,https://www.fema.gov/openfema-data-page/disaster-declarations-summaries-v2,2026-08-16T23:00:55Z
DR-4898-TN,4898,TN,DR,2026-02-06T00:00:00.000Z,2026,Winter Storm,SEVERE WINTER STORM,true,false,true,false,2026-01-22T00:00:00.000Z,2026-01-27T00:00:00.000Z,,false,47,027,99027,Clay (County),26018,2026-06-10T00:00:00.000Z,2026012101,4,"5,W",2026-04-11T11:41:11.644Z,179c0abba47849f882d84e42f597f1c15e99c709,05bbfa0a-48dc-4507-a138-af4d5f7f5552,2026-02-06,2026-01-22,2026-01-27,,2026-06-10,2026-04-11T11:41:11Z,2026,02,1,2026,5,15,,false,false,Major Disaster,Tennessee,Region 4 — Atlanta,Atlanta,"AL,FL,GA,KY,MS,NC,SC,TN",Winter weather,Winter Storm; Severe Storm,false,false,false,false,false,false,false,true,true,false,false,2,true,true,false,47027,https://www.fema.gov/api/open/v2/DisasterDeclarationsSummaries,https://www.fema.gov/openfema-data-page/disaster-declarations-summaries-v2,2026-08-16T23:00:55Z
DR-4898-TN,4898,TN,DR,2026-02-06T00:00:00.000Z,2026,Winter Storm,SEVERE WINTER STORM,false,false,true,false,2026-01-22T00:00:00.000Z,2026-01-27T00:00:00.000Z,,false,47,025,99025,Claiborne (County),26018,2026-06-10T00:00:00.000Z,2026012101,4,"5,W",2026-04-11T11:41:11.644Z,92775f45010ee81775067274114ffaf512d4ab36,209e4baf-d4bd-44b2-a1d8-260ed7735f25,2026-02-06,2026-01-22,2026-01-27,,2026-06-10,2026-04-11T11:41:11Z,2026,02,1,2026,5,15,,false,false,Major Disaster,Tennessee,Region 4 — Atlanta,Atlanta,"AL,FL,GA,KY,MS,NC,SC,TN",Winter weather,Winter Storm; Severe Storm,false,false,false,false,false,false,false,true,true,false,false,1,false,true,false,47025,https://www.fema.gov/api/open/v2/DisasterDeclarationsSummaries,https://www.fema.gov/openfema-data-page/disaster-declarations-summaries-v2,2026-08-16T23:00:55Z
DR-4898-TN,4898,TN,DR,2026-02-06T00:00:00.000Z,2026,Winter Storm,SEVERE WINTER STORM,true,false,true,false,2026-01-22T00:00:00.000Z,2026-01-27T00:00:00.000Z,,false,47,023,99023,Chester (County),26018,2026-06-10T00:00:00.000Z,2026012101,4,"5,W",2026-04-11T11:41:11.644Z,64e0af0737f5b3b8d8817ea08ff6668f74347dbd,d4c55add-d145-4b44-b43d-3876fc333125,2026-02-06,2026-01-22,2026-01-27,,2026-06-10,2026-04-11T11:41:11Z,2026,02,1,2026,5,15,,false,false,Major Disaster,Tennessee,Region 4 — Atlanta,Atlanta,"AL,FL,GA,KY,MS,NC,SC,TN",Winter weather,Winter Storm; Severe Storm,false,false,false,false,false,false,false,true,true,false,false,2,true,true,false,47023,https://www.fema.gov/api/open/v2/DisasterDeclarationsSummaries,https://www.fema.gov/openfema-data-page/disaster-declarations-summaries-v2,2026-08-16T23:00:55Z
DR-4898-TN,4898,TN,DR,2026-02-06T00:00:00.000Z,2026,Winter Storm,SEVERE WINTER STORM,true,false,true,false,2026-01-22T00:00:00.000Z,2026-01-27T00:00:00.000Z,,false,47,021,99021,Cheatham (County),26018,2026-06-10T00:00:00.000Z,2026012101,4,"5,W",2026-04-11T11:41:11.644Z,d2063ac43854f099cf24ce1c0206593403ab69cf,ef68ad88-ec9f-4f44-97bc-41918d56952e,2026-02-06,2026-01-22,2026-01-27,,2026-06-10,2026-04-11T11:41:11Z,2026,02,1,2026,5,15,,false,false,Major Disaster,Tennessee,Region 4 — Atlanta,Atlanta,"AL,FL,GA,KY,MS,NC,SC,TN",Winter weather,Winter Storm; Severe Storm,false,false,false,false,false,false,false,true,true,false,false,2,true,true,false,47021,https://www.fema.gov/api/open/v2/DisasterDeclarationsSummaries,https://www.fema.gov/openfema-data-page/disaster-declarations-summaries-v2,2026-08-16T23:00:55Z
DR-4898-TN,4898,TN,DR,2026-02-06T00:00:00.000Z,2026,Winter Storm,SEVERE WINTER STORM,false,false,true,false,2026-01-22T00:00:00.000Z,2026-01-27T00:00:00.000Z,,false,47,019,99019,Carter (County),26018,2026-06-10T00:00:00.000Z,2026012101,4,"5,W",2026-04-11T11:41:11.644Z,dfbf98f047bf3d3a4f3fc7a40a78fc57d54e4a78,470dc2cd-ba3d-45bd-8934-688edd16b52e,2026-02-06,2026-01-22,2026-01-27,,2026-06-10,2026-04-11T11:41:11Z,2026,02,1,2026,5,15,,false,false,Major Disaster,Tennessee,Region 4 — Atlanta,Atlanta,"AL,FL,GA,KY,MS,NC,SC,TN",Winter weather,Winter Storm; Severe Storm,false,false,false,false,false,false,false,true,true,false,false,1,false,true,false,47019,https://www.fema.gov/api/open/v2/DisasterDeclarationsSummaries,https://www.fema.gov/openfema-data-page/disaster-declarations-summaries-v2,2026-08-16T23:00:55Z
DR-4898-TN,4898,TN,DR,2026-02-06T00:00:00.000Z,2026,Winter Storm,SEVERE WINTER STORM,true,false,true,false,2026-01-22T00:00:00.000Z,2026-01-27T00:00:00.000Z,,false,47,017,99017,Carroll (County),26018,2026-06-10T00:00:00.000Z,2026012101,4,"5,W",2026-04-11T11:41:11.644Z,38e5971a98380413622b1968e5b39c3d48f015f0,549a598f-4c63-404f-b34f-8a4ec3ec97c9,2026-02-06,2026-01-22,2026-01-27,,2026-06-10,2026-04-11T11:41:11Z,2026,02,1,2026,5,15,,false,false,Major Disaster,Tennessee,Region 4 — Atlanta,Atlanta,"AL,FL,GA,KY,MS,NC,SC,TN",Winter weather,Winter Storm; Severe Storm,false,false,false,false,false,false,false,true,true,false,false,2,true,true,false,47017,https://www.fema.gov/api/open/v2/DisasterDeclarationsSummaries,https://www.fema.gov/openfema-data-page/disaster-declarations-summaries-v2,2026-08-16T23:00:55Z
DR-4898-TN,4898,TN,DR,2026-02-06T00:00:00.000Z,2026,Winter Storm,SEVERE WINTER STORM,false,false,true,false,2026-01-22T00:00:00.000Z,2026-01-27T00:00:00.000Z,,false,47,015,99015,Cannon (County),26018,2026-06-10T00:00:00.000Z,2026012101,4,"5,W",2026-04-11T11:41:11.644Z,1d615d8018b3b6bdade705d85f59774c5ec011bc,6c5f111b-5547-420d-9e25-d210624c3697,2026-02-06,2026-01-22,2026-01-27,,2026-06-10,2026-04-11T11:41:11Z,2026,02,1,2026,5,15,,false,false,Major Disaster,Tennessee,Region 4 — Atlanta,Atlanta,"AL,FL,GA,KY,MS,NC,SC,TN",Winter weather,Winter Storm; Severe Storm,false,false,false,false,false,false,false,true,true,false,false,1,false,true,false,47015,https://www.fema.gov/api/open/v2/DisasterDeclarationsSummaries,https://www.fema.gov/openfema-data-page/disaster-declarations-summaries-v2,2026-08-16T23:00:55Z
DR-4898-TN,4898,TN,DR,2026-02-06T00:00:00.000Z,2026,Winter Storm,SEVERE WINTER STORM,false,false,true,false,2026-01-22T00:00:00.000Z,2026-01-27T00:00:00.000Z,,false,47,013,99013,Campbell (County),26018,2026-06-10T00:00:00.000Z,2026012101,4,"5,W",2026-04-11T11:41:11.644Z,bb61b7bb38e6d7a4eec17e68fde286c6793ead91,c5fa96dc-bd29-4c10-a0df-ab060c3af164,2026-02-06,2026-01-22,2026-01-27,,2026-06-10,2026-04-11T11:41:11Z,2026,02,1,2026,5,15,,false,false,Major Disaster,Tennessee,Region 4 — Atlanta,Atlanta,"AL,FL,GA,KY,MS,NC,SC,TN",Winter weather,Winter Storm; Severe Storm,false,false,false,false,false,false,false,true,true,false,false,1,false,true,false,47013,https://www.fema.gov/api/open/v2/DisasterDeclarationsSummaries,https://www.fema.gov/openfema-data-page/disaster-declarations-summaries-v2,2026-08-16T23:00:55Z
DR-4898-TN,4898,TN,DR,2026-02-06T00:00:00.000Z,2026,Winter Storm,SEVERE WINTER STORM,false,false,true,false,2026-01-22T00:00:00.000Z,2026-01-27T00:00:00.000Z,,false,47,011,99011,Bradley (County),26018,2026-06-10T00:00:00.000Z,2026012101,4,"5,W",2026-04-11T11:41:11.644Z,26cdb2f20cae1a0197033fc24fb413b49c46b701,f39d9aaa-4aa9-44bb-a039-282f44efd855,2026-02-06,2026-01-22,2026-01-27,,2026-06-10,2026-04-11T11:41:11Z,2026,02,1,2026,5,15,,false,false,Major Disaster,Tennessee,Region 4 — Atlanta,Atlanta,"AL,FL,GA,KY,MS,NC,SC,TN",Winter weather,Winter Storm; Severe Storm,false,false,false,false,false,false,false,true,true,false,false,1,false,true,false,47011,https://www.fema.gov/api/open/v2/DisasterDeclarationsSummaries,https://www.fema.gov/openfema-data-page/disaster-declarations-summaries-v2,2026-08-16T23:00:55Z
DR-4898-TN,4898,TN,DR,2026-02-06T00:00:00.000Z,2026,Winter Storm,SEVERE WINTER STORM,false,false,true,false,2026-01-22T00:00:00.000Z,2026-01-27T00:00:00.000Z,,false,47,009,99009,Blount (County),26018,2026-06-10T00:00:00.000Z,2026012101,4,"5,W",2026-04-11T11:41:11.644Z,bc0685bbda5b43a279ca0b0b4bc8da7753d35ca3,6eb015ad-4f9c-4f62-88bf-6182b85f3f1e,2026-02-06,2026-01-22,2026-01-27,,2026-06-10,2026-04-11T11:41:11Z,2026,02,1,2026,5,15,,false,false,Major Disaster,Tennessee,Region 4 — Atlanta,Atlanta,"AL,FL,GA,KY,MS,NC,SC,TN",Winter weather,Winter Storm; Severe Storm,false,false,false,false,false,false,false,true,true,false,false,1,false,true,false,47009,https://www.fema.gov/api/open/v2/DisasterDeclarationsSummaries,https://www.fema.gov/openfema-data-page/disaster-declarations-summaries-v2,2026-08-16T23:00:55Z
DR-4898-TN,4898,TN,DR,2026-02-06T00:00:00.000Z,2026,Winter Storm,SEVERE WINTER STORM,false,false,true,false,2026-01-22T00:00:00.000Z,2026-01-27T00:00:00.000Z,,false,47,007,99007,Bledsoe (County),26018,2026-06-10T00:00:00.000Z,2026012101,4,"5,W",2026-04-11T11:41:11.644Z,5d362d53ba140dc265905405fdf7bc2c490f6b61,b2f2df2d-cdac-42b6-86d7-a9d02d454b83,2026-02-06,2026-01-22,2026-01-27,,2026-06-10,2026-04-11T11:41:11Z,2026,02,1,2026,5,15,,false,false,Major Disaster,Tennessee,Region 4 — Atlanta,Atlanta,"AL,FL,GA,KY,MS,NC,SC,TN",Winter weather,Winter Storm; Severe Storm,false,false,false,false,false,false,false,true,true,false,false,1,false,true,false,47007,https://www.fema.gov/api/open/v2/DisasterDeclarationsSummaries,https://www.fema.gov/openfema-data-page/disaster-declarations-summaries-v2,2026-08-16T23:00:55Z
DR-4898-TN,4898,TN,DR,2026-02-06T00:00:00.000Z,2026,Winter Storm,SEVERE WINTER STORM,true,false,true,false,2026-01-22T00:00:00.000Z,2026-01-27T00:00:00.000Z,,false,47,005,99005,Benton (County),26018,2026-06-10T00:00:00.000Z,2026012101,4,"5,W",2026-04-11T11:41:11.644Z,89098eabfce2a9b1dc9f0a7953fa35af8298d2ef,720a6301-6f6b-4d25-b751-a1ecd0dc1bc7,2026-02-06,2026-01-22,2026-01-27,,2026-06-10,2026-04-11T11:41:11Z,2026,02,1,2026,5,15,,false,false,Major Disaster,Tennessee,Region 4 — Atlanta,Atlanta,"AL,FL,GA,KY,MS,NC,SC,TN",Winter weather,Winter Storm; Severe Storm,false,false,false,false,false,false,false,true,true,false,false,2,true,true,false,47005,https://www.fema.gov/api/open/v2/DisasterDeclarationsSummaries,https://www.fema.gov/openfema-data-page/disaster-declarations-summaries-v2,2026-08-16T23:00:55Z
DR-4898-TN,4898,TN,DR,2026-02-06T00:00:00.000Z,2026,Winter Storm,SEVERE WINTER STORM,false,false,true,false,2026-01-22T00:00:00.000Z,2026-01-27T00:00:00.000Z,,false,47,003,99003,Bedford (County),26018,2026-06-10T00:00:00.000Z,2026012101,4,"5,W",2026-04-11T11:41:11.644Z,08fd8920a0bc9c4b4c641d11e3230a6acb54a57b,55477108-bfc3-4f2d-8a47-5983971143ff,2026-02-06,2026-01-22,2026-01-27,,2026-06-10,2026-04-11T11:41:11Z,2026,02,1,2026,5,15,,false,false,Major Disaster,Tennessee,Region 4 — Atlanta,Atlanta,"AL,FL,GA,KY,MS,NC,SC,TN",Winter weather,Winter Storm; Severe Storm,false,false,false,false,false,false,false,true,true,false,false,1,false,true,false,47003,https://www.fema.gov/api/open/v2/DisasterDeclarationsSummaries,https://www.fema.gov/openfema-data-page/disaster-declarations-summaries-v2,2026-08-16T23:00:55Z
DR-4898-TN,4898,TN,DR,2026-02-06T00:00:00.000Z,2026,Winter Storm,SEVERE WINTER STORM,false,false,true,false,2026-01-22T00:00:00.000Z,2026-01-27T00:00:00.000Z,,false,47,001,99001,Anderson (County),26018,2026-06-10T00:00:00.000Z,2026012101,4,"5,W",2026-04-11T11:41:11.644Z,fe42c3218a4d14ba636ac9be1c1d7fb67df52524,dbe40b0e-c05f-4797-bd60-2c8748054beb,2026-02-06,2026-01-22,2026-01-27,,2026-06-10,2026-04-11T11:41:11Z,2026,02,1,2026,5,15,,false,false,Major Disaster,Tennessee,Region 4 — Atlanta,Atlanta,"AL,FL,GA,KY,MS,NC,SC,TN",Winter weather,Winter Storm; Severe Storm,false,false,false,false,false,false,false,true,true,false,false,1,false,true,false,47001,https://www.fema.gov/api/open/v2/DisasterDeclarationsSummaries,https://www.fema.gov/openfema-data-page/disaster-declarations-summaries-v2,2026-08-16T23:00:55Z
EM-3642-GA,3642,GA,EM,2026-01-24T00:00:00.000Z,2026,Winter Storm,SEVERE WINTER STORM,false,false,true,false,2026-01-22T00:00:00.000Z,2026-01-27T00:00:00.000Z,,false,13,319,99319,Wilkinson (County),26015,,2026012101,4,W,2026-06-12T12:41:19.714Z,b397c071fab872145b79d5e66eb9e86d641dfd1a,bab1895f-895e-4cbe-8756-b2f1dc351c9f,2026-01-24,2026-01-22,2026-01-27,,,2026-06-12T12:41:19Z,2026,01,1,2026,5,2,,false,false,Emergency,Georgia,Region 4 — Atlanta,Atlanta,"AL,FL,GA,KY,MS,NC,SC,TN",Winter weather,Severe Storm,false,false,false,false,false,false,false,true,true,false,false,1,false,true,false,13319,https://www.fema.gov/api/open/v2/DisasterDeclarationsSummaries,https://www.fema.gov/openfema-data-page/disaster-declarations-summaries-v2,2026-08-16T23:00:55Z
EM-3642-GA,3642,GA,EM,2026-01-24T00:00:00.000Z,2026,Winter Storm,SEVERE WINTER STORM,false,false,true,false,2026-01-22T00:00:00.000Z,2026-01-27T00:00:00.000Z,,false,13,317,99317,Wilkes (County),26015,,2026012101,4,W,2026-06-12T12:41:19.714Z,562c7f880eb60c59cd56a9df47f0bd75aebf3c5a,6742a12e-368e-4a85-b519-e87baee1d616,2026-01-24,2026-01-22,2026-01-27,,,2026-06-12T12:41:19Z,2026,01,1,2026,5,2,,false,false,Emergency,Georgia,Region 4 — Atlanta,Atlanta,"AL,FL,GA,KY,MS,NC,SC,TN",Winter weather,Severe Storm,false,false,false,false,false,false,false,true,true,false,false,1,false,true,false,13317,https://www.fema.gov/api/open/v2/DisasterDeclarationsSummaries,https://www.fema.gov/openfema-data-page/disaster-declarations-summaries-v2,2026-08-16T23:00:55Z
EM-3642-GA,3642,GA,EM,2026-01-24T00:00:00.000Z,2026,Winter Storm,SEVERE WINTER STORM,false,false,true,false,2026-01-22T00:00:00.000Z,2026-01-27T00:00:00.000Z,,false,13,315,99315,Wilcox (County),26015,,2026012101,4,W,2026-06-12T12:41:19.714Z,8ca71a69cee4f1f405d08171b3ee3b37412a2bd9,c3754678-a30c-4745-a7b0-8f717ea0c956,2026-01-24,2026-01-22,2026-01-27,,,2026-06-12T12:41:19Z,2026,01,1,2026,5,2,,false,false,Emergency,Georgia,Region 4 — Atlanta,Atlanta,"AL,FL,GA,KY,MS,NC,SC,TN",Winter weather,Severe Storm,false,false,false,false,false,false,false,true,true,false,false,1,false,true,false,13315,https://www.fema.gov/api/open/v2/DisasterDeclarationsSummaries,https://www.fema.gov/openfema-data-page/disaster-declarations-summaries-v2,2026-08-16T23:00:55Z
EM-3642-GA,3642,GA,EM,2026-01-24T00:00:00.000Z,2026,Winter Storm,SEVERE WINTER STORM,false,false,true,false,2026-01-22T00:00:00.000Z,2026-01-27T00:00:00.000Z,,false,13,313,99313,Whitfield (County),26015,,2026012101,4,W,2026-06-12T12:41:19.714Z,d541bfb4a6fa1309ea8e1a1b163175567f0703f3,d1bad1ad-5b32-4e2f-ac01-6323ea6cf3ab,2026-01-24,2026-01-22,2026-01-27,,,2026-06-12T12:41:19Z,2026,01,1,2026,5,2,,false,false,Emergency,Georgia,Region 4 — Atlanta,Atlanta,"AL,FL,GA,KY,MS,NC,SC,TN",Winter weather,Severe Storm,false,false,false,false,false,false,false,true,true,false,false,1,false,true,false,13313,https://www.fema.gov/api/open/v2/DisasterDeclarationsSummaries,https://www.fema.gov/openfema-data-page/disaster-declarations-summaries-v2,2026-08-16T23:00:55Z
EM-3642-GA,3642,GA,EM,2026-01-24T00:00:00.000Z,2026,Winter Storm,SEVERE WINTER STORM,false,false,true,false,2026-01-22T00:00:00.000Z,2026-01-27T00:00:00.000Z,,false,13,311,99311,White (County),26015,,2026012101,4,W,2026-06-12T12:41:19.714Z,2bf2f6a2f0409b0a931e904d2532deeed24e8de0,06f62a42-bb4d-41a2-a082-6d3ad2a6428e,2026-01-24,2026-01-22,2026-01-27,,,2026-06-12T12:41:19Z,2026,01,1,2026,5,2,,false,false,Emergency,Georgia,Region 4 — Atlanta,Atlanta,"AL,FL,GA,KY,MS,NC,SC,TN",Winter weather,Severe Storm,false,false,false,false,false,false,false,true,true,false,false,1,false,true,false,13311,https://www.fema.gov/api/open/v2/DisasterDeclarationsSummaries,https://www.fema.gov/openfema-data-page/disaster-declarations-summaries-v2,2026-08-16T23:00:55Z
EM-3642-GA,3642,GA,EM,2026-01-24T00:00:00.000Z,2026,Winter Storm,SEVERE WINTER STORM,false,false,true,false,2026-01-22T00:00:00.000Z,2026-01-27T00:00:00.000Z,,false,13,309,99309,Wheeler (County),26015,,2026012101,4,W,2026-06-12T12:41:19.714Z,46e31302f0dd3825900a6299c5cf2e4b6acb354e,aacd193b-d474-449c-840d-2a4fbe6444ea,2026-01-24,2026-01-22,2026-01-27,,,2026-06-12T12:41:19Z,2026,01,1,2026,5,2,,false,false,Emergency,Georgia,Region 4 — Atlanta,Atlanta,"AL,FL,GA,KY,MS,NC,SC,TN",Winter weather,Severe Storm,false,false,false,false,false,false,false,true,true,false,false,1,false,true,false,13309,https://www.fema.gov/api/open/v2/DisasterDeclarationsSummaries,https://www.fema.gov/openfema-data-page/disaster-declarations-summaries-v2,2026-08-16T23:00:55Z
EM-3642-GA,3642,GA,EM,2026-01-24T00:00:00.000Z,2026,Winter Storm,SEVERE WINTER STORM,false,false,true,false,2026-01-22T00:00:00.000Z,2026-01-27T00:00:00.000Z,,false,13,307,99307,Webster (County),26015,,2026012101,4,W,2026-06-12T12:41:19.714Z,7e5cc4146ee21d38976e736ddb99be7ad8f61e7d,00a5c725-a6b8-4624-be94-a1dd580a4487,2026-01-24,2026-01-22,2026-01-27,,,2026-06-12T12:41:19Z,2026,01,1,2026,5,2,,false,false,Emergency,Georgia,Region 4 — Atlanta,Atlanta,"AL,FL,GA,KY,MS,NC,SC,TN",Winter weather,Severe Storm,false,false,false,false,false,false,false,true,true,false,false,1,false,true,false,13307,https://www.fema.gov/api/open/v2/DisasterDeclarationsSummaries,https://www.fema.gov/openfema-data-page/disaster-declarations-summaries-v2,2026-08-16T23:00:55Z
EM-3642-GA,3642,GA,EM,2026-01-24T00:00:00.000Z,2026,Winter Storm,SEVERE WINTER STORM,false,false,true,false,2026-01-22T00:00:00.000Z,2026-01-27T00:00:00.000Z,,false,13,303,99303,Washington (County),26015,,2026012101,4,W,2026-06-12T12:41:19.714Z,1c5a20c031d5de32f20395903c4329f1a95efc2b,056b39f9-38ec-4176-94c9-7f2a7004b54e,2026-01-24,2026-01-22,2026-01-27,,,2026-06-12T12:41:19Z,2026,01,1,2026,5,2,,false,false,Emergency,Georgia,Region 4 — Atlanta,Atlanta,"AL,FL,GA,KY,MS,NC,SC,TN",Winter weather,Severe Storm,false,false,false,false,false,false,false,true,true,false,false,1,false,true,false,13303,https://www.fema.gov/api/open/v2/DisasterDeclarationsSummaries,https://www.fema.gov/openfema-data-page/disaster-declarations-summaries-v2,2026-08-16T23:00:55Z
EM-3642-GA,3642,GA,EM,2026-01-24T00:00:00.000Z,2026,Winter Storm,SEVERE WINTER STORM,false,false,true,false,2026-01-22T00:00:00.000Z,2026-01-27T00:00:00.000Z,,false,13,301,99301,Warren (County),26015,,2026012101,4,W,2026-06-12T12:41:19.714Z,8ac3da7cf1979f048a177e3e92377367be4fa052,052c67a3-ee8b-4959-802c-7886e2c8435e,2026-01-24,2026-01-22,2026-01-27,,,2026-06-12T12:41:19Z,2026,01,1,2026,5,2,,false,false,Emergency,Georgia,Region 4 — Atlanta,Atlanta,"AL,FL,GA,KY,MS,NC,SC,TN",Winter weather,Severe Storm,false,false,false,false,false,false,false,true,true,false,false,1,false,true,false,13301,https://www.fema.gov/api/open/v2/DisasterDeclarationsSummaries,https://www.fema.gov/openfema-data-page/disaster-declarations-summaries-v2,2026-08-16T23:00:55Z
EM-3642-GA,3642,GA,EM,2026-01-24T00:00:00.000Z,2026,Winter Storm,SEVERE WINTER STORM,false,false,true,false,2026-01-22T00:00:00.000Z,2026-01-27T00:00:00.000Z,,false,13,297,99297,Walton (County),26015,,2026012101,4,W,2026-06-12T12:41:19.714Z,914da3db8e364a77f947ebf9b11b188205339ad0,8b78282a-b3c5-42c2-b8e5-89e7783dde81,2026-01-24,2026-01-22,2026-01-27,,,2026-06-12T12:41:19Z,2026,01,1,2026,5,2,,false,false,Emergency,Georgia,Region 4 — Atlanta,Atlanta,"AL,FL,GA,KY,MS,NC,SC,TN",Winter weather,Severe Storm,false,false,false,false,false,false,false,true,true,false,false,1,false,true,false,13297,https://www.fema.gov/api/open/v2/DisasterDeclarationsSummaries,https://www.fema.gov/openfema-data-page/disaster-declarations-summaries-v2,2026-08-16T23:00:55Z
EM-3642-GA,3642,GA,EM,2026-01-24T00:00:00.000Z,2026,Winter Storm,SEVERE WINTER STORM,false,false,true,false,2026-01-22T00:00:00.000Z,2026-01-27T00:00:00.000Z,,false,13,295,99295,Walker (County),26015,,2026012101,4,W,2026-06-12T12:41:19.714Z,876c3e39005507dae266c7921bbdcd903186c795,7cae7119-122d-4a06-8663-ec7218d5abd0,2026-01-24,2026-01-22,2026-01-27,,,2026-06-12T12:41:19Z,2026,01,1,2026,5,2,,false,false,Emergency,Georgia,Region 4 — Atlanta,Atlanta,"AL,FL,GA,KY,MS,NC,SC,TN",Winter weather,Severe Storm,false,false,false,false,false,false,false,true,true,false,false,1,false,true,false,13295,https://www.fema.gov/api/open/v2/DisasterDeclarationsSummaries,https://www.fema.gov/openfema-data-page/disaster-declarations-summaries-v2,2026-08-16T23:00:55Z
EM-3642-GA,3642,GA,EM,2026-01-24T00:00:00.000Z,2026,Winter Storm,SEVERE WINTER STORM,false,false,true,false,2026-01-22T00:00:00.000Z,2026-01-27T00:00:00.000Z,,false,13,293,99293,Upson (County),26015,,2026012101,4,W,2026-06-12T12:41:19.714Z,21ec8a8972af824bcd6f22410c6b5f0674fed584,8fbde665-bdaa-4bcd-b465-cabd68f9b78c,2026-01-24,2026-01-22,2026-01-27,,,2026-06-12T12:41:19Z,2026,01,1,2026,5,2,,false,false,Emergency,Georgia,Region 4 — Atlanta,Atlanta,"AL,FL,GA,KY,MS,NC,SC,TN",Winter weather,Severe Storm,false,false,false,false,false,false,false,true,true,false,false,1,false,true,false,13293,https://www.fema.gov/api/open/v2/DisasterDeclarationsSummaries,https://www.fema.gov/openfema-data-page/disaster-declarations-summaries-v2,2026-08-16T23:00:55Z
EM-3642-GA,3642,GA,EM,2026-01-24T00:00:00.000Z,2026,Winter Storm,SEVERE WINTER STORM,false,false,true,false,2026-01-22T00:00:00.000Z,2026-01-27T00:00:00.000Z,,false,13,291,99291,Union (County),26015,,2026012101,4,W,2026-06-12T12:41:19.714Z,4da449a580c66dd9ebeeb6aea4b81f63d7244dbc,497bc79d-c589-41a5-af72-addeb62f1b60,2026-01-24,2026-01-22,2026-01-27,,,2026-06-12T12:41:19Z,2026,01,1,2026,5,2,,false,false,Emergency,Georgia,Region 4 — Atlanta,Atlanta,"AL,FL,GA,KY,MS,NC,SC,TN",Winter weather,Severe Storm,false,false,false,false,false,false,false,true,true,false,false,1,false,true,false,13291,https://www.fema.gov/api/open/v2/DisasterDeclarationsSummaries,https://www.fema.gov/openfema-data-page/disaster-declarations-summaries-v2,2026-08-16T23:00:55Z
EM-3642-GA,3642,GA,EM,2026-01-24T00:00:00.000Z,2026,Winter Storm,SEVERE WINTER STORM,false,false,true,false,2026-01-22T00:00:00.000Z,2026-01-27T00:00:00.000Z,,false,13,289,99289,Twiggs (County),26015,,2026012101,4,W,2026-06-12T12:41:19.714Z,8a30995350af73743edb40b954ab47dd08d9e4de,18592c57-2f61-424e-9722-252ea1a0b856,2026-01-24,2026-01-22,2026-01-27,,,2026-06-12T12:41:19Z,2026,01,1,2026,5,2,,false,false,Emergency,Georgia,Region 4 — Atlanta,Atlanta,"AL,FL,GA,KY,MS,NC,SC,TN",Winter weather,Severe Storm,false,false,false,false,false,false,false,true,true,false,false,1,false,true,false,13289,https://www.fema.gov/api/open/v2/DisasterDeclarationsSummaries,https://www.fema.gov/openfema-data-page/disaster-declarations-summaries-v2,2026-08-16T23:00:55Z
EM-3642-GA,3642,GA,EM,2026-01-24T00:00:00.000Z,2026,Winter Storm,SEVERE WINTER STORM,false,false,true,false,2026-01-22T00:00:00.000Z,2026-01-27T00:00:00.000Z,,false,13,285,99285,Troup (County),26015,,2026012101,4,W,2026-06-12T12:41:19.714Z,cd3492ba2da6baae48138d5ef04e14220b4716fb,9fd2d71d-00f7-4075-8ed8-f59d5bef234b,2026-01-24,2026-01-22,2026-01-27,,,2026-06-12T12:41:19Z,2026,01,1,2026,5,2,,false,false,Emergency,Georgia,Region 4 — Atlanta,Atlanta,"AL,FL,GA,KY,MS,NC,SC,TN",Winter weather,Severe Storm,false,false,false,false,false,false,false,true,true,false,false,1,false,true,false,13285,https://www.fema.gov/api/open/v2/DisasterDeclarationsSummaries,https://www.fema.gov/openfema-data-page/disaster-declarations-summaries-v2,2026-08-16T23:00:55Z
EM-3642-GA,3642,GA,EM,2026-01-24T00:00:00.000Z,2026,Winter Storm,SEVERE WINTER STORM,false,false,true,false,2026-01-22T00:00:00.000Z,2026-01-27T00:00:00.000Z,,false,13,283,99283,Treutlen (County),26015,,2026012101,4,W,2026-06-12T12:41:19.714Z,f6124f48f1f1441470e9c003ffbad586cc089040,0e44d475-ea68-4b01-938e-a200e2d20d4c,2026-01-24,2026-01-22,2026-01-27,,,2026-06-12T12:41:19Z,2026,01,1,2026,5,2,,false,false,Emergency,Georgia,Region 4 — Atlanta,Atlanta,"AL,FL,GA,KY,MS,NC,SC,TN",Winter weather,Severe Storm,false,false,false,false,false,false,false,true,true,false,false,1,false,true,false,13283,https://www.fema.gov/api/open/v2/DisasterDeclarationsSummaries,https://www.fema.gov/openfema-data-page/disaster-declarations-summaries-v2,2026-08-16T23:00:55Z
EM-3642-GA,3642,GA,EM,2026-01-24T00:00:00.000Z,2026,Winter Storm,SEVERE WINTER STORM,false,false,true,false,2026-01-22T00:00:00.000Z,2026-01-27T00:00:00.000Z,,false,13,281,99281,Towns (County),26015,,2026012101,4,W,2026-06-12T12:41:19.714Z,b9620d052f9f282d6f0351303441637e0cc2a25c,01a96c19-d122-46e5-9283-37e8359ab36d,2026-01-24,2026-01-22,2026-01-27,,,2026-06-12T12:41:19Z,2026,01,1,2026,5,2,,false,false,Emergency,Georgia,Region 4 — Atlanta,Atlanta,"AL,FL,GA,KY,MS,NC,SC,TN",Winter weather,Severe Storm,false,false,false,false,false,false,false,true,true,false,false,1,false,true,false,13281,https://www.fema.gov/api/open/v2/DisasterDeclarationsSummaries,https://www.fema.gov/openfema-data-page/disaster-declarations-summaries-v2,2026-08-16T23:00:55Z
EM-3642-GA,3642,GA,EM,2026-01-24T00:00:00.000Z,2026,Winter Storm,SEVERE WINTER STORM,false,false,true,false,2026-01-22T00:00:00.000Z,2026-01-27T00:00:00.000Z,,false,13,279,99279,Toombs (County),26015,,2026012101,4,W,2026-06-12T12:41:19.714Z,b876991a41cf0e93d8e4f3c01c3c250ca7bf83c7,c6a4242d-3f23-47ad-a9a8-06a77fdcaad6,2026-01-24,2026-01-22,2026-01-27,,,2026-06-12T12:41:19Z,2026,01,1,2026,5,2,,false,false,Emergency,Georgia,Region 4 — Atlanta,Atlanta,"AL,FL,GA,KY,MS,NC,SC,TN",Winter weather,Severe Storm,false,false,false,false,false,false,false,true,true,false,false,1,false,true,false,13279,https://www.fema.gov/api/open/v2/DisasterDeclarationsSummaries,https://www.fema.gov/openfema-data-page/disaster-declarations-summaries-v2,2026-08-16T23:00:55Z
EM-3642-GA,3642,GA,EM,2026-01-24T00:00:00.000Z,2026,Winter Storm,SEVERE WINTER STORM,false,false,true,false,2026-01-22T00:00:00.000Z,2026-01-27T00:00:00.000Z,,false,13,271,99271,Telfair (County),26015,,2026012101,4,W,2026-06-12T12:41:19.714Z,7eb009065496881f18da740e9e5ba581e16162b6,c9d769ff-2531-4a50-b2c7-80b7d827944a,2026-01-24,2026-01-22,2026-01-27,,,2026-06-12T12:41:19Z,2026,01,1,2026,5,2,,false,false,Emergency,Georgia,Region 4 — Atlanta,Atlanta,"AL,FL,GA,KY,MS,NC,SC,TN",Winter weather,Severe Storm,false,false,false,false,false,false,false,true,true,false,false,1,false,true,false,13271,https://www.fema.gov/api/open/v2/DisasterDeclarationsSummaries,https://www.fema.gov/openfema-data-page/disaster-declarations-summaries-v2,2026-08-16T23:00:55Z
EM-3642-GA,3642,GA,EM,2026-01-24T00:00:00.000Z,2026,Winter Storm,SEVERE WINTER STORM,false,false,true,false,2026-01-22T00:00:00.000Z,2026-01-27T00:00:00.000Z,,false,13,269,99269,Taylor (County),26015,,2026012101,4,W,2026-06-12T12:41:19.714Z,29139070a74843fccdae49c86741487a96b744f4,e2705315-dfff-4d10-bdec-019a43bfa290,2026-01-24,2026-01-22,2026-01-27,,,2026-06-12T12:41:19Z,2026,01,1,2026,5,2,,false,false,Emergency,Georgia,Region 4 — Atlanta,Atlanta,"AL,FL,GA,KY,MS,NC,SC,TN",Winter weather,Severe Storm,false,false,false,false,false,false,false,true,true,false,false,1,false,true,false,13269,https://www.fema.gov/api/open/v2/DisasterDeclarationsSummaries,https://www.fema.gov/openfema-data-page/disaster-declarations-summaries-v2,2026-08-16T23:00:55Z
EM-3642-GA,3642,GA,EM,2026-01-24T00:00:00.000Z,2026,Winter Storm,SEVERE WINTER STORM,false,false,true,false,2026-01-22T00:00:00.000Z,2026-01-27T00:00:00.000Z,,false,13,267,99267,Tattnall (County),26015,,2026012101,4,W,2026-06-12T12:41:19.714Z,805c2a492fb75e051dbd20a304c0d9936a0b8850,29035e51-5111-447d-9186-54197a380ba9,2026-01-24,2026-01-22,2026-01-27,,,2026-06-12T12:41:19Z,2026,01,1,2026,5,2,,false,false,Emergency,Georgia,Region 4 — Atlanta,Atlanta,"AL,FL,GA,KY,MS,NC,SC,TN",Winter weather,Severe Storm,false,false,false,false,false,false,false,true,true,false,false,1,false,true,false,13267,https://www.fema.gov/api/open/v2/DisasterDeclarationsSummaries,https://www.fema.gov/openfema-data-page/disaster-declarations-summaries-v2,2026-08-16T23:00:55Z
EM-3642-GA,3642,GA,EM,2026-01-24T00:00:00.000Z,2026,Winter Storm,SEVERE WINTER STORM,false,false,true,false,2026-01-22T00:00:00.000Z,2026-01-27T00:00:00.000Z,,false,13,265,99265,Taliaferro (County),26015,,2026012101,4,W,2026-06-12T12:41:19.714Z,8a7167d1493baf41249ea80f99ebf7840762d9d8,73f18948-67aa-4535-a234-7891d727488a,2026-01-24,2026-01-22,2026-01-27,,,2026-06-12T12:41:19Z,2026,01,1,2026,5,2,,false,false,Emergency,Georgia,Region 4 — Atlanta,Atlanta,"AL,FL,GA,KY,MS,NC,SC,TN",Winter weather,Severe Storm,false,false,false,false,false,false,false,true,true,false,false,1,false,true,false,13265,https://www.fema.gov/api/open/v2/DisasterDeclarationsSummaries,https://www.fema.gov/openfema-data-page/disaster-declarations-summaries-v2,2026-08-16T23:00:55Z
EM-3642-GA,3642,GA,EM,2026-01-24T00:00:00.000Z,2026,Winter Storm,SEVERE WINTER STORM,false,false,true,false,2026-01-22T00:00:00.000Z,2026-01-27T00:00:00.000Z,,false,13,263,99263,Talbot (County),26015,,2026012101,4,W,2026-06-12T12:41:19.714Z,a39cb816260247c9a33b0f8cd3900171b3838eae,2d09435b-d88b-450f-9062-e4d38fce3c97,2026-01-24,2026-01-22,2026-01-27,,,2026-06-12T12:41:19Z,2026,01,1,2026,5,2,,false,false,Emergency,Georgia,Region 4 — Atlanta,Atlanta,"AL,FL,GA,KY,MS,NC,SC,TN",Winter weather,Severe Storm,false,false,false,false,false,false,false,true,true,false,false,1,false,true,false,13263,https://www.fema.gov/api/open/v2/DisasterDeclarationsSummaries,https://www.fema.gov/openfema-data-page/disaster-declarations-summaries-v2,2026-08-16T23:00:55Z
EM-3642-GA,3642,GA,EM,2026-01-24T00:00:00.000Z,2026,Winter Storm,SEVERE WINTER STORM,false,false,true,false,2026-01-22T00:00:00.000Z,2026-01-27T00:00:00.000Z,,false,13,261,99261,Sumter (County),26015,,2026012101,4,W,2026-06-12T12:41:19.714Z,bccb9fa29fa0e5df28be9e6c350c1a43bfdf9e67,4c144765-3a16-4419-a9e4-172bce1737e7,2026-01-24,2026-01-22,2026-01-27,,,2026-06-12T12:41:19Z,2026,01,1,2026,5,2,,false,false,Emergency,Georgia,Region 4 — Atlanta,Atlanta,"AL,FL,GA,KY,MS,NC,SC,TN",Winter weather,Severe Storm,false,false,false,false,false,false,false,true,true,false,false,1,false,true,false,13261,https://www.fema.gov/api/open/v2/DisasterDeclarationsSummaries,https://www.fema.gov/openfema-data-page/disaster-declarations-summaries-v2,2026-08-16T23:00:55Z
EM-3642-GA,3642,GA,EM,2026-01-24T00:00:00.000Z,2026,Winter Storm,SEVERE WINTER STORM,false,false,true,false,2026-01-22T00:00:00.000Z,2026-01-27T00:00:00.000Z,,false,13,259,99259,Stewart (County),26015,,2026012101,4,W,2026-06-12T12:41:19.714Z,8cf1bafb10a94217e5d446bcfca57eea3985cdb5,42dd2646-8272-4f50-acee-a784c644e8e1,2026-01-24,2026-01-22,2026-01-27,,,2026-06-12T12:41:19Z,2026,01,1,2026,5,2,,false,false,Emergency,Georgia,Region 4 — Atlanta,Atlanta,"AL,FL,GA,KY,MS,NC,SC,TN",Winter weather,Severe Storm,false,false,false,false,false,false,false,true,true,false,false,1,false,true,false,13259,https://www.fema.gov/api/open/v2/DisasterDeclarationsSummaries,https://www.fema.gov/openfema-data-page/disaster-declarations-summaries-v2,2026-08-16T23:00:55Z
EM-3642-GA,3642,GA,EM,2026-01-24T00:00:00.000Z,2026,Winter Storm,SEVERE WINTER STORM,false,false,true,false,2026-01-22T00:00:00.000Z,2026-01-27T00:00:00.000Z,,false,13,257,99257,Stephens (County),26015,,2026012101,4,W,2026-06-12T12:41:19.714Z,6756780cd00afc79b4cb9d226817060586409d77,7a3159b6-6bda-47c5-9f2d-a597da1f85af,2026-01-24,2026-01-22,2026-01-27,,,2026-06-12T12:41:19Z,2026,01,1,2026,5,2,,false,false,Emergency,Georgia,Region 4 — Atlanta,Atlanta,"AL,FL,GA,KY,MS,NC,SC,TN",Winter weather,Severe Storm,false,false,false,false,false,false,false,true,true,false,false,1,false,true,false,13257,https://www.fema.gov/api/open/v2/DisasterDeclarationsSummaries,https://www.fema.gov/openfema-data-page/disaster-declarations-summaries-v2,2026-08-16T23:00:55Z
EM-3642-GA,3642,GA,EM,2026-01-24T00:00:00.000Z,2026,Winter Storm,SEVERE WINTER STORM,false,false,true,false,2026-01-22T00:00:00.000Z,2026-01-27T00:00:00.000Z,,false,13,255,99255,Spalding (County),26015,,2026012101,4,W,2026-06-12T12:41:19.714Z,9d0e0f056cf044229f6d757817d212ce8ac222a5,3e3ddcfa-378e-4ac8-98f5-6ecb9428c8aa,2026-01-24,2026-01-22,2026-01-27,,,2026-06-12T12:41:19Z,2026,01,1,2026,5,2,,false,false,Emergency,Georgia,Region 4 — Atlanta,Atlanta,"AL,FL,GA,KY,MS,NC,SC,TN",Winter weather,Severe Storm,false,false,false,false,false,false,false,true,true,false,false,1,false,true,false,13255,https://www.fema.gov/api/open/v2/DisasterDeclarationsSummaries,https://www.fema.gov/openfema-data-page/disaster-declarations-summaries-v2,2026-08-16T23:00:55Z
EM-3642-GA,3642,GA,EM,2026-01-24T00:00:00.000Z,2026,Winter Storm,SEVERE WINTER STORM,false,false,true,false,2026-01-22T00:00:00.000Z,2026-01-27T00:00:00.000Z,,false,13,251,99251,Screven (County),26015,,2026012101,4,W,2026-06-12T12:41:19.714Z,3eb3097aedc7b8e515468f8a96c10f3432636e7f,ecad4437-1515-406b-90f7-601dac588e96,2026-01-24,2026-01-22,2026-01-27,,,2026-06-12T12:41:19Z,2026,01,1,2026,5,2,,false,false,Emergency,Georgia,Region 4 — Atlanta,Atlanta,"AL,FL,GA,KY,MS,NC,SC,TN",Winter weather,Severe Storm,false,false,false,false,false,false,false,true,true,false,false,1,false,true,false,13251,https://www.fema.gov/api/open/v2/DisasterDeclarationsSummaries,https://www.fema.gov/openfema-data-page/disaster-declarations-summaries-v2,2026-08-16T23:00:55Z
EM-3642-GA,3642,GA,EM,2026-01-24T00:00:00.000Z,2026,Winter Storm,SEVERE WINTER STORM,false,false,true,false,2026-01-22T00:00:00.000Z,2026-01-27T00:00:00.000Z,,false,13,249,99249,Schley (County),26015,,2026012101,4,W,2026-06-12T12:41:19.714Z,60da26a791bf4b9926e0816bc7836fbb2d856bd4,34275230-d68f-4527-addf-9b3d8431a758,2026-01-24,2026-01-22,2026-01-27,,,2026-06-12T12:41:19Z,2026,01,1,2026,5,2,,false,false,Emergency,Georgia,Region 4 — Atlanta,Atlanta,"AL,FL,GA,KY,MS,NC,SC,TN",Winter weather,Severe Storm,false,false,false,false,false,false,false,true,true,false,false,1,false,true,false,13249,https://www.fema.gov/api/open/v2/DisasterDeclarationsSummaries,https://www.fema.gov/openfema-data-page/disaster-declarations-summaries-v2,2026-08-16T23:00:55Z
EM-3642-GA,3642,GA,EM,2026-01-24T00:00:00.000Z,2026,Winter Storm,SEVERE WINTER STORM,false,false,true,false,2026-01-22T00:00:00.000Z,2026-01-27T00:00:00.000Z,,false,13,247,99247,Rockdale (County),26015,,2026012101,4,W,2026-06-12T12:41:19.714Z,10b16747d624b375030e6ba610cb91d31603e565,72c40d19-f356-4a80-80b5-6336c58370e5,2026-01-24,2026-01-22,2026-01-27,,,2026-06-12T12:41:19Z,2026,01,1,2026,5,2,,false,false,Emergency,Georgia,Region 4 — Atlanta,Atlanta,"AL,FL,GA,KY,MS,NC,SC,TN",Winter weather,Severe Storm,false,false,false,false,false,false,false,true,true,false,false,1,false,true,false,13247,https://www.fema.gov/api/open/v2/DisasterDeclarationsSummaries,https://www.fema.gov/openfema-data-page/disaster-declarations-summaries-v2,2026-08-16T23:00:55Z
EM-3642-GA,3642,GA,EM,2026-01-24T00:00:00.000Z,2026,Winter Storm,SEVERE WINTER STORM,false,false,true,false,2026-01-22T00:00:00.000Z,2026-01-27T00:00:00.000Z,,false,13,245,99245,Richmond (County),26015,,2026012101,4,W,2026-06-12T12:41:19.714Z,e27d2a408c45353cb54453d8fe129941d185c0a7,be1c857a-3eeb-4598-87e1-3f01654ba1cd,2026-01-24,2026-01-22,2026-01-27,,,2026-06-12T12:41:19Z,2026,01,1,2026,5,2,,false,false,Emergency,Georgia,Region 4 — Atlanta,Atlanta,"AL,FL,GA,KY,MS,NC,SC,TN",Winter weather,Severe Storm,false,false,false,false,false,false,false,true,true,false,false,1,false,true,false,13245,https://www.fema.gov/api/open/v2/DisasterDeclarationsSummaries,https://www.fema.gov/openfema-data-page/disaster-declarations-summaries-v2,2026-08-16T23:00:55Z
EM-3642-GA,3642,GA,EM,2026-01-24T00:00:00.000Z,2026,Winter Storm,SEVERE WINTER STORM,false,false,true,false,2026-01-22T00:00:00.000Z,2026-01-27T00:00:00.000Z,,false,13,241,99241,Rabun (County),26015,,2026012101,4,W,2026-06-12T12:41:19.714Z,9e1e5aeaddd10016da9d0b0f3df0783de1f68ffb,f52edae2-7e91-4344-8507-9033a1bd97f5,2026-01-24,2026-01-22,2026-01-27,,,2026-06-12T12:41:19Z,2026,01,1,2026,5,2,,false,false,Emergency,Georgia,Region 4 — Atlanta,Atlanta,"AL,FL,GA,KY,MS,NC,SC,TN",Winter weather,Severe Storm,false,false,false,false,false,false,false,true,true,false,false,1,false,true,false,13241,https://www.fema.gov/api/open/v2/DisasterDeclarationsSummaries,https://www.fema.gov/openfema-data-page/disaster-declarations-summaries-v2,2026-08-16T23:00:55Z
EM-3642-GA,3642,GA,EM,2026-01-24T00:00:00.000Z,2026,Winter Storm,SEVERE WINTER STORM,false,false,true,false,2026-01-22T00:00:00.000Z,2026-01-27T00:00:00.000Z,,false,13,237,99237,Putnam (County),26015,,2026012101,4,W,2026-06-12T12:41:19.714Z,bad02170d5ba4d87dfd73ff372c5b20a210da72b,c95755f6-376a-4d63-8480-006fd58a4af8,2026-01-24,2026-01-22,2026-01-27,,,2026-06-12T12:41:19Z,2026,01,1,2026,5,2,,false,false,Emergency,Georgia,Region 4 — Atlanta,Atlanta,"AL,FL,GA,KY,MS,NC,SC,TN",Winter weather,Severe Storm,false,false,false,false,false,false,false,true,true,false,false,1,false,true,false,13237,https://www.fema.gov/api/open/v2/DisasterDeclarationsSummaries,https://www.fema.gov/openfema-data-page/disaster-declarations-summaries-v2,2026-08-16T23:00:55Z
EM-3642-GA,3642,GA,EM,2026-01-24T00:00:00.000Z,2026,Winter Storm,SEVERE WINTER STORM,false,false,true,false,2026-01-22T00:00:00.000Z,2026-01-27T00:00:00.000Z,,false,13,235,99235,Pulaski (County),26015,,2026012101,4,W,2026-06-12T12:41:19.714Z,aec5fc68be88c8b3f690547dad25b178a5e4831a,03997aef-91ac-45c2-a260-7775c7198c7e,2026-01-24,2026-01-22,2026-01-27,,,2026-06-12T12:41:19Z,2026,01,1,2026,5,2,,false,false,Emergency,Georgia,Region 4 — Atlanta,Atlanta,"AL,FL,GA,KY,MS,NC,SC,TN",Winter weather,Severe Storm,false,false,false,false,false,false,false,true,true,false,false,1,false,true,false,13235,https://www.fema.gov/api/open/v2/DisasterDeclarationsSummaries,https://www.fema.gov/openfema-data-page/disaster-declarations-summaries-v2,2026-08-16T23:00:55Z
EM-3642-GA,3642,GA,EM,2026-01-24T00:00:00.000Z,2026,Winter Storm,SEVERE WINTER STORM,false,false,true,false,2026-01-22T00:00:00.000Z,2026-01-27T00:00:00.000Z,,false,13,233,99233,Polk (County),26015,,2026012101,4,W,2026-06-12T12:41:19.714Z,40a704f84f67b63272b9b61803443b116b88fcca,46a0b1db-12f0-41e6-956c-365f5ca94881,2026-01-24,2026-01-22,2026-01-27,,,2026-06-12T12:41:19Z,2026,01,1,2026,5,2,,false,false,Emergency,Georgia,Region 4 — Atlanta,Atlanta,"AL,FL,GA,KY,MS,NC,SC,TN",Winter weather,Severe Storm,false,false,false,false,false,false,false,true,true,false,false,1,false,true,false,13233,https://www.fema.gov/api/open/v2/DisasterDeclarationsSummaries,https://www.fema.gov/openfema-data-page/disaster-declarations-summaries-v2,2026-08-16T23:00:55Z
EM-3642-GA,3642,GA,EM,2026-01-24T00:00:00.000Z,2026,Winter Storm,SEVERE WINTER STORM,false,false,true,false,2026-01-22T00:00:00.000Z,2026-01-27T00:00:00.000Z,,false,13,231,99231,Pike (County),26015,,2026012101,4,W,2026-06-12T12:41:19.714Z,3b1d1f3fabde8bc1933714eafbb16a4544bdb08c,1e29caf7-efc5-4933-ba22-e4ac38fb3d12,2026-01-24,2026-01-22,2026-01-27,,,2026-06-12T12:41:19Z,2026,01,1,2026,5,2,,false,false,Emergency,Georgia,Region 4 — Atlanta,Atlanta,"AL,FL,GA,KY,MS,NC,SC,TN",Winter weather,Severe Storm,false,false,false,false,false,false,false,true,true,false,false,1,false,true,false,13231,https://www.fema.gov/api/open/v2/DisasterDeclarationsSummaries,https://www.fema.gov/openfema-data-page/disaster-declarations-summaries-v2,2026-08-16T23:00:55Z
EM-3642-GA,3642,GA,EM,2026-01-24T00:00:00.000Z,2026,Winter Storm,SEVERE WINTER STORM,false,false,true,false,2026-01-22T00:00:00.000Z,2026-01-27T00:00:00.000Z,,false,13,227,99227,Pickens (County),26015,,2026012101,4,W,2026-06-12T12:41:19.714Z,89904ab1abf44f0d6eab2ed2662dc2e8efa9565e,96b706e6-a072-44d3-a186-ff9d7dc67188,2026-01-24,2026-01-22,2026-01-27,,,2026-06-12T12:41:19Z,2026,01,1,2026,5,2,,false,false,Emergency,Georgia,Region 4 — Atlanta,Atlanta,"AL,FL,GA,KY,MS,NC,SC,TN",Winter weather,Severe Storm,false,false,false,false,false,false,false,true,true,false,false,1,false,true,false,13227,https://www.fema.gov/api/open/v2/DisasterDeclarationsSummaries,https://www.fema.gov/openfema-data-page/disaster-declarations-summaries-v2,2026-08-16T23:00:55Z
EM-3642-GA,3642,GA,EM,2026-01-24T00:00:00.000Z,2026,Winter Storm,SEVERE WINTER STORM,false,false,true,false,2026-01-22T00:00:00.000Z,2026-01-27T00:00:00.000Z,,false,13,225,99225,Peach (County),26015,,2026012101,4,W,2026-06-12T12:41:19.714Z,65c180bbd2c7568aff98fcb87ba82462ef673447,5881c445-747a-41d1-9ccf-e8d602f219ab,2026-01-24,2026-01-22,2026-01-27,,,2026-06-12T12:41:19Z,2026,01,1,2026,5,2,,false,false,Emergency,Georgia,Region 4 — Atlanta,Atlanta,"AL,FL,GA,KY,MS,NC,SC,TN",Winter weather,Severe Storm,false,false,false,false,false,false,false,true,true,false,false,1,false,true,false,13225,https://www.fema.gov/api/open/v2/DisasterDeclarationsSummaries,https://www.fema.gov/openfema-data-page/disaster-declarations-summaries-v2,2026-08-16T23:00:55Z
EM-3642-GA,3642,GA,EM,2026-01-24T00:00:00.000Z,2026,Winter Storm,SEVERE WINTER STORM,false,false,true,false,2026-01-22T00:00:00.000Z,2026-01-27T00:00:00.000Z,,false,13,223,99223,Paulding (County),26015,,2026012101,4,W,2026-06-12T12:41:19.714Z,f343fe4f0a5f98697fbf2245f73f603ed7d713e9,c8655e14-15fc-456e-967f-15f7905770ea,2026-01-24,2026-01-22,2026-01-27,,,2026-06-12T12:41:19Z,2026,01,1,2026,5,2,,false,false,Emergency,Georgia,Region 4 — Atlanta,Atlanta,"AL,FL,GA,KY,MS,NC,SC,TN",Winter weather,Severe Storm,false,false,false,false,false,false,false,true,true,false,false,1,false,true,false,13223,https://www.fema.gov/api/open/v2/DisasterDeclarationsSummaries,https://www.fema.gov/openfema-data-page/disaster-declarations-summaries-v2,2026-08-16T23:00:55Z
EM-3642-GA,3642,GA,EM,2026-01-24T00:00:00.000Z,2026,Winter Storm,SEVERE WINTER STORM,false,false,true,false,2026-01-22T00:00:00.000Z,2026-01-27T00:00:00.000Z,,false,13,221,99221,Oglethorpe (County),26015,,2026012101,4,W,2026-06-12T12:41:19.714Z,eec9a1e7cdc4b93dec053f10cbaa48958e66c373,6859a427-22a5-421f-9134-eb42325d7428,2026-01-24,2026-01-22,2026-01-27,,,2026-06-12T12:41:19Z,2026,01,1,2026,5,2,,false,false,Emergency,Georgia,Region 4 — Atlanta,Atlanta,"AL,FL,GA,KY,MS,NC,SC,TN",Winter weather,Severe Storm,false,false,false,false,false,false,false,true,true,false,false,1,false,true,false,13221,https://www.fema.gov/api/open/v2/DisasterDeclarationsSummaries,https://www.fema.gov/openfema-data-page/disaster-declarations-summaries-v2,2026-08-16T23:00:55Z
EM-3642-GA,3642,GA,EM,2026-01-24T00:00:00.000Z,2026,Winter Storm,SEVERE WINTER STORM,false,false,true,false,2026-01-22T00:00:00.000Z,2026-01-27T00:00:00.000Z,,false,13,219,99219,Oconee (County),26015,,2026012101,4,W,2026-06-12T12:41:19.714Z,8403b8e6345c8c039b0ade12a92646ff2cc0336f,3e1e234a-99ac-43f2-bfa1-789873b7c6bb,2026-01-24,2026-01-22,2026-01-27,,,2026-06-12T12:41:19Z,2026,01,1,2026,5,2,,false,false,Emergency,Georgia,Region 4 — Atlanta,Atlanta,"AL,FL,GA,KY,MS,NC,SC,TN",Winter weather,Severe Storm,false,false,false,false,false,false,false,true,true,false,false,1,false,true,false,13219,https://www.fema.gov/api/open/v2/DisasterDeclarationsSummaries,https://www.fema.gov/openfema-data-page/disaster-declarations-summaries-v2,2026-08-16T23:00:55Z
EM-3642-GA,3642,GA,EM,2026-01-24T00:00:00.000Z,2026,Winter Storm,SEVERE WINTER STORM,false,false,true,false,2026-01-22T00:00:00.000Z,2026-01-27T00:00:00.000Z,,false,13,217,99217,Newton (County),26015,,2026012101,4,W,2026-06-12T12:41:19.714Z,63f1dd3f9bc9772515780caea389cf6170eb5732,c142baa8-b691-4ea5-9002-867f09102412,2026-01-24,2026-01-22,2026-01-27,,,2026-06-12T12:41:19Z,2026,01,1,2026,5,2,,false,false,Emergency,Georgia,Region 4 — Atlanta,Atlanta,"AL,FL,GA,KY,MS,NC,SC,TN",Winter weather,Severe Storm,false,false,false,false,false,false,false,true,true,false,false,1,false,true,false,13217,https://www.fema.gov/api/open/v2/DisasterDeclarationsSummaries,https://www.fema.gov/openfema-data-page/disaster-declarations-summaries-v2,2026-08-16T23:00:55Z
EM-3642-GA,3642,GA,EM,2026-01-24T00:00:00.000Z,2026,Winter Storm,SEVERE WINTER STORM,false,false,true,false,2026-01-22T00:00:00.000Z,2026-01-27T00:00:00.000Z,,false,13,215,99215,Muscogee (County),26015,,2026012101,4,W,2026-06-12T12:41:19.714Z,9a301f275792083338cd098f5881ef6f7ac6a041,b97c9257-7b6f-455c-af37-6cd5844e4c06,2026-01-24,2026-01-22,2026-01-27,,,2026-06-12T12:41:19Z,2026,01,1,2026,5,2,,false,false,Emergency,Georgia,Region 4 — Atlanta,Atlanta,"AL,FL,GA,KY,MS,NC,SC,TN",Winter weather,Severe Storm,false,false,false,false,false,false,false,true,true,false,false,1,false,true,false,13215,https://www.fema.gov/api/open/v2/DisasterDeclarationsSummaries,https://www.fema.gov/openfema-data-page/disaster-declarations-summaries-v2,2026-08-16T23:00:55Z
EM-3642-GA,3642,GA,EM,2026-01-24T00:00:00.000Z,2026,Winter Storm,SEVERE WINTER STORM,false,false,true,false,2026-01-22T00:00:00.000Z,2026-01-27T00:00:00.000Z,,false,13,213,99213,Murray (County),26015,,2026012101,4,W,2026-06-12T12:41:19.714Z,c3cda4aae500c622bfccb31f62b6e862c4c49313,ad7ee940-cc0a-4544-a5ef-20078697aabe,2026-01-24,2026-01-22,2026-01-27,,,2026-06-12T12:41:19Z,2026,01,1,2026,5,2,,false,false,Emergency,Georgia,Region 4 — Atlanta,Atlanta,"AL,FL,GA,KY,MS,NC,SC,TN",Winter weather,Severe Storm,false,false,false,false,false,false,false,true,true,false,false,1,false,true,false,13213,https://www.fema.gov/api/open/v2/DisasterDeclarationsSummaries,https://www.fema.gov/openfema-data-page/disaster-declarations-summaries-v2,2026-08-16T23:00:55Z
EM-3642-GA,3642,GA,EM,2026-01-24T00:00:00.000Z,2026,Winter Storm,SEVERE WINTER STORM,false,false,true,false,2026-01-22T00:00:00.000Z,2026-01-27T00:00:00.000Z,,false,13,211,99211,Morgan (County),26015,,2026012101,4,W,2026-06-12T12:41:19.714Z,1c7daac224090e47b44d046bc2455d46fb5028d8,595c96c5-68f0-4d2d-93f6-88d9c8e9a5b1,2026-01-24,2026-01-22,2026-01-27,,,2026-06-12T12:41:19Z,2026,01,1,2026,5,2,,false,false,Emergency,Georgia,Region 4 — Atlanta,Atlanta,"AL,FL,GA,KY,MS,NC,SC,TN",Winter weather,Severe Storm,false,false,false,false,false,false,false,true,true,false,false,1,false,true,false,13211,https://www.fema.gov/api/open/v2/DisasterDeclarationsSummaries,https://www.fema.gov/openfema-data-page/disaster-declarations-summaries-v2,2026-08-16T23:00:55Z
EM-3642-GA,3642,GA,EM,2026-01-24T00:00:00.000Z,2026,Winter Storm,SEVERE WINTER STORM,false,false,true,false,2026-01-22T00:00:00.000Z,2026-01-27T00:00:00.000Z,,false,13,209,99209,Montgomery (County),26015,,2026012101,4,W,2026-06-12T12:41:19.714Z,8fe65d25a257993f5d58f615074fbba15eebd84f,f05996db-a62f-43fe-b96f-644641b48ce0,2026-01-24,2026-01-22,2026-01-27,,,2026-06-12T12:41:19Z,2026,01,1,2026,5,2,,false,false,Emergency,Georgia,Region 4 — Atlanta,Atlanta,"AL,FL,GA,KY,MS,NC,SC,TN",Winter weather,Severe Storm,false,false,false,false,false,false,false,true,true,false,false,1,false,true,false,13209,https://www.fema.gov/api/open/v2/DisasterDeclarationsSummaries,https://www.fema.gov/openfema-data-page/disaster-declarations-summaries-v2,2026-08-16T23:00:55Z
EM-3642-GA,3642,GA,EM,2026-01-24T00:00:00.000Z,2026,Winter Storm,SEVERE WINTER STORM,false,false,true,false,2026-01-22T00:00:00.000Z,2026-01-27T00:00:00.000Z,,false,13,207,99207,Monroe (County),26015,,2026012101,4,W,2026-06-12T12:41:19.714Z,9c56398cebe9783d68aece1aaa2facc4600ad76a,ae77fd9c-3f48-4345-a95f-5a2f3ff848a3,2026-01-24,2026-01-22,2026-01-27,,,2026-06-12T12:41:19Z,2026,01,1,2026,5,2,,false,false,Emergency,Georgia,Region 4 — Atlanta,Atlanta,"AL,FL,GA,KY,MS,NC,SC,TN",Winter weather,Severe Storm,false,false,false,false,false,false,false,true,true,false,false,1,false,true,false,13207,https://www.fema.gov/api/open/v2/DisasterDeclarationsSummaries,https://www.fema.gov/openfema-data-page/disaster-declarations-summaries-v2,2026-08-16T23:00:55Z
EM-3642-GA,3642,GA,EM,2026-01-24T00:00:00.000Z,2026,Winter Storm,SEVERE WINTER STORM,false,false,true,false,2026-01-22T00:00:00.000Z,2026-01-27T00:00:00.000Z,,false,13,199,99199,Meriwether (County),26015,,2026012101,4,W,2026-06-12T12:41:19.714Z,90a13093707aae5864f9fc465759fa59b95f29cf,fbc1e012-a17a-48b3-97ec-4cbb682f05bf,2026-01-24,2026-01-22,2026-01-27,,,2026-06-12T12:41:19Z,2026,01,1,2026,5,2,,false,false,Emergency,Georgia,Region 4 — Atlanta,Atlanta,"AL,FL,GA,KY,MS,NC,SC,TN",Winter weather,Severe Storm,false,false,false,false,false,false,false,true,true,false,false,1,false,true,false,13199,https://www.fema.gov/api/open/v2/DisasterDeclarationsSummaries,https://www.fema.gov/openfema-data-page/disaster-declarations-summaries-v2,2026-08-16T23:00:55Z
EM-3642-GA,3642,GA,EM,2026-01-24T00:00:00.000Z,2026,Winter Storm,SEVERE WINTER STORM,false,false,true,false,2026-01-22T00:00:00.000Z,2026-01-27T00:00:00.000Z,,false,13,197,99197,Marion (County),26015,,2026012101,4,W,2026-06-12T12:41:19.714Z,1d7b89377096317d954a57d2a1c898c3b9bf0a18,0cf4238a-0393-4936-a3d6-804bcf3a9c25,2026-01-24,2026-01-22,2026-01-27,,,2026-06-12T12:41:19Z,2026,01,1,2026,5,2,,false,false,Emergency,Georgia,Region 4 — Atlanta,Atlanta,"AL,FL,GA,KY,MS,NC,SC,TN",Winter weather,Severe Storm,false,false,false,false,false,false,false,true,true,false,false,1,false,true,false,13197,https://www.fema.gov/api/open/v2/DisasterDeclarationsSummaries,https://www.fema.gov/openfema-data-page/disaster-declarations-summaries-v2,2026-08-16T23:00:55Z
EM-3642-GA,3642,GA,EM,2026-01-24T00:00:00.000Z,2026,Winter Storm,SEVERE WINTER STORM,false,false,true,false,2026-01-22T00:00:00.000Z,2026-01-27T00:00:00.000Z,,false,13,195,99195,Madison (County),26015,,2026012101,4,W,2026-06-12T12:41:19.714Z,49efa3fc4af2a4414af4e53496f25dfe245ffff5,c87d691b-685d-420f-b243-be0b70f1f8b6,2026-01-24,2026-01-22,2026-01-27,,,2026-06-12T12:41:19Z,2026,01,1,2026,5,2,,false,false,Emergency,Georgia,Region 4 — Atlanta,Atlanta,"AL,FL,GA,KY,MS,NC,SC,TN",Winter weather,Severe Storm,false,false,false,false,false,false,false,true,true,false,false,1,false,true,false,13195,https://www.fema.gov/api/open/v2/DisasterDeclarationsSummaries,https://www.fema.gov/openfema-data-page/disaster-declarations-summaries-v2,2026-08-16T23:00:55Z
EM-3642-GA,3642,GA,EM,2026-01-24T00:00:00.000Z,2026,Winter Storm,SEVERE WINTER STORM,false,false,true,false,2026-01-22T00:00:00.000Z,2026-01-27T00:00:00.000Z,,false,13,193,99193,Macon (County),26015,,2026012101,4,W,2026-06-12T12:41:19.714Z,f34eec1a97abba329925b51575a95d38bc221ecf,dceb8b12-c847-442b-877e-e5dc6baf944c,2026-01-24,2026-01-22,2026-01-27,,,2026-06-12T12:41:19Z,2026,01,1,2026,5,2,,false,false,Emergency,Georgia,Region 4 — Atlanta,Atlanta,"AL,FL,GA,KY,MS,NC,SC,TN",Winter weather,Severe Storm,false,false,false,false,false,false,false,true,true,false,false,1,false,true,false,13193,https://www.fema.gov/api/open/v2/DisasterDeclarationsSummaries,https://www.fema.gov/openfema-data-page/disaster-declarations-summaries-v2,2026-08-16T23:00:55Z
EM-3642-GA,3642,GA,EM,2026-01-24T00:00:00.000Z,2026,Winter Storm,SEVERE WINTER STORM,false,false,true,false,2026-01-22T00:00:00.000Z,2026-01-27T00:00:00.000Z,,false,13,189,99189,McDuffie (County),26015,,2026012101,4,W,2026-06-12T12:41:19.714Z,3b92234243625c2c48e58e4162c7dbd83708adb0,d08ef48f-171d-49d9-884c-ea99fa495a1c,2026-01-24,2026-01-22,2026-01-27,,,2026-06-12T12:41:19Z,2026,01,1,2026,5,2,,false,false,Emergency,Georgia,Region 4 — Atlanta,Atlanta,"AL,FL,GA,KY,MS,NC,SC,TN",Winter weather,Severe Storm,false,false,false,false,false,false,false,true,true,false,false,1,false,true,false,13189,https://www.fema.gov/api/open/v2/DisasterDeclarationsSummaries,https://www.fema.gov/openfema-data-page/disaster-declarations-summaries-v2,2026-08-16T23:00:55Z
EM-3642-GA,3642,GA,EM,2026-01-24T00:00:00.000Z,2026,Winter Storm,SEVERE WINTER STORM,false,false,true,false,2026-01-22T00:00:00.000Z,2026-01-27T00:00:00.000Z,,false,13,187,99187,Lumpkin (County),26015,,2026012101,4,W,2026-06-12T12:41:19.714Z,98f5d9b5ef3b5b5ee5a73259d2c6bf4e72314de4,71cf7d5f-ba36-4a51-bb3d-b794094bce39,2026-01-24,2026-01-22,2026-01-27,,,2026-06-12T12:41:19Z,2026,01,1,2026,5,2,,false,false,Emergency,Georgia,Region 4 — Atlanta,Atlanta,"AL,FL,GA,KY,MS,NC,SC,TN",Winter weather,Severe Storm,false,false,false,false,false,false,false,true,true,false,false,1,false,true,false,13187,https://www.fema.gov/api/open/v2/DisasterDeclarationsSummaries,https://www.fema.gov/openfema-data-page/disaster-declarations-summaries-v2,2026-08-16T23:00:55Z
EM-3642-GA,3642,GA,EM,2026-01-24T00:00:00.000Z,2026,Winter Storm,SEVERE WINTER STORM,false,false,true,false,2026-01-22T00:00:00.000Z,2026-01-27T00:00:00.000Z,,false,13,181,99181,Lincoln (County),26015,,2026012101,4,W,2026-06-12T12:41:19.714Z,752b1358425c5b2b5870fb33dac6525ba279c308,b7310c7d-8732-4710-b214-8a48ffaad92c,2026-01-24,2026-01-22,2026-01-27,,,2026-06-12T12:41:19Z,2026,01,1,2026,5,2,,false,false,Emergency,Georgia,Region 4 — Atlanta,Atlanta,"AL,FL,GA,KY,MS,NC,SC,TN",Winter weather,Severe Storm,false,false,false,false,false,false,false,true,true,false,false,1,false,true,false,13181,https://www.fema.gov/api/open/v2/DisasterDeclarationsSummaries,https://www.fema.gov/openfema-data-page/disaster-declarations-summaries-v2,2026-08-16T23:00:55Z
EM-3642-GA,3642,GA,EM,2026-01-24T00:00:00.000Z,2026,Winter Storm,SEVERE WINTER STORM,false,false,true,false,2026-01-22T00:00:00.000Z,2026-01-27T00:00:00.000Z,,false,13,175,99175,Laurens (County),26015,,2026012101,4,W,2026-06-12T12:41:19.714Z,f618c73bb8469d14d8fd90c5768046d722d82ead,8a7def8a-ee7a-45f7-a7dc-4d43c7acf710,2026-01-24,2026-01-22,2026-01-27,,,2026-06-12T12:41:19Z,2026,01,1,2026,5,2,,false,false,Emergency,Georgia,Region 4 — Atlanta,Atlanta,"AL,FL,GA,KY,MS,NC,SC,TN",Winter weather,Severe Storm,false,false,false,false,false,false,false,true,true,false,false,1,false,true,false,13175,https://www.fema.gov/api/open/v2/DisasterDeclarationsSummaries,https://www.fema.gov/openfema-data-page/disaster-declarations-summaries-v2,2026-08-16T23:00:55Z
EM-3642-GA,3642,GA,EM,2026-01-24T00:00:00.000Z,2026,Winter Storm,SEVERE WINTER STORM,false,false,true,false,2026-01-22T00:00:00.000Z,2026-01-27T00:00:00.000Z,,false,13,171,99171,Lamar (County),26015,,2026012101,4,W,2026-06-12T12:41:19.714Z,3918ec1dd4fd8e81c2b29f8ce17c4f8f1c9b6c44,0c1190bd-464b-4d96-a1d2-7cd1c116b5d8,2026-01-24,2026-01-22,2026-01-27,,,2026-06-12T12:41:19Z,2026,01,1,2026,5,2,,false,false,Emergency,Georgia,Region 4 — Atlanta,Atlanta,"AL,FL,GA,KY,MS,NC,SC,TN",Winter weather,Severe Storm,false,false,false,false,false,false,false,true,true,false,false,1,false,true,false,13171,https://www.fema.gov/api/open/v2/DisasterDeclarationsSummaries,https://www.fema.gov/openfema-data-page/disaster-declarations-summaries-v2,2026-08-16T23:00:55Z
EM-3642-GA,3642,GA,EM,2026-01-24T00:00:00.000Z,2026,Winter Storm,SEVERE WINTER STORM,false,false,true,false,2026-01-22T00:00:00.000Z,2026-01-27T00:00:00.000Z,,false,13,169,99169,Jones (County),26015,,2026012101,4,W,2026-06-12T12:41:19.714Z,af8ff540b73b2ff6aa3d0f16635003cd52676ae2,08d5689b-bea1-4e27-aeac-a7404675a1a9,2026-01-24,2026-01-22,2026-01-27,,,2026-06-12T12:41:19Z,2026,01,1,2026,5,2,,false,false,Emergency,Georgia,Region 4 — Atlanta,Atlanta,"AL,FL,GA,KY,MS,NC,SC,TN",Winter weather,Severe Storm,false,false,false,false,false,false,false,true,true,false,false,1,false,true,false,13169,https://www.fema.gov/api/open/v2/DisasterDeclarationsSummaries,https://www.fema.gov/openfema-data-page/disaster-declarations-summaries-v2,2026-08-16T23:00:55Z
EM-3642-GA,3642,GA,EM,2026-01-24T00:00:00.000Z,2026,Winter Storm,SEVERE WINTER STORM,false,false,true,false,2026-01-22T00:00:00.000Z,2026-01-27T00:00:00.000Z,,false,13,167,99167,Johnson (County),26015,,2026012101,4,W,2026-06-12T12:41:19.714Z,95e26f581e4b9c171df0230d87be7541899bd2a7,58019eab-85a1-488a-a507-480e79d3ef8c,2026-01-24,2026-01-22,2026-01-27,,,2026-06-12T12:41:19Z,2026,01,1,2026,5,2,,false,false,Emergency,Georgia,Region 4 — Atlanta,Atlanta,"AL,FL,GA,KY,MS,NC,SC,TN",Winter weather,Severe Storm,false,false,false,false,false,false,false,true,true,false,false,1,false,true,false,13167,https://www.fema.gov/api/open/v2/DisasterDeclarationsSummaries,https://www.fema.gov/openfema-data-page/disaster-declarations-summaries-v2,2026-08-16T23:00:55Z
EM-3642-GA,3642,GA,EM,2026-01-24T00:00:00.000Z,2026,Winter Storm,SEVERE WINTER STORM,false,false,true,false,2026-01-22T00:00:00.000Z,2026-01-27T00:00:00.000Z,,false,13,165,99165,Jenkins (County),26015,,2026012101,4,W,2026-06-12T12:41:19.714Z,c584c7f26951168dbde5647cd272487a663905fd,d90ec7ff-45e1-4390-b384-fd8fb731151d,2026-01-24,2026-01-22,2026-01-27,,,2026-06-12T12:41:19Z,2026,01,1,2026,5,2,,false,false,Emergency,Georgia,Region 4 — Atlanta,Atlanta,"AL,FL,GA,KY,MS,NC,SC,TN",Winter weather,Severe Storm,false,false,false,false,false,false,false,true,true,false,false,1,false,true,false,13165,https://www.fema.gov/api/open/v2/DisasterDeclarationsSummaries,https://www.fema.gov/openfema-data-page/disaster-declarations-summaries-v2,2026-08-16T23:00:55Z
EM-3642-GA,3642,GA,EM,2026-01-24T00:00:00.000Z,2026,Winter Storm,SEVERE WINTER STORM,false,false,true,false,2026-01-22T00:00:00.000Z,2026-01-27T00:00:00.000Z,,false,13,163,99163,Jefferson (County),26015,,2026012101,4,W,2026-06-12T12:41:19.714Z,32f9fc8699bbfec8c5410746e823556d45f44241,17316950-7d75-4add-b80f-b8b24005adce,2026-01-24,2026-01-22,2026-01-27,,,2026-06-12T12:41:19Z,2026,01,1,2026,5,2,,false,false,Emergency,Georgia,Region 4 — Atlanta,Atlanta,"AL,FL,GA,KY,MS,NC,SC,TN",Winter weather,Severe Storm,false,false,false,false,false,false,false,true,true,false,false,1,false,true,false,13163,https://www.fema.gov/api/open/v2/DisasterDeclarationsSummaries,https://www.fema.gov/openfema-data-page/disaster-declarations-summaries-v2,2026-08-16T23:00:55Z
EM-3642-GA,3642,GA,EM,2026-01-24T00:00:00.000Z,2026,Winter Storm,SEVERE WINTER STORM,false,false,true,false,2026-01-22T00:00:00.000Z,2026-01-27T00:00:00.000Z,,false,13,159,99159,Jasper (County),26015,,2026012101,4,W,2026-06-12T12:41:19.714Z,e8ef81683f55f591586a28c6ea861dedc4d4c935,623b49c9-aa13-4b8d-8cb5-6c25f18631d3,2026-01-24,2026-01-22,2026-01-27,,,2026-06-12T12:41:19Z,2026,01,1,2026,5,2,,false,false,Emergency,Georgia,Region 4 — Atlanta,Atlanta,"AL,FL,GA,KY,MS,NC,SC,TN",Winter weather,Severe Storm,false,false,false,false,false,false,false,true,true,false,false,1,false,true,false,13159,https://www.fema.gov/api/open/v2/DisasterDeclarationsSummaries,https://www.fema.gov/openfema-data-page/disaster-declarations-summaries-v2,2026-08-16T23:00:55Z
EM-3642-GA,3642,GA,EM,2026-01-24T00:00:00.000Z,2026,Winter Storm,SEVERE WINTER STORM,false,false,true,false,2026-01-22T00:00:00.000Z,2026-01-27T00:00:00.000Z,,false,13,157,99157,Jackson (County),26015,,2026012101,4,W,2026-06-12T12:41:19.714Z,417e6d295e0e138d10e2ffd24056b49f42a9370f,04b3b9be-6dad-40eb-aa65-405232a840c8,2026-01-24,2026-01-22,2026-01-27,,,2026-06-12T12:41:19Z,2026,01,1,2026,5,2,,false,false,Emergency,Georgia,Region 4 — Atlanta,Atlanta,"AL,FL,GA,KY,MS,NC,SC,TN",Winter weather,Severe Storm,false,false,false,false,false,false,false,true,true,false,false,1,false,true,false,13157,https://www.fema.gov/api/open/v2/DisasterDeclarationsSummaries,https://www.fema.gov/openfema-data-page/disaster-declarations-summaries-v2,2026-08-16T23:00:55Z
EM-3642-GA,3642,GA,EM,2026-01-24T00:00:00.000Z,2026,Winter Storm,SEVERE WINTER STORM,false,false,true,false,2026-01-22T00:00:00.000Z,2026-01-27T00:00:00.000Z,,false,13,153,99153,Houston (County),26015,,2026012101,4,W,2026-06-12T12:41:19.714Z,8e6e7fc3caf0ef91afc3f75c74e4e887d53a1d7e,8eb5f1b5-2b7d-487a-a113-2ba5c56ae7ed,2026-01-24,2026-01-22,2026-01-27,,,2026-06-12T12:41:19Z,2026,01,1,2026,5,2,,false,false,Emergency,Georgia,Region 4 — Atlanta,Atlanta,"AL,FL,GA,KY,MS,NC,SC,TN",Winter weather,Severe Storm,false,false,false,false,false,false,false,true,true,false,false,1,false,true,false,13153,https://www.fema.gov/api/open/v2/DisasterDeclarationsSummaries,https://www.fema.gov/openfema-data-page/disaster-declarations-summaries-v2,2026-08-16T23:00:55Z
EM-3642-GA,3642,GA,EM,2026-01-24T00:00:00.000Z,2026,Winter Storm,SEVERE WINTER STORM,false,false,true,false,2026-01-22T00:00:00.000Z,2026-01-27T00:00:00.000Z,,false,13,151,99151,Henry (County),26015,,2026012101,4,W,2026-06-12T12:41:19.714Z,cd7cd1fc1e73c4094f742ac058ca533bfd71e176,a2ce6a10-1a8e-4655-9d15-59606dc55cf4,2026-01-24,2026-01-22,2026-01-27,,,2026-06-12T12:41:19Z,2026,01,1,2026,5,2,,false,false,Emergency,Georgia,Region 4 — Atlanta,Atlanta,"AL,FL,GA,KY,MS,NC,SC,TN",Winter weather,Severe Storm,false,false,false,false,false,false,false,true,true,false,false,1,false,true,false,13151,https://www.fema.gov/api/open/v2/DisasterDeclarationsSummaries,https://www.fema.gov/openfema-data-page/disaster-declarations-summaries-v2,2026-08-16T23:00:55Z
EM-3642-GA,3642,GA,EM,2026-01-24T00:00:00.000Z,2026,Winter Storm,SEVERE WINTER STORM,false,false,true,false,2026-01-22T00:00:00.000Z,2026-01-27T00:00:00.000Z,,false,13,149,99149,Heard (County),26015,,2026012101,4,W,2026-06-12T12:41:19.714Z,539dc73d3127b68872b9f7d36941c3d786e6665c,241942c8-342d-40e0-b4b6-32163e10f693,2026-01-24,2026-01-22,2026-01-27,,,2026-06-12T12:41:19Z,2026,01,1,2026,5,2,,false,false,Emergency,Georgia,Region 4 — Atlanta,Atlanta,"AL,FL,GA,KY,MS,NC,SC,TN",Winter weather,Severe Storm,false,false,false,false,false,false,false,true,true,false,false,1,false,true,false,13149,https://www.fema.gov/api/open/v2/DisasterDeclarationsSummaries,https://www.fema.gov/openfema-data-page/disaster-declarations-summaries-v2,2026-08-16T23:00:55Z
EM-3642-GA,3642,GA,EM,2026-01-24T00:00:00.000Z,2026,Winter Storm,SEVERE WINTER STORM,false,false,true,false,2026-01-22T00:00:00.000Z,2026-01-27T00:00:00.000Z,,false,13,147,99147,Hart (County),26015,,2026012101,4,W,2026-06-12T12:41:19.714Z,536fb4857e6c6f2b68ef4736174100187faab0bc,3708ab4c-1d68-4d78-b692-662818b4f3c9,2026-01-24,2026-01-22,2026-01-27,,,2026-06-12T12:41:19Z,2026,01,1,2026,5,2,,false,false,Emergency,Georgia,Region 4 — Atlanta,Atlanta,"AL,FL,GA,KY,MS,NC,SC,TN",Winter weather,Severe Storm,false,false,false,false,false,false,false,true,true,false,false,1,false,true,false,13147,https://www.fema.gov/api/open/v2/DisasterDeclarationsSummaries,https://www.fema.gov/openfema-data-page/disaster-declarations-summaries-v2,2026-08-16T23:00:55Z
EM-3642-GA,3642,GA,EM,2026-01-24T00:00:00.000Z,2026,Winter Storm,SEVERE WINTER STORM,false,false,true,false,2026-01-22T00:00:00.000Z,2026-01-27T00:00:00.000Z,,false,13,145,99145,Harris (County),26015,,2026012101,4,W,2026-06-12T12:41:19.714Z,361054669034df9b98a2f0a90ed8d4c1dfd83a58,4201e9cd-9957-4fcd-b0ca-c726b0ce654f,2026-01-24,2026-01-22,2026-01-27,,,2026-06-12T12:41:19Z,2026,01,1,2026,5,2,,false,false,Emergency,Georgia,Region 4 — Atlanta,Atlanta,"AL,FL,GA,KY,MS,NC,SC,TN",Winter weather,Severe Storm,false,false,false,false,false,false,false,true,true,false,false,1,false,true,false,13145,https://www.fema.gov/api/open/v2/DisasterDeclarationsSummaries,https://www.fema.gov/openfema-data-page/disaster-declarations-summaries-v2,2026-08-16T23:00:55Z
EM-3642-GA,3642,GA,EM,2026-01-24T00:00:00.000Z,2026,Winter Storm,SEVERE WINTER STORM,false,false,true,false,2026-01-22T00:00:00.000Z,2026-01-27T00:00:00.000Z,,false,13,143,99143,Haralson (County),26015,,2026012101,4,W,2026-06-12T12:41:19.714Z,0e12dd09fbc6206bba185cee7cc1173f339086cf,8babea21-fc4d-4340-9859-c80d24939cb9,2026-01-24,2026-01-22,2026-01-27,,,2026-06-12T12:41:19Z,2026,01,1,2026,5,2,,false,false,Emergency,Georgia,Region 4 — Atlanta,Atlanta,"AL,FL,GA,KY,MS,NC,SC,TN",Winter weather,Severe Storm,false,false,false,false,false,false,false,true,true,false,false,1,false,true,false,13143,https://www.fema.gov/api/open/v2/DisasterDeclarationsSummaries,https://www.fema.gov/openfema-data-page/disaster-declarations-summaries-v2,2026-08-16T23:00:55Z
EM-3642-GA,3642,GA,EM,2026-01-24T00:00:00.000Z,2026,Winter Storm,SEVERE WINTER STORM,false,false,true,false,2026-01-22T00:00:00.000Z,2026-01-27T00:00:00.000Z,,false,13,141,99141,Hancock (County),26015,,2026012101,4,W,2026-06-12T12:41:19.714Z,67a0b9c8b64b6a88054187580693b3434acc5963,f28f7272-d6af-4c51-9285-2be2a925781c,2026-01-24,2026-01-22,2026-01-27,,,2026-06-12T12:41:19Z,2026,01,1,2026,5,2,,false,false,Emergency,Georgia,Region 4 — Atlanta,Atlanta,"AL,FL,GA,KY,MS,NC,SC,TN",Winter weather,Severe Storm,false,false,false,false,false,false,false,true,true,false,false,1,false,true,false,13141,https://www.fema.gov/api/open/v2/DisasterDeclarationsSummaries,https://www.fema.gov/openfema-data-page/disaster-declarations-summaries-v2,2026-08-16T23:00:55Z
EM-3642-GA,3642,GA,EM,2026-01-24T00:00:00.000Z,2026,Winter Storm,SEVERE WINTER STORM,false,false,true,false,2026-01-22T00:00:00.000Z,2026-01-27T00:00:00.000Z,,false,13,139,99139,Hall (County),26015,,2026012101,4,W,2026-06-12T12:41:19.714Z,dd66d6b4a783d10a6067f6a698725d9b5a0f83f1,63a1fe35-04c9-47df-8111-a86c129b6887,2026-01-24,2026-01-22,2026-01-27,,,2026-06-12T12:41:19Z,2026,01,1,2026,5,2,,false,false,Emergency,Georgia,Region 4 — Atlanta,Atlanta,"AL,FL,GA,KY,MS,NC,SC,TN",Winter weather,Severe Storm,false,false,false,false,false,false,false,true,true,false,false,1,false,true,false,13139,https://www.fema.gov/api/open/v2/DisasterDeclarationsSummaries,https://www.fema.gov/openfema-data-page/disaster-declarations-summaries-v2,2026-08-16T23:00:55Z
EM-3642-GA,3642,GA,EM,2026-01-24T00:00:00.000Z,2026,Winter Storm,SEVERE WINTER STORM,false,false,true,false,2026-01-22T00:00:00.000Z,2026-01-27T00:00:00.000Z,,false,13,137,99137,Habersham (County),26015,,2026012101,4,W,2026-06-12T12:41:19.714Z,244fc88b9354080273c534f5db52f7e6666a4b24,22dc8275-8c69-4dd1-9f53-3071cac87dc8,2026-01-24,2026-01-22,2026-01-27,,,2026-06-12T12:41:19Z,2026,01,1,2026,5,2,,false,false,Emergency,Georgia,Region 4 — Atlanta,Atlanta,"AL,FL,GA,KY,MS,NC,SC,TN",Winter weather,Severe Storm,false,false,false,false,false,false,false,true,true,false,false,1,false,true,false,13137,https://www.fema.gov/api/open/v2/DisasterDeclarationsSummaries,https://www.fema.gov/openfema-data-page/disaster-declarations-summaries-v2,2026-08-16T23:00:55Z
EM-3642-GA,3642,GA,EM,2026-01-24T00:00:00.000Z,2026,Winter Storm,SEVERE WINTER STORM,false,false,true,false,2026-01-22T00:00:00.000Z,2026-01-27T00:00:00.000Z,,false,13,135,99135,Gwinnett (County),26015,,2026012101,4,W,2026-06-12T12:41:19.714Z,3bdfa2fc478e26c224cdb42bed97d8fa9aad701f,9c932707-7bc7-4034-9638-bfee2639ff9f,2026-01-24,2026-01-22,2026-01-27,,,2026-06-12T12:41:19Z,2026,01,1,2026,5,2,,false,false,Emergency,Georgia,Region 4 — Atlanta,Atlanta,"AL,FL,GA,KY,MS,NC,SC,TN",Winter weather,Severe Storm,false,false,false,false,false,false,false,true,true,false,false,1,false,true,false,13135,https://www.fema.gov/api/open/v2/DisasterDeclarationsSummaries,https://www.fema.gov/openfema-data-page/disaster-declarations-summaries-v2,2026-08-16T23:00:55Z
EM-3642-GA,3642,GA,EM,2026-01-24T00:00:00.000Z,2026,Winter Storm,SEVERE WINTER STORM,false,false,true,false,2026-01-22T00:00:00.000Z,2026-01-27T00:00:00.000Z,,false,13,133,99133,Greene (County),26015,,2026012101,4,W,2026-06-12T12:41:19.714Z,a2ebde747d3c9371a842e391bb3b05168d48c9e6,afef5ba0-2781-4022-a68b-11b414c5220f,2026-01-24,2026-01-22,2026-01-27,,,2026-06-12T12:41:19Z,2026,01,1,2026,5,2,,false,false,Emergency,Georgia,Region 4 — Atlanta,Atlanta,"AL,FL,GA,KY,MS,NC,SC,TN",Winter weather,Severe Storm,false,false,false,false,false,false,false,true,true,false,false,1,false,true,false,13133,https://www.fema.gov/api/open/v2/DisasterDeclarationsSummaries,https://www.fema.gov/openfema-data-page/disaster-declarations-summaries-v2,2026-08-16T23:00:55Z
EM-3642-GA,3642,GA,EM,2026-01-24T00:00:00.000Z,2026,Winter Storm,SEVERE WINTER STORM,false,false,true,false,2026-01-22T00:00:00.000Z,2026-01-27T00:00:00.000Z,,false,13,129,99129,Gordon (County),26015,,2026012101,4,W,2026-06-12T12:41:19.714Z,23463fe7a726a0cea551b4b7770f26d92f58a9d2,badd1a22-26fb-454e-90fc-bca05b2931b5,2026-01-24,2026-01-22,2026-01-27,,,2026-06-12T12:41:19Z,2026,01,1,2026,5,2,,false,false,Emergency,Georgia,Region 4 — Atlanta,Atlanta,"AL,FL,GA,KY,MS,NC,SC,TN",Winter weather,Severe Storm,false,false,false,false,false,false,false,true,true,false,false,1,false,true,false,13129,https://www.fema.gov/api/open/v2/DisasterDeclarationsSummaries,https://www.fema.gov/openfema-data-page/disaster-declarations-summaries-v2,2026-08-16T23:00:55Z
EM-3642-GA,3642,GA,EM,2026-01-24T00:00:00.000Z,2026,Winter Storm,SEVERE WINTER STORM,false,false,true,false,2026-01-22T00:00:00.000Z,2026-01-27T00:00:00.000Z,,false,13,125,99125,Glascock (County),26015,,2026012101,4,W,2026-06-12T12:41:19.714Z,6577ce0c41af553ebeda366905e400927214284e,de16621f-1698-4b94-8b79-8ad08bd1d21d,2026-01-24,2026-01-22,2026-01-27,,,2026-06-12T12:41:19Z,2026,01,1,2026,5,2,,false,false,Emergency,Georgia,Region 4 — Atlanta,Atlanta,"AL,FL,GA,KY,MS,NC,SC,TN",Winter weather,Severe Storm,false,false,false,false,false,false,false,true,true,false,false,1,false,true,false,13125,https://www.fema.gov/api/open/v2/DisasterDeclarationsSummaries,https://www.fema.gov/openfema-data-page/disaster-declarations-summaries-v2,2026-08-16T23:00:55Z
EM-3642-GA,3642,GA,EM,2026-01-24T00:00:00.000Z,2026,Winter Storm,SEVERE WINTER STORM,false,false,true,false,2026-01-22T00:00:00.000Z,2026-01-27T00:00:00.000Z,,false,13,123,99123,Gilmer (County),26015,,2026012101,4,W,2026-06-12T12:41:19.714Z,8297cd93dd943eb086b6ebc0db79b5a640593ab6,a802885d-c867-482e-add3-9b395863bd86,2026-01-24,2026-01-22,2026-01-27,,,2026-06-12T12:41:19Z,2026,01,1,2026,5,2,,false,false,Emergency,Georgia,Region 4 — Atlanta,Atlanta,"AL,FL,GA,KY,MS,NC,SC,TN",Winter weather,Severe Storm,false,false,false,false,false,false,false,true,true,false,false,1,false,true,false,13123,https://www.fema.gov/api/open/v2/DisasterDeclarationsSummaries,https://www.fema.gov/openfema-data-page/disaster-declarations-summaries-v2,2026-08-16T23:00:55Z
EM-3642-GA,3642,GA,EM,2026-01-24T00:00:00.000Z,2026,Winter Storm,SEVERE WINTER STORM,false,false,true,false,2026-01-22T00:00:00.000Z,2026-01-27T00:00:00.000Z,,false,13,121,99121,Fulton (County),26015,,2026012101,4,W,2026-06-12T12:41:19.714Z,36ce72491d4168495eb138646964d849da8c3489,f82d34cd-3936-4191-93e7-651238b96a7e,2026-01-24,2026-01-22,2026-01-27,,,2026-06-12T12:41:19Z,2026,01,1,2026,5,2,,false,false,Emergency,Georgia,Region 4 — Atlanta,Atlanta,"AL,FL,GA,KY,MS,NC,SC,TN",Winter weather,Severe Storm,false,false,false,false,false,false,false,true,true,false,false,1,false,true,false,13121,https://www.fema.gov/api/open/v2/DisasterDeclarationsSummaries,https://www.fema.gov/openfema-data-page/disaster-declarations-summaries-v2,2026-08-16T23:00:55Z
EM-3642-GA,3642,GA,EM,2026-01-24T00:00:00.000Z,2026,Winter Storm,SEVERE WINTER STORM,false,false,true,false,2026-01-22T00:00:00.000Z,2026-01-27T00:00:00.000Z,,false,13,119,99119,Franklin (County),26015,,2026012101,4,W,2026-06-12T12:41:19.714Z,7d7eef215c677e625ded8d648eb1e69022aace0f,69ff5722-e1cc-427f-a3d0-9f45bef5458a,2026-01-24,2026-01-22,2026-01-27,,,2026-06-12T12:41:19Z,2026,01,1,2026,5,2,,false,false,Emergency,Georgia,Region 4 — Atlanta,Atlanta,"AL,FL,GA,KY,MS,NC,SC,TN",Winter weather,Severe Storm,false,false,false,false,false,false,false,true,true,false,false,1,false,true,false,13119,https://www.fema.gov/api/open/v2/DisasterDeclarationsSummaries,https://www.fema.gov/openfema-data-page/disaster-declarations-summaries-v2,2026-08-16T23:00:55Z
EM-3642-GA,3642,GA,EM,2026-01-24T00:00:00.000Z,2026,Winter Storm,SEVERE WINTER STORM,false,false,true,false,2026-01-22T00:00:00.000Z,2026-01-27T00:00:00.000Z,,false,13,117,99117,Forsyth (County),26015,,2026012101,4,W,2026-06-12T12:41:19.714Z,ce5d14f3deb5f518925682c4607e4a91a6774bc7,d50c7b3e-be0f-4aaa-bc59-5cadd38ab67f,2026-01-24,2026-01-22,2026-01-27,,,2026-06-12T12:41:19Z,2026,01,1,2026,5,2,,false,false,Emergency,Georgia,Region 4 — Atlanta,Atlanta,"AL,FL,GA,KY,MS,NC,SC,TN",Winter weather,Severe Storm,false,false,false,false,false,false,false,true,true,false,false,1,false,true,false,13117,https://www.fema.gov/api/open/v2/DisasterDeclarationsSummaries,https://www.fema.gov/openfema-data-page/disaster-declarations-summaries-v2,2026-08-16T23:00:55Z
EM-3642-GA,3642,GA,EM,2026-01-24T00:00:00.000Z,2026,Winter Storm,SEVERE WINTER STORM,false,false,true,false,2026-01-22T00:00:00.000Z,2026-01-27T00:00:00.000Z,,false,13,115,99115,Floyd (County),26015,,2026012101,4,W,2026-06-12T12:41:19.714Z,50cd382772f330901759c8090e45eaa0dbed1d59,f1e95f52-1c73-4ec6-93e6-4af194aa1d5c,2026-01-24,2026-01-22,2026-01-27,,,2026-06-12T12:41:19Z,2026,01,1,2026,5,2,,false,false,Emergency,Georgia,Region 4 — Atlanta,Atlanta,"AL,FL,GA,KY,MS,NC,SC,TN",Winter weather,Severe Storm,false,false,false,false,false,false,false,true,true,false,false,1,false,true,false,13115,https://www.fema.gov/api/open/v2/DisasterDeclarationsSummaries,https://www.fema.gov/openfema-data-page/disaster-declarations-summaries-v2,2026-08-16T23:00:55Z
EM-3642-GA,3642,GA,EM,2026-01-24T00:00:00.000Z,2026,Winter Storm,SEVERE WINTER STORM,false,false,true,false,2026-01-22T00:00:00.000Z,2026-01-27T00:00:00.000Z,,false,13,113,99113,Fayette (County),26015,,2026012101,4,W,2026-06-12T12:41:19.714Z,8c86858be4299d6406584f20ec780f49e505993f,a858eba8-28bd-4711-a88e-75b4294dacca,2026-01-24,2026-01-22,2026-01-27,,,2026-06-12T12:41:19Z,2026,01,1,2026,5,2,,false,false,Emergency,Georgia,Region 4 — Atlanta,Atlanta,"AL,FL,GA,KY,MS,NC,SC,TN",Winter weather,Severe Storm,false,false,false,false,false,false,false,true,true,false,false,1,false,true,false,13113,https://www.fema.gov/api/open/v2/DisasterDeclarationsSummaries,https://www.fema.gov/openfema-data-page/disaster-declarations-summaries-v2,2026-08-16T23:00:55Z
EM-3642-GA,3642,GA,EM,2026-01-24T00:00:00.000Z,2026,Winter Storm,SEVERE WINTER STORM,false,false,true,false,2026-01-22T00:00:00.000Z,2026-01-27T00:00:00.000Z,,false,13,111,99111,Fannin (County),26015,,2026012101,4,W,2026-06-12T12:41:19.714Z,ad3994e5b5c0c0b216fac4a881e79e92fb3f1f92,60d936d2-ab5a-42d8-94d7-154988ab134b,2026-01-24,2026-01-22,2026-01-27,,,2026-06-12T12:41:19Z,2026,01,1,2026,5,2,,false,false,Emergency,Georgia,Region 4 — Atlanta,Atlanta,"AL,FL,GA,KY,MS,NC,SC,TN",Winter weather,Severe Storm,false,false,false,false,false,false,false,true,true,false,false,1,false,true,false,13111,https://www.fema.gov/api/open/v2/DisasterDeclarationsSummaries,https://www.fema.gov/openfema-data-page/disaster-declarations-summaries-v2,2026-08-16T23:00:55Z
EM-3642-GA,3642,GA,EM,2026-01-24T00:00:00.000Z,2026,Winter Storm,SEVERE WINTER STORM,false,false,true,false,2026-01-22T00:00:00.000Z,2026-01-27T00:00:00.000Z,,false,13,109,99109,Evans (County),26015,,2026012101,4,W,2026-06-12T12:41:19.714Z,731da08ff36531ba8beb0045016170e2bda14289,49dfe095-303e-477e-b7b0-0f309e2a190f,2026-01-24,2026-01-22,2026-01-27,,,2026-06-12T12:41:19Z,2026,01,1,2026,5,2,,false,false,Emergency,Georgia,Region 4 — Atlanta,Atlanta,"AL,FL,GA,KY,MS,NC,SC,TN",Winter weather,Severe Storm,false,false,false,false,false,false,false,true,true,false,false,1,false,true,false,13109,https://www.fema.gov/api/open/v2/DisasterDeclarationsSummaries,https://www.fema.gov/openfema-data-page/disaster-declarations-summaries-v2,2026-08-16T23:00:55Z
EM-3642-GA,3642,GA,EM,2026-01-24T00:00:00.000Z,2026,Winter Storm,SEVERE WINTER STORM,false,false,true,false,2026-01-22T00:00:00.000Z,2026-01-27T00:00:00.000Z,,false,13,107,99107,Emanuel (County),26015,,2026012101,4,W,2026-06-12T12:41:19.714Z,11a5cb2309c70fd978413ec3b451bd4fd3ef3450,e6d1be3f-7ddd-48f3-937c-5384c8059bc6,2026-01-24,2026-01-22,2026-01-27,,,2026-06-12T12:41:19Z,2026,01,1,2026,5,2,,false,false,Emergency,Georgia,Region 4 — Atlanta,Atlanta,"AL,FL,GA,KY,MS,NC,SC,TN",Winter weather,Severe Storm,false,false,false,false,false,false,false,true,true,false,false,1,false,true,false,13107,https://www.fema.gov/api/open/v2/DisasterDeclarationsSummaries,https://www.fema.gov/openfema-data-page/disaster-declarations-summaries-v2,2026-08-16T23:00:55Z
EM-3642-GA,3642,GA,EM,2026-01-24T00:00:00.000Z,2026,Winter Storm,SEVERE WINTER STORM,false,false,true,false,2026-01-22T00:00:00.000Z,2026-01-27T00:00:00.000Z,,false,13,105,99105,Elbert (County),26015,,2026012101,4,W,2026-06-12T12:41:19.714Z,dd9bc6d1e8883f2553ddd02e1f4269ab2db7a011,c676c186-4d7b-4180-86bf-36c37d589792,2026-01-24,2026-01-22,2026-01-27,,,2026-06-12T12:41:19Z,2026,01,1,2026,5,2,,false,false,Emergency,Georgia,Region 4 — Atlanta,Atlanta,"AL,FL,GA,KY,MS,NC,SC,TN",Winter weather,Severe Storm,false,false,false,false,false,false,false,true,true,false,false,1,false,true,false,13105,https://www.fema.gov/api/open/v2/DisasterDeclarationsSummaries,https://www.fema.gov/openfema-data-page/disaster-declarations-summaries-v2,2026-08-16T23:00:55Z
EM-3642-GA,3642,GA,EM,2026-01-24T00:00:00.000Z,2026,Winter Storm,SEVERE WINTER STORM,false,false,true,false,2026-01-22T00:00:00.000Z,2026-01-27T00:00:00.000Z,,false,13,097,99097,Douglas (County),26015,,2026012101,4,W,2026-06-12T12:41:19.714Z,6c9b1d39d94e1a7a5ae03ecf24429f0b64a49581,e6bc83bc-2157-4ac2-b737-9921583b63d2,2026-01-24,2026-01-22,2026-01-27,,,2026-06-12T12:41:19Z,2026,01,1,2026,5,2,,false,false,Emergency,Georgia,Region 4 — Atlanta,Atlanta,"AL,FL,GA,KY,MS,NC,SC,TN",Winter weather,Severe Storm,false,false,false,false,false,false,false,true,true,false,false,1,false,true,false,13097,https://www.fema.gov/api/open/v2/DisasterDeclarationsSummaries,https://www.fema.gov/openfema-data-page/disaster-declarations-summaries-v2,2026-08-16T23:00:55Z
EM-3642-GA,3642,GA,EM,2026-01-24T00:00:00.000Z,2026,Winter Storm,SEVERE WINTER STORM,false,false,true,false,2026-01-22T00:00:00.000Z,2026-01-27T00:00:00.000Z,,false,13,093,99093,Dooly (County),26015,,2026012101,4,W,2026-06-12T12:41:19.714Z,869f2d23350aa97fce301e26611aea42ebe9d28c,f6e3a062-d125-482b-a2dc-33b39779edf8,2026-01-24,2026-01-22,2026-01-27,,,2026-06-12T12:41:19Z,2026,01,1,2026,5,2,,false,false,Emergency,Georgia,Region 4 — Atlanta,Atlanta,"AL,FL,GA,KY,MS,NC,SC,TN",Winter weather,Severe Storm,false,false,false,false,false,false,false,true,true,false,false,1,false,true,false,13093,https://www.fema.gov/api/open/v2/DisasterDeclarationsSummaries,https://www.fema.gov/openfema-data-page/disaster-declarations-summaries-v2,2026-08-16T23:00:55Z
EM-3642-GA,3642,GA,EM,2026-01-24T00:00:00.000Z,2026,Winter Storm,SEVERE WINTER STORM,false,false,true,false,2026-01-22T00:00:00.000Z,2026-01-27T00:00:00.000Z,,false,13,091,99091,Dodge (County),26015,,2026012101,4,W,2026-06-12T12:41:19.714Z,ab33a3740b675ddba237ef76cf7d6c3b27f5c69d,8d29a649-1e70-4264-a7af-84966912c381,2026-01-24,2026-01-22,2026-01-27,,,2026-06-12T12:41:19Z,2026,01,1,2026,5,2,,false,false,Emergency,Georgia,Region 4 — Atlanta,Atlanta,"AL,FL,GA,KY,MS,NC,SC,TN",Winter weather,Severe Storm,false,false,false,false,false,false,false,true,true,false,false,1,false,true,false,13091,https://www.fema.gov/api/open/v2/DisasterDeclarationsSummaries,https://www.fema.gov/openfema-data-page/disaster-declarations-summaries-v2,2026-08-16T23:00:55Z
EM-3642-GA,3642,GA,EM,2026-01-24T00:00:00.000Z,2026,Winter Storm,SEVERE WINTER STORM,false,false,true,false,2026-01-22T00:00:00.000Z,2026-01-27T00:00:00.000Z,,false,13,089,99089,DeKalb (County),26015,,2026012101,4,W,2026-06-12T12:41:19.714Z,565bda648d0013046da7852b80cf0a885f6c93d7,f05f7c6e-8a32-4a77-8188-e26189f17e07,2026-01-24,2026-01-22,2026-01-27,,,2026-06-12T12:41:19Z,2026,01,1,2026,5,2,,false,false,Emergency,Georgia,Region 4 — Atlanta,Atlanta,"AL,FL,GA,KY,MS,NC,SC,TN",Winter weather,Severe Storm,false,false,false,false,false,false,false,true,true,false,false,1,false,true,false,13089,https://www.fema.gov/api/open/v2/DisasterDeclarationsSummaries,https://www.fema.gov/openfema-data-page/disaster-declarations-summaries-v2,2026-08-16T23:00:55Z
EM-3642-GA,3642,GA,EM,2026-01-24T00:00:00.000Z,2026,Winter Storm,SEVERE WINTER STORM,false,false,true,false,2026-01-22T00:00:00.000Z,2026-01-27T00:00:00.000Z,,false,13,085,99085,Dawson (County),26015,,2026012101,4,W,2026-06-12T12:41:19.714Z,6f8c43688d629769a14b5d8b28babd8736f0d301,04d5421f-dec7-4e52-ab9f-333a9455d72e,2026-01-24,2026-01-22,2026-01-27,,,2026-06-12T12:41:19Z,2026,01,1,2026,5,2,,false,false,Emergency,Georgia,Region 4 — Atlanta,Atlanta,"AL,FL,GA,KY,MS,NC,SC,TN",Winter weather,Severe Storm,false,false,false,false,false,false,false,true,true,false,false,1,false,true,false,13085,https://www.fema.gov/api/open/v2/DisasterDeclarationsSummaries,https://www.fema.gov/openfema-data-page/disaster-declarations-summaries-v2,2026-08-16T23:00:55Z
EM-3642-GA,3642,GA,EM,2026-01-24T00:00:00.000Z,2026,Winter Storm,SEVERE WINTER STORM,false,false,true,false,2026-01-22T00:00:00.000Z,2026-01-27T00:00:00.000Z,,false,13,083,99083,Dade (County),26015,,2026012101,4,W,2026-06-12T12:41:19.714Z,737f8c180eefd841a2d255f59f4b5fb56ed81c84,86f2af6f-2d50-4703-be7c-1ea6be4ac2b0,2026-01-24,2026-01-22,2026-01-27,,,2026-06-12T12:41:19Z,2026,01,1,2026,5,2,,false,false,Emergency,Georgia,Region 4 — Atlanta,Atlanta,"AL,FL,GA,KY,MS,NC,SC,TN",Winter weather,Severe Storm,false,false,false,false,false,false,false,true,true,false,false,1,false,true,false,13083,https://www.fema.gov/api/open/v2/DisasterDeclarationsSummaries,https://www.fema.gov/openfema-data-page/disaster-declarations-summaries-v2,2026-08-16T23:00:55Z
EM-3642-GA,3642,GA,EM,2026-01-24T00:00:00.000Z,2026,Winter Storm,SEVERE WINTER STORM,false,false,true,false,2026-01-22T00:00:00.000Z,2026-01-27T00:00:00.000Z,,false,13,079,99079,Crawford (County),26015,,2026012101,4,W,2026-06-12T12:41:19.714Z,177565fa66fd93ecd05b8c78c175c7fdafe009e4,04164842-a025-4909-9285-3b9408eb0807,2026-01-24,2026-01-22,2026-01-27,,,2026-06-12T12:41:19Z,2026,01,1,2026,5,2,,false,false,Emergency,Georgia,Region 4 — Atlanta,Atlanta,"AL,FL,GA,KY,MS,NC,SC,TN",Winter weather,Severe Storm,false,false,false,false,false,false,false,true,true,false,false,1,false,true,false,13079,https://www.fema.gov/api/open/v2/DisasterDeclarationsSummaries,https://www.fema.gov/openfema-data-page/disaster-declarations-summaries-v2,2026-08-16T23:00:55Z
EM-3642-GA,3642,GA,EM,2026-01-24T00:00:00.000Z,2026,Winter Storm,SEVERE WINTER STORM,false,false,true,false,2026-01-22T00:00:00.000Z,2026-01-27T00:00:00.000Z,,false,13,077,99077,Coweta (County),26015,,2026012101,4,W,2026-06-12T12:41:19.714Z,ffcddf0f1ecf339fc453856c43861c2431fe0afb,e1bdb71f-e2f4-486f-8a6d-1053178d71ed,2026-01-24,2026-01-22,2026-01-27,,,2026-06-12T12:41:19Z,2026,01,1,2026,5,2,,false,false,Emergency,Georgia,Region 4 — Atlanta,Atlanta,"AL,FL,GA,KY,MS,NC,SC,TN",Winter weather,Severe Storm,false,false,false,false,false,false,false,true,true,false,false,1,false,true,false,13077,https://www.fema.gov/api/open/v2/DisasterDeclarationsSummaries,https://www.fema.gov/openfema-data-page/disaster-declarations-summaries-v2,2026-08-16T23:00:55Z
EM-3642-GA,3642,GA,EM,2026-01-24T00:00:00.000Z,2026,Winter Storm,SEVERE WINTER STORM,false,false,true,false,2026-01-22T00:00:00.000Z,2026-01-27T00:00:00.000Z,,false,13,073,99073,Columbia (County),26015,,2026012101,4,W,2026-06-12T12:41:19.714Z,d008761d587e9d4739949960e285ab95804c375a,cd696c6c-d331-449b-a7dd-ef1debd0e9cd,2026-01-24,2026-01-22,2026-01-27,,,2026-06-12T12:41:19Z,2026,01,1,2026,5,2,,false,false,Emergency,Georgia,Region 4 — Atlanta,Atlanta,"AL,FL,GA,KY,MS,NC,SC,TN",Winter weather,Severe Storm,false,false,false,false,false,false,false,true,true,false,false,1,false,true,false,13073,https://www.fema.gov/api/open/v2/DisasterDeclarationsSummaries,https://www.fema.gov/openfema-data-page/disaster-declarations-summaries-v2,2026-08-16T23:00:55Z
EM-3642-GA,3642,GA,EM,2026-01-24T00:00:00.000Z,2026,Winter Storm,SEVERE WINTER STORM,false,false,true,false,2026-01-22T00:00:00.000Z,2026-01-27T00:00:00.000Z,,false,13,067,99067,Cobb (County),26015,,2026012101,4,W,2026-06-12T12:41:19.714Z,d94d2012b3d65ca9c8dd63b2df6ff83e206c1aa4,75bcc6cc-aad8-4436-a1b1-3a6072d8b792,2026-01-24,2026-01-22,2026-01-27,,,2026-06-12T12:41:19Z,2026,01,1,2026,5,2,,false,false,Emergency,Georgia,Region 4 — Atlanta,Atlanta,"AL,FL,GA,KY,MS,NC,SC,TN",Winter weather,Severe Storm,false,false,false,false,false,false,false,true,true,false,false,1,false,true,false,13067,https://www.fema.gov/api/open/v2/DisasterDeclarationsSummaries,https://www.fema.gov/openfema-data-page/disaster-declarations-summaries-v2,2026-08-16T23:00:55Z
EM-3642-GA,3642,GA,EM,2026-01-24T00:00:00.000Z,2026,Winter Storm,SEVERE WINTER STORM,false,false,true,false,2026-01-22T00:00:00.000Z,2026-01-27T00:00:00.000Z,,false,13,063,99063,Clayton (County),26015,,2026012101,4,W,2026-06-12T12:41:19.714Z,07b0d4adf1b2602a03fec3e8e7d19bde5c1ce8a9,e0c7c0d4-4870-44ef-b4e5-3be23f07de70,2026-01-24,2026-01-22,2026-01-27,,,2026-06-12T12:41:19Z,2026,01,1,2026,5,2,,false,false,Emergency,Georgia,Region 4 — Atlanta,Atlanta,"AL,FL,GA,KY,MS,NC,SC,TN",Winter weather,Severe Storm,false,false,false,false,false,false,false,true,true,false,false,1,false,true,false,13063,https://www.fema.gov/api/open/v2/DisasterDeclarationsSummaries,https://www.fema.gov/openfema-data-page/disaster-declarations-summaries-v2,2026-08-16T23:00:55Z
EM-3642-GA,3642,GA,EM,2026-01-24T00:00:00.000Z,2026,Winter Storm,SEVERE WINTER STORM,false,false,true,false,2026-01-22T00:00:00.000Z,2026-01-27T00:00:00.000Z,,false,13,059,99059,Clarke (County),26015,,2026012101,4,W,2026-06-12T12:41:19.714Z,98071422a327835851b0a82735dcee47010852b8,5e0d18d2-82bc-412f-9a43-d4c037f33bb6,2026-01-24,2026-01-22,2026-01-27,,,2026-06-12T12:41:19Z,2026,01,1,2026,5,2,,false,false,Emergency,Georgia,Region 4 — Atlanta,Atlanta,"AL,FL,GA,KY,MS,NC,SC,TN",Winter weather,Severe Storm,false,false,false,false,false,false,false,true,true,false,false,1,false,true,false,13059,https://www.fema.gov/api/open/v2/DisasterDeclarationsSummaries,https://www.fema.gov/openfema-data-page/disaster-declarations-summaries-v2,2026-08-16T23:00:55Z
EM-3642-GA,3642,GA,EM,2026-01-24T00:00:00.000Z,2026,Winter Storm,SEVERE WINTER STORM,false,false,true,false,2026-01-22T00:00:00.000Z,2026-01-27T00:00:00.000Z,,false,13,057,99057,Cherokee (County),26015,,2026012101,4,W,2026-06-12T12:41:19.714Z,707d269a5888bfd63d99282e24b355349c5559f1,b7e9c85f-b02e-431d-a2a4-8d291aeeb516,2026-01-24,2026-01-22,2026-01-27,,,2026-06-12T12:41:19Z,2026,01,1,2026,5,2,,false,false,Emergency,Georgia,Region 4 — Atlanta,Atlanta,"AL,FL,GA,KY,MS,NC,SC,TN",Winter weather,Severe Storm,false,false,false,false,false,false,false,true,true,false,false,1,false,true,false,13057,https://www.fema.gov/api/open/v2/DisasterDeclarationsSummaries,https://www.fema.gov/openfema-data-page/disaster-declarations-summaries-v2,2026-08-16T23:00:55Z
EM-3642-GA,3642,GA,EM,2026-01-24T00:00:00.000Z,2026,Winter Storm,SEVERE WINTER STORM,false,false,true,false,2026-01-22T00:00:00.000Z,2026-01-27T00:00:00.000Z,,false,13,055,99055,Chattooga (County),26015,,2026012101,4,W,2026-06-12T12:41:19.714Z,bfbdc2ca744689b043d24f3a577a8d7bfaca9845,7979a55f-4ed3-434e-8788-49f3df7ac23a,2026-01-24,2026-01-22,2026-01-27,,,2026-06-12T12:41:19Z,2026,01,1,2026,5,2,,false,false,Emergency,Georgia,Region 4 — Atlanta,Atlanta,"AL,FL,GA,KY,MS,NC,SC,TN",Winter weather,Severe Storm,false,false,false,false,false,false,false,true,true,false,false,1,false,true,false,13055,https://www.fema.gov/api/open/v2/DisasterDeclarationsSummaries,https://www.fema.gov/openfema-data-page/disaster-declarations-summaries-v2,2026-08-16T23:00:55Z
EM-3642-GA,3642,GA,EM,2026-01-24T00:00:00.000Z,2026,Winter Storm,SEVERE WINTER STORM,false,false,true,false,2026-01-22T00:00:00.000Z,2026-01-27T00:00:00.000Z,,false,13,053,99053,Chattahoochee (County),26015,,2026012101,4,W,2026-06-12T12:41:19.714Z,595499f58e7a941d34e4603ae33ec75a70010031,dcb021ca-5171-4f00-ad8d-5d32d7bd6c30,2026-01-24,2026-01-22,2026-01-27,,,2026-06-12T12:41:19Z,2026,01,1,2026,5,2,,false,false,Emergency,Georgia,Region 4 — Atlanta,Atlanta,"AL,FL,GA,KY,MS,NC,SC,TN",Winter weather,Severe Storm,false,false,false,false,false,false,false,true,true,false,false,1,false,true,false,13053,https://www.fema.gov/api/open/v2/DisasterDeclarationsSummaries,https://www.fema.gov/openfema-data-page/disaster-declarations-summaries-v2,2026-08-16T23:00:55Z
EM-3642-GA,3642,GA,EM,2026-01-24T00:00:00.000Z,2026,Winter Storm,SEVERE WINTER STORM,false,false,true,false,2026-01-22T00:00:00.000Z,2026-01-27T00:00:00.000Z,,false,13,047,99047,Catoosa (County),26015,,2026012101,4,W,2026-06-12T12:41:19.714Z,6281214cfc06bb6a896e798059851fc16084bd2c,739c1a72-053c-4744-9343-bea12b288647,2026-01-24,2026-01-22,2026-01-27,,,2026-06-12T12:41:19Z,2026,01,1,2026,5,2,,false,false,Emergency,Georgia,Region 4 — Atlanta,Atlanta,"AL,FL,GA,KY,MS,NC,SC,TN",Winter weather,Severe Storm,false,false,false,false,false,false,false,true,true,false,false,1,false,true,false,13047,https://www.fema.gov/api/open/v2/DisasterDeclarationsSummaries,https://www.fema.gov/openfema-data-page/disaster-declarations-summaries-v2,2026-08-16T23:00:55Z
EM-3642-GA,3642,GA,EM,2026-01-24T00:00:00.000Z,2026,Winter Storm,SEVERE WINTER STORM,false,false,true,false,2026-01-22T00:00:00.000Z,2026-01-27T00:00:00.000Z,,false,13,045,99045,Carroll (County),26015,,2026012101,4,W,2026-06-12T12:41:19.714Z,7b3f743c776d8b5af7c507f37140e369c4cef271,00f94bf9-de69-4f0a-8a46-5902581cfb94,2026-01-24,2026-01-22,2026-01-27,,,2026-06-12T12:41:19Z,2026,01,1,2026,5,2,,false,false,Emergency,Georgia,Region 4 — Atlanta,Atlanta,"AL,FL,GA,KY,MS,NC,SC,TN",Winter weather,Severe Storm,false,false,false,false,false,false,false,true,true,false,false,1,false,true,false,13045,https://www.fema.gov/api/open/v2/DisasterDeclarationsSummaries,https://www.fema.gov/openfema-data-page/disaster-declarations-summaries-v2,2026-08-16T23:00:55Z
EM-3642-GA,3642,GA,EM,2026-01-24T00:00:00.000Z,2026,Winter Storm,SEVERE WINTER STORM,false,false,true,false,2026-01-22T00:00:00.000Z,2026-01-27T00:00:00.000Z,,false,13,043,99043,Candler (County),26015,,2026012101,4,W,2026-06-12T12:41:19.714Z,a24c69f5e0fc748c0b543546ecb45f261749e5d9,2227e1e8-c8ea-4de8-b3d2-efa8948df133,2026-01-24,2026-01-22,2026-01-27,,,2026-06-12T12:41:19Z,2026,01,1,2026,5,2,,false,false,Emergency,Georgia,Region 4 — Atlanta,Atlanta,"AL,FL,GA,KY,MS,NC,SC,TN",Winter weather,Severe Storm,false,false,false,false,false,false,false,true,true,false,false,1,false,true,false,13043,https://www.fema.gov/api/open/v2/DisasterDeclarationsSummaries,https://www.fema.gov/openfema-data-page/disaster-declarations-summaries-v2,2026-08-16T23:00:55Z
EM-3642-GA,3642,GA,EM,2026-01-24T00:00:00.000Z,2026,Winter Storm,SEVERE WINTER STORM,false,false,true,false,2026-01-22T00:00:00.000Z,2026-01-27T00:00:00.000Z,,false,13,035,99035,Butts (County),26015,,2026012101,4,W,2026-06-12T12:41:19.714Z,2bd2d564e82298ebb6ba7ebd312ed60ddaefc3ec,d153a305-b977-4e35-b9a9-eb632672a636,2026-01-24,2026-01-22,2026-01-27,,,2026-06-12T12:41:19Z,2026,01,1,2026,5,2,,false,false,Emergency,Georgia,Region 4 — Atlanta,Atlanta,"AL,FL,GA,KY,MS,NC,SC,TN",Winter weather,Severe Storm,false,false,false,false,false,false,false,true,true,false,false,1,false,true,false,13035,https://www.fema.gov/api/open/v2/DisasterDeclarationsSummaries,https://www.fema.gov/openfema-data-page/disaster-declarations-summaries-v2,2026-08-16T23:00:55Z
EM-3642-GA,3642,GA,EM,2026-01-24T00:00:00.000Z,2026,Winter Storm,SEVERE WINTER STORM,false,false,true,false,2026-01-22T00:00:00.000Z,2026-01-27T00:00:00.000Z,,false,13,033,99033,Burke (County),26015,,2026012101,4,W,2026-06-12T12:41:19.714Z,7c450e7fa7f4d9ef820104ac6be700bf9379b2c0,65ac7d19-013c-44a3-aeca-fb6097d10b4a,2026-01-24,2026-01-22,2026-01-27,,,2026-06-12T12:41:19Z,2026,01,1,2026,5,2,,false,false,Emergency,Georgia,Region 4 — Atlanta,Atlanta,"AL,FL,GA,KY,MS,NC,SC,TN",Winter weather,Severe Storm,false,false,false,false,false,false,false,true,true,false,false,1,false,true,false,13033,https://www.fema.gov/api/open/v2/DisasterDeclarationsSummaries,https://www.fema.gov/openfema-data-page/disaster-declarations-summaries-v2,2026-08-16T23:00:55Z
EM-3642-GA,3642,GA,EM,2026-01-24T00:00:00.000Z,2026,Winter Storm,SEVERE WINTER STORM,false,false,true,false,2026-01-22T00:00:00.000Z,2026-01-27T00:00:00.000Z,,false,13,031,99031,Bulloch (County),26015,,2026012101,4,W,2026-06-12T12:41:19.714Z,13d77189a26d97a4b456393ed8c4573f6721ca00,c6722a4d-8678-49e9-893b-c6df216644d3,2026-01-24,2026-01-22,2026-01-27,,,2026-06-12T12:41:19Z,2026,01,1,2026,5,2,,false,false,Emergency,Georgia,Region 4 — Atlanta,Atlanta,"AL,FL,GA,KY,MS,NC,SC,TN",Winter weather,Severe Storm,false,false,false,false,false,false,false,true,true,false,false,1,false,true,false,13031,https://www.fema.gov/api/open/v2/DisasterDeclarationsSummaries,https://www.fema.gov/openfema-data-page/disaster-declarations-summaries-v2,2026-08-16T23:00:55Z
EM-3642-GA,3642,GA,EM,2026-01-24T00:00:00.000Z,2026,Winter Storm,SEVERE WINTER STORM,false,false,true,false,2026-01-22T00:00:00.000Z,2026-01-27T00:00:00.000Z,,false,13,023,99023,Bleckley (County),26015,,2026012101,4,W,2026-06-12T12:41:19.714Z,a21c4677a18788ecb538b22032b3fc612c60a2a0,abf19028-d60f-4efa-b18d-af85bb207d3b,2026-01-24,2026-01-22,2026-01-27,,,2026-06-12T12:41:19Z,2026,01,1,2026,5,2,,false,false,Emergency,Georgia,Region 4 — Atlanta,Atlanta,"AL,FL,GA,KY,MS,NC,SC,TN",Winter weather,Severe Storm,false,false,false,false,false,false,false,true,true,false,false,1,false,true,false,13023,https://www.fema.gov/api/open/v2/DisasterDeclarationsSummaries,https://www.fema.gov/openfema-data-page/disaster-declarations-summaries-v2,2026-08-16T23:00:55Z
EM-3642-GA,3642,GA,EM,2026-01-24T00:00:00.000Z,2026,Winter Storm,SEVERE WINTER STORM,false,false,true,false,2026-01-22T00:00:00.000Z,2026-01-27T00:00:00.000Z,,false,13,021,99021,Bibb (County),26015,,2026012101,4,W,2026-06-12T12:41:19.714Z,7bae4801373f55526de5806b1e7b076002a96f50,c9ca95cc-6516-4b07-8a85-3c6cc7da984e,2026-01-24,2026-01-22,2026-01-27,,,2026-06-12T12:41:19Z,2026,01,1,2026,5,2,,false,false,Emergency,Georgia,Region 4 — Atlanta,Atlanta,"AL,FL,GA,KY,MS,NC,SC,TN",Winter weather,Severe Storm,false,false,false,false,false,false,false,true,true,false,false,1,false,true,false,13021,https://www.fema.gov/api/open/v2/DisasterDeclarationsSummaries,https://www.fema.gov/openfema-data-page/disaster-declarations-summaries-v2,2026-08-16T23:00:55Z
EM-3642-GA,3642,GA,EM,2026-01-24T00:00:00.000Z,2026,Winter Storm,SEVERE WINTER STORM,false,false,true,false,2026-01-22T00:00:00.000Z,2026-01-27T00:00:00.000Z,,false,13,015,99015,Bartow (County),26015,,2026012101,4,W,2026-06-12T12:41:19.714Z,601b0d82f3a1be8755e6ffbc9fc422ecbb6d9014,2e738443-9ab2-47f6-96cb-5be1ed3092a2,2026-01-24,2026-01-22,2026-01-27,,,2026-06-12T12:41:19Z,2026,01,1,2026,5,2,,false,false,Emergency,Georgia,Region 4 — Atlanta,Atlanta,"AL,FL,GA,KY,MS,NC,SC,TN",Winter weather,Severe Storm,false,false,false,false,false,false,false,true,true,false,false,1,false,true,false,13015,https://www.fema.gov/api/open/v2/DisasterDeclarationsSummaries,https://www.fema.gov/openfema-data-page/disaster-declarations-summaries-v2,2026-08-16T23:00:55Z
EM-3642-GA,3642,GA,EM,2026-01-24T00:00:00.000Z,2026,Winter Storm,SEVERE WINTER STORM,false,false,true,false,2026-01-22T00:00:00.000Z,2026-01-27T00:00:00.000Z,,false,13,013,99013,Barrow (County),26015,,2026012101,4,W,2026-06-12T12:41:19.714Z,58986372e31b6af60a69ee2e9c1a2dcb96181362,925c0b22-55f8-4349-8716-cdebb062c39d,2026-01-24,2026-01-22,2026-01-27,,,2026-06-12T12:41:19Z,2026,01,1,2026,5,2,,false,false,Emergency,Georgia,Region 4 — Atlanta,Atlanta,"AL,FL,GA,KY,MS,NC,SC,TN",Winter weather,Severe Storm,false,false,false,false,false,false,false,true,true,false,false,1,false,true,false,13013,https://www.fema.gov/api/open/v2/DisasterDeclarationsSummaries,https://www.fema.gov/openfema-data-page/disaster-declarations-summaries-v2,2026-08-16T23:00:55Z
EM-3642-GA,3642,GA,EM,2026-01-24T00:00:00.000Z,2026,Winter Storm,SEVERE WINTER STORM,false,false,true,false,2026-01-22T00:00:00.000Z,2026-01-27T00:00:00.000Z,,false,13,011,99011,Banks (County),26015,,2026012101,4,W,2026-06-12T12:41:19.714Z,2987891c1c40db9a46ea6c97050aa1a13932c317,f269f701-c6a5-428c-be95-c1463f0a1e3b,2026-01-24,2026-01-22,2026-01-27,,,2026-06-12T12:41:19Z,2026,01,1,2026,5,2,,false,false,Emergency,Georgia,Region 4 — Atlanta,Atlanta,"AL,FL,GA,KY,MS,NC,SC,TN",Winter weather,Severe Storm,false,false,false,false,false,false,false,true,true,false,false,1,false,true,false,13011,https://www.fema.gov/api/open/v2/DisasterDeclarationsSummaries,https://www.fema.gov/openfema-data-page/disaster-declarations-summaries-v2,2026-08-16T23:00:55Z
EM-3642-GA,3642,GA,EM,2026-01-24T00:00:00.000Z,2026,Winter Storm,SEVERE WINTER STORM,false,false,true,false,2026-01-22T00:00:00.000Z,2026-01-27T00:00:00.000Z,,false,13,009,99009,Baldwin (County),26015,,2026012101,4,W,2026-06-12T12:41:19.714Z,bb7ac72da2ea77d02c754d372f32a97e4ed9f961,d5b11ef2-66f2-4658-b3e4-09703fddc0cf,2026-01-24,2026-01-22,2026-01-27,,,2026-06-12T12:41:19Z,2026,01,1,2026,5,2,,false,false,Emergency,Georgia,Region 4 — Atlanta,Atlanta,"AL,FL,GA,KY,MS,NC,SC,TN",Winter weather,Severe Storm,false,false,false,false,false,false,false,true,true,false,false,1,false,true,false,13009,https://www.fema.gov/api/open/v2/DisasterDeclarationsSummaries,https://www.fema.gov/openfema-data-page/disaster-declarations-summaries-v2,2026-08-16T23:00:55Z
EM-3641-IN,3641,IN,EM,2026-01-24T00:00:00.000Z,2026,Winter Storm,SEVERE WINTER STORM,false,false,true,false,2026-01-23T00:00:00.000Z,2026-01-27T00:00:00.000Z,2026-06-18T00:00:00.000Z,false,18,183,99183,Whitley (County),26013,,2026012402,5,S,2026-07-28T12:46:09.678Z,9023909e2a4359b2ee71e4b62885e30326736b6b,6a22ce72-c9bc-4ace-9adc-118543fd2f81,2026-01-24,2026-01-23,2026-01-27,2026-06-18,,2026-07-28T12:46:09Z,2026,01,1,2026,4,1,145,false,true,Emergency,Indiana,Region 5 — Chicago,Chicago,"IL,IN,MI,MN,OH,WI",Winter weather,Snowstorm,false,false,false,false,false,false,false,true,false,false,false,1,false,true,false,18183,https://www.fema.gov/api/open/v2/DisasterDeclarationsSummaries,https://www.fema.gov/openfema-data-page/disaster-declarations-summaries-v2,2026-08-16T23:00:55Z
EM-3641-IN,3641,IN,EM,2026-01-24T00:00:00.000Z,2026,Winter Storm,SEVERE WINTER STORM,false,false,true,false,2026-01-23T00:00:00.000Z,2026-01-27T00:00:00.000Z,2026-06-18T00:00:00.000Z,false,18,181,99181,White (County),26013,,2026012402,5,S,2026-07-28T12:46:09.678Z,977fa48c558c230be2c57b867deec359a4f71c5a,791dddbf-d497-48b2-8cf4-092452b877ee,2026-01-24,2026-01-23,2026-01-27,2026-06-18,,2026-07-28T12:46:09Z,2026,01,1,2026,4,1,145,false,true,Emergency,Indiana,Region 5 — Chicago,Chicago,"IL,IN,MI,MN,OH,WI",Winter weather,Snowstorm,false,false,false,false,false,false,false,true,false,false,false,1,false,true,false,18181,https://www.fema.gov/api/open/v2/DisasterDeclarationsSummaries,https://www.fema.gov/openfema-data-page/disaster-declarations-summaries-v2,2026-08-16T23:00:55Z
EM-3641-IN,3641,IN,EM,2026-01-24T00:00:00.000Z,2026,Winter Storm,SEVERE WINTER STORM,false,false,true,false,2026-01-23T00:00:00.000Z,2026-01-27T00:00:00.000Z,2026-06-18T00:00:00.000Z,false,18,179,99179,Wells (County),26013,,2026012402,5,S,2026-07-28T12:46:09.678Z,88d99690ca30f2f3626f5c6f266fe4fc32ef6195,686519e0-f6c4-4c87-8bcc-c99623986366,2026-01-24,2026-01-23,2026-01-27,2026-06-18,,2026-07-28T12:46:09Z,2026,01,1,2026,4,1,145,false,true,Emergency,Indiana,Region 5 — Chicago,Chicago,"IL,IN,MI,MN,OH,WI",Winter weather,Snowstorm,false,false,false,false,false,false,false,true,false,false,false,1,false,true,false,18179,https://www.fema.gov/api/open/v2/DisasterDeclarationsSummaries,https://www.fema.gov/openfema-data-page/disaster-declarations-summaries-v2,2026-08-16T23:00:55Z
EM-3641-IN,3641,IN,EM,2026-01-24T00:00:00.000Z,2026,Winter Storm,SEVERE WINTER STORM,false,false,true,false,2026-01-23T00:00:00.000Z,2026-01-27T00:00:00.000Z,2026-06-18T00:00:00.000Z,false,18,177,99177,Wayne (County),26013,,2026012402,5,S,2026-07-28T12:46:09.678Z,89197f0a747d950408f23ae8e8300e084775d3cf,90501b99-b831-4396-9dea-4140e451423d,2026-01-24,2026-01-23,2026-01-27,2026-06-18,,2026-07-28T12:46:09Z,2026,01,1,2026,4,1,145,false,true,Emergency,Indiana,Region 5 — Chicago,Chicago,"IL,IN,MI,MN,OH,WI",Winter weather,Snowstorm,false,false,false,false,false,false,false,true,false,false,false,1,false,true,false,18177,https://www.fema.gov/api/open/v2/DisasterDeclarationsSummaries,https://www.fema.gov/openfema-data-page/disaster-declarations-summaries-v2,2026-08-16T23:00:55Z
EM-3641-IN,3641,IN,EM,2026-01-24T00:00:00.000Z,2026,Winter Storm,SEVERE WINTER STORM,false,false,true,false,2026-01-23T00:00:00.000Z,2026-01-27T00:00:00.000Z,2026-06-18T00:00:00.000Z,false,18,175,99175,Washington (County),26013,,2026012402,5,S,2026-07-28T12:46:09.678Z,bca58e3ebe4137893b5ef95eefdc49c1b49dae8f,8c995cb5-0cab-42fc-bd33-ffc84539dc5a,2026-01-24,2026-01-23,2026-01-27,2026-06-18,,2026-07-28T12:46:09Z,2026,01,1,2026,4,1,145,false,true,Emergency,Indiana,Region 5 — Chicago,Chicago,"IL,IN,MI,MN,OH,WI",Winter weather,Snowstorm,false,false,false,false,false,false,false,true,false,false,false,1,false,true,false,18175,https://www.fema.gov/api/open/v2/DisasterDeclarationsSummaries,https://www.fema.gov/openfema-data-page/disaster-declarations-summaries-v2,2026-08-16T23:00:55Z
EM-3641-IN,3641,IN,EM,2026-01-24T00:00:00.000Z,2026,Winter Storm,SEVERE WINTER STORM,false,false,true,false,2026-01-23T00:00:00.000Z,2026-01-27T00:00:00.000Z,2026-06-18T00:00:00.000Z,false,18,173,99173,Warrick (County),26013,,2026012402,5,S,2026-07-28T12:46:09.678Z,16b519dfc1bcea139842a9ef156e83e9bb469018,2050e808-3f33-494b-952c-8f07de752eed,2026-01-24,2026-01-23,2026-01-27,2026-06-18,,2026-07-28T12:46:09Z,2026,01,1,2026,4,1,145,false,true,Emergency,Indiana,Region 5 — Chicago,Chicago,"IL,IN,MI,MN,OH,WI",Winter weather,Snowstorm,false,false,false,false,false,false,false,true,false,false,false,1,false,true,false,18173,https://www.fema.gov/api/open/v2/DisasterDeclarationsSummaries,https://www.fema.gov/openfema-data-page/disaster-declarations-summaries-v2,2026-08-16T23:00:55Z
EM-3641-IN,3641,IN,EM,2026-01-24T00:00:00.000Z,2026,Winter Storm,SEVERE WINTER STORM,false,false,true,false,2026-01-23T00:00:00.000Z,2026-01-27T00:00:00.000Z,2026-06-18T00:00:00.000Z,false,18,171,99171,Warren (County),26013,,2026012402,5,S,2026-07-28T12:46:09.678Z,5cf6f4d7055b6ea42bc830b730352d35b67aff67,2a5fdcec-1280-4be0-808d-6e25470ecb08,2026-01-24,2026-01-23,2026-01-27,2026-06-18,,2026-07-28T12:46:09Z,2026,01,1,2026,4,1,145,false,true,Emergency,Indiana,Region 5 — Chicago,Chicago,"IL,IN,MI,MN,OH,WI",Winter weather,Snowstorm,false,false,false,false,false,false,false,true,false,false,false,1,false,true,false,18171,https://www.fema.gov/api/open/v2/DisasterDeclarationsSummaries,https://www.fema.gov/openfema-data-page/disaster-declarations-summaries-v2,2026-08-16T23:00:55Z
EM-3641-IN,3641,IN,EM,2026-01-24T00:00:00.000Z,2026,Winter Storm,SEVERE WINTER STORM,false,false,true,false,2026-01-23T00:00:00.000Z,2026-01-27T00:00:00.000Z,2026-06-18T00:00:00.000Z,false,18,169,99169,Wabash (County),26013,,2026012402,5,S,2026-07-28T12:46:09.678Z,083a89d023ae35e4dee2e2b2142648b239e8bf08,88151d4f-e65a-471a-ad48-151e7617a5c3,2026-01-24,2026-01-23,2026-01-27,2026-06-18,,2026-07-28T12:46:09Z,2026,01,1,2026,4,1,145,false,true,Emergency,Indiana,Region 5 — Chicago,Chicago,"IL,IN,MI,MN,OH,WI",Winter weather,Snowstorm,false,false,false,false,false,false,false,true,false,false,false,1,false,true,false,18169,https://www.fema.gov/api/open/v2/DisasterDeclarationsSummaries,https://www.fema.gov/openfema-data-page/disaster-declarations-summaries-v2,2026-08-16T23:00:55Z
EM-3641-IN,3641,IN,EM,2026-01-24T00:00:00.000Z,2026,Winter Storm,SEVERE WINTER STORM,false,false,true,false,2026-01-23T00:00:00.000Z,2026-01-27T00:00:00.000Z,2026-06-18T00:00:00.000Z,false,18,167,99167,Vigo (County),26013,,2026012402,5,S,2026-07-28T12:46:09.678Z,eabec668836590fcdc7bb8885a8c8c6dbfed2aa0,18f30e2d-66a5-44f0-a20f-5b85fda7f79b,2026-01-24,2026-01-23,2026-01-27,2026-06-18,,2026-07-28T12:46:09Z,2026,01,1,2026,4,1,145,false,true,Emergency,Indiana,Region 5 — Chicago,Chicago,"IL,IN,MI,MN,OH,WI",Winter weather,Snowstorm,false,false,false,false,false,false,false,true,false,false,false,1,false,true,false,18167,https://www.fema.gov/api/open/v2/DisasterDeclarationsSummaries,https://www.fema.gov/openfema-data-page/disaster-declarations-summaries-v2,2026-08-16T23:00:55Z
EM-3641-IN,3641,IN,EM,2026-01-24T00:00:00.000Z,2026,Winter Storm,SEVERE WINTER STORM,false,false,true,false,2026-01-23T00:00:00.000Z,2026-01-27T00:00:00.000Z,2026-06-18T00:00:00.000Z,false,18,165,99165,Vermillion (County),26013,,2026012402,5,S,2026-07-28T12:46:09.678Z,468d361ada40f263a5b4f5f14a5757d0d13a4d63,07389146-71c2-41a8-97eb-5b1a9c03aaf0,2026-01-24,2026-01-23,2026-01-27,2026-06-18,,2026-07-28T12:46:09Z,2026,01,1,2026,4,1,145,false,true,Emergency,Indiana,Region 5 — Chicago,Chicago,"IL,IN,MI,MN,OH,WI",Winter weather,Snowstorm,false,false,false,false,false,false,false,true,false,false,false,1,false,true,false,18165,https://www.fema.gov/api/open/v2/DisasterDeclarationsSummaries,https://www.fema.gov/openfema-data-page/disaster-declarations-summaries-v2,2026-08-16T23:00:55Z
EM-3641-IN,3641,IN,EM,2026-01-24T00:00:00.000Z,2026,Winter Storm,SEVERE WINTER STORM,false,false,true,false,2026-01-23T00:00:00.000Z,2026-01-27T00:00:00.000Z,2026-06-18T00:00:00.000Z,false,18,163,99163,Vanderburgh (County),26013,,2026012402,5,S,2026-07-28T12:46:09.678Z,022d3840dc8b16d01f067ec44a6055d7c27d5e5a,14dcf970-9ae8-4503-930e-82d11d5b9d36,2026-01-24,2026-01-23,2026-01-27,2026-06-18,,2026-07-28T12:46:09Z,2026,01,1,2026,4,1,145,false,true,Emergency,Indiana,Region 5 — Chicago,Chicago,"IL,IN,MI,MN,OH,WI",Winter weather,Snowstorm,false,false,false,false,false,false,false,true,false,false,false,1,false,true,false,18163,https://www.fema.gov/api/open/v2/DisasterDeclarationsSummaries,https://www.fema.gov/openfema-data-page/disaster-declarations-summaries-v2,2026-08-16T23:00:55Z
EM-3641-IN,3641,IN,EM,2026-01-24T00:00:00.000Z,2026,Winter Storm,SEVERE WINTER STORM,false,false,true,false,2026-01-23T00:00:00.000Z,2026-01-27T00:00:00.000Z,2026-06-18T00:00:00.000Z,false,18,161,99161,Union (County),26013,,2026012402,5,S,2026-07-28T12:46:09.678Z,13130adbf991d78a999f454799f74a009c634d1e,1f190cfc-6004-4189-ae43-462e02f7c882,2026-01-24,2026-01-23,2026-01-27,2026-06-18,,2026-07-28T12:46:09Z,2026,01,1,2026,4,1,145,false,true,Emergency,Indiana,Region 5 — Chicago,Chicago,"IL,IN,MI,MN,OH,WI",Winter weather,Snowstorm,false,false,false,false,false,false,false,true,false,false,false,1,false,true,false,18161,https://www.fema.gov/api/open/v2/DisasterDeclarationsSummaries,https://www.fema.gov/openfema-data-page/disaster-declarations-summaries-v2,2026-08-16T23:00:55Z
EM-3641-IN,3641,IN,EM,2026-01-24T00:00:00.000Z,2026,Winter Storm,SEVERE WINTER STORM,false,false,true,false,2026-01-23T00:00:00.000Z,2026-01-27T00:00:00.000Z,2026-06-18T00:00:00.000Z,false,18,159,99159,Tipton (County),26013,,2026012402,5,S,2026-07-28T12:46:09.678Z,b43752327f4ef549a338c6c62842314dfe17eaae,7b558f3a-0be4-428e-99a9-d59379486549,2026-01-24,2026-01-23,2026-01-27,2026-06-18,,2026-07-28T12:46:09Z,2026,01,1,2026,4,1,145,false,true,Emergency,Indiana,Region 5 — Chicago,Chicago,"IL,IN,MI,MN,OH,WI",Winter weather,Snowstorm,false,false,false,false,false,false,false,true,false,false,false,1,false,true,false,18159,https://www.fema.gov/api/open/v2/DisasterDeclarationsSummaries,https://www.fema.gov/openfema-data-page/disaster-declarations-summaries-v2,2026-08-16T23:00:55Z
EM-3641-IN,3641,IN,EM,2026-01-24T00:00:00.000Z,2026,Winter Storm,SEVERE WINTER STORM,false,false,true,false,2026-01-23T00:00:00.000Z,2026-01-27T00:00:00.000Z,2026-06-18T00:00:00.000Z,false,18,157,99157,Tippecanoe (County),26013,,2026012402,5,S,2026-07-28T12:46:09.678Z,2ff8856da613870b9a4ca1fc6707bb6f1df6fb30,735dd838-ba90-40d2-b130-82af5212bda2,2026-01-24,2026-01-23,2026-01-27,2026-06-18,,2026-07-28T12:46:09Z,2026,01,1,2026,4,1,145,false,true,Emergency,Indiana,Region 5 — Chicago,Chicago,"IL,IN,MI,MN,OH,WI",Winter weather,Snowstorm,false,false,false,false,false,false,false,true,false,false,false,1,false,true,false,18157,https://www.fema.gov/api/open/v2/DisasterDeclarationsSummaries,https://www.fema.gov/openfema-data-page/disaster-declarations-summaries-v2,2026-08-16T23:00:55Z
EM-3641-IN,3641,IN,EM,2026-01-24T00:00:00.000Z,2026,Winter Storm,SEVERE WINTER STORM,false,false,true,false,2026-01-23T00:00:00.000Z,2026-01-27T00:00:00.000Z,2026-06-18T00:00:00.000Z,false,18,155,99155,Switzerland (County),26013,,2026012402,5,S,2026-07-28T12:46:09.678Z,cfa6d16a4c1c11c5587f4836d28fd0ed622d2c7f,4b8907af-cc44-4767-9f6d-8bca96c34a75,2026-01-24,2026-01-23,2026-01-27,2026-06-18,,2026-07-28T12:46:09Z,2026,01,1,2026,4,1,145,false,true,Emergency,Indiana,Region 5 — Chicago,Chicago,"IL,IN,MI,MN,OH,WI",Winter weather,Snowstorm,false,false,false,false,false,false,false,true,false,false,false,1,false,true,false,18155,https://www.fema.gov/api/open/v2/DisasterDeclarationsSummaries,https://www.fema.gov/openfema-data-page/disaster-declarations-summaries-v2,2026-08-16T23:00:55Z
EM-3641-IN,3641,IN,EM,2026-01-24T00:00:00.000Z,2026,Winter Storm,SEVERE WINTER STORM,false,false,true,false,2026-01-23T00:00:00.000Z,2026-01-27T00:00:00.000Z,2026-06-18T00:00:00.000Z,false,18,153,99153,Sullivan (County),26013,,2026012402,5,S,2026-07-28T12:46:09.678Z,fee46baf3fccb998d91c5f20dba297f310c088d8,4e3a7655-0c84-4d4a-a2ae-e94cf0e3c8eb,2026-01-24,2026-01-23,2026-01-27,2026-06-18,,2026-07-28T12:46:09Z,2026,01,1,2026,4,1,145,false,true,Emergency,Indiana,Region 5 — Chicago,Chicago,"IL,IN,MI,MN,OH,WI",Winter weather,Snowstorm,false,false,false,false,false,false,false,true,false,false,false,1,false,true,false,18153,https://www.fema.gov/api/open/v2/DisasterDeclarationsSummaries,https://www.fema.gov/openfema-data-page/disaster-declarations-summaries-v2,2026-08-16T23:00:55Z
EM-3641-IN,3641,IN,EM,2026-01-24T00:00:00.000Z,2026,Winter Storm,SEVERE WINTER STORM,false,false,true,false,2026-01-23T00:00:00.000Z,2026-01-27T00:00:00.000Z,2026-06-18T00:00:00.000Z,false,18,151,99151,Steuben (County),26013,,2026012402,5,S,2026-07-28T12:46:09.678Z,07c0f0f8a32b6e9c716f6206b8fac07d1fb57f20,91f47b9b-ee51-46a2-97ce-0a2894a7c0a9,2026-01-24,2026-01-23,2026-01-27,2026-06-18,,2026-07-28T12:46:09Z,2026,01,1,2026,4,1,145,false,true,Emergency,Indiana,Region 5 — Chicago,Chicago,"IL,IN,MI,MN,OH,WI",Winter weather,Snowstorm,false,false,false,false,false,false,false,true,false,false,false,1,false,true,false,18151,https://www.fema.gov/api/open/v2/DisasterDeclarationsSummaries,https://www.fema.gov/openfema-data-page/disaster-declarations-summaries-v2,2026-08-16T23:00:55Z
EM-3641-IN,3641,IN,EM,2026-01-24T00:00:00.000Z,2026,Winter Storm,SEVERE WINTER STORM,false,false,true,false,2026-01-23T00:00:00.000Z,2026-01-27T00:00:00.000Z,2026-06-18T00:00:00.000Z,false,18,149,99149,Starke (County),26013,,2026012402,5,S,2026-07-28T12:46:09.678Z,630e8432d38eb27d0bcbc636be1f3d9c932b1370,cee5df3a-09c1-4258-a207-edd5ae392ae9,2026-01-24,2026-01-23,2026-01-27,2026-06-18,,2026-07-28T12:46:09Z,2026,01,1,2026,4,1,145,false,true,Emergency,Indiana,Region 5 — Chicago,Chicago,"IL,IN,MI,MN,OH,WI",Winter weather,Snowstorm,false,false,false,false,false,false,false,true,false,false,false,1,false,true,false,18149,https://www.fema.gov/api/open/v2/DisasterDeclarationsSummaries,https://www.fema.gov/openfema-data-page/disaster-declarations-summaries-v2,2026-08-16T23:00:55Z
EM-3641-IN,3641,IN,EM,2026-01-24T00:00:00.000Z,2026,Winter Storm,SEVERE WINTER STORM,false,false,true,false,2026-01-23T00:00:00.000Z,2026-01-27T00:00:00.000Z,2026-06-18T00:00:00.000Z,false,18,147,99147,Spencer (County),26013,,2026012402,5,S,2026-07-28T12:46:09.678Z,91f291a0ca13b8829d4d6f906c374414bf4e1793,67f25ab2-5253-4d70-bd5f-a39ae17d9168,2026-01-24,2026-01-23,2026-01-27,2026-06-18,,2026-07-28T12:46:09Z,2026,01,1,2026,4,1,145,false,true,Emergency,Indiana,Region 5 — Chicago,Chicago,"IL,IN,MI,MN,OH,WI",Winter weather,Snowstorm,false,false,false,false,false,false,false,true,false,false,false,1,false,true,false,18147,https://www.fema.gov/api/open/v2/DisasterDeclarationsSummaries,https://www.fema.gov/openfema-data-page/disaster-declarations-summaries-v2,2026-08-16T23:00:55Z
EM-3641-IN,3641,IN,EM,2026-01-24T00:00:00.000Z,2026,Winter Storm,SEVERE WINTER STORM,false,false,true,false,2026-01-23T00:00:00.000Z,2026-01-27T00:00:00.000Z,2026-06-18T00:00:00.000Z,false,18,145,99145,Shelby (County),26013,,2026012402,5,S,2026-07-28T12:46:09.678Z,681f69ce330d95d973387076d9dd7470fe32ddbd,237ae861-a008-4eaf-841b-be8fc65ea49a,2026-01-24,2026-01-23,2026-01-27,2026-06-18,,2026-07-28T12:46:09Z,2026,01,1,2026,4,1,145,false,true,Emergency,Indiana,Region 5 — Chicago,Chicago,"IL,IN,MI,MN,OH,WI",Winter weather,Snowstorm,false,false,false,false,false,false,false,true,false,false,false,1,false,true,false,18145,https://www.fema.gov/api/open/v2/DisasterDeclarationsSummaries,https://www.fema.gov/openfema-data-page/disaster-declarations-summaries-v2,2026-08-16T23:00:55Z
EM-3641-IN,3641,IN,EM,2026-01-24T00:00:00.000Z,2026,Winter Storm,SEVERE WINTER STORM,false,false,true,false,2026-01-23T00:00:00.000Z,2026-01-27T00:00:00.000Z,2026-06-18T00:00:00.000Z,false,18,143,99143,Scott (County),26013,,2026012402,5,S,2026-07-28T12:46:09.678Z,6406acd17f771d3775900b4f8457ea8938b36b91,a4b8b364-d0c3-4d49-a6bd-0bb8758b2a72,2026-01-24,2026-01-23,2026-01-27,2026-06-18,,2026-07-28T12:46:09Z,2026,01,1,2026,4,1,145,false,true,Emergency,Indiana,Region 5 — Chicago,Chicago,"IL,IN,MI,MN,OH,WI",Winter weather,Snowstorm,false,false,false,false,false,false,false,true,false,false,false,1,false,true,false,18143,https://www.fema.gov/api/open/v2/DisasterDeclarationsSummaries,https://www.fema.gov/openfema-data-page/disaster-declarations-summaries-v2,2026-08-16T23:00:55Z
EM-3641-IN,3641,IN,EM,2026-01-24T00:00:00.000Z,2026,Winter Storm,SEVERE WINTER STORM,false,false,true,false,2026-01-23T00:00:00.000Z,2026-01-27T00:00:00.000Z,2026-06-18T00:00:00.000Z,false,18,141,99141,St. Joseph (County),26013,,2026012402,5,S,2026-07-28T12:46:09.678Z,6255953f9f7e80814c6a67489ef717fd47b03b45,7b27de5b-153c-4698-85f1-d94cb6956c09,2026-01-24,2026-01-23,2026-01-27,2026-06-18,,2026-07-28T12:46:09Z,2026,01,1,2026,4,1,145,false,true,Emergency,Indiana,Region 5 — Chicago,Chicago,"IL,IN,MI,MN,OH,WI",Winter weather,Snowstorm,false,false,false,false,false,false,false,true,false,false,false,1,false,true,false,18141,https://www.fema.gov/api/open/v2/DisasterDeclarationsSummaries,https://www.fema.gov/openfema-data-page/disaster-declarations-summaries-v2,2026-08-16T23:00:55Z
EM-3641-IN,3641,IN,EM,2026-01-24T00:00:00.000Z,2026,Winter Storm,SEVERE WINTER STORM,false,false,true,false,2026-01-23T00:00:00.000Z,2026-01-27T00:00:00.000Z,2026-06-18T00:00:00.000Z,false,18,139,99139,Rush (County),26013,,2026012402,5,S,2026-07-28T12:46:09.678Z,7b2190bc12183d2849d48e6b15043e9f0d16ec4d,e810546e-c998-4a18-854c-ad46b2be9710,2026-01-24,2026-01-23,2026-01-27,2026-06-18,,2026-07-28T12:46:09Z,2026,01,1,2026,4,1,145,false,true,Emergency,Indiana,Region 5 — Chicago,Chicago,"IL,IN,MI,MN,OH,WI",Winter weather,Snowstorm,false,false,false,false,false,false,false,true,false,false,false,1,false,true,false,18139,https://www.fema.gov/api/open/v2/DisasterDeclarationsSummaries,https://www.fema.gov/openfema-data-page/disaster-declarations-summaries-v2,2026-08-16T23:00:55Z
EM-3641-IN,3641,IN,EM,2026-01-24T00:00:00.000Z,2026,Winter Storm,SEVERE WINTER STORM,false,false,true,false,2026-01-23T00:00:00.000Z,2026-01-27T00:00:00.000Z,2026-06-18T00:00:00.000Z,false,18,137,99137,Ripley (County),26013,,2026012402,5,S,2026-07-28T12:46:09.678Z,1bfac8cfb1ffbca04d913c54b9caeb7b8a6714c9,c369f8a3-f9e7-464c-99b8-d3934956dfb4,2026-01-24,2026-01-23,2026-01-27,2026-06-18,,2026-07-28T12:46:09Z,2026,01,1,2026,4,1,145,false,true,Emergency,Indiana,Region 5 — Chicago,Chicago,"IL,IN,MI,MN,OH,WI",Winter weather,Snowstorm,false,false,false,false,false,false,false,true,false,false,false,1,false,true,false,18137,https://www.fema.gov/api/open/v2/DisasterDeclarationsSummaries,https://www.fema.gov/openfema-data-page/disaster-declarations-summaries-v2,2026-08-16T23:00:55Z
EM-3641-IN,3641,IN,EM,2026-01-24T00:00:00.000Z,2026,Winter Storm,SEVERE WINTER STORM,false,false,true,false,2026-01-23T00:00:00.000Z,2026-01-27T00:00:00.000Z,2026-06-18T00:00:00.000Z,false,18,135,99135,Randolph (County),26013,,2026012402,5,S,2026-07-28T12:46:09.678Z,f0b45a770ae5120b15bec4468120f678674d0340,e5a2b21c-381b-4e06-84c9-c9620677fb26,2026-01-24,2026-01-23,2026-01-27,2026-06-18,,2026-07-28T12:46:09Z,2026,01,1,2026,4,1,145,false,true,Emergency,Indiana,Region 5 — Chicago,Chicago,"IL,IN,MI,MN,OH,WI",Winter weather,Snowstorm,false,false,false,false,false,false,false,true,false,false,false,1,false,true,false,18135,https://www.fema.gov/api/open/v2/DisasterDeclarationsSummaries,https://www.fema.gov/openfema-data-page/disaster-declarations-summaries-v2,2026-08-16T23:00:55Z
EM-3641-IN,3641,IN,EM,2026-01-24T00:00:00.000Z,2026,Winter Storm,SEVERE WINTER STORM,false,false,true,false,2026-01-23T00:00:00.000Z,2026-01-27T00:00:00.000Z,2026-06-18T00:00:00.000Z,false,18,133,99133,Putnam (County),26013,,2026012402,5,S,2026-07-28T12:46:09.678Z,965b8d3bb34c6dc24c4c96563eec71ca0209e8e0,a44d8af3-2612-488e-a029-9ee8a0776270,2026-01-24,2026-01-23,2026-01-27,2026-06-18,,2026-07-28T12:46:09Z,2026,01,1,2026,4,1,145,false,true,Emergency,Indiana,Region 5 — Chicago,Chicago,"IL,IN,MI,MN,OH,WI",Winter weather,Snowstorm,false,false,false,false,false,false,false,true,false,false,false,1,false,true,false,18133,https://www.fema.gov/api/open/v2/DisasterDeclarationsSummaries,https://www.fema.gov/openfema-data-page/disaster-declarations-summaries-v2,2026-08-16T23:00:55Z
EM-3641-IN,3641,IN,EM,2026-01-24T00:00:00.000Z,2026,Winter Storm,SEVERE WINTER STORM,false,false,true,false,2026-01-23T00:00:00.000Z,2026-01-27T00:00:00.000Z,2026-06-18T00:00:00.000Z,false,18,131,99131,Pulaski (County),26013,,2026012402,5,S,2026-07-28T12:46:09.678Z,6fbe5fab94b2175ebe0d64313a8e3819045e3531,1d0a8d3a-c366-4ab2-b36a-74e2c96e85e0,2026-01-24,2026-01-23,2026-01-27,2026-06-18,,2026-07-28T12:46:09Z,2026,01,1,2026,4,1,145,false,true,Emergency,Indiana,Region 5 — Chicago,Chicago,"IL,IN,MI,MN,OH,WI",Winter weather,Snowstorm,false,false,false,false,false,false,false,true,false,false,false,1,false,true,false,18131,https://www.fema.gov/api/open/v2/DisasterDeclarationsSummaries,https://www.fema.gov/openfema-data-page/disaster-declarations-summaries-v2,2026-08-16T23:00:55Z
EM-3641-IN,3641,IN,EM,2026-01-24T00:00:00.000Z,2026,Winter Storm,SEVERE WINTER STORM,false,false,true,false,2026-01-23T00:00:00.000Z,2026-01-27T00:00:00.000Z,2026-06-18T00:00:00.000Z,false,18,129,99129,Posey (County),26013,,2026012402,5,S,2026-07-28T12:46:09.678Z,bd232947dac4a7b523f610c49b8d78d2e2a2a609,867ff73b-259b-4760-b689-116eef94f2b4,2026-01-24,2026-01-23,2026-01-27,2026-06-18,,2026-07-28T12:46:09Z,2026,01,1,2026,4,1,145,false,true,Emergency,Indiana,Region 5 — Chicago,Chicago,"IL,IN,MI,MN,OH,WI",Winter weather,Snowstorm,false,false,false,false,false,false,false,true,false,false,false,1,false,true,false,18129,https://www.fema.gov/api/open/v2/DisasterDeclarationsSummaries,https://www.fema.gov/openfema-data-page/disaster-declarations-summaries-v2,2026-08-16T23:00:55Z
EM-3641-IN,3641,IN,EM,2026-01-24T00:00:00.000Z,2026,Winter Storm,SEVERE WINTER STORM,false,false,true,false,2026-01-23T00:00:00.000Z,2026-01-27T00:00:00.000Z,2026-06-18T00:00:00.000Z,false,18,127,99127,Porter (County),26013,,2026012402,5,S,2026-07-28T12:46:09.678Z,2c306222b1305433aefe311391556f399e6cc0fe,e2579b58-cac3-4f5d-aedb-1b8405c0c5ea,2026-01-24,2026-01-23,2026-01-27,2026-06-18,,2026-07-28T12:46:09Z,2026,01,1,2026,4,1,145,false,true,Emergency,Indiana,Region 5 — Chicago,Chicago,"IL,IN,MI,MN,OH,WI",Winter weather,Snowstorm,false,false,false,false,false,false,false,true,false,false,false,1,false,true,false,18127,https://www.fema.gov/api/open/v2/DisasterDeclarationsSummaries,https://www.fema.gov/openfema-data-page/disaster-declarations-summaries-v2,2026-08-16T23:00:55Z
EM-3641-IN,3641,IN,EM,2026-01-24T00:00:00.000Z,2026,Winter Storm,SEVERE WINTER STORM,false,false,true,false,2026-01-23T00:00:00.000Z,2026-01-27T00:00:00.000Z,2026-06-18T00:00:00.000Z,false,18,125,99125,Pike (County),26013,,2026012402,5,S,2026-07-28T12:46:09.678Z,f79b7f298ac094558f8c138423e548654019b7a2,f5425975-2654-40d1-b022-860d640737b8,2026-01-24,2026-01-23,2026-01-27,2026-06-18,,2026-07-28T12:46:09Z,2026,01,1,2026,4,1,145,false,true,Emergency,Indiana,Region 5 — Chicago,Chicago,"IL,IN,MI,MN,OH,WI",Winter weather,Snowstorm,false,false,false,false,false,false,false,true,false,false,false,1,false,true,false,18125,https://www.fema.gov/api/open/v2/DisasterDeclarationsSummaries,https://www.fema.gov/openfema-data-page/disaster-declarations-summaries-v2,2026-08-16T23:00:55Z
EM-3641-IN,3641,IN,EM,2026-01-24T00:00:00.000Z,2026,Winter Storm,SEVERE WINTER STORM,false,false,true,false,2026-01-23T00:00:00.000Z,2026-01-27T00:00:00.000Z,2026-06-18T00:00:00.000Z,false,18,123,99123,Perry (County),26013,,2026012402,5,S,2026-07-28T12:46:09.678Z,d6208d2cc0cfcb7d0e5565aaa416782ec8e99d54,fc525071-db50-4de9-b7d7-d7c3956877eb,2026-01-24,2026-01-23,2026-01-27,2026-06-18,,2026-07-28T12:46:09Z,2026,01,1,2026,4,1,145,false,true,Emergency,Indiana,Region 5 — Chicago,Chicago,"IL,IN,MI,MN,OH,WI",Winter weather,Snowstorm,false,false,false,false,false,false,false,true,false,false,false,1,false,true,false,18123,https://www.fema.gov/api/open/v2/DisasterDeclarationsSummaries,https://www.fema.gov/openfema-data-page/disaster-declarations-summaries-v2,2026-08-16T23:00:55Z
EM-3641-IN,3641,IN,EM,2026-01-24T00:00:00.000Z,2026,Winter Storm,SEVERE WINTER STORM,false,false,true,false,2026-01-23T00:00:00.000Z,2026-01-27T00:00:00.000Z,2026-06-18T00:00:00.000Z,false,18,121,99121,Parke (County),26013,,2026012402,5,S,2026-07-28T12:46:09.678Z,22513bd9aa4b7520718b334f307b225d97c5ce43,77a8b118-3962-46ed-977c-ebc9743248cd,2026-01-24,2026-01-23,2026-01-27,2026-06-18,,2026-07-28T12:46:09Z,2026,01,1,2026,4,1,145,false,true,Emergency,Indiana,Region 5 — Chicago,Chicago,"IL,IN,MI,MN,OH,WI",Winter weather,Snowstorm,false,false,false,false,false,false,false,true,false,false,false,1,false,true,false,18121,https://www.fema.gov/api/open/v2/DisasterDeclarationsSummaries,https://www.fema.gov/openfema-data-page/disaster-declarations-summaries-v2,2026-08-16T23:00:55Z
EM-3641-IN,3641,IN,EM,2026-01-24T00:00:00.000Z,2026,Winter Storm,SEVERE WINTER STORM,false,false,true,false,2026-01-23T00:00:00.000Z,2026-01-27T00:00:00.000Z,2026-06-18T00:00:00.000Z,false,18,119,99119,Owen (County),26013,,2026012402,5,S,2026-07-28T12:46:09.678Z,1b89f4c1f0c16dc62100734612118ade1a9ab54d,066a813c-48a0-45b0-a721-24244642c451,2026-01-24,2026-01-23,2026-01-27,2026-06-18,,2026-07-28T12:46:09Z,2026,01,1,2026,4,1,145,false,true,Emergency,Indiana,Region 5 — Chicago,Chicago,"IL,IN,MI,MN,OH,WI",Winter weather,Snowstorm,false,false,false,false,false,false,false,true,false,false,false,1,false,true,false,18119,https://www.fema.gov/api/open/v2/DisasterDeclarationsSummaries,https://www.fema.gov/openfema-data-page/disaster-declarations-summaries-v2,2026-08-16T23:00:55Z
EM-3641-IN,3641,IN,EM,2026-01-24T00:00:00.000Z,2026,Winter Storm,SEVERE WINTER STORM,false,false,true,false,2026-01-23T00:00:00.000Z,2026-01-27T00:00:00.000Z,2026-06-18T00:00:00.000Z,false,18,117,99117,Orange (County),26013,,2026012402,5,S,2026-07-28T12:46:09.678Z,16018048bd256d95906b699e1948d8df0f96cb00,b7cb579b-e544-4ad7-9fcb-230b640ce8e5,2026-01-24,2026-01-23,2026-01-27,2026-06-18,,2026-07-28T12:46:09Z,2026,01,1,2026,4,1,145,false,true,Emergency,Indiana,Region 5 — Chicago,Chicago,"IL,IN,MI,MN,OH,WI",Winter weather,Snowstorm,false,false,false,false,false,false,false,true,false,false,false,1,false,true,false,18117,https://www.fema.gov/api/open/v2/DisasterDeclarationsSummaries,https://www.fema.gov/openfema-data-page/disaster-declarations-summaries-v2,2026-08-16T23:00:55Z
EM-3641-IN,3641,IN,EM,2026-01-24T00:00:00.000Z,2026,Winter Storm,SEVERE WINTER STORM,false,false,true,false,2026-01-23T00:00:00.000Z,2026-01-27T00:00:00.000Z,2026-06-18T00:00:00.000Z,false,18,115,99115,Ohio (County),26013,,2026012402,5,S,2026-07-28T12:46:09.678Z,28410451a089f8798266406a732138b177da5fcc,909ed898-7067-4304-b791-17265b810682,2026-01-24,2026-01-23,2026-01-27,2026-06-18,,2026-07-28T12:46:09Z,2026,01,1,2026,4,1,145,false,true,Emergency,Indiana,Region 5 — Chicago,Chicago,"IL,IN,MI,MN,OH,WI",Winter weather,Snowstorm,false,false,false,false,false,false,false,true,false,false,false,1,false,true,false,18115,https://www.fema.gov/api/open/v2/DisasterDeclarationsSummaries,https://www.fema.gov/openfema-data-page/disaster-declarations-summaries-v2,2026-08-16T23:00:55Z
EM-3641-IN,3641,IN,EM,2026-01-24T00:00:00.000Z,2026,Winter Storm,SEVERE WINTER STORM,false,false,true,false,2026-01-23T00:00:00.000Z,2026-01-27T00:00:00.000Z,2026-06-18T00:00:00.000Z,false,18,113,99113,Noble (County),26013,,2026012402,5,S,2026-07-28T12:46:09.678Z,538a42a9ff322c073524066f8ec235d920d65c32,5a8f8890-41ec-44ba-8fb3-b51dbcaac355,2026-01-24,2026-01-23,2026-01-27,2026-06-18,,2026-07-28T12:46:09Z,2026,01,1,2026,4,1,145,false,true,Emergency,Indiana,Region 5 — Chicago,Chicago,"IL,IN,MI,MN,OH,WI",Winter weather,Snowstorm,false,false,false,false,false,false,false,true,false,false,false,1,false,true,false,18113,https://www.fema.gov/api/open/v2/DisasterDeclarationsSummaries,https://www.fema.gov/openfema-data-page/disaster-declarations-summaries-v2,2026-08-16T23:00:55Z
EM-3641-IN,3641,IN,EM,2026-01-24T00:00:00.000Z,2026,Winter Storm,SEVERE WINTER STORM,false,false,true,false,2026-01-23T00:00:00.000Z,2026-01-27T00:00:00.000Z,2026-06-18T00:00:00.000Z,false,18,111,99111,Newton (County),26013,,2026012402,5,S,2026-07-28T12:46:09.678Z,de9ea346ee91521637dc0057c8fb79223a339f56,66235de2-419f-45b7-b19c-ef828b060889,2026-01-24,2026-01-23,2026-01-27,2026-06-18,,2026-07-28T12:46:09Z,2026,01,1,2026,4,1,145,false,true,Emergency,Indiana,Region 5 — Chicago,Chicago,"IL,IN,MI,MN,OH,WI",Winter weather,Snowstorm,false,false,false,false,false,false,false,true,false,false,false,1,false,true,false,18111,https://www.fema.gov/api/open/v2/DisasterDeclarationsSummaries,https://www.fema.gov/openfema-data-page/disaster-declarations-summaries-v2,2026-08-16T23:00:55Z
EM-3641-IN,3641,IN,EM,2026-01-24T00:00:00.000Z,2026,Winter Storm,SEVERE WINTER STORM,false,false,true,false,2026-01-23T00:00:00.000Z,2026-01-27T00:00:00.000Z,2026-06-18T00:00:00.000Z,false,18,109,99109,Morgan (County),26013,,2026012402,5,S,2026-07-28T12:46:09.678Z,33a8205bd263adb883793f00cc5757c53ea02de4,e55d60e5-35a3-4e0f-9f42-04de88270ede,2026-01-24,2026-01-23,2026-01-27,2026-06-18,,2026-07-28T12:46:09Z,2026,01,1,2026,4,1,145,false,true,Emergency,Indiana,Region 5 — Chicago,Chicago,"IL,IN,MI,MN,OH,WI",Winter weather,Snowstorm,false,false,false,false,false,false,false,true,false,false,false,1,false,true,false,18109,https://www.fema.gov/api/open/v2/DisasterDeclarationsSummaries,https://www.fema.gov/openfema-data-page/disaster-declarations-summaries-v2,2026-08-16T23:00:55Z
EM-3641-IN,3641,IN,EM,2026-01-24T00:00:00.000Z,2026,Winter Storm,SEVERE WINTER STORM,false,false,true,false,2026-01-23T00:00:00.000Z,2026-01-27T00:00:00.000Z,2026-06-18T00:00:00.000Z,false,18,107,99107,Montgomery (County),26013,,2026012402,5,S,2026-07-28T12:46:09.678Z,05b19384a178d5f62330eb93ea70b78b59412826,cdccadd8-b08b-4297-918c-4985c049bbd0,2026-01-24,2026-01-23,2026-01-27,2026-06-18,,2026-07-28T12:46:09Z,2026,01,1,2026,4,1,145,false,true,Emergency,Indiana,Region 5 — Chicago,Chicago,"IL,IN,MI,MN,OH,WI",Winter weather,Snowstorm,false,false,false,false,false,false,false,true,false,false,false,1,false,true,false,18107,https://www.fema.gov/api/open/v2/DisasterDeclarationsSummaries,https://www.fema.gov/openfema-data-page/disaster-declarations-summaries-v2,2026-08-16T23:00:55Z
EM-3641-IN,3641,IN,EM,2026-01-24T00:00:00.000Z,2026,Winter Storm,SEVERE WINTER STORM,false,false,true,false,2026-01-23T00:00:00.000Z,2026-01-27T00:00:00.000Z,2026-06-18T00:00:00.000Z,false,18,105,99105,Monroe (County),26013,,2026012402,5,S,2026-07-28T12:46:09.678Z,1cbf5c4c4c3838c9497c55ff914438f8007f69d0,c778acaf-2136-4a80-8ba0-a6aa5beaa402,2026-01-24,2026-01-23,2026-01-27,2026-06-18,,2026-07-28T12:46:09Z,2026,01,1,2026,4,1,145,false,true,Emergency,Indiana,Region 5 — Chicago,Chicago,"IL,IN,MI,MN,OH,WI",Winter weather,Snowstorm,false,false,false,false,false,false,false,true,false,false,false,1,false,true,false,18105,https://www.fema.gov/api/open/v2/DisasterDeclarationsSummaries,https://www.fema.gov/openfema-data-page/disaster-declarations-summaries-v2,2026-08-16T23:00:55Z
EM-3641-IN,3641,IN,EM,2026-01-24T00:00:00.000Z,2026,Winter Storm,SEVERE WINTER STORM,false,false,true,false,2026-01-23T00:00:00.000Z,2026-01-27T00:00:00.000Z,2026-06-18T00:00:00.000Z,false,18,103,99103,Miami (County),26013,,2026012402,5,S,2026-07-28T12:46:09.678Z,f777ce7b377ba3d9d7b2c9bc9e0ca6e667754468,a2cac143-f5e0-4f9c-90a5-4521636b1760,2026-01-24,2026-01-23,2026-01-27,2026-06-18,,2026-07-28T12:46:09Z,2026,01,1,2026,4,1,145,false,true,Emergency,Indiana,Region 5 — Chicago,Chicago,"IL,IN,MI,MN,OH,WI",Winter weather,Snowstorm,false,false,false,false,false,false,false,true,false,false,false,1,false,true,false,18103,https://www.fema.gov/api/open/v2/DisasterDeclarationsSummaries,https://www.fema.gov/openfema-data-page/disaster-declarations-summaries-v2,2026-08-16T23:00:55Z
EM-3641-IN,3641,IN,EM,2026-01-24T00:00:00.000Z,2026,Winter Storm,SEVERE WINTER STORM,false,false,true,false,2026-01-23T00:00:00.000Z,2026-01-27T00:00:00.000Z,2026-06-18T00:00:00.000Z,false,18,101,99101,Martin (County),26013,,2026012402,5,S,2026-07-28T12:46:09.678Z,58ff4c0a5744a0f23a62de5f2850393fa4999fbf,57c03ea2-8ac0-4e5f-b895-22b890af1943,2026-01-24,2026-01-23,2026-01-27,2026-06-18,,2026-07-28T12:46:09Z,2026,01,1,2026,4,1,145,false,true,Emergency,Indiana,Region 5 — Chicago,Chicago,"IL,IN,MI,MN,OH,WI",Winter weather,Snowstorm,false,false,false,false,false,false,false,true,false,false,false,1,false,true,false,18101,https://www.fema.gov/api/open/v2/DisasterDeclarationsSummaries,https://www.fema.gov/openfema-data-page/disaster-declarations-summaries-v2,2026-08-16T23:00:55Z
EM-3641-IN,3641,IN,EM,2026-01-24T00:00:00.000Z,2026,Winter Storm,SEVERE WINTER STORM,false,false,true,false,2026-01-23T00:00:00.000Z,2026-01-27T00:00:00.000Z,2026-06-18T00:00:00.000Z,false,18,099,99099,Marshall (County),26013,,2026012402,5,S,2026-07-28T12:46:09.678Z,bb39b9674dc29d7f6c493a26cb99a44980697f10,6d97d7b4-996f-41a5-8329-7c1135f6480b,2026-01-24,2026-01-23,2026-01-27,2026-06-18,,2026-07-28T12:46:09Z,2026,01,1,2026,4,1,145,false,true,Emergency,Indiana,Region 5 — Chicago,Chicago,"IL,IN,MI,MN,OH,WI",Winter weather,Snowstorm,false,false,false,false,false,false,false,true,false,false,false,1,false,true,false,18099,https://www.fema.gov/api/open/v2/DisasterDeclarationsSummaries,https://www.fema.gov/openfema-data-page/disaster-declarations-summaries-v2,2026-08-16T23:00:55Z
EM-3641-IN,3641,IN,EM,2026-01-24T00:00:00.000Z,2026,Winter Storm,SEVERE WINTER STORM,false,false,true,false,2026-01-23T00:00:00.000Z,2026-01-27T00:00:00.000Z,2026-06-18T00:00:00.000Z,false,18,097,99097,Marion (County),26013,,2026012402,5,S,2026-07-28T12:46:09.678Z,34463646b0f8c63d5ade0106c3bf77550862341f,82a6798b-311b-4d85-acfd-ab778deed521,2026-01-24,2026-01-23,2026-01-27,2026-06-18,,2026-07-28T12:46:09Z,2026,01,1,2026,4,1,145,false,true,Emergency,Indiana,Region 5 — Chicago,Chicago,"IL,IN,MI,MN,OH,WI",Winter weather,Snowstorm,false,false,false,false,false,false,false,true,false,false,false,1,false,true,false,18097,https://www.fema.gov/api/open/v2/DisasterDeclarationsSummaries,https://www.fema.gov/openfema-data-page/disaster-declarations-summaries-v2,2026-08-16T23:00:55Z
EM-3641-IN,3641,IN,EM,2026-01-24T00:00:00.000Z,2026,Winter Storm,SEVERE WINTER STORM,false,false,true,false,2026-01-23T00:00:00.000Z,2026-01-27T00:00:00.000Z,2026-06-18T00:00:00.000Z,false,18,095,99095,Madison (County),26013,,2026012402,5,S,2026-07-28T12:46:09.678Z,1875bf137b4d214b5b958525e52e90c0485100a3,35be948a-a2d0-4fe1-ba0c-89633a105087,2026-01-24,2026-01-23,2026-01-27,2026-06-18,,2026-07-28T12:46:09Z,2026,01,1,2026,4,1,145,false,true,Emergency,Indiana,Region 5 — Chicago,Chicago,"IL,IN,MI,MN,OH,WI",Winter weather,Snowstorm,false,false,false,false,false,false,false,true,false,false,false,1,false,true,false,18095,https://www.fema.gov/api/open/v2/DisasterDeclarationsSummaries,https://www.fema.gov/openfema-data-page/disaster-declarations-summaries-v2,2026-08-16T23:00:55Z
EM-3641-IN,3641,IN,EM,2026-01-24T00:00:00.000Z,2026,Winter Storm,SEVERE WINTER STORM,false,false,true,false,2026-01-23T00:00:00.000Z,2026-01-27T00:00:00.000Z,2026-06-18T00:00:00.000Z,false,18,093,99093,Lawrence (County),26013,,2026012402,5,S,2026-07-28T12:46:09.678Z,6ede9bd0d0d483044c6762d3447cb3df4dfb63f4,58ce6e94-8f71-42f8-aac9-af36ffc610d1,2026-01-24,2026-01-23,2026-01-27,2026-06-18,,2026-07-28T12:46:09Z,2026,01,1,2026,4,1,145,false,true,Emergency,Indiana,Region 5 — Chicago,Chicago,"IL,IN,MI,MN,OH,WI",Winter weather,Snowstorm,false,false,false,false,false,false,false,true,false,false,false,1,false,true,false,18093,https://www.fema.gov/api/open/v2/DisasterDeclarationsSummaries,https://www.fema.gov/openfema-data-page/disaster-declarations-summaries-v2,2026-08-16T23:00:55Z
EM-3641-IN,3641,IN,EM,2026-01-24T00:00:00.000Z,2026,Winter Storm,SEVERE WINTER STORM,false,false,true,false,2026-01-23T00:00:00.000Z,2026-01-27T00:00:00.000Z,2026-06-18T00:00:00.000Z,false,18,091,99091,LaPorte (County),26013,,2026012402,5,S,2026-07-28T12:46:09.678Z,cf88b698fb3590039cfeabc74bc87f42219eba08,740c2519-8bd2-4654-9c12-c8d76b6fa648,2026-01-24,2026-01-23,2026-01-27,2026-06-18,,2026-07-28T12:46:09Z,2026,01,1,2026,4,1,145,false,true,Emergency,Indiana,Region 5 — Chicago,Chicago,"IL,IN,MI,MN,OH,WI",Winter weather,Snowstorm,false,false,false,false,false,false,false,true,false,false,false,1,false,true,false,18091,https://www.fema.gov/api/open/v2/DisasterDeclarationsSummaries,https://www.fema.gov/openfema-data-page/disaster-declarations-summaries-v2,2026-08-16T23:00:55Z
EM-3641-IN,3641,IN,EM,2026-01-24T00:00:00.000Z,2026,Winter Storm,SEVERE WINTER STORM,false,false,true,false,2026-01-23T00:00:00.000Z,2026-01-27T00:00:00.000Z,2026-06-18T00:00:00.000Z,false,18,089,99089,Lake (County),26013,,2026012402,5,S,2026-07-28T12:46:09.678Z,0601ee270440394de4ad3c238a062b6d22a5306f,9bd962de-2b3e-43d1-9158-5407f51cc873,2026-01-24,2026-01-23,2026-01-27,2026-06-18,,2026-07-28T12:46:09Z,2026,01,1,2026,4,1,145,false,true,Emergency,Indiana,Region 5 — Chicago,Chicago,"IL,IN,MI,MN,OH,WI",Winter weather,Snowstorm,false,false,false,false,false,false,false,true,false,false,false,1,false,true,false,18089,https://www.fema.gov/api/open/v2/DisasterDeclarationsSummaries,https://www.fema.gov/openfema-data-page/disaster-declarations-summaries-v2,2026-08-16T23:00:55Z
EM-3641-IN,3641,IN,EM,2026-01-24T00:00:00.000Z,2026,Winter Storm,SEVERE WINTER STORM,false,false,true,false,2026-01-23T00:00:00.000Z,2026-01-27T00:00:00.000Z,2026-06-18T00:00:00.000Z,false,18,087,99087,LaGrange (County),26013,,2026012402,5,S,2026-07-28T12:46:09.678Z,d234a64583889c6f59788ec6891195d12035da14,72cb1d16-3843-4b7d-851f-7e0fcece8202,2026-01-24,2026-01-23,2026-01-27,2026-06-18,,2026-07-28T12:46:09Z,2026,01,1,2026,4,1,145,false,true,Emergency,Indiana,Region 5 — Chicago,Chicago,"IL,IN,MI,MN,OH,WI",Winter weather,Snowstorm,false,false,false,false,false,false,false,true,false,false,false,1,false,true,false,18087,https://www.fema.gov/api/open/v2/DisasterDeclarationsSummaries,https://www.fema.gov/openfema-data-page/disaster-declarations-summaries-v2,2026-08-16T23:00:55Z
EM-3641-IN,3641,IN,EM,2026-01-24T00:00:00.000Z,2026,Winter Storm,SEVERE WINTER STORM,false,false,true,false,2026-01-23T00:00:00.000Z,2026-01-27T00:00:00.000Z,2026-06-18T00:00:00.000Z,false,18,085,99085,Kosciusko (County),26013,,2026012402,5,S,2026-07-28T12:46:09.678Z,067a7cc0bc3534d7e57bcb96cc1c7736717bceb2,26300d2d-7e47-4d86-8626-cd360c7095db,2026-01-24,2026-01-23,2026-01-27,2026-06-18,,2026-07-28T12:46:09Z,2026,01,1,2026,4,1,145,false,true,Emergency,Indiana,Region 5 — Chicago,Chicago,"IL,IN,MI,MN,OH,WI",Winter weather,Snowstorm,false,false,false,false,false,false,false,true,false,false,false,1,false,true,false,18085,https://www.fema.gov/api/open/v2/DisasterDeclarationsSummaries,https://www.fema.gov/openfema-data-page/disaster-declarations-summaries-v2,2026-08-16T23:00:55Z
EM-3641-IN,3641,IN,EM,2026-01-24T00:00:00.000Z,2026,Winter Storm,SEVERE WINTER STORM,false,false,true,false,2026-01-23T00:00:00.000Z,2026-01-27T00:00:00.000Z,2026-06-18T00:00:00.000Z,false,18,083,99083,Knox (County),26013,,2026012402,5,S,2026-07-28T12:46:09.678Z,874a4ef1a52907b6bbfedcfd6ce28c7e98953287,c8d0254c-61e2-4ea7-aca7-457423b7d60f,2026-01-24,2026-01-23,2026-01-27,2026-06-18,,2026-07-28T12:46:09Z,2026,01,1,2026,4,1,145,false,true,Emergency,Indiana,Region 5 — Chicago,Chicago,"IL,IN,MI,MN,OH,WI",Winter weather,Snowstorm,false,false,false,false,false,false,false,true,false,false,false,1,false,true,false,18083,https://www.fema.gov/api/open/v2/DisasterDeclarationsSummaries,https://www.fema.gov/openfema-data-page/disaster-declarations-summaries-v2,2026-08-16T23:00:55Z
EM-3641-IN,3641,IN,EM,2026-01-24T00:00:00.000Z,2026,Winter Storm,SEVERE WINTER STORM,false,false,true,false,2026-01-23T00:00:00.000Z,2026-01-27T00:00:00.000Z,2026-06-18T00:00:00.000Z,false,18,081,99081,Johnson (County),26013,,2026012402,5,S,2026-07-28T12:46:09.678Z,4cc17bf10389439c472e70955fc42c048b6fb0bb,2f574768-d869-468c-8ae6-4a4fe264d22b,2026-01-24,2026-01-23,2026-01-27,2026-06-18,,2026-07-28T12:46:09Z,2026,01,1,2026,4,1,145,false,true,Emergency,Indiana,Region 5 — Chicago,Chicago,"IL,IN,MI,MN,OH,WI",Winter weather,Snowstorm,false,false,false,false,false,false,false,true,false,false,false,1,false,true,false,18081,https://www.fema.gov/api/open/v2/DisasterDeclarationsSummaries,https://www.fema.gov/openfema-data-page/disaster-declarations-summaries-v2,2026-08-16T23:00:55Z
EM-3641-IN,3641,IN,EM,2026-01-24T00:00:00.000Z,2026,Winter Storm,SEVERE WINTER STORM,false,false,true,false,2026-01-23T00:00:00.000Z,2026-01-27T00:00:00.000Z,2026-06-18T00:00:00.000Z,false,18,079,99079,Jennings (County),26013,,2026012402,5,S,2026-07-28T12:46:09.678Z,dbacd8555d7c0cd64ea8ae6a3a065b8f3e09609f,62cf40ef-5f31-4d2c-929d-a042e1c5f231,2026-01-24,2026-01-23,2026-01-27,2026-06-18,,2026-07-28T12:46:09Z,2026,01,1,2026,4,1,145,false,true,Emergency,Indiana,Region 5 — Chicago,Chicago,"IL,IN,MI,MN,OH,WI",Winter weather,Snowstorm,false,false,false,false,false,false,false,true,false,false,false,1,false,true,false,18079,https://www.fema.gov/api/open/v2/DisasterDeclarationsSummaries,https://www.fema.gov/openfema-data-page/disaster-declarations-summaries-v2,2026-08-16T23:00:55Z
EM-3641-IN,3641,IN,EM,2026-01-24T00:00:00.000Z,2026,Winter Storm,SEVERE WINTER STORM,false,false,true,false,2026-01-23T00:00:00.000Z,2026-01-27T00:00:00.000Z,2026-06-18T00:00:00.000Z,false,18,077,99077,Jefferson (County),26013,,2026012402,5,S,2026-07-28T12:46:09.678Z,c7b8c929caf9c7bc04302be375e85db9c3ae7b54,6e5aac58-e302-4a02-b84c-71e75384bad3,2026-01-24,2026-01-23,2026-01-27,2026-06-18,,2026-07-28T12:46:09Z,2026,01,1,2026,4,1,145,false,true,Emergency,Indiana,Region 5 — Chicago,Chicago,"IL,IN,MI,MN,OH,WI",Winter weather,Snowstorm,false,false,false,false,false,false,false,true,false,false,false,1,false,true,false,18077,https://www.fema.gov/api/open/v2/DisasterDeclarationsSummaries,https://www.fema.gov/openfema-data-page/disaster-declarations-summaries-v2,2026-08-16T23:00:55Z
EM-3641-IN,3641,IN,EM,2026-01-24T00:00:00.000Z,2026,Winter Storm,SEVERE WINTER STORM,false,false,true,false,2026-01-23T00:00:00.000Z,2026-01-27T00:00:00.000Z,2026-06-18T00:00:00.000Z,false,18,075,99075,Jay (County),26013,,2026012402,5,S,2026-07-28T12:46:09.678Z,53a53f6afe4636f0f77c3a935141ef884aa83c6f,a29701b8-06ec-43b1-b6b9-b1a0629bd02f,2026-01-24,2026-01-23,2026-01-27,2026-06-18,,2026-07-28T12:46:09Z,2026,01,1,2026,4,1,145,false,true,Emergency,Indiana,Region 5 — Chicago,Chicago,"IL,IN,MI,MN,OH,WI",Winter weather,Snowstorm,false,false,false,false,false,false,false,true,false,false,false,1,false,true,false,18075,https://www.fema.gov/api/open/v2/DisasterDeclarationsSummaries,https://www.fema.gov/openfema-data-page/disaster-declarations-summaries-v2,2026-08-16T23:00:55Z
EM-3641-IN,3641,IN,EM,2026-01-24T00:00:00.000Z,2026,Winter Storm,SEVERE WINTER STORM,false,false,true,false,2026-01-23T00:00:00.000Z,2026-01-27T00:00:00.000Z,2026-06-18T00:00:00.000Z,false,18,073,99073,Jasper (County),26013,,2026012402,5,S,2026-07-28T12:46:09.678Z,283baee1cc82a9d5874f5afc4d1c912c2d18fbdf,32274c82-fb72-432e-98ea-7d0f2c2988f3,2026-01-24,2026-01-23,2026-01-27,2026-06-18,,2026-07-28T12:46:09Z,2026,01,1,2026,4,1,145,false,true,Emergency,Indiana,Region 5 — Chicago,Chicago,"IL,IN,MI,MN,OH,WI",Winter weather,Snowstorm,false,false,false,false,false,false,false,true,false,false,false,1,false,true,false,18073,https://www.fema.gov/api/open/v2/DisasterDeclarationsSummaries,https://www.fema.gov/openfema-data-page/disaster-declarations-summaries-v2,2026-08-16T23:00:55Z
EM-3641-IN,3641,IN,EM,2026-01-24T00:00:00.000Z,2026,Winter Storm,SEVERE WINTER STORM,false,false,true,false,2026-01-23T00:00:00.000Z,2026-01-27T00:00:00.000Z,2026-06-18T00:00:00.000Z,false,18,071,99071,Jackson (County),26013,,2026012402,5,S,2026-07-28T12:46:09.678Z,0c4f7dbf9d58c7963e2257d991ebdec9bc4dd270,8640a5e2-e9c6-4323-b2de-e01f5f94acb5,2026-01-24,2026-01-23,2026-01-27,2026-06-18,,2026-07-28T12:46:09Z,2026,01,1,2026,4,1,145,false,true,Emergency,Indiana,Region 5 — Chicago,Chicago,"IL,IN,MI,MN,OH,WI",Winter weather,Snowstorm,false,false,false,false,false,false,false,true,false,false,false,1,false,true,false,18071,https://www.fema.gov/api/open/v2/DisasterDeclarationsSummaries,https://www.fema.gov/openfema-data-page/disaster-declarations-summaries-v2,2026-08-16T23:00:55Z
EM-3641-IN,3641,IN,EM,2026-01-24T00:00:00.000Z,2026,Winter Storm,SEVERE WINTER STORM,false,false,true,false,2026-01-23T00:00:00.000Z,2026-01-27T00:00:00.000Z,2026-06-18T00:00:00.000Z,false,18,069,99069,Huntington (County),26013,,2026012402,5,S,2026-07-28T12:46:09.678Z,01f2a7e78c9069eba535c20c3f3cf3adae10accc,5e8ce259-e77c-4705-b8db-fc8eecf0deee,2026-01-24,2026-01-23,2026-01-27,2026-06-18,,2026-07-28T12:46:09Z,2026,01,1,2026,4,1,145,false,true,Emergency,Indiana,Region 5 — Chicago,Chicago,"IL,IN,MI,MN,OH,WI",Winter weather,Snowstorm,false,false,false,false,false,false,false,true,false,false,false,1,false,true,false,18069,https://www.fema.gov/api/open/v2/DisasterDeclarationsSummaries,https://www.fema.gov/openfema-data-page/disaster-declarations-summaries-v2,2026-08-16T23:00:55Z
EM-3641-IN,3641,IN,EM,2026-01-24T00:00:00.000Z,2026,Winter Storm,SEVERE WINTER STORM,false,false,true,false,2026-01-23T00:00:00.000Z,2026-01-27T00:00:00.000Z,2026-06-18T00:00:00.000Z,false,18,067,99067,Howard (County),26013,,2026012402,5,S,2026-07-28T12:46:09.678Z,66dc7afe0f9fe10566340c77031c37ef51f04747,a9b1c124-e840-4a8a-ac41-c99b50fed48f,2026-01-24,2026-01-23,2026-01-27,2026-06-18,,2026-07-28T12:46:09Z,2026,01,1,2026,4,1,145,false,true,Emergency,Indiana,Region 5 — Chicago,Chicago,"IL,IN,MI,MN,OH,WI",Winter weather,Snowstorm,false,false,false,false,false,false,false,true,false,false,false,1,false,true,false,18067,https://www.fema.gov/api/open/v2/DisasterDeclarationsSummaries,https://www.fema.gov/openfema-data-page/disaster-declarations-summaries-v2,2026-08-16T23:00:55Z
EM-3641-IN,3641,IN,EM,2026-01-24T00:00:00.000Z,2026,Winter Storm,SEVERE WINTER STORM,false,false,true,false,2026-01-23T00:00:00.000Z,2026-01-27T00:00:00.000Z,2026-06-18T00:00:00.000Z,false,18,065,99065,Henry (County),26013,,2026012402,5,S,2026-07-28T12:46:09.678Z,44ee2551aa6262a1c91c31991b0f0317751a400f,9a35971c-ddc6-4d91-be20-a23dcc9d0a37,2026-01-24,2026-01-23,2026-01-27,2026-06-18,,2026-07-28T12:46:09Z,2026,01,1,2026,4,1,145,false,true,Emergency,Indiana,Region 5 — Chicago,Chicago,"IL,IN,MI,MN,OH,WI",Winter weather,Snowstorm,false,false,false,false,false,false,false,true,false,false,false,1,false,true,false,18065,https://www.fema.gov/api/open/v2/DisasterDeclarationsSummaries,https://www.fema.gov/openfema-data-page/disaster-declarations-summaries-v2,2026-08-16T23:00:55Z
EM-3641-IN,3641,IN,EM,2026-01-24T00:00:00.000Z,2026,Winter Storm,SEVERE WINTER STORM,false,false,true,false,2026-01-23T00:00:00.000Z,2026-01-27T00:00:00.000Z,2026-06-18T00:00:00.000Z,false,18,063,99063,Hendricks (County),26013,,2026012402,5,S,2026-07-28T12:46:09.678Z,d367d179ffd91a1838301e5a2ee31a6cb8748c39,4b1c95e6-e032-4956-8312-35248e689b74,2026-01-24,2026-01-23,2026-01-27,2026-06-18,,2026-07-28T12:46:09Z,2026,01,1,2026,4,1,145,false,true,Emergency,Indiana,Region 5 — Chicago,Chicago,"IL,IN,MI,MN,OH,WI",Winter weather,Snowstorm,false,false,false,false,false,false,false,true,false,false,false,1,false,true,false,18063,https://www.fema.gov/api/open/v2/DisasterDeclarationsSummaries,https://www.fema.gov/openfema-data-page/disaster-declarations-summaries-v2,2026-08-16T23:00:55Z
EM-3641-IN,3641,IN,EM,2026-01-24T00:00:00.000Z,2026,Winter Storm,SEVERE WINTER STORM,false,false,true,false,2026-01-23T00:00:00.000Z,2026-01-27T00:00:00.000Z,2026-06-18T00:00:00.000Z,false,18,061,99061,Harrison (County),26013,,2026012402,5,S,2026-07-28T12:46:09.678Z,bfa1961f3ebd04d8722cf41bf2d65e9140e74fd2,665efbe2-1b42-4121-bae4-0f81cb9ce5b0,2026-01-24,2026-01-23,2026-01-27,2026-06-18,,2026-07-28T12:46:09Z,2026,01,1,2026,4,1,145,false,true,Emergency,Indiana,Region 5 — Chicago,Chicago,"IL,IN,MI,MN,OH,WI",Winter weather,Snowstorm,false,false,false,false,false,false,false,true,false,false,false,1,false,true,false,18061,https://www.fema.gov/api/open/v2/DisasterDeclarationsSummaries,https://www.fema.gov/openfema-data-page/disaster-declarations-summaries-v2,2026-08-16T23:00:55Z
EM-3641-IN,3641,IN,EM,2026-01-24T00:00:00.000Z,2026,Winter Storm,SEVERE WINTER STORM,false,false,true,false,2026-01-23T00:00:00.000Z,2026-01-27T00:00:00.000Z,2026-06-18T00:00:00.000Z,false,18,059,99059,Hancock (County),26013,,2026012402,5,S,2026-07-28T12:46:09.678Z,1ab40985c6411406b93738795be67f71756d2549,de2424b2-c8d9-4482-8044-5fbc74f131cb,2026-01-24,2026-01-23,2026-01-27,2026-06-18,,2026-07-28T12:46:09Z,2026,01,1,2026,4,1,145,false,true,Emergency,Indiana,Region 5 — Chicago,Chicago,"IL,IN,MI,MN,OH,WI",Winter weather,Snowstorm,false,false,false,false,false,false,false,true,false,false,false,1,false,true,false,18059,https://www.fema.gov/api/open/v2/DisasterDeclarationsSummaries,https://www.fema.gov/openfema-data-page/disaster-declarations-summaries-v2,2026-08-16T23:00:55Z
EM-3641-IN,3641,IN,EM,2026-01-24T00:00:00.000Z,2026,Winter Storm,SEVERE WINTER STORM,false,false,true,false,2026-01-23T00:00:00.000Z,2026-01-27T00:00:00.000Z,2026-06-18T00:00:00.000Z,false,18,057,99057,Hamilton (County),26013,,2026012402,5,S,2026-07-28T12:46:09.678Z,cb2d2f2dc7298116cfae7034631062226bebbb56,be0280f5-465a-454b-94f9-2b2379e4586e,2026-01-24,2026-01-23,2026-01-27,2026-06-18,,2026-07-28T12:46:09Z,2026,01,1,2026,4,1,145,false,true,Emergency,Indiana,Region 5 — Chicago,Chicago,"IL,IN,MI,MN,OH,WI",Winter weather,Snowstorm,false,false,false,false,false,false,false,true,false,false,false,1,false,true,false,18057,https://www.fema.gov/api/open/v2/DisasterDeclarationsSummaries,https://www.fema.gov/openfema-data-page/disaster-declarations-summaries-v2,2026-08-16T23:00:55Z
EM-3641-IN,3641,IN,EM,2026-01-24T00:00:00.000Z,2026,Winter Storm,SEVERE WINTER STORM,false,false,true,false,2026-01-23T00:00:00.000Z,2026-01-27T00:00:00.000Z,2026-06-18T00:00:00.000Z,false,18,055,99055,Greene (County),26013,,2026012402,5,S,2026-07-28T12:46:09.678Z,a1f184503b705d7d6710162c301aee3d1dcb5f0a,44965b46-29df-4c18-b9df-dc80623d4436,2026-01-24,2026-01-23,2026-01-27,2026-06-18,,2026-07-28T12:46:09Z,2026,01,1,2026,4,1,145,false,true,Emergency,Indiana,Region 5 — Chicago,Chicago,"IL,IN,MI,MN,OH,WI",Winter weather,Snowstorm,false,false,false,false,false,false,false,true,false,false,false,1,false,true,false,18055,https://www.fema.gov/api/open/v2/DisasterDeclarationsSummaries,https://www.fema.gov/openfema-data-page/disaster-declarations-summaries-v2,2026-08-16T23:00:55Z
EM-3641-IN,3641,IN,EM,2026-01-24T00:00:00.000Z,2026,Winter Storm,SEVERE WINTER STORM,false,false,true,false,2026-01-23T00:00:00.000Z,2026-01-27T00:00:00.000Z,2026-06-18T00:00:00.000Z,false,18,053,99053,Grant (County),26013,,2026012402,5,S,2026-07-28T12:46:09.678Z,1ca8dab0513c4e5f82aadfaee4b9ad4cfb43b2bc,b94ec957-8da5-424f-8501-74dcb8bc2a1e,2026-01-24,2026-01-23,2026-01-27,2026-06-18,,2026-07-28T12:46:09Z,2026,01,1,2026,4,1,145,false,true,Emergency,Indiana,Region 5 — Chicago,Chicago,"IL,IN,MI,MN,OH,WI",Winter weather,Snowstorm,false,false,false,false,false,false,false,true,false,false,false,1,false,true,false,18053,https://www.fema.gov/api/open/v2/DisasterDeclarationsSummaries,https://www.fema.gov/openfema-data-page/disaster-declarations-summaries-v2,2026-08-16T23:00:55Z
EM-3641-IN,3641,IN,EM,2026-01-24T00:00:00.000Z,2026,Winter Storm,SEVERE WINTER STORM,false,false,true,false,2026-01-23T00:00:00.000Z,2026-01-27T00:00:00.000Z,2026-06-18T00:00:00.000Z,false,18,051,99051,Gibson (County),26013,,2026012402,5,S,2026-07-28T12:46:09.678Z,bf9301cd11e1ec9e833320d12d6ec1200c337e34,a86be271-7969-4e08-9711-7c2364fcc3a2,2026-01-24,2026-01-23,2026-01-27,2026-06-18,,2026-07-28T12:46:09Z,2026,01,1,2026,4,1,145,false,true,Emergency,Indiana,Region 5 — Chicago,Chicago,"IL,IN,MI,MN,OH,WI",Winter weather,Snowstorm,false,false,false,false,false,false,false,true,false,false,false,1,false,true,false,18051,https://www.fema.gov/api/open/v2/DisasterDeclarationsSummaries,https://www.fema.gov/openfema-data-page/disaster-declarations-summaries-v2,2026-08-16T23:00:55Z
EM-3641-IN,3641,IN,EM,2026-01-24T00:00:00.000Z,2026,Winter Storm,SEVERE WINTER STORM,false,false,true,false,2026-01-23T00:00:00.000Z,2026-01-27T00:00:00.000Z,2026-06-18T00:00:00.000Z,false,18,049,99049,Fulton (County),26013,,2026012402,5,S,2026-07-28T12:46:09.678Z,340f53d814712c41600470985a71b9e57a11b217,6e1efe54-5afc-484a-bd8d-ac27834f4c8b,2026-01-24,2026-01-23,2026-01-27,2026-06-18,,2026-07-28T12:46:09Z,2026,01,1,2026,4,1,145,false,true,Emergency,Indiana,Region 5 — Chicago,Chicago,"IL,IN,MI,MN,OH,WI",Winter weather,Snowstorm,false,false,false,false,false,false,false,true,false,false,false,1,false,true,false,18049,https://www.fema.gov/api/open/v2/DisasterDeclarationsSummaries,https://www.fema.gov/openfema-data-page/disaster-declarations-summaries-v2,2026-08-16T23:00:55Z
EM-3641-IN,3641,IN,EM,2026-01-24T00:00:00.000Z,2026,Winter Storm,SEVERE WINTER STORM,false,false,true,false,2026-01-23T00:00:00.000Z,2026-01-27T00:00:00.000Z,2026-06-18T00:00:00.000Z,false,18,047,99047,Franklin (County),26013,,2026012402,5,S,2026-07-28T12:46:09.678Z,d259e7e57d6b719be32f1ae8215e3bc4abf7b255,d98826eb-67a6-4ca8-baed-b104a31d9281,2026-01-24,2026-01-23,2026-01-27,2026-06-18,,2026-07-28T12:46:09Z,2026,01,1,2026,4,1,145,false,true,Emergency,Indiana,Region 5 — Chicago,Chicago,"IL,IN,MI,MN,OH,WI",Winter weather,Snowstorm,false,false,false,false,false,false,false,true,false,false,false,1,false,true,false,18047,https://www.fema.gov/api/open/v2/DisasterDeclarationsSummaries,https://www.fema.gov/openfema-data-page/disaster-declarations-summaries-v2,2026-08-16T23:00:55Z
EM-3641-IN,3641,IN,EM,2026-01-24T00:00:00.000Z,2026,Winter Storm,SEVERE WINTER STORM,false,false,true,false,2026-01-23T00:00:00.000Z,2026-01-27T00:00:00.000Z,2026-06-18T00:00:00.000Z,false,18,045,99045,Fountain (County),26013,,2026012402,5,S,2026-07-28T12:46:09.678Z,0b7b5d7f412d70229a27205b03684e8a5d619740,1c51864a-0415-47dd-b3c1-6f59a6cd49e2,2026-01-24,2026-01-23,2026-01-27,2026-06-18,,2026-07-28T12:46:09Z,2026,01,1,2026,4,1,145,false,true,Emergency,Indiana,Region 5 — Chicago,Chicago,"IL,IN,MI,MN,OH,WI",Winter weather,Snowstorm,false,false,false,false,false,false,false,true,false,false,false,1,false,true,false,18045,https://www.fema.gov/api/open/v2/DisasterDeclarationsSummaries,https://www.fema.gov/openfema-data-page/disaster-declarations-summaries-v2,2026-08-16T23:00:55Z
EM-3641-IN,3641,IN,EM,2026-01-24T00:00:00.000Z,2026,Winter Storm,SEVERE WINTER STORM,false,false,true,false,2026-01-23T00:00:00.000Z,2026-01-27T00:00:00.000Z,2026-06-18T00:00:00.000Z,false,18,043,99043,Floyd (County),26013,,2026012402,5,S,2026-07-28T12:46:09.678Z,18af5871dcb4e608c98f7363144c56df28f83994,fde14234-95dd-42a5-abe4-b2849e10b848,2026-01-24,2026-01-23,2026-01-27,2026-06-18,,2026-07-28T12:46:09Z,2026,01,1,2026,4,1,145,false,true,Emergency,Indiana,Region 5 — Chicago,Chicago,"IL,IN,MI,MN,OH,WI",Winter weather,Snowstorm,false,false,false,false,false,false,false,true,false,false,false,1,false,true,false,18043,https://www.fema.gov/api/open/v2/DisasterDeclarationsSummaries,https://www.fema.gov/openfema-data-page/disaster-declarations-summaries-v2,2026-08-16T23:00:55Z
EM-3641-IN,3641,IN,EM,2026-01-24T00:00:00.000Z,2026,Winter Storm,SEVERE WINTER STORM,false,false,true,false,2026-01-23T00:00:00.000Z,2026-01-27T00:00:00.000Z,2026-06-18T00:00:00.000Z,false,18,041,99041,Fayette (County),26013,,2026012402,5,S,2026-07-28T12:46:09.678Z,d0d563f37fe4f1ab392bf49ac89f4bd22913e467,8d291bcb-78dd-4eab-a9a9-9b8ee207ce5e,2026-01-24,2026-01-23,2026-01-27,2026-06-18,,2026-07-28T12:46:09Z,2026,01,1,2026,4,1,145,false,true,Emergency,Indiana,Region 5 — Chicago,Chicago,"IL,IN,MI,MN,OH,WI",Winter weather,Snowstorm,false,false,false,false,false,false,false,true,false,false,false,1,false,true,false,18041,https://www.fema.gov/api/open/v2/DisasterDeclarationsSummaries,https://www.fema.gov/openfema-data-page/disaster-declarations-summaries-v2,2026-08-16T23:00:55Z
EM-3641-IN,3641,IN,EM,2026-01-24T00:00:00.000Z,2026,Winter Storm,SEVERE WINTER STORM,false,false,true,false,2026-01-23T00:00:00.000Z,2026-01-27T00:00:00.000Z,2026-06-18T00:00:00.000Z,false,18,039,99039,Elkhart (County),26013,,2026012402,5,S,2026-07-28T12:46:09.678Z,dfee3f4906faa79078907b90a11dd620e5bd2150,51d2d79d-3a7e-4601-9f0c-e49298cb08a9,2026-01-24,2026-01-23,2026-01-27,2026-06-18,,2026-07-28T12:46:09Z,2026,01,1,2026,4,1,145,false,true,Emergency,Indiana,Region 5 — Chicago,Chicago,"IL,IN,MI,MN,OH,WI",Winter weather,Snowstorm,false,false,false,false,false,false,false,true,false,false,false,1,false,true,false,18039,https://www.fema.gov/api/open/v2/DisasterDeclarationsSummaries,https://www.fema.gov/openfema-data-page/disaster-declarations-summaries-v2,2026-08-16T23:00:55Z
EM-3641-IN,3641,IN,EM,2026-01-24T00:00:00.000Z,2026,Winter Storm,SEVERE WINTER STORM,false,false,true,false,2026-01-23T00:00:00.000Z,2026-01-27T00:00:00.000Z,2026-06-18T00:00:00.000Z,false,18,037,99037,Dubois (County),26013,,2026012402,5,S,2026-07-28T12:46:09.678Z,c81a05c344c0f1cea53d31854b5b96ce4b48d466,96aec183-45aa-422d-97bc-db5e55d52642,2026-01-24,2026-01-23,2026-01-27,2026-06-18,,2026-07-28T12:46:09Z,2026,01,1,2026,4,1,145,false,true,Emergency,Indiana,Region 5 — Chicago,Chicago,"IL,IN,MI,MN,OH,WI",Winter weather,Snowstorm,false,false,false,false,false,false,false,true,false,false,false,1,false,true,false,18037,https://www.fema.gov/api/open/v2/DisasterDeclarationsSummaries,https://www.fema.gov/openfema-data-page/disaster-declarations-summaries-v2,2026-08-16T23:00:55Z
EM-3641-IN,3641,IN,EM,2026-01-24T00:00:00.000Z,2026,Winter Storm,SEVERE WINTER STORM,false,false,true,false,2026-01-23T00:00:00.000Z,2026-01-27T00:00:00.000Z,2026-06-18T00:00:00.000Z,false,18,035,99035,Delaware (County),26013,,2026012402,5,S,2026-07-28T12:46:09.678Z,d37b7661bc9c6d2eff5ec6c116297820c377f471,796b517c-6352-4c9c-a283-aa6a3741d1dd,2026-01-24,2026-01-23,2026-01-27,2026-06-18,,2026-07-28T12:46:09Z,2026,01,1,2026,4,1,145,false,true,Emergency,Indiana,Region 5 — Chicago,Chicago,"IL,IN,MI,MN,OH,WI",Winter weather,Snowstorm,false,false,false,false,false,false,false,true,false,false,false,1,false,true,false,18035,https://www.fema.gov/api/open/v2/DisasterDeclarationsSummaries,https://www.fema.gov/openfema-data-page/disaster-declarations-summaries-v2,2026-08-16T23:00:55Z
EM-3641-IN,3641,IN,EM,2026-01-24T00:00:00.000Z,2026,Winter Storm,SEVERE WINTER STORM,false,false,true,false,2026-01-23T00:00:00.000Z,2026-01-27T00:00:00.000Z,2026-06-18T00:00:00.000Z,false,18,033,99033,DeKalb (County),26013,,2026012402,5,S,2026-07-28T12:46:09.678Z,12dd42f20fbb2236956853df9335077ce618d4ac,342017eb-8832-4994-88e4-d1e057548bcb,2026-01-24,2026-01-23,2026-01-27,2026-06-18,,2026-07-28T12:46:09Z,2026,01,1,2026,4,1,145,false,true,Emergency,Indiana,Region 5 — Chicago,Chicago,"IL,IN,MI,MN,OH,WI",Winter weather,Snowstorm,false,false,false,false,false,false,false,true,false,false,false,1,false,true,false,18033,https://www.fema.gov/api/open/v2/DisasterDeclarationsSummaries,https://www.fema.gov/openfema-data-page/disaster-declarations-summaries-v2,2026-08-16T23:00:55Z
EM-3641-IN,3641,IN,EM,2026-01-24T00:00:00.000Z,2026,Winter Storm,SEVERE WINTER STORM,false,false,true,false,2026-01-23T00:00:00.000Z,2026-01-27T00:00:00.000Z,2026-06-18T00:00:00.000Z,false,18,031,99031,Decatur (County),26013,,2026012402,5,S,2026-07-28T12:46:09.678Z,3258d4183dd448768bd93164da74c4096fd32dd0,8ed44e5b-41f8-4026-91ee-0a38a9bd2998,2026-01-24,2026-01-23,2026-01-27,2026-06-18,,2026-07-28T12:46:09Z,2026,01,1,2026,4,1,145,false,true,Emergency,Indiana,Region 5 — Chicago,Chicago,"IL,IN,MI,MN,OH,WI",Winter weather,Snowstorm,false,false,false,false,false,false,false,true,false,false,false,1,false,true,false,18031,https://www.fema.gov/api/open/v2/DisasterDeclarationsSummaries,https://www.fema.gov/openfema-data-page/disaster-declarations-summaries-v2,2026-08-16T23:00:55Z
EM-3641-IN,3641,IN,EM,2026-01-24T00:00:00.000Z,2026,Winter Storm,SEVERE WINTER STORM,false,false,true,false,2026-01-23T00:00:00.000Z,2026-01-27T00:00:00.000Z,2026-06-18T00:00:00.000Z,false,18,029,99029,Dearborn (County),26013,,2026012402,5,S,2026-07-28T12:46:09.678Z,ac918b7f64b954d70d4aa4f9334f7133b9cb4ca2,ba0105d2-223c-43d9-bfdf-bdc4d5a2cd7f,2026-01-24,2026-01-23,2026-01-27,2026-06-18,,2026-07-28T12:46:09Z,2026,01,1,2026,4,1,145,false,true,Emergency,Indiana,Region 5 — Chicago,Chicago,"IL,IN,MI,MN,OH,WI",Winter weather,Snowstorm,false,false,false,false,false,false,false,true,false,false,false,1,false,true,false,18029,https://www.fema.gov/api/open/v2/DisasterDeclarationsSummaries,https://www.fema.gov/openfema-data-page/disaster-declarations-summaries-v2,2026-08-16T23:00:55Z
EM-3641-IN,3641,IN,EM,2026-01-24T00:00:00.000Z,2026,Winter Storm,SEVERE WINTER STORM,false,false,true,false,2026-01-23T00:00:00.000Z,2026-01-27T00:00:00.000Z,2026-06-18T00:00:00.000Z,false,18,027,99027,Daviess (County),26013,,2026012402,5,S,2026-07-28T12:46:09.678Z,2627ca12103f5e4ad02448c497c82236b145feba,0b378726-0e44-4a8d-bf89-9c8f6efb9312,2026-01-24,2026-01-23,2026-01-27,2026-06-18,,2026-07-28T12:46:09Z,2026,01,1,2026,4,1,145,false,true,Emergency,Indiana,Region 5 — Chicago,Chicago,"IL,IN,MI,MN,OH,WI",Winter weather,Snowstorm,false,false,false,false,false,false,false,true,false,false,false,1,false,true,false,18027,https://www.fema.gov/api/open/v2/DisasterDeclarationsSummaries,https://www.fema.gov/openfema-data-page/disaster-declarations-summaries-v2,2026-08-16T23:00:55Z
EM-3641-IN,3641,IN,EM,2026-01-24T00:00:00.000Z,2026,Winter Storm,SEVERE WINTER STORM,false,false,true,false,2026-01-23T00:00:00.000Z,2026-01-27T00:00:00.000Z,2026-06-18T00:00:00.000Z,false,18,025,99025,Crawford (County),26013,,2026012402,5,S,2026-07-28T12:46:09.678Z,464bb83a858d9e0773c045be38df3828db91c3ce,5c2b0de7-707d-474b-afa1-b92e142f39ef,2026-01-24,2026-01-23,2026-01-27,2026-06-18,,2026-07-28T12:46:09Z,2026,01,1,2026,4,1,145,false,true,Emergency,Indiana,Region 5 — Chicago,Chicago,"IL,IN,MI,MN,OH,WI",Winter weather,Snowstorm,false,false,false,false,false,false,false,true,false,false,false,1,false,true,false,18025,https://www.fema.gov/api/open/v2/DisasterDeclarationsSummaries,https://www.fema.gov/openfema-data-page/disaster-declarations-summaries-v2,2026-08-16T23:00:55Z
EM-3641-IN,3641,IN,EM,2026-01-24T00:00:00.000Z,2026,Winter Storm,SEVERE WINTER STORM,false,false,true,false,2026-01-23T00:00:00.000Z,2026-01-27T00:00:00.000Z,2026-06-18T00:00:00.000Z,false,18,023,99023,Clinton (County),26013,,2026012402,5,S,2026-07-28T12:46:09.678Z,c3c7c22d5eea721cddb0cfd427c8210a7127c2b3,23b8a33f-1774-441e-9739-e12289fceaea,2026-01-24,2026-01-23,2026-01-27,2026-06-18,,2026-07-28T12:46:09Z,2026,01,1,2026,4,1,145,false,true,Emergency,Indiana,Region 5 — Chicago,Chicago,"IL,IN,MI,MN,OH,WI",Winter weather,Snowstorm,false,false,false,false,false,false,false,true,false,false,false,1,false,true,false,18023,https://www.fema.gov/api/open/v2/DisasterDeclarationsSummaries,https://www.fema.gov/openfema-data-page/disaster-declarations-summaries-v2,2026-08-16T23:00:55Z
EM-3641-IN,3641,IN,EM,2026-01-24T00:00:00.000Z,2026,Winter Storm,SEVERE WINTER STORM,false,false,true,false,2026-01-23T00:00:00.000Z,2026-01-27T00:00:00.000Z,2026-06-18T00:00:00.000Z,false,18,021,99021,Clay (County),26013,,2026012402,5,S,2026-07-28T12:46:09.678Z,3f33fe76bd1e6734083878e703dd0b0c4060383d,f61c3957-81ec-41ea-96a3-7026baa2f79a,2026-01-24,2026-01-23,2026-01-27,2026-06-18,,2026-07-28T12:46:09Z,2026,01,1,2026,4,1,145,false,true,Emergency,Indiana,Region 5 — Chicago,Chicago,"IL,IN,MI,MN,OH,WI",Winter weather,Snowstorm,false,false,false,false,false,false,false,true,false,false,false,1,false,true,false,18021,https://www.fema.gov/api/open/v2/DisasterDeclarationsSummaries,https://www.fema.gov/openfema-data-page/disaster-declarations-summaries-v2,2026-08-16T23:00:55Z
EM-3641-IN,3641,IN,EM,2026-01-24T00:00:00.000Z,2026,Winter Storm,SEVERE WINTER STORM,false,false,true,false,2026-01-23T00:00:00.000Z,2026-01-27T00:00:00.000Z,2026-06-18T00:00:00.000Z,false,18,019,99019,Clark (County),26013,,2026012402,5,S,2026-07-28T12:46:09.678Z,9b21a9637ef4d04f546d412eb9a5137a0e75648d,bf1df1bd-431f-473f-b7e4-9ac0491b0b28,2026-01-24,2026-01-23,2026-01-27,2026-06-18,,2026-07-28T12:46:09Z,2026,01,1,2026,4,1,145,false,true,Emergency,Indiana,Region 5 — Chicago,Chicago,"IL,IN,MI,MN,OH,WI",Winter weather,Snowstorm,false,false,false,false,false,false,false,true,false,false,false,1,false,true,false,18019,https://www.fema.gov/api/open/v2/DisasterDeclarationsSummaries,https://www.fema.gov/openfema-data-page/disaster-declarations-summaries-v2,2026-08-16T23:00:55Z
EM-3641-IN,3641,IN,EM,2026-01-24T00:00:00.000Z,2026,Winter Storm,SEVERE WINTER STORM,false,false,true,false,2026-01-23T00:00:00.000Z,2026-01-27T00:00:00.000Z,2026-06-18T00:00:00.000Z,false,18,017,99017,Cass (County),26013,,2026012402,5,S,2026-07-28T12:46:09.678Z,1d1ca5c8bda5decb12694740e7132b71b45f7ed4,7e2883a0-9f8a-4090-b203-9f1e3f142537,2026-01-24,2026-01-23,2026-01-27,2026-06-18,,2026-07-28T12:46:09Z,2026,01,1,2026,4,1,145,false,true,Emergency,Indiana,Region 5 — Chicago,Chicago,"IL,IN,MI,MN,OH,WI",Winter weather,Snowstorm,false,false,false,false,false,false,false,true,false,false,false,1,false,true,false,18017,https://www.fema.gov/api/open/v2/DisasterDeclarationsSummaries,https://www.fema.gov/openfema-data-page/disaster-declarations-summaries-v2,2026-08-16T23:00:55Z
EM-3641-IN,3641,IN,EM,2026-01-24T00:00:00.000Z,2026,Winter Storm,SEVERE WINTER STORM,false,false,true,false,2026-01-23T00:00:00.000Z,2026-01-27T00:00:00.000Z,2026-06-18T00:00:00.000Z,false,18,015,99015,Carroll (County),26013,,2026012402,5,S,2026-07-28T12:46:09.678Z,fb5014b5257228b4d2231eb8024021dc41f25f2f,ffb65e16-d059-4f42-b696-14911e6b6c44,2026-01-24,2026-01-23,2026-01-27,2026-06-18,,2026-07-28T12:46:09Z,2026,01,1,2026,4,1,145,false,true,Emergency,Indiana,Region 5 — Chicago,Chicago,"IL,IN,MI,MN,OH,WI",Winter weather,Snowstorm,false,false,false,false,false,false,false,true,false,false,false,1,false,true,false,18015,https://www.fema.gov/api/open/v2/DisasterDeclarationsSummaries,https://www.fema.gov/openfema-data-page/disaster-declarations-summaries-v2,2026-08-16T23:00:55Z
EM-3641-IN,3641,IN,EM,2026-01-24T00:00:00.000Z,2026,Winter Storm,SEVERE WINTER STORM,false,false,true,false,2026-01-23T00:00:00.000Z,2026-01-27T00:00:00.000Z,2026-06-18T00:00:00.000Z,false,18,013,99013,Brown (County),26013,,2026012402,5,S,2026-07-28T12:46:09.678Z,99218dec8685af7740219596d1b3f9f7edfc8a55,23bb8479-b395-40c6-86d1-786c32f29ec5,2026-01-24,2026-01-23,2026-01-27,2026-06-18,,2026-07-28T12:46:09Z,2026,01,1,2026,4,1,145,false,true,Emergency,Indiana,Region 5 — Chicago,Chicago,"IL,IN,MI,MN,OH,WI",Winter weather,Snowstorm,false,false,false,false,false,false,false,true,false,false,false,1,false,true,false,18013,https://www.fema.gov/api/open/v2/DisasterDeclarationsSummaries,https://www.fema.gov/openfema-data-page/disaster-declarations-summaries-v2,2026-08-16T23:00:55Z
EM-3641-IN,3641,IN,EM,2026-01-24T00:00:00.000Z,2026,Winter Storm,SEVERE WINTER STORM,false,false,true,false,2026-01-23T00:00:00.000Z,2026-01-27T00:00:00.000Z,2026-06-18T00:00:00.000Z,false,18,011,99011,Boone (County),26013,,2026012402,5,S,2026-07-28T12:46:09.678Z,3a99e0cc0a5784cbfeedaa19e68060ded8139dd6,64f5991b-6117-4753-9042-d128b193325a,2026-01-24,2026-01-23,2026-01-27,2026-06-18,,2026-07-28T12:46:09Z,2026,01,1,2026,4,1,145,false,true,Emergency,Indiana,Region 5 — Chicago,Chicago,"IL,IN,MI,MN,OH,WI",Winter weather,Snowstorm,false,false,false,false,false,false,false,true,false,false,false,1,false,true,false,18011,https://www.fema.gov/api/open/v2/DisasterDeclarationsSummaries,https://www.fema.gov/openfema-data-page/disaster-declarations-summaries-v2,2026-08-16T23:00:55Z
EM-3641-IN,3641,IN,EM,2026-01-24T00:00:00.000Z,2026,Winter Storm,SEVERE WINTER STORM,false,false,true,false,2026-01-23T00:00:00.000Z,2026-01-27T00:00:00.000Z,2026-06-18T00:00:00.000Z,false,18,009,99009,Blackford (County),26013,,2026012402,5,S,2026-07-28T12:46:09.678Z,10e149e7410cd547696e5e177989ba8a6c1c9844,9bf0453c-cc89-4b02-b95f-bbce0408d10c,2026-01-24,2026-01-23,2026-01-27,2026-06-18,,2026-07-28T12:46:09Z,2026,01,1,2026,4,1,145,false,true,Emergency,Indiana,Region 5 — Chicago,Chicago,"IL,IN,MI,MN,OH,WI",Winter weather,Snowstorm,false,false,false,false,false,false,false,true,false,false,false,1,false,true,false,18009,https://www.fema.gov/api/open/v2/DisasterDeclarationsSummaries,https://www.fema.gov/openfema-data-page/disaster-declarations-summaries-v2,2026-08-16T23:00:55Z
EM-3641-IN,3641,IN,EM,2026-01-24T00:00:00.000Z,2026,Winter Storm,SEVERE WINTER STORM,false,false,true,false,2026-01-23T00:00:00.000Z,2026-01-27T00:00:00.000Z,2026-06-18T00:00:00.000Z,false,18,007,99007,Benton (County),26013,,2026012402,5,S,2026-07-28T12:46:09.678Z,ead2cbaa71a0ac42d1bef3f3ceb93467d622dbf0,5136cef8-a473-4fb1-9802-a1d0c8d68e64,2026-01-24,2026-01-23,2026-01-27,2026-06-18,,2026-07-28T12:46:09Z,2026,01,1,2026,4,1,145,false,true,Emergency,Indiana,Region 5 — Chicago,Chicago,"IL,IN,MI,MN,OH,WI",Winter weather,Snowstorm,false,false,false,false,false,false,false,true,false,false,false,1,false,true,false,18007,https://www.fema.gov/api/open/v2/DisasterDeclarationsSummaries,https://www.fema.gov/openfema-data-page/disaster-declarations-summaries-v2,2026-08-16T23:00:55Z
EM-3641-IN,3641,IN,EM,2026-01-24T00:00:00.000Z,2026,Winter Storm,SEVERE WINTER STORM,false,false,true,false,2026-01-23T00:00:00.000Z,2026-01-27T00:00:00.000Z,2026-06-18T00:00:00.000Z,false,18,005,99005,Bartholomew (County),26013,,2026012402,5,S,2026-07-28T12:46:09.678Z,38eeeaa1be0dc7cab1d8d48cb8e6d48afc85eec4,b3e322bd-8569-4c8e-87b8-2925ab35bc94,2026-01-24,2026-01-23,2026-01-27,2026-06-18,,2026-07-28T12:46:09Z,2026,01,1,2026,4,1,145,false,true,Emergency,Indiana,Region 5 — Chicago,Chicago,"IL,IN,MI,MN,OH,WI",Winter weather,Snowstorm,false,false,false,false,false,false,false,true,false,false,false,1,false,true,false,18005,https://www.fema.gov/api/open/v2/DisasterDeclarationsSummaries,https://www.fema.gov/openfema-data-page/disaster-declarations-summaries-v2,2026-08-16T23:00:55Z
EM-3641-IN,3641,IN,EM,2026-01-24T00:00:00.000Z,2026,Winter Storm,SEVERE WINTER STORM,false,false,true,false,2026-01-23T00:00:00.000Z,2026-01-27T00:00:00.000Z,2026-06-18T00:00:00.000Z,false,18,003,99003,Allen (County),26013,,2026012402,5,S,2026-07-28T12:46:09.678Z,d7025a4630096f39f7dbd67c6af82c22b1c958b0,6dbf5b27-93e4-4fc1-9b87-c96228485e8d,2026-01-24,2026-01-23,2026-01-27,2026-06-18,,2026-07-28T12:46:09Z,2026,01,1,2026,4,1,145,false,true,Emergency,Indiana,Region 5 — Chicago,Chicago,"IL,IN,MI,MN,OH,WI",Winter weather,Snowstorm,false,false,false,false,false,false,false,true,false,false,false,1,false,true,false,18003,https://www.fema.gov/api/open/v2/DisasterDeclarationsSummaries,https://www.fema.gov/openfema-data-page/disaster-declarations-summaries-v2,2026-08-16T23:00:55Z
EM-3641-IN,3641,IN,EM,2026-01-24T00:00:00.000Z,2026,Winter Storm,SEVERE WINTER STORM,false,false,true,false,2026-01-23T00:00:00.000Z,2026-01-27T00:00:00.000Z,2026-06-18T00:00:00.000Z,false,18,001,99001,Adams (County),26013,,2026012402,5,S,2026-07-28T12:46:09.678Z,3195897d3aee8343d65a7a7df25ab37dc0388df3,7c5773bc-2a10-4654-a3ea-8025bbf23bef,2026-01-24,2026-01-23,2026-01-27,2026-06-18,,2026-07-28T12:46:09Z,2026,01,1,2026,4,1,145,false,true,Emergency,Indiana,Region 5 — Chicago,Chicago,"IL,IN,MI,MN,OH,WI",Winter weather,Snowstorm,false,false,false,false,false,false,false,true,false,false,false,1,false,true,false,18001,https://www.fema.gov/api/open/v2/DisasterDeclarationsSummaries,https://www.fema.gov/openfema-data-page/disaster-declarations-summaries-v2,2026-08-16T23:00:55Z
EM-3640-MS,3640,MS,EM,2026-01-24T00:00:00.000Z,2026,Winter Storm,SEVERE WINTER STORM ,false,false,true,false,2026-01-23T00:00:00.000Z,2026-01-27T00:00:00.000Z,,false,28,163,99163,Yazoo (County),26014,,2026012101,4,"5,W",2026-08-07T15:01:26.974Z,1f017be6d56e7c91db753a17ef1c1b8349e8283e,ee2d4bda-aaaf-4048-8ff2-79ad45c9ffa1,2026-01-24,2026-01-23,2026-01-27,,,2026-08-07T15:01:26Z,2026,01,1,2026,4,1,,false,false,Emergency,Mississippi,Region 4 — Atlanta,Atlanta,"AL,FL,GA,KY,MS,NC,SC,TN",Winter weather,Winter Storm; Severe Storm,false,false,false,false,false,false,false,true,true,false,false,1,false,true,false,28163,https://www.fema.gov/api/open/v2/DisasterDeclarationsSummaries,https://www.fema.gov/openfema-data-page/disaster-declarations-summaries-v2,2026-08-16T23:00:55Z
EM-3640-MS,3640,MS,EM,2026-01-24T00:00:00.000Z,2026,Winter Storm,SEVERE WINTER STORM ,false,false,true,false,2026-01-23T00:00:00.000Z,2026-01-27T00:00:00.000Z,,false,28,161,99161,Yalobusha (County),26014,,2026012101,4,"5,W",2026-08-07T15:01:26.974Z,4ce7719f3fa983f74fbc780d2b4892dadbee3c33,f0f852c8-4894-462c-a3b0-502d28fecb38,2026-01-24,2026-01-23,2026-01-27,,,2026-08-07T15:01:26Z,2026,01,1,2026,4,1,,false,false,Emergency,Mississippi,Region 4 — Atlanta,Atlanta,"AL,FL,GA,KY,MS,NC,SC,TN",Winter weather,Winter Storm; Severe Storm,false,false,false,false,false,false,false,true,true,false,false,1,false,true,false,28161,https://www.fema.gov/api/open/v2/DisasterDeclarationsSummaries,https://www.fema.gov/openfema-data-page/disaster-declarations-summaries-v2,2026-08-16T23:00:55Z
EM-3640-MS,3640,MS,EM,2026-01-24T00:00:00.000Z,2026,Winter Storm,SEVERE WINTER STORM ,false,false,true,false,2026-01-23T00:00:00.000Z,2026-01-27T00:00:00.000Z,,false,28,159,99159,Winston (County),26014,,2026012101,4,"5,W",2026-08-07T15:01:26.974Z,58c296acd5c9d4779b1a8b1f6421b9850f236067,6c1ecd85-b977-4ca8-9b19-f54f7807ff6f,2026-01-24,2026-01-23,2026-01-27,,,2026-08-07T15:01:26Z,2026,01,1,2026,4,1,,false,false,Emergency,Mississippi,Region 4 — Atlanta,Atlanta,"AL,FL,GA,KY,MS,NC,SC,TN",Winter weather,Winter Storm; Severe Storm,false,false,false,false,false,false,false,true,true,false,false,1,false,true,false,28159,https://www.fema.gov/api/open/v2/DisasterDeclarationsSummaries,https://www.fema.gov/openfema-data-page/disaster-declarations-summaries-v2,2026-08-16T23:00:55Z
EM-3640-MS,3640,MS,EM,2026-01-24T00:00:00.000Z,2026,Winter Storm,SEVERE WINTER STORM ,false,false,true,false,2026-01-23T00:00:00.000Z,2026-01-27T00:00:00.000Z,,false,28,157,99157,Wilkinson (County),26014,,2026012101,4,"5,W",2026-08-07T15:01:26.974Z,09f23c4bb559df315c26e1ae3ee0cd56eb3ee4f8,f0452874-4183-4498-9781-25221a9e7b0c,2026-01-24,2026-01-23,2026-01-27,,,2026-08-07T15:01:26Z,2026,01,1,2026,4,1,,false,false,Emergency,Mississippi,Region 4 — Atlanta,Atlanta,"AL,FL,GA,KY,MS,NC,SC,TN",Winter weather,Winter Storm; Severe Storm,false,false,false,false,false,false,false,true,true,false,false,1,false,true,false,28157,https://www.fema.gov/api/open/v2/DisasterDeclarationsSummaries,https://www.fema.gov/openfema-data-page/disaster-declarations-summaries-v2,2026-08-16T23:00:55Z
EM-3640-MS,3640,MS,EM,2026-01-24T00:00:00.000Z,2026,Winter Storm,SEVERE WINTER STORM ,false,false,true,false,2026-01-23T00:00:00.000Z,2026-01-27T00:00:00.000Z,,false,28,155,99155,Webster (County),26014,,2026012101,4,"5,W",2026-08-07T15:01:26.974Z,6551c484a7257899bcd92da37ea320a786791f6b,03162dfc-fffd-420e-b766-59f5457eb16e,2026-01-24,2026-01-23,2026-01-27,,,2026-08-07T15:01:26Z,2026,01,1,2026,4,1,,false,false,Emergency,Mississippi,Region 4 — Atlanta,Atlanta,"AL,FL,GA,KY,MS,NC,SC,TN",Winter weather,Winter Storm; Severe Storm,false,false,false,false,false,false,false,true,true,false,false,1,false,true,false,28155,https://www.fema.gov/api/open/v2/DisasterDeclarationsSummaries,https://www.fema.gov/openfema-data-page/disaster-declarations-summaries-v2,2026-08-16T23:00:55Z
EM-3640-MS,3640,MS,EM,2026-01-24T00:00:00.000Z,2026,Winter Storm,SEVERE WINTER STORM ,false,false,true,false,2026-01-23T00:00:00.000Z,2026-01-27T00:00:00.000Z,,false,28,153,99153,Wayne (County),26014,,2026012101,4,"5,W",2026-08-07T15:01:26.974Z,a73b7b3bdbf491ca1743af5c63d81b060277b9e2,3335a2bf-4521-42f4-8b87-989b5f756ad1,2026-01-24,2026-01-23,2026-01-27,,,2026-08-07T15:01:26Z,2026,01,1,2026,4,1,,false,false,Emergency,Mississippi,Region 4 — Atlanta,Atlanta,"AL,FL,GA,KY,MS,NC,SC,TN",Winter weather,Winter Storm; Severe Storm,false,false,false,false,false,false,false,true,true,false,false,1,false,true,false,28153,https://www.fema.gov/api/open/v2/DisasterDeclarationsSummaries,https://www.fema.gov/openfema-data-page/disaster-declarations-summaries-v2,2026-08-16T23:00:55Z
EM-3640-MS,3640,MS,EM,2026-01-24T00:00:00.000Z,2026,Winter Storm,SEVERE WINTER STORM ,false,false,true,false,2026-01-23T00:00:00.000Z,2026-01-27T00:00:00.000Z,,false,28,151,99151,Washington (County),26014,,2026012101,4,"5,W",2026-08-07T15:01:26.974Z,4d7871b53e7a8d98d11a333fe2583d20b57b0dc4,b6c16d46-a1c8-4b91-a085-d20076fdec3f,2026-01-24,2026-01-23,2026-01-27,,,2026-08-07T15:01:26Z,2026,01,1,2026,4,1,,false,false,Emergency,Mississippi,Region 4 — Atlanta,Atlanta,"AL,FL,GA,KY,MS,NC,SC,TN",Winter weather,Winter Storm; Severe Storm,false,false,false,false,false,false,false,true,true,false,false,1,false,true,false,28151,https://www.fema.gov/api/open/v2/DisasterDeclarationsSummaries,https://www.fema.gov/openfema-data-page/disaster-declarations-summaries-v2,2026-08-16T23:00:55Z
EM-3640-MS,3640,MS,EM,2026-01-24T00:00:00.000Z,2026,Winter Storm,SEVERE WINTER STORM ,false,false,true,false,2026-01-23T00:00:00.000Z,2026-01-27T00:00:00.000Z,,false,28,149,99149,Warren (County),26014,,2026012101,4,"5,W",2026-08-07T15:01:26.974Z,0273ee32a12d976fb008a983b63fad8f7db1243d,fe648130-9d26-42fb-beba-52a34b41bb2b,2026-01-24,2026-01-23,2026-01-27,,,2026-08-07T15:01:26Z,2026,01,1,2026,4,1,,false,false,Emergency,Mississippi,Region 4 — Atlanta,Atlanta,"AL,FL,GA,KY,MS,NC,SC,TN",Winter weather,Winter Storm; Severe Storm,false,false,false,false,false,false,false,true,true,false,false,1,false,true,false,28149,https://www.fema.gov/api/open/v2/DisasterDeclarationsSummaries,https://www.fema.gov/openfema-data-page/disaster-declarations-summaries-v2,2026-08-16T23:00:55Z
EM-3640-MS,3640,MS,EM,2026-01-24T00:00:00.000Z,2026,Winter Storm,SEVERE WINTER STORM ,false,false,true,false,2026-01-23T00:00:00.000Z,2026-01-27T00:00:00.000Z,,false,28,147,99147,Walthall (County),26014,,2026012101,4,"5,W",2026-08-07T15:01:26.974Z,abc026f2fdfabdd490adec7b8b4efd01236b1b08,89e3e26b-2a52-4b1f-80e1-1ffdde2e6531,2026-01-24,2026-01-23,2026-01-27,,,2026-08-07T15:01:26Z,2026,01,1,2026,4,1,,false,false,Emergency,Mississippi,Region 4 — Atlanta,Atlanta,"AL,FL,GA,KY,MS,NC,SC,TN",Winter weather,Winter Storm; Severe Storm,false,false,false,false,false,false,false,true,true,false,false,1,false,true,false,28147,https://www.fema.gov/api/open/v2/DisasterDeclarationsSummaries,https://www.fema.gov/openfema-data-page/disaster-declarations-summaries-v2,2026-08-16T23:00:55Z
EM-3640-MS,3640,MS,EM,2026-01-24T00:00:00.000Z,2026,Winter Storm,SEVERE WINTER STORM ,false,false,true,false,2026-01-23T00:00:00.000Z,2026-01-27T00:00:00.000Z,,false,28,145,99145,Union (County),26014,,2026012101,4,"5,W",2026-08-07T15:01:26.974Z,0dd0ac37d19aaed99aa1990c7d16e9cc2c66d0c0,53fd90b0-0cb2-43d4-a100-409b2dad0f8f,2026-01-24,2026-01-23,2026-01-27,,,2026-08-07T15:01:26Z,2026,01,1,2026,4,1,,false,false,Emergency,Mississippi,Region 4 — Atlanta,Atlanta,"AL,FL,GA,KY,MS,NC,SC,TN",Winter weather,Winter Storm; Severe Storm,false,false,false,false,false,false,false,true,true,false,false,1,false,true,false,28145,https://www.fema.gov/api/open/v2/DisasterDeclarationsSummaries,https://www.fema.gov/openfema-data-page/disaster-declarations-summaries-v2,2026-08-16T23:00:55Z
EM-3640-MS,3640,MS,EM,2026-01-24T00:00:00.000Z,2026,Winter Storm,SEVERE WINTER STORM ,false,false,true,false,2026-01-23T00:00:00.000Z,2026-01-27T00:00:00.000Z,,false,28,143,99143,Tunica (County),26014,,2026012101,4,"5,W",2026-08-07T15:01:26.974Z,14450337efa226ebaa114a9e3769cf23189719fa,0b8e122a-7c6d-41a2-821c-47ca646f9a57,2026-01-24,2026-01-23,2026-01-27,,,2026-08-07T15:01:26Z,2026,01,1,2026,4,1,,false,false,Emergency,Mississippi,Region 4 — Atlanta,Atlanta,"AL,FL,GA,KY,MS,NC,SC,TN",Winter weather,Winter Storm; Severe Storm,false,false,false,false,false,false,false,true,true,false,false,1,false,true,false,28143,https://www.fema.gov/api/open/v2/DisasterDeclarationsSummaries,https://www.fema.gov/openfema-data-page/disaster-declarations-summaries-v2,2026-08-16T23:00:55Z
EM-3640-MS,3640,MS,EM,2026-01-24T00:00:00.000Z,2026,Winter Storm,SEVERE WINTER STORM ,false,false,true,false,2026-01-23T00:00:00.000Z,2026-01-27T00:00:00.000Z,,false,28,141,99141,Tishomingo (County),26014,,2026012101,4,"5,W",2026-08-07T15:01:26.974Z,3a1151f2da384e2808dd73d4f16bc1eb9cb8d5a5,51479db2-1f92-42fc-adaf-861d769365c4,2026-01-24,2026-01-23,2026-01-27,,,2026-08-07T15:01:26Z,2026,01,1,2026,4,1,,false,false,Emergency,Mississippi,Region 4 — Atlanta,Atlanta,"AL,FL,GA,KY,MS,NC,SC,TN",Winter weather,Winter Storm; Severe Storm,false,false,false,false,false,false,false,true,true,false,false,1,false,true,false,28141,https://www.fema.gov/api/open/v2/DisasterDeclarationsSummaries,https://www.fema.gov/openfema-data-page/disaster-declarations-summaries-v2,2026-08-16T23:00:55Z
EM-3640-MS,3640,MS,EM,2026-01-24T00:00:00.000Z,2026,Winter Storm,SEVERE WINTER STORM ,false,false,true,false,2026-01-23T00:00:00.000Z,2026-01-27T00:00:00.000Z,,false,28,139,99139,Tippah (County),26014,,2026012101,4,"5,W",2026-08-07T15:01:26.974Z,09b350d43eabdf3c3e18dd3a8206ba0ed2e5a8aa,b95cbc47-d31c-4355-8233-809e1b355e19,2026-01-24,2026-01-23,2026-01-27,,,2026-08-07T15:01:26Z,2026,01,1,2026,4,1,,false,false,Emergency,Mississippi,Region 4 — Atlanta,Atlanta,"AL,FL,GA,KY,MS,NC,SC,TN",Winter weather,Winter Storm; Severe Storm,false,false,false,false,false,false,false,true,true,false,false,1,false,true,false,28139,https://www.fema.gov/api/open/v2/DisasterDeclarationsSummaries,https://www.fema.gov/openfema-data-page/disaster-declarations-summaries-v2,2026-08-16T23:00:55Z
EM-3640-MS,3640,MS,EM,2026-01-24T00:00:00.000Z,2026,Winter Storm,SEVERE WINTER STORM ,false,false,true,false,2026-01-23T00:00:00.000Z,2026-01-27T00:00:00.000Z,,false,28,137,99137,Tate (County),26014,,2026012101,4,"5,W",2026-08-07T15:01:26.974Z,b3a1ce2acf5f27335a1015e5c334dd8b9881c954,3bf4e475-8041-4d73-91cc-672257ae190d,2026-01-24,2026-01-23,2026-01-27,,,2026-08-07T15:01:26Z,2026,01,1,2026,4,1,,false,false,Emergency,Mississippi,Region 4 — Atlanta,Atlanta,"AL,FL,GA,KY,MS,NC,SC,TN",Winter weather,Winter Storm; Severe Storm,false,false,false,false,false,false,false,true,true,false,false,1,false,true,false,28137,https://www.fema.gov/api/open/v2/DisasterDeclarationsSummaries,https://www.fema.gov/openfema-data-page/disaster-declarations-summaries-v2,2026-08-16T23:00:55Z
EM-3640-MS,3640,MS,EM,2026-01-24T00:00:00.000Z,2026,Winter Storm,SEVERE WINTER STORM ,false,false,true,false,2026-01-23T00:00:00.000Z,2026-01-27T00:00:00.000Z,,false,28,135,99135,Tallahatchie (County),26014,,2026012101,4,"5,W",2026-08-07T15:01:26.974Z,85d11a68ea2fd717123a8513227cd6fa3b96aa58,a491e8aa-94b9-46f4-aa60-ff81436a8c33,2026-01-24,2026-01-23,2026-01-27,,,2026-08-07T15:01:26Z,2026,01,1,2026,4,1,,false,false,Emergency,Mississippi,Region 4 — Atlanta,Atlanta,"AL,FL,GA,KY,MS,NC,SC,TN",Winter weather,Winter Storm; Severe Storm,false,false,false,false,false,false,false,true,true,false,false,1,false,true,false,28135,https://www.fema.gov/api/open/v2/DisasterDeclarationsSummaries,https://www.fema.gov/openfema-data-page/disaster-declarations-summaries-v2,2026-08-16T23:00:55Z
EM-3640-MS,3640,MS,EM,2026-01-24T00:00:00.000Z,2026,Winter Storm,SEVERE WINTER STORM ,false,false,true,false,2026-01-23T00:00:00.000Z,2026-01-27T00:00:00.000Z,,false,28,133,99133,Sunflower (County),26014,,2026012101,4,"5,W",2026-08-07T15:01:26.974Z,1aca718ddc60cad795e2f9abb6eeb4b0be91f4a4,557bf483-81fc-4aa8-928f-fb7f92676f3a,2026-01-24,2026-01-23,2026-01-27,,,2026-08-07T15:01:26Z,2026,01,1,2026,4,1,,false,false,Emergency,Mississippi,Region 4 — Atlanta,Atlanta,"AL,FL,GA,KY,MS,NC,SC,TN",Winter weather,Winter Storm; Severe Storm,false,false,false,false,false,false,false,true,true,false,false,1,false,true,false,28133,https://www.fema.gov/api/open/v2/DisasterDeclarationsSummaries,https://www.fema.gov/openfema-data-page/disaster-declarations-summaries-v2,2026-08-16T23:00:55Z
EM-3640-MS,3640,MS,EM,2026-01-24T00:00:00.000Z,2026,Winter Storm,SEVERE WINTER STORM ,false,false,true,false,2026-01-23T00:00:00.000Z,2026-01-27T00:00:00.000Z,,false,28,131,99131,Stone (County),26014,,2026012101,4,"5,W",2026-08-07T15:01:26.974Z,d986a3fcea900bd186ca066b6f51a83b36452871,e4883e26-3f41-4fe0-a653-191a54043e4e,2026-01-24,2026-01-23,2026-01-27,,,2026-08-07T15:01:26Z,2026,01,1,2026,4,1,,false,false,Emergency,Mississippi,Region 4 — Atlanta,Atlanta,"AL,FL,GA,KY,MS,NC,SC,TN",Winter weather,Winter Storm; Severe Storm,false,false,false,false,false,false,false,true,true,false,false,1,false,true,false,28131,https://www.fema.gov/api/open/v2/DisasterDeclarationsSummaries,https://www.fema.gov/openfema-data-page/disaster-declarations-summaries-v2,2026-08-16T23:00:55Z
EM-3640-MS,3640,MS,EM,2026-01-24T00:00:00.000Z,2026,Winter Storm,SEVERE WINTER STORM ,false,false,true,false,2026-01-23T00:00:00.000Z,2026-01-27T00:00:00.000Z,,false,28,129,99129,Smith (County),26014,,2026012101,4,"5,W",2026-08-07T15:01:26.974Z,47a50599a2a3d79f894ddc5a9286e73b66edb49c,16859b34-1571-4872-b160-38bffa6902a2,2026-01-24,2026-01-23,2026-01-27,,,2026-08-07T15:01:26Z,2026,01,1,2026,4,1,,false,false,Emergency,Mississippi,Region 4 — Atlanta,Atlanta,"AL,FL,GA,KY,MS,NC,SC,TN",Winter weather,Winter Storm; Severe Storm,false,false,false,false,false,false,false,true,true,false,false,1,false,true,false,28129,https://www.fema.gov/api/open/v2/DisasterDeclarationsSummaries,https://www.fema.gov/openfema-data-page/disaster-declarations-summaries-v2,2026-08-16T23:00:55Z
EM-3640-MS,3640,MS,EM,2026-01-24T00:00:00.000Z,2026,Winter Storm,SEVERE WINTER STORM ,false,false,true,false,2026-01-23T00:00:00.000Z,2026-01-27T00:00:00.000Z,,false,28,127,99127,Simpson (County),26014,,2026012101,4,"5,W",2026-08-07T15:01:26.974Z,58267ed932bb93e6b49329756a01c8e895f11432,391519ed-e391-48f9-80ff-2b0e3b7de079,2026-01-24,2026-01-23,2026-01-27,,,2026-08-07T15:01:26Z,2026,01,1,2026,4,1,,false,false,Emergency,Mississippi,Region 4 — Atlanta,Atlanta,"AL,FL,GA,KY,MS,NC,SC,TN",Winter weather,Winter Storm; Severe Storm,false,false,false,false,false,false,false,true,true,false,false,1,false,true,false,28127,https://www.fema.gov/api/open/v2/DisasterDeclarationsSummaries,https://www.fema.gov/openfema-data-page/disaster-declarations-summaries-v2,2026-08-16T23:00:55Z
EM-3640-MS,3640,MS,EM,2026-01-24T00:00:00.000Z,2026,Winter Storm,SEVERE WINTER STORM ,false,false,true,false,2026-01-23T00:00:00.000Z,2026-01-27T00:00:00.000Z,,false,28,125,99125,Sharkey (County),26014,,2026012101,4,"5,W",2026-08-07T15:01:26.974Z,768178f1bb702ab0b181a8c93dc20f27846b175f,72a2ff2b-e09d-416a-9912-c127d630b7f1,2026-01-24,2026-01-23,2026-01-27,,,2026-08-07T15:01:26Z,2026,01,1,2026,4,1,,false,false,Emergency,Mississippi,Region 4 — Atlanta,Atlanta,"AL,FL,GA,KY,MS,NC,SC,TN",Winter weather,Winter Storm; Severe Storm,false,false,false,false,false,false,false,true,true,false,false,1,false,true,false,28125,https://www.fema.gov/api/open/v2/DisasterDeclarationsSummaries,https://www.fema.gov/openfema-data-page/disaster-declarations-summaries-v2,2026-08-16T23:00:55Z
EM-3640-MS,3640,MS,EM,2026-01-24T00:00:00.000Z,2026,Winter Storm,SEVERE WINTER STORM ,false,false,true,false,2026-01-23T00:00:00.000Z,2026-01-27T00:00:00.000Z,,false,28,123,99123,Scott (County),26014,,2026012101,4,"5,W",2026-08-07T15:01:26.974Z,5548fd968b4f9cb7909a441e854dd280c8c4064b,5572c93c-5990-4b32-9fdb-7a9ac25a5842,2026-01-24,2026-01-23,2026-01-27,,,2026-08-07T15:01:26Z,2026,01,1,2026,4,1,,false,false,Emergency,Mississippi,Region 4 — Atlanta,Atlanta,"AL,FL,GA,KY,MS,NC,SC,TN",Winter weather,Winter Storm; Severe Storm,false,false,false,false,false,false,false,true,true,false,false,1,false,true,false,28123,https://www.fema.gov/api/open/v2/DisasterDeclarationsSummaries,https://www.fema.gov/openfema-data-page/disaster-declarations-summaries-v2,2026-08-16T23:00:55Z
EM-3640-MS,3640,MS,EM,2026-01-24T00:00:00.000Z,2026,Winter Storm,SEVERE WINTER STORM ,false,false,true,false,2026-01-23T00:00:00.000Z,2026-01-27T00:00:00.000Z,,false,28,121,99121,Rankin (County),26014,,2026012101,4,"5,W",2026-08-07T15:01:26.974Z,5d1add357002ead9ecddb74a26392ea6ea276511,e10b7757-a772-4f1d-8b24-4d86522e0df6,2026-01-24,2026-01-23,2026-01-27,,,2026-08-07T15:01:26Z,2026,01,1,2026,4,1,,false,false,Emergency,Mississippi,Region 4 — Atlanta,Atlanta,"AL,FL,GA,KY,MS,NC,SC,TN",Winter weather,Winter Storm; Severe Storm,false,false,false,false,false,false,false,true,true,false,false,1,false,true,false,28121,https://www.fema.gov/api/open/v2/DisasterDeclarationsSummaries,https://www.fema.gov/openfema-data-page/disaster-declarations-summaries-v2,2026-08-16T23:00:55Z
EM-3640-MS,3640,MS,EM,2026-01-24T00:00:00.000Z,2026,Winter Storm,SEVERE WINTER STORM ,false,false,true,false,2026-01-23T00:00:00.000Z,2026-01-27T00:00:00.000Z,,false,28,119,99119,Quitman (County),26014,,2026012101,4,"5,W",2026-08-07T15:01:26.974Z,d77ecd0025d736dd116e17d0cd452d7122ffb6d2,0e3e8589-5c92-416f-bc37-1f7ec8a8075b,2026-01-24,2026-01-23,2026-01-27,,,2026-08-07T15:01:26Z,2026,01,1,2026,4,1,,false,false,Emergency,Mississippi,Region 4 — Atlanta,Atlanta,"AL,FL,GA,KY,MS,NC,SC,TN",Winter weather,Winter Storm; Severe Storm,false,false,false,false,false,false,false,true,true,false,false,1,false,true,false,28119,https://www.fema.gov/api/open/v2/DisasterDeclarationsSummaries,https://www.fema.gov/openfema-data-page/disaster-declarations-summaries-v2,2026-08-16T23:00:55Z
EM-3640-MS,3640,MS,EM,2026-01-24T00:00:00.000Z,2026,Winter Storm,SEVERE WINTER STORM ,false,false,true,false,2026-01-23T00:00:00.000Z,2026-01-27T00:00:00.000Z,,false,28,117,99117,Prentiss (County),26014,,2026012101,4,"5,W",2026-08-07T15:01:26.974Z,bad7c03197fc242345d1fff0d55d8ff85561d426,0f7cc5e2-db2e-4e37-b37c-7f1e1da65ea3,2026-01-24,2026-01-23,2026-01-27,,,2026-08-07T15:01:26Z,2026,01,1,2026,4,1,,false,false,Emergency,Mississippi,Region 4 — Atlanta,Atlanta,"AL,FL,GA,KY,MS,NC,SC,TN",Winter weather,Winter Storm; Severe Storm,false,false,false,false,false,false,false,true,true,false,false,1,false,true,false,28117,https://www.fema.gov/api/open/v2/DisasterDeclarationsSummaries,https://www.fema.gov/openfema-data-page/disaster-declarations-summaries-v2,2026-08-16T23:00:55Z
EM-3640-MS,3640,MS,EM,2026-01-24T00:00:00.000Z,2026,Winter Storm,SEVERE WINTER STORM ,false,false,true,false,2026-01-23T00:00:00.000Z,2026-01-27T00:00:00.000Z,,false,28,115,99115,Pontotoc (County),26014,,2026012101,4,"5,W",2026-08-07T15:01:26.974Z,6964d1fac5a348dccf4500e2144d3c59ad5e6ca8,4e1daf6c-28bf-4a1f-bf22-bd65e8c8f297,2026-01-24,2026-01-23,2026-01-27,,,2026-08-07T15:01:26Z,2026,01,1,2026,4,1,,false,false,Emergency,Mississippi,Region 4 — Atlanta,Atlanta,"AL,FL,GA,KY,MS,NC,SC,TN",Winter weather,Winter Storm; Severe Storm,false,false,false,false,false,false,false,true,true,false,false,1,false,true,false,28115,https://www.fema.gov/api/open/v2/DisasterDeclarationsSummaries,https://www.fema.gov/openfema-data-page/disaster-declarations-summaries-v2,2026-08-16T23:00:55Z
EM-3640-MS,3640,MS,EM,2026-01-24T00:00:00.000Z,2026,Winter Storm,SEVERE WINTER STORM ,false,false,true,false,2026-01-23T00:00:00.000Z,2026-01-27T00:00:00.000Z,,false,28,113,99113,Pike (County),26014,,2026012101,4,"5,W",2026-08-07T15:01:26.974Z,206adab028901f697113d240d28fb6b5a6f63b50,69d11dd0-0a47-44ee-b2fa-b6ff85d2d81b,2026-01-24,2026-01-23,2026-01-27,,,2026-08-07T15:01:26Z,2026,01,1,2026,4,1,,false,false,Emergency,Mississippi,Region 4 — Atlanta,Atlanta,"AL,FL,GA,KY,MS,NC,SC,TN",Winter weather,Winter Storm; Severe Storm,false,false,false,false,false,false,false,true,true,false,false,1,false,true,false,28113,https://www.fema.gov/api/open/v2/DisasterDeclarationsSummaries,https://www.fema.gov/openfema-data-page/disaster-declarations-summaries-v2,2026-08-16T23:00:55Z
EM-3640-MS,3640,MS,EM,2026-01-24T00:00:00.000Z,2026,Winter Storm,SEVERE WINTER STORM ,false,false,true,false,2026-01-23T00:00:00.000Z,2026-01-27T00:00:00.000Z,,false,28,111,99111,Perry (County),26014,,2026012101,4,"5,W",2026-08-07T15:01:26.974Z,b94f53f18561aa24ea68aee08b65a92493b30be6,822e66f0-1313-4361-a4b9-8f3fe3deea32,2026-01-24,2026-01-23,2026-01-27,,,2026-08-07T15:01:26Z,2026,01,1,2026,4,1,,false,false,Emergency,Mississippi,Region 4 — Atlanta,Atlanta,"AL,FL,GA,KY,MS,NC,SC,TN",Winter weather,Winter Storm; Severe Storm,false,false,false,false,false,false,false,true,true,false,false,1,false,true,false,28111,https://www.fema.gov/api/open/v2/DisasterDeclarationsSummaries,https://www.fema.gov/openfema-data-page/disaster-declarations-summaries-v2,2026-08-16T23:00:55Z
EM-3640-MS,3640,MS,EM,2026-01-24T00:00:00.000Z,2026,Winter Storm,SEVERE WINTER STORM ,false,false,true,false,2026-01-23T00:00:00.000Z,2026-01-27T00:00:00.000Z,,false,28,109,99109,Pearl River (County),26014,,2026012101,4,"5,W",2026-08-07T15:01:26.974Z,0c10088c0b84d0efc3254be0da3b36a8a6e38320,8653aff0-6c20-44ec-83bb-b1e679852ffa,2026-01-24,2026-01-23,2026-01-27,,,2026-08-07T15:01:26Z,2026,01,1,2026,4,1,,false,false,Emergency,Mississippi,Region 4 — Atlanta,Atlanta,"AL,FL,GA,KY,MS,NC,SC,TN",Winter weather,Winter Storm; Severe Storm,false,false,false,false,false,false,false,true,true,false,false,1,false,true,false,28109,https://www.fema.gov/api/open/v2/DisasterDeclarationsSummaries,https://www.fema.gov/openfema-data-page/disaster-declarations-summaries-v2,2026-08-16T23:00:55Z
EM-3640-MS,3640,MS,EM,2026-01-24T00:00:00.000Z,2026,Winter Storm,SEVERE WINTER STORM ,false,false,true,false,2026-01-23T00:00:00.000Z,2026-01-27T00:00:00.000Z,,false,28,107,99107,Panola (County),26014,,2026012101,4,"5,W",2026-08-07T15:01:26.974Z,2cf0adaa74e19cc6b712d6b7265fb9eeb3e0a902,d04c9a36-cb46-4d4c-8ab3-8ee74252912b,2026-01-24,2026-01-23,2026-01-27,,,2026-08-07T15:01:26Z,2026,01,1,2026,4,1,,false,false,Emergency,Mississippi,Region 4 — Atlanta,Atlanta,"AL,FL,GA,KY,MS,NC,SC,TN",Winter weather,Winter Storm; Severe Storm,false,false,false,false,false,false,false,true,true,false,false,1,false,true,false,28107,https://www.fema.gov/api/open/v2/DisasterDeclarationsSummaries,https://www.fema.gov/openfema-data-page/disaster-declarations-summaries-v2,2026-08-16T23:00:55Z
EM-3640-MS,3640,MS,EM,2026-01-24T00:00:00.000Z,2026,Winter Storm,SEVERE WINTER STORM ,false,false,true,false,2026-01-23T00:00:00.000Z,2026-01-27T00:00:00.000Z,,false,28,105,99105,Oktibbeha (County),26014,,2026012101,4,"5,W",2026-08-07T15:01:26.974Z,6ee4433ac6e27a477d259caaa545568b0465c793,585f7f2e-8220-40cd-9ab4-859621dade12,2026-01-24,2026-01-23,2026-01-27,,,2026-08-07T15:01:26Z,2026,01,1,2026,4,1,,false,false,Emergency,Mississippi,Region 4 — Atlanta,Atlanta,"AL,FL,GA,KY,MS,NC,SC,TN",Winter weather,Winter Storm; Severe Storm,false,false,false,false,false,false,false,true,true,false,false,1,false,true,false,28105,https://www.fema.gov/api/open/v2/DisasterDeclarationsSummaries,https://www.fema.gov/openfema-data-page/disaster-declarations-summaries-v2,2026-08-16T23:00:55Z
EM-3640-MS,3640,MS,EM,2026-01-24T00:00:00.000Z,2026,Winter Storm,SEVERE WINTER STORM ,false,false,true,false,2026-01-23T00:00:00.000Z,2026-01-27T00:00:00.000Z,,false,28,103,99103,Noxubee (County),26014,,2026012101,4,"5,W",2026-08-07T15:01:26.974Z,bb4e5aba04b0ce438e598ad70271e030d076c7cc,460ba7bb-8a45-48de-9cd5-514d0b30c74c,2026-01-24,2026-01-23,2026-01-27,,,2026-08-07T15:01:26Z,2026,01,1,2026,4,1,,false,false,Emergency,Mississippi,Region 4 — Atlanta,Atlanta,"AL,FL,GA,KY,MS,NC,SC,TN",Winter weather,Winter Storm; Severe Storm,false,false,false,false,false,false,false,true,true,false,false,1,false,true,false,28103,https://www.fema.gov/api/open/v2/DisasterDeclarationsSummaries,https://www.fema.gov/openfema-data-page/disaster-declarations-summaries-v2,2026-08-16T23:00:55Z
EM-3640-MS,3640,MS,EM,2026-01-24T00:00:00.000Z,2026,Winter Storm,SEVERE WINTER STORM ,false,false,true,false,2026-01-23T00:00:00.000Z,2026-01-27T00:00:00.000Z,,false,28,101,99101,Newton (County),26014,,2026012101,4,"5,W",2026-08-07T15:01:26.974Z,b4f1d3bac1ac6b3b5347e8a76960b592dd234d26,158481c4-556a-4df4-8375-aace50b15161,2026-01-24,2026-01-23,2026-01-27,,,2026-08-07T15:01:26Z,2026,01,1,2026,4,1,,false,false,Emergency,Mississippi,Region 4 — Atlanta,Atlanta,"AL,FL,GA,KY,MS,NC,SC,TN",Winter weather,Winter Storm; Severe Storm,false,false,false,false,false,false,false,true,true,false,false,1,false,true,false,28101,https://www.fema.gov/api/open/v2/DisasterDeclarationsSummaries,https://www.fema.gov/openfema-data-page/disaster-declarations-summaries-v2,2026-08-16T23:00:55Z
EM-3640-MS,3640,MS,EM,2026-01-24T00:00:00.000Z,2026,Winter Storm,SEVERE WINTER STORM ,false,false,true,false,2026-01-23T00:00:00.000Z,2026-01-27T00:00:00.000Z,,false,28,099,99099,Neshoba (County),26014,,2026012101,4,"5,W",2026-08-07T15:01:26.974Z,6ee439e8b8242ca01b89900d7f4beb8166cd8955,2118c233-df2c-4f32-b9cf-d1c35613bf28,2026-01-24,2026-01-23,2026-01-27,,,2026-08-07T15:01:26Z,2026,01,1,2026,4,1,,false,false,Emergency,Mississippi,Region 4 — Atlanta,Atlanta,"AL,FL,GA,KY,MS,NC,SC,TN",Winter weather,Winter Storm; Severe Storm,false,false,false,false,false,false,false,true,true,false,false,1,false,true,false,28099,https://www.fema.gov/api/open/v2/DisasterDeclarationsSummaries,https://www.fema.gov/openfema-data-page/disaster-declarations-summaries-v2,2026-08-16T23:00:55Z
EM-3640-MS,3640,MS,EM,2026-01-24T00:00:00.000Z,2026,Winter Storm,SEVERE WINTER STORM ,false,false,true,false,2026-01-23T00:00:00.000Z,2026-01-27T00:00:00.000Z,,false,28,097,99097,Montgomery (County),26014,,2026012101,4,"5,W",2026-08-07T15:01:26.974Z,fbcd86c33e91ea475deea5d344c83db1814522e0,f443ca08-d4cb-43cc-8394-e80fedf9123a,2026-01-24,2026-01-23,2026-01-27,,,2026-08-07T15:01:26Z,2026,01,1,2026,4,1,,false,false,Emergency,Mississippi,Region 4 — Atlanta,Atlanta,"AL,FL,GA,KY,MS,NC,SC,TN",Winter weather,Winter Storm; Severe Storm,false,false,false,false,false,false,false,true,true,false,false,1,false,true,false,28097,https://www.fema.gov/api/open/v2/DisasterDeclarationsSummaries,https://www.fema.gov/openfema-data-page/disaster-declarations-summaries-v2,2026-08-16T23:00:55Z
EM-3640-MS,3640,MS,EM,2026-01-24T00:00:00.000Z,2026,Winter Storm,SEVERE WINTER STORM ,false,false,true,false,2026-01-23T00:00:00.000Z,2026-01-27T00:00:00.000Z,,false,28,095,99095,Monroe (County),26014,,2026012101,4,"5,W",2026-08-07T15:01:26.974Z,e6063e3ebf638f78fc158b3c83d44935effe03d1,7f08a13b-3459-40cb-a9a6-8b5979b33b91,2026-01-24,2026-01-23,2026-01-27,,,2026-08-07T15:01:26Z,2026,01,1,2026,4,1,,false,false,Emergency,Mississippi,Region 4 — Atlanta,Atlanta,"AL,FL,GA,KY,MS,NC,SC,TN",Winter weather,Winter Storm; Severe Storm,false,false,false,false,false,false,false,true,true,false,false,1,false,true,false,28095,https://www.fema.gov/api/open/v2/DisasterDeclarationsSummaries,https://www.fema.gov/openfema-data-page/disaster-declarations-summaries-v2,2026-08-16T23:00:55Z
EM-3640-MS,3640,MS,EM,2026-01-24T00:00:00.000Z,2026,Winter Storm,SEVERE WINTER STORM ,false,false,true,false,2026-01-23T00:00:00.000Z,2026-01-27T00:00:00.000Z,,false,28,093,99093,Marshall (County),26014,,2026012101,4,"5,W",2026-08-07T15:01:26.974Z,20c4aea05e0a2a251f50a98feb324163cc4269af,034c3345-0c64-44a0-813a-d0e6d029078f,2026-01-24,2026-01-23,2026-01-27,,,2026-08-07T15:01:26Z,2026,01,1,2026,4,1,,false,false,Emergency,Mississippi,Region 4 — Atlanta,Atlanta,"AL,FL,GA,KY,MS,NC,SC,TN",Winter weather,Winter Storm; Severe Storm,false,false,false,false,false,false,false,true,true,false,false,1,false,true,false,28093,https://www.fema.gov/api/open/v2/DisasterDeclarationsSummaries,https://www.fema.gov/openfema-data-page/disaster-declarations-summaries-v2,2026-08-16T23:00:55Z
EM-3640-MS,3640,MS,EM,2026-01-24T00:00:00.000Z,2026,Winter Storm,SEVERE WINTER STORM ,false,false,true,false,2026-01-23T00:00:00.000Z,2026-01-27T00:00:00.000Z,,false,28,091,99091,Marion (County),26014,,2026012101,4,"5,W",2026-08-07T15:01:26.974Z,d60a9ae6c30a02c0041a65dae0a8938ff7599aaa,7658ba2b-09d4-46a2-bd3e-7af520aab456,2026-01-24,2026-01-23,2026-01-27,,,2026-08-07T15:01:26Z,2026,01,1,2026,4,1,,false,false,Emergency,Mississippi,Region 4 — Atlanta,Atlanta,"AL,FL,GA,KY,MS,NC,SC,TN",Winter weather,Winter Storm; Severe Storm,false,false,false,false,false,false,false,true,true,false,false,1,false,true,false,28091,https://www.fema.gov/api/open/v2/DisasterDeclarationsSummaries,https://www.fema.gov/openfema-data-page/disaster-declarations-summaries-v2,2026-08-16T23:00:55Z
EM-3640-MS,3640,MS,EM,2026-01-24T00:00:00.000Z,2026,Winter Storm,SEVERE WINTER STORM ,false,false,true,false,2026-01-23T00:00:00.000Z,2026-01-27T00:00:00.000Z,,false,28,089,99089,Madison (County),26014,,2026012101,4,"5,W",2026-08-07T15:01:26.974Z,49ad5ab753c946bd5f00a5d7b382df71cb3438d3,c74e3d97-6595-4b7d-a7da-229bbda477cb,2026-01-24,2026-01-23,2026-01-27,,,2026-08-07T15:01:26Z,2026,01,1,2026,4,1,,false,false,Emergency,Mississippi,Region 4 — Atlanta,Atlanta,"AL,FL,GA,KY,MS,NC,SC,TN",Winter weather,Winter Storm; Severe Storm,false,false,false,false,false,false,false,true,true,false,false,1,false,true,false,28089,https://www.fema.gov/api/open/v2/DisasterDeclarationsSummaries,https://www.fema.gov/openfema-data-page/disaster-declarations-summaries-v2,2026-08-16T23:00:55Z
EM-3640-MS,3640,MS,EM,2026-01-24T00:00:00.000Z,2026,Winter Storm,SEVERE WINTER STORM ,false,false,true,false,2026-01-23T00:00:00.000Z,2026-01-27T00:00:00.000Z,,false,28,087,99087,Lowndes (County),26014,,2026012101,4,"5,W",2026-08-07T15:01:26.974Z,f3b642e51a4b4d9a603c34248e0079f9ec1e13a8,10e057f7-09ce-492a-b180-b9506f87a60a,2026-01-24,2026-01-23,2026-01-27,,,2026-08-07T15:01:26Z,2026,01,1,2026,4,1,,false,false,Emergency,Mississippi,Region 4 — Atlanta,Atlanta,"AL,FL,GA,KY,MS,NC,SC,TN",Winter weather,Winter Storm; Severe Storm,false,false,false,false,false,false,false,true,true,false,false,1,false,true,false,28087,https://www.fema.gov/api/open/v2/DisasterDeclarationsSummaries,https://www.fema.gov/openfema-data-page/disaster-declarations-summaries-v2,2026-08-16T23:00:55Z
EM-3640-MS,3640,MS,EM,2026-01-24T00:00:00.000Z,2026,Winter Storm,SEVERE WINTER STORM ,false,false,true,false,2026-01-23T00:00:00.000Z,2026-01-27T00:00:00.000Z,,false,28,085,99085,Lincoln (County),26014,,2026012101,4,"5,W",2026-08-07T15:01:26.974Z,5e91392a94d8bfdbc8f75951b3ad1a086483b106,a9b5f5b6-46e1-4d2f-95a7-fbb39a6308e7,2026-01-24,2026-01-23,2026-01-27,,,2026-08-07T15:01:26Z,2026,01,1,2026,4,1,,false,false,Emergency,Mississippi,Region 4 — Atlanta,Atlanta,"AL,FL,GA,KY,MS,NC,SC,TN",Winter weather,Winter Storm; Severe Storm,false,false,false,false,false,false,false,true,true,false,false,1,false,true,false,28085,https://www.fema.gov/api/open/v2/DisasterDeclarationsSummaries,https://www.fema.gov/openfema-data-page/disaster-declarations-summaries-v2,2026-08-16T23:00:55Z
EM-3640-MS,3640,MS,EM,2026-01-24T00:00:00.000Z,2026,Winter Storm,SEVERE WINTER STORM ,false,false,true,false,2026-01-23T00:00:00.000Z,2026-01-27T00:00:00.000Z,,false,28,083,99083,Leflore (County),26014,,2026012101,4,"5,W",2026-08-07T15:01:26.974Z,3d52976a907a9b0c816310443ad77e7b37ea3932,c1ecc9b5-a839-4b3c-9a4b-65d62f633e39,2026-01-24,2026-01-23,2026-01-27,,,2026-08-07T15:01:26Z,2026,01,1,2026,4,1,,false,false,Emergency,Mississippi,Region 4 — Atlanta,Atlanta,"AL,FL,GA,KY,MS,NC,SC,TN",Winter weather,Winter Storm; Severe Storm,false,false,false,false,false,false,false,true,true,false,false,1,false,true,false,28083,https://www.fema.gov/api/open/v2/DisasterDeclarationsSummaries,https://www.fema.gov/openfema-data-page/disaster-declarations-summaries-v2,2026-08-16T23:00:55Z
EM-3640-MS,3640,MS,EM,2026-01-24T00:00:00.000Z,2026,Winter Storm,SEVERE WINTER STORM ,false,false,true,false,2026-01-23T00:00:00.000Z,2026-01-27T00:00:00.000Z,,false,28,081,99081,Lee (County),26014,,2026012101,4,"5,W",2026-08-07T15:01:26.974Z,f6ceb51cb4fa12a9865a8aa7a0409b45361b3cd7,dd87444a-0f65-4d1f-9842-994ac88da700,2026-01-24,2026-01-23,2026-01-27,,,2026-08-07T15:01:26Z,2026,01,1,2026,4,1,,false,false,Emergency,Mississippi,Region 4 — Atlanta,Atlanta,"AL,FL,GA,KY,MS,NC,SC,TN",Winter weather,Winter Storm; Severe Storm,false,false,false,false,false,false,false,true,true,false,false,1,false,true,false,28081,https://www.fema.gov/api/open/v2/DisasterDeclarationsSummaries,https://www.fema.gov/openfema-data-page/disaster-declarations-summaries-v2,2026-08-16T23:00:55Z
EM-3640-MS,3640,MS,EM,2026-01-24T00:00:00.000Z,2026,Winter Storm,SEVERE WINTER STORM ,false,false,true,false,2026-01-23T00:00:00.000Z,2026-01-27T00:00:00.000Z,,false,28,079,99079,Leake (County),26014,,2026012101,4,"5,W",2026-08-07T15:01:26.974Z,c23e4d0679ec6f0a46b05c29b0bde3ebad47564d,f2545e5b-1256-4e03-b423-5be47b360ba0,2026-01-24,2026-01-23,2026-01-27,,,2026-08-07T15:01:26Z,2026,01,1,2026,4,1,,false,false,Emergency,Mississippi,Region 4 — Atlanta,Atlanta,"AL,FL,GA,KY,MS,NC,SC,TN",Winter weather,Winter Storm; Severe Storm,false,false,false,false,false,false,false,true,true,false,false,1,false,true,false,28079,https://www.fema.gov/api/open/v2/DisasterDeclarationsSummaries,https://www.fema.gov/openfema-data-page/disaster-declarations-summaries-v2,2026-08-16T23:00:55Z
EM-3640-MS,3640,MS,EM,2026-01-24T00:00:00.000Z,2026,Winter Storm,SEVERE WINTER STORM ,false,false,true,false,2026-01-23T00:00:00.000Z,2026-01-27T00:00:00.000Z,,false,28,077,99077,Lawrence (County),26014,,2026012101,4,"5,W",2026-08-07T15:01:26.974Z,2b17ead2d1e520200cdc070acaaee364b6e346cd,d349a131-9692-4ee5-96f2-abaf1afd95de,2026-01-24,2026-01-23,2026-01-27,,,2026-08-07T15:01:26Z,2026,01,1,2026,4,1,,false,false,Emergency,Mississippi,Region 4 — Atlanta,Atlanta,"AL,FL,GA,KY,MS,NC,SC,TN",Winter weather,Winter Storm; Severe Storm,false,false,false,false,false,false,false,true,true,false,false,1,false,true,false,28077,https://www.fema.gov/api/open/v2/DisasterDeclarationsSummaries,https://www.fema.gov/openfema-data-page/disaster-declarations-summaries-v2,2026-08-16T23:00:55Z
EM-3640-MS,3640,MS,EM,2026-01-24T00:00:00.000Z,2026,Winter Storm,SEVERE WINTER STORM ,false,false,true,false,2026-01-23T00:00:00.000Z,2026-01-27T00:00:00.000Z,,false,28,075,99075,Lauderdale (County),26014,,2026012101,4,"5,W",2026-08-07T15:01:26.974Z,580d1c35b782b465f7b5c54e5f40e2bfbd56dd96,cb245e81-4f39-41af-a525-6f1e9b6cbc56,2026-01-24,2026-01-23,2026-01-27,,,2026-08-07T15:01:26Z,2026,01,1,2026,4,1,,false,false,Emergency,Mississippi,Region 4 — Atlanta,Atlanta,"AL,FL,GA,KY,MS,NC,SC,TN",Winter weather,Winter Storm; Severe Storm,false,false,false,false,false,false,false,true,true,false,false,1,false,true,false,28075,https://www.fema.gov/api/open/v2/DisasterDeclarationsSummaries,https://www.fema.gov/openfema-data-page/disaster-declarations-summaries-v2,2026-08-16T23:00:55Z
EM-3640-MS,3640,MS,EM,2026-01-24T00:00:00.000Z,2026,Winter Storm,SEVERE WINTER STORM ,false,false,true,false,2026-01-23T00:00:00.000Z,2026-01-27T00:00:00.000Z,,false,28,073,99073,Lamar (County),26014,,2026012101,4,"5,W",2026-08-07T15:01:26.974Z,ac0cada5ef44e6edd2d4658267a4a3503f7f917d,17d968ec-4f61-419c-b1d9-468a3110173d,2026-01-24,2026-01-23,2026-01-27,,,2026-08-07T15:01:26Z,2026,01,1,2026,4,1,,false,false,Emergency,Mississippi,Region 4 — Atlanta,Atlanta,"AL,FL,GA,KY,MS,NC,SC,TN",Winter weather,Winter Storm; Severe Storm,false,false,false,false,false,false,false,true,true,false,false,1,false,true,false,28073,https://www.fema.gov/api/open/v2/DisasterDeclarationsSummaries,https://www.fema.gov/openfema-data-page/disaster-declarations-summaries-v2,2026-08-16T23:00:55Z
EM-3640-MS,3640,MS,EM,2026-01-24T00:00:00.000Z,2026,Winter Storm,SEVERE WINTER STORM ,false,false,true,false,2026-01-23T00:00:00.000Z,2026-01-27T00:00:00.000Z,,false,28,071,99071,Lafayette (County),26014,,2026012101,4,"5,W",2026-08-07T15:01:26.974Z,f0d0917af39e9f8ee52b9761caf2d336e68bd9c3,23cdaea1-0a73-4ec7-824a-16b101707556,2026-01-24,2026-01-23,2026-01-27,,,2026-08-07T15:01:26Z,2026,01,1,2026,4,1,,false,false,Emergency,Mississippi,Region 4 — Atlanta,Atlanta,"AL,FL,GA,KY,MS,NC,SC,TN",Winter weather,Winter Storm; Severe Storm,false,false,false,false,false,false,false,true,true,false,false,1,false,true,false,28071,https://www.fema.gov/api/open/v2/DisasterDeclarationsSummaries,https://www.fema.gov/openfema-data-page/disaster-declarations-summaries-v2,2026-08-16T23:00:55Z
EM-3640-MS,3640,MS,EM,2026-01-24T00:00:00.000Z,2026,Winter Storm,SEVERE WINTER STORM ,false,false,true,false,2026-01-23T00:00:00.000Z,2026-01-27T00:00:00.000Z,,false,28,069,99069,Kemper (County),26014,,2026012101,4,"5,W",2026-08-07T15:01:26.974Z,f228c17f8e2d7a86bf6180e220967cb4838bbe67,35221afe-d7e3-4c7c-b2aa-2edcd2443e73,2026-01-24,2026-01-23,2026-01-27,,,2026-08-07T15:01:26Z,2026,01,1,2026,4,1,,false,false,Emergency,Mississippi,Region 4 — Atlanta,Atlanta,"AL,FL,GA,KY,MS,NC,SC,TN",Winter weather,Winter Storm; Severe Storm,false,false,false,false,false,false,false,true,true,false,false,1,false,true,false,28069,https://www.fema.gov/api/open/v2/DisasterDeclarationsSummaries,https://www.fema.gov/openfema-data-page/disaster-declarations-summaries-v2,2026-08-16T23:00:55Z
EM-3640-MS,3640,MS,EM,2026-01-24T00:00:00.000Z,2026,Winter Storm,SEVERE WINTER STORM ,false,false,true,false,2026-01-23T00:00:00.000Z,2026-01-27T00:00:00.000Z,,false,28,067,99067,Jones (County),26014,,2026012101,4,"5,W",2026-08-07T15:01:26.974Z,4245fbbd33b92d2a56e30fd0ef7106371e9027d8,d9bdc710-3d56-4bf1-99dd-b7d31d29d227,2026-01-24,2026-01-23,2026-01-27,,,2026-08-07T15:01:26Z,2026,01,1,2026,4,1,,false,false,Emergency,Mississippi,Region 4 — Atlanta,Atlanta,"AL,FL,GA,KY,MS,NC,SC,TN",Winter weather,Winter Storm; Severe Storm,false,false,false,false,false,false,false,true,true,false,false,1,false,true,false,28067,https://www.fema.gov/api/open/v2/DisasterDeclarationsSummaries,https://www.fema.gov/openfema-data-page/disaster-declarations-summaries-v2,2026-08-16T23:00:55Z
EM-3640-MS,3640,MS,EM,2026-01-24T00:00:00.000Z,2026,Winter Storm,SEVERE WINTER STORM ,false,false,true,false,2026-01-23T00:00:00.000Z,2026-01-27T00:00:00.000Z,,false,28,065,99065,Jefferson Davis (County),26014,,2026012101,4,"5,W",2026-08-07T15:01:26.974Z,f384b6798d094845039662d36795387c70ebcfad,4b06c06d-c916-42ae-8301-4c6d1b64a8aa,2026-01-24,2026-01-23,2026-01-27,,,2026-08-07T15:01:26Z,2026,01,1,2026,4,1,,false,false,Emergency,Mississippi,Region 4 — Atlanta,Atlanta,"AL,FL,GA,KY,MS,NC,SC,TN",Winter weather,Winter Storm; Severe Storm,false,false,false,false,false,false,false,true,true,false,false,1,false,true,false,28065,https://www.fema.gov/api/open/v2/DisasterDeclarationsSummaries,https://www.fema.gov/openfema-data-page/disaster-declarations-summaries-v2,2026-08-16T23:00:55Z
EM-3640-MS,3640,MS,EM,2026-01-24T00:00:00.000Z,2026,Winter Storm,SEVERE WINTER STORM ,false,false,true,false,2026-01-23T00:00:00.000Z,2026-01-27T00:00:00.000Z,,false,28,063,99063,Jefferson (County),26014,,2026012101,4,"5,W",2026-08-07T15:01:26.974Z,0d810d66edd7f4cff972cafe13a772fe56a8551e,f26b9c90-1fdb-4e76-a171-32f96ca89394,2026-01-24,2026-01-23,2026-01-27,,,2026-08-07T15:01:26Z,2026,01,1,2026,4,1,,false,false,Emergency,Mississippi,Region 4 — Atlanta,Atlanta,"AL,FL,GA,KY,MS,NC,SC,TN",Winter weather,Winter Storm; Severe Storm,false,false,false,false,false,false,false,true,true,false,false,1,false,true,false,28063,https://www.fema.gov/api/open/v2/DisasterDeclarationsSummaries,https://www.fema.gov/openfema-data-page/disaster-declarations-summaries-v2,2026-08-16T23:00:55Z
EM-3640-MS,3640,MS,EM,2026-01-24T00:00:00.000Z,2026,Winter Storm,SEVERE WINTER STORM ,false,false,true,false,2026-01-23T00:00:00.000Z,2026-01-27T00:00:00.000Z,,false,28,061,99061,Jasper (County),26014,,2026012101,4,"5,W",2026-08-07T15:01:26.974Z,a2c9e0030dec06bb0947bd546e496219a7093534,275c0cf9-f46a-4019-add5-be2da5ba1070,2026-01-24,2026-01-23,2026-01-27,,,2026-08-07T15:01:26Z,2026,01,1,2026,4,1,,false,false,Emergency,Mississippi,Region 4 — Atlanta,Atlanta,"AL,FL,GA,KY,MS,NC,SC,TN",Winter weather,Winter Storm; Severe Storm,false,false,false,false,false,false,false,true,true,false,false,1,false,true,false,28061,https://www.fema.gov/api/open/v2/DisasterDeclarationsSummaries,https://www.fema.gov/openfema-data-page/disaster-declarations-summaries-v2,2026-08-16T23:00:55Z
EM-3640-MS,3640,MS,EM,2026-01-24T00:00:00.000Z,2026,Winter Storm,SEVERE WINTER STORM ,false,false,true,false,2026-01-23T00:00:00.000Z,2026-01-27T00:00:00.000Z,,false,28,059,99059,Jackson (County),26014,,2026012101,4,"5,W",2026-08-07T15:01:26.974Z,37d13d2c4396d2160643268a4502abf1cf477405,b97102f8-21a0-4b51-abca-2d448ad72f8b,2026-01-24,2026-01-23,2026-01-27,,,2026-08-07T15:01:26Z,2026,01,1,2026,4,1,,false,false,Emergency,Mississippi,Region 4 — Atlanta,Atlanta,"AL,FL,GA,KY,MS,NC,SC,TN",Winter weather,Winter Storm; Severe Storm,false,false,false,false,false,false,false,true,true,false,false,1,false,true,false,28059,https://www.fema.gov/api/open/v2/DisasterDeclarationsSummaries,https://www.fema.gov/openfema-data-page/disaster-declarations-summaries-v2,2026-08-16T23:00:55Z
EM-3640-MS,3640,MS,EM,2026-01-24T00:00:00.000Z,2026,Winter Storm,SEVERE WINTER STORM ,false,false,true,false,2026-01-23T00:00:00.000Z,2026-01-27T00:00:00.000Z,,false,28,057,99057,Itawamba (County),26014,,2026012101,4,"5,W",2026-08-07T15:01:26.974Z,4a44ac4a8e4b2c1dacd4b90c36d7e0f33db9038d,0cc27b24-8b04-4669-8a31-8648edde9956,2026-01-24,2026-01-23,2026-01-27,,,2026-08-07T15:01:26Z,2026,01,1,2026,4,1,,false,false,Emergency,Mississippi,Region 4 — Atlanta,Atlanta,"AL,FL,GA,KY,MS,NC,SC,TN",Winter weather,Winter Storm; Severe Storm,false,false,false,false,false,false,false,true,true,false,false,1,false,true,false,28057,https://www.fema.gov/api/open/v2/DisasterDeclarationsSummaries,https://www.fema.gov/openfema-data-page/disaster-declarations-summaries-v2,2026-08-16T23:00:55Z
EM-3640-MS,3640,MS,EM,2026-01-24T00:00:00.000Z,2026,Winter Storm,SEVERE WINTER STORM ,false,false,true,false,2026-01-23T00:00:00.000Z,2026-01-27T00:00:00.000Z,,false,28,055,99055,Issaquena (County),26014,,2026012101,4,"5,W",2026-08-07T15:01:26.974Z,f237f7247b4da66564c000fcaa142ae8cc548921,912a682e-3d2f-4fe6-8717-ed83d4f6d65c,2026-01-24,2026-01-23,2026-01-27,,,2026-08-07T15:01:26Z,2026,01,1,2026,4,1,,false,false,Emergency,Mississippi,Region 4 — Atlanta,Atlanta,"AL,FL,GA,KY,MS,NC,SC,TN",Winter weather,Winter Storm; Severe Storm,false,false,false,false,false,false,false,true,true,false,false,1,false,true,false,28055,https://www.fema.gov/api/open/v2/DisasterDeclarationsSummaries,https://www.fema.gov/openfema-data-page/disaster-declarations-summaries-v2,2026-08-16T23:00:55Z
EM-3640-MS,3640,MS,EM,2026-01-24T00:00:00.000Z,2026,Winter Storm,SEVERE WINTER STORM ,false,false,true,false,2026-01-23T00:00:00.000Z,2026-01-27T00:00:00.000Z,,false,28,053,99053,Humphreys (County),26014,,2026012101,4,"5,W",2026-08-07T15:01:26.974Z,e9f36a7b0c086c51e9d2950b5cc2685cff8a91c5,c87e3fff-f34b-4e2b-bdbd-38f5b0832f71,2026-01-24,2026-01-23,2026-01-27,,,2026-08-07T15:01:26Z,2026,01,1,2026,4,1,,false,false,Emergency,Mississippi,Region 4 — Atlanta,Atlanta,"AL,FL,GA,KY,MS,NC,SC,TN",Winter weather,Winter Storm; Severe Storm,false,false,false,false,false,false,false,true,true,false,false,1,false,true,false,28053,https://www.fema.gov/api/open/v2/DisasterDeclarationsSummaries,https://www.fema.gov/openfema-data-page/disaster-declarations-summaries-v2,2026-08-16T23:00:55Z
EM-3640-MS,3640,MS,EM,2026-01-24T00:00:00.000Z,2026,Winter Storm,SEVERE WINTER STORM ,false,false,true,false,2026-01-23T00:00:00.000Z,2026-01-27T00:00:00.000Z,,false,28,051,99051,Holmes (County),26014,,2026012101,4,"5,W",2026-08-07T15:01:26.974Z,e5b66b96d37ca484a7da4efc1c1be5b78bf9615c,3812eebf-ffbc-4376-9ddf-6d3716cca312,2026-01-24,2026-01-23,2026-01-27,,,2026-08-07T15:01:26Z,2026,01,1,2026,4,1,,false,false,Emergency,Mississippi,Region 4 — Atlanta,Atlanta,"AL,FL,GA,KY,MS,NC,SC,TN",Winter weather,Winter Storm; Severe Storm,false,false,false,false,false,false,false,true,true,false,false,1,false,true,false,28051,https://www.fema.gov/api/open/v2/DisasterDeclarationsSummaries,https://www.fema.gov/openfema-data-page/disaster-declarations-summaries-v2,2026-08-16T23:00:55Z
EM-3640-MS,3640,MS,EM,2026-01-24T00:00:00.000Z,2026,Winter Storm,SEVERE WINTER STORM ,false,false,true,false,2026-01-23T00:00:00.000Z,2026-01-27T00:00:00.000Z,,false,28,049,99049,Hinds (County),26014,,2026012101,4,"5,W",2026-08-07T15:01:26.974Z,297836599a08c8d195eb25f2481139452f71dc51,514cf2d2-9e38-4c5b-a7a1-b4168e3b8d2b,2026-01-24,2026-01-23,2026-01-27,,,2026-08-07T15:01:26Z,2026,01,1,2026,4,1,,false,false,Emergency,Mississippi,Region 4 — Atlanta,Atlanta,"AL,FL,GA,KY,MS,NC,SC,TN",Winter weather,Winter Storm; Severe Storm,false,false,false,false,false,false,false,true,true,false,false,1,false,true,false,28049,https://www.fema.gov/api/open/v2/DisasterDeclarationsSummaries,https://www.fema.gov/openfema-data-page/disaster-declarations-summaries-v2,2026-08-16T23:00:55Z
EM-3640-MS,3640,MS,EM,2026-01-24T00:00:00.000Z,2026,Winter Storm,SEVERE WINTER STORM ,false,false,true,false,2026-01-23T00:00:00.000Z,2026-01-27T00:00:00.000Z,,false,28,047,99047,Harrison (County),26014,,2026012101,4,"5,W",2026-08-07T15:01:26.974Z,e3e59d2b522e4e90e723640ff16754918d6c08d4,d91547d6-c1d5-496b-823c-5563e780f494,2026-01-24,2026-01-23,2026-01-27,,,2026-08-07T15:01:26Z,2026,01,1,2026,4,1,,false,false,Emergency,Mississippi,Region 4 — Atlanta,Atlanta,"AL,FL,GA,KY,MS,NC,SC,TN",Winter weather,Winter Storm; Severe Storm,false,false,false,false,false,false,false,true,true,false,false,1,false,true,false,28047,https://www.fema.gov/api/open/v2/DisasterDeclarationsSummaries,https://www.fema.gov/openfema-data-page/disaster-declarations-summaries-v2,2026-08-16T23:00:55Z
EM-3640-MS,3640,MS,EM,2026-01-24T00:00:00.000Z,2026,Winter Storm,SEVERE WINTER STORM ,false,false,true,false,2026-01-23T00:00:00.000Z,2026-01-27T00:00:00.000Z,,false,28,045,99045,Hancock (County),26014,,2026012101,4,"5,W",2026-08-07T15:01:26.974Z,d363fab815636292440f51ec753bca540a3241dc,5f0c4f38-ac5d-4b52-9942-5df1d0dc37dd,2026-01-24,2026-01-23,2026-01-27,,,2026-08-07T15:01:26Z,2026,01,1,2026,4,1,,false,false,Emergency,Mississippi,Region 4 — Atlanta,Atlanta,"AL,FL,GA,KY,MS,NC,SC,TN",Winter weather,Winter Storm; Severe Storm,false,false,false,false,false,false,false,true,true,false,false,1,false,true,false,28045,https://www.fema.gov/api/open/v2/DisasterDeclarationsSummaries,https://www.fema.gov/openfema-data-page/disaster-declarations-summaries-v2,2026-08-16T23:00:55Z
EM-3640-MS,3640,MS,EM,2026-01-24T00:00:00.000Z,2026,Winter Storm,SEVERE WINTER STORM ,false,false,true,false,2026-01-23T00:00:00.000Z,2026-01-27T00:00:00.000Z,,false,28,043,99043,Grenada (County),26014,,2026012101,4,"5,W",2026-08-07T15:01:26.974Z,5a744cedfbc50bd74110622981b4a1c29af791e7,9422e6a4-806f-4a5d-91cd-db275e204554,2026-01-24,2026-01-23,2026-01-27,,,2026-08-07T15:01:26Z,2026,01,1,2026,4,1,,false,false,Emergency,Mississippi,Region 4 — Atlanta,Atlanta,"AL,FL,GA,KY,MS,NC,SC,TN",Winter weather,Winter Storm; Severe Storm,false,false,false,false,false,false,false,true,true,false,false,1,false,true,false,28043,https://www.fema.gov/api/open/v2/DisasterDeclarationsSummaries,https://www.fema.gov/openfema-data-page/disaster-declarations-summaries-v2,2026-08-16T23:00:55Z
EM-3640-MS,3640,MS,EM,2026-01-24T00:00:00.000Z,2026,Winter Storm,SEVERE WINTER STORM ,false,false,true,false,2026-01-23T00:00:00.000Z,2026-01-27T00:00:00.000Z,,false,28,041,99041,Greene (County),26014,,2026012101,4,"5,W",2026-08-07T15:01:26.974Z,1e8ee30af15d259b6b5b513c9e7b13513a5b07cb,a8a7bb90-e571-444e-ac9b-b70f21859060,2026-01-24,2026-01-23,2026-01-27,,,2026-08-07T15:01:26Z,2026,01,1,2026,4,1,,false,false,Emergency,Mississippi,Region 4 — Atlanta,Atlanta,"AL,FL,GA,KY,MS,NC,SC,TN",Winter weather,Winter Storm; Severe Storm,false,false,false,false,false,false,false,true,true,false,false,1,false,true,false,28041,https://www.fema.gov/api/open/v2/DisasterDeclarationsSummaries,https://www.fema.gov/openfema-data-page/disaster-declarations-summaries-v2,2026-08-16T23:00:55Z
EM-3640-MS,3640,MS,EM,2026-01-24T00:00:00.000Z,2026,Winter Storm,SEVERE WINTER STORM ,false,false,true,false,2026-01-23T00:00:00.000Z,2026-01-27T00:00:00.000Z,,false,28,039,99039,George (County),26014,,2026012101,4,"5,W",2026-08-07T15:01:26.974Z,1c9173a0f5b3d27c8b4bf502dcb08bec1061a05e,224ba4e5-199a-4026-986d-f7201fbf5224,2026-01-24,2026-01-23,2026-01-27,,,2026-08-07T15:01:26Z,2026,01,1,2026,4,1,,false,false,Emergency,Mississippi,Region 4 — Atlanta,Atlanta,"AL,FL,GA,KY,MS,NC,SC,TN",Winter weather,Winter Storm; Severe Storm,false,false,false,false,false,false,false,true,true,false,false,1,false,true,false,28039,https://www.fema.gov/api/open/v2/DisasterDeclarationsSummaries,https://www.fema.gov/openfema-data-page/disaster-declarations-summaries-v2,2026-08-16T23:00:55Z
EM-3640-MS,3640,MS,EM,2026-01-24T00:00:00.000Z,2026,Winter Storm,SEVERE WINTER STORM ,false,false,true,false,2026-01-23T00:00:00.000Z,2026-01-27T00:00:00.000Z,,false,28,037,99037,Franklin (County),26014,,2026012101,4,"5,W",2026-08-07T15:01:26.974Z,3491d4d9e45c8308f8905942f8a6ff93881a1971,48cf40c8-bfb6-4a3e-9b08-8136e03a555b,2026-01-24,2026-01-23,2026-01-27,,,2026-08-07T15:01:26Z,2026,01,1,2026,4,1,,false,false,Emergency,Mississippi,Region 4 — Atlanta,Atlanta,"AL,FL,GA,KY,MS,NC,SC,TN",Winter weather,Winter Storm; Severe Storm,false,false,false,false,false,false,false,true,true,false,false,1,false,true,false,28037,https://www.fema.gov/api/open/v2/DisasterDeclarationsSummaries,https://www.fema.gov/openfema-data-page/disaster-declarations-summaries-v2,2026-08-16T23:00:55Z
EM-3640-MS,3640,MS,EM,2026-01-24T00:00:00.000Z,2026,Winter Storm,SEVERE WINTER STORM ,false,false,true,false,2026-01-23T00:00:00.000Z,2026-01-27T00:00:00.000Z,,false,28,035,99035,Forrest (County),26014,,2026012101,4,"5,W",2026-08-07T15:01:26.974Z,f57e9b8faef272d2383c2a6a4204cecfd9889025,88024a4c-cdce-47ea-ae49-764704a00cef,2026-01-24,2026-01-23,2026-01-27,,,2026-08-07T15:01:26Z,2026,01,1,2026,4,1,,false,false,Emergency,Mississippi,Region 4 — Atlanta,Atlanta,"AL,FL,GA,KY,MS,NC,SC,TN",Winter weather,Winter Storm; Severe Storm,false,false,false,false,false,false,false,true,true,false,false,1,false,true,false,28035,https://www.fema.gov/api/open/v2/DisasterDeclarationsSummaries,https://www.fema.gov/openfema-data-page/disaster-declarations-summaries-v2,2026-08-16T23:00:55Z
EM-3640-MS,3640,MS,EM,2026-01-24T00:00:00.000Z,2026,Winter Storm,SEVERE WINTER STORM ,false,false,true,false,2026-01-23T00:00:00.000Z,2026-01-27T00:00:00.000Z,,false,28,033,99033,DeSoto (County),26014,,2026012101,4,"5,W",2026-08-07T15:01:26.974Z,272ba55366058094aec8dad090c16c1b5f5d47f5,73a9d37b-4dce-438a-8bea-d863bd945787,2026-01-24,2026-01-23,2026-01-27,,,2026-08-07T15:01:26Z,2026,01,1,2026,4,1,,false,false,Emergency,Mississippi,Region 4 — Atlanta,Atlanta,"AL,FL,GA,KY,MS,NC,SC,TN",Winter weather,Winter Storm; Severe Storm,false,false,false,false,false,false,false,true,true,false,false,1,false,true,false,28033,https://www.fema.gov/api/open/v2/DisasterDeclarationsSummaries,https://www.fema.gov/openfema-data-page/disaster-declarations-summaries-v2,2026-08-16T23:00:55Z
EM-3640-MS,3640,MS,EM,2026-01-24T00:00:00.000Z,2026,Winter Storm,SEVERE WINTER STORM ,false,false,true,false,2026-01-23T00:00:00.000Z,2026-01-27T00:00:00.000Z,,false,28,031,99031,Covington (County),26014,,2026012101,4,"5,W",2026-08-07T15:01:26.974Z,7fa478b5e19077480eb6ba35dda82ca058539085,1ec6327e-78cf-4791-a14c-733593cc525c,2026-01-24,2026-01-23,2026-01-27,,,2026-08-07T15:01:26Z,2026,01,1,2026,4,1,,false,false,Emergency,Mississippi,Region 4 — Atlanta,Atlanta,"AL,FL,GA,KY,MS,NC,SC,TN",Winter weather,Winter Storm; Severe Storm,false,false,false,false,false,false,false,true,true,false,false,1,false,true,false,28031,https://www.fema.gov/api/open/v2/DisasterDeclarationsSummaries,https://www.fema.gov/openfema-data-page/disaster-declarations-summaries-v2,2026-08-16T23:00:55Z
EM-3640-MS,3640,MS,EM,2026-01-24T00:00:00.000Z,2026,Winter Storm,SEVERE WINTER STORM ,false,false,true,false,2026-01-23T00:00:00.000Z,2026-01-27T00:00:00.000Z,,false,28,029,99029,Copiah (County),26014,,2026012101,4,"5,W",2026-08-07T15:01:26.974Z,00dc327915606dc5a968b6fdc8712824c17c62b0,97c5ba30-ae40-4199-b159-1eb2b41b6809,2026-01-24,2026-01-23,2026-01-27,,,2026-08-07T15:01:26Z,2026,01,1,2026,4,1,,false,false,Emergency,Mississippi,Region 4 — Atlanta,Atlanta,"AL,FL,GA,KY,MS,NC,SC,TN",Winter weather,Winter Storm; Severe Storm,false,false,false,false,false,false,false,true,true,false,false,1,false,true,false,28029,https://www.fema.gov/api/open/v2/DisasterDeclarationsSummaries,https://www.fema.gov/openfema-data-page/disaster-declarations-summaries-v2,2026-08-16T23:00:55Z
EM-3640-MS,3640,MS,EM,2026-01-24T00:00:00.000Z,2026,Winter Storm,SEVERE WINTER STORM ,false,false,true,false,2026-01-23T00:00:00.000Z,2026-01-27T00:00:00.000Z,,false,28,027,99027,Coahoma (County),26014,,2026012101,4,"5,W",2026-08-07T15:01:26.974Z,1ecc71c947872b252d4a829e9d330db2a5fad91e,ace946c4-b60e-44b0-9b7d-b9baeac2a989,2026-01-24,2026-01-23,2026-01-27,,,2026-08-07T15:01:26Z,2026,01,1,2026,4,1,,false,false,Emergency,Mississippi,Region 4 — Atlanta,Atlanta,"AL,FL,GA,KY,MS,NC,SC,TN",Winter weather,Winter Storm; Severe Storm,false,false,false,false,false,false,false,true,true,false,false,1,false,true,false,28027,https://www.fema.gov/api/open/v2/DisasterDeclarationsSummaries,https://www.fema.gov/openfema-data-page/disaster-declarations-summaries-v2,2026-08-16T23:00:55Z
EM-3640-MS,3640,MS,EM,2026-01-24T00:00:00.000Z,2026,Winter Storm,SEVERE WINTER STORM ,false,false,true,false,2026-01-23T00:00:00.000Z,2026-01-27T00:00:00.000Z,,false,28,025,99025,Clay (County),26014,,2026012101,4,"5,W",2026-08-07T15:01:26.974Z,6ccc0e5ee1ca2fae4c95667fbea01c1828a5502d,e7acbbc9-0f2f-4d40-997b-a80ac213f082,2026-01-24,2026-01-23,2026-01-27,,,2026-08-07T15:01:26Z,2026,01,1,2026,4,1,,false,false,Emergency,Mississippi,Region 4 — Atlanta,Atlanta,"AL,FL,GA,KY,MS,NC,SC,TN",Winter weather,Winter Storm; Severe Storm,false,false,false,false,false,false,false,true,true,false,false,1,false,true,false,28025,https://www.fema.gov/api/open/v2/DisasterDeclarationsSummaries,https://www.fema.gov/openfema-data-page/disaster-declarations-summaries-v2,2026-08-16T23:00:55Z
EM-3640-MS,3640,MS,EM,2026-01-24T00:00:00.000Z,2026,Winter Storm,SEVERE WINTER STORM ,false,false,true,false,2026-01-23T00:00:00.000Z,2026-01-27T00:00:00.000Z,,false,28,023,99023,Clarke (County),26014,,2026012101,4,"5,W",2026-08-07T15:01:26.974Z,87a805412c4fcac6d6ccb917397ac9d8dbef2a74,3f889551-3790-41a3-9b51-af58a6d97f77,2026-01-24,2026-01-23,2026-01-27,,,2026-08-07T15:01:26Z,2026,01,1,2026,4,1,,false,false,Emergency,Mississippi,Region 4 — Atlanta,Atlanta,"AL,FL,GA,KY,MS,NC,SC,TN",Winter weather,Winter Storm; Severe Storm,false,false,false,false,false,false,false,true,true,false,false,1,false,true,false,28023,https://www.fema.gov/api/open/v2/DisasterDeclarationsSummaries,https://www.fema.gov/openfema-data-page/disaster-declarations-summaries-v2,2026-08-16T23:00:55Z
EM-3640-MS,3640,MS,EM,2026-01-24T00:00:00.000Z,2026,Winter Storm,SEVERE WINTER STORM ,false,false,true,false,2026-01-23T00:00:00.000Z,2026-01-27T00:00:00.000Z,,false,28,021,99021,Claiborne (County),26014,,2026012101,4,"5,W",2026-08-07T15:01:26.974Z,70f8107dd4d939533b7b514ec925a8c9f038bd4d,4e2488a9-0d8f-45df-b742-4ec0eb7b5433,2026-01-24,2026-01-23,2026-01-27,,,2026-08-07T15:01:26Z,2026,01,1,2026,4,1,,false,false,Emergency,Mississippi,Region 4 — Atlanta,Atlanta,"AL,FL,GA,KY,MS,NC,SC,TN",Winter weather,Winter Storm; Severe Storm,false,false,false,false,false,false,false,true,true,false,false,1,false,true,false,28021,https://www.fema.gov/api/open/v2/DisasterDeclarationsSummaries,https://www.fema.gov/openfema-data-page/disaster-declarations-summaries-v2,2026-08-16T23:00:55Z
EM-3640-MS,3640,MS,EM,2026-01-24T00:00:00.000Z,2026,Winter Storm,SEVERE WINTER STORM ,false,false,true,false,2026-01-23T00:00:00.000Z,2026-01-27T00:00:00.000Z,,false,28,019,99019,Choctaw (County),26014,,2026012101,4,"5,W",2026-08-07T15:01:26.974Z,6388b643f8f63ff74f07384e282f4642e1b55d2d,740116b5-17c1-41de-b496-ccd1e272e872,2026-01-24,2026-01-23,2026-01-27,,,2026-08-07T15:01:26Z,2026,01,1,2026,4,1,,false,false,Emergency,Mississippi,Region 4 — Atlanta,Atlanta,"AL,FL,GA,KY,MS,NC,SC,TN",Winter weather,Winter Storm; Severe Storm,false,false,false,false,false,false,false,true,true,false,false,1,false,true,false,28019,https://www.fema.gov/api/open/v2/DisasterDeclarationsSummaries,https://www.fema.gov/openfema-data-page/disaster-declarations-summaries-v2,2026-08-16T23:00:55Z
EM-3640-MS,3640,MS,EM,2026-01-24T00:00:00.000Z,2026,Winter Storm,SEVERE WINTER STORM ,false,false,true,false,2026-01-23T00:00:00.000Z,2026-01-27T00:00:00.000Z,,false,28,017,99017,Chickasaw (County),26014,,2026012101,4,"5,W",2026-08-07T15:01:26.974Z,86627d515dae5080bfe01f422bfee0c4fdda4374,b9f67525-4638-47f9-b0db-386597220840,2026-01-24,2026-01-23,2026-01-27,,,2026-08-07T15:01:26Z,2026,01,1,2026,4,1,,false,false,Emergency,Mississippi,Region 4 — Atlanta,Atlanta,"AL,FL,GA,KY,MS,NC,SC,TN",Winter weather,Winter Storm; Severe Storm,false,false,false,false,false,false,false,true,true,false,false,1,false,true,false,28017,https://www.fema.gov/api/open/v2/DisasterDeclarationsSummaries,https://www.fema.gov/openfema-data-page/disaster-declarations-summaries-v2,2026-08-16T23:00:55Z
EM-3640-MS,3640,MS,EM,2026-01-24T00:00:00.000Z,2026,Winter Storm,SEVERE WINTER STORM ,false,false,true,false,2026-01-23T00:00:00.000Z,2026-01-27T00:00:00.000Z,,false,28,015,99015,Carroll (County),26014,,2026012101,4,"5,W",2026-08-07T15:01:26.974Z,ab5f58d137f2e380a153cfcf7811d32f13bea8d8,f3ed591d-7b47-4306-b1be-48681a64bf56,2026-01-24,2026-01-23,2026-01-27,,,2026-08-07T15:01:26Z,2026,01,1,2026,4,1,,false,false,Emergency,Mississippi,Region 4 — Atlanta,Atlanta,"AL,FL,GA,KY,MS,NC,SC,TN",Winter weather,Winter Storm; Severe Storm,false,false,false,false,false,false,false,true,true,false,false,1,false,true,false,28015,https://www.fema.gov/api/open/v2/DisasterDeclarationsSummaries,https://www.fema.gov/openfema-data-page/disaster-declarations-summaries-v2,2026-08-16T23:00:55Z
EM-3640-MS,3640,MS,EM,2026-01-24T00:00:00.000Z,2026,Winter Storm,SEVERE WINTER STORM ,false,false,true,false,2026-01-23T00:00:00.000Z,2026-01-27T00:00:00.000Z,,false,28,013,99013,Calhoun (County),26014,,2026012101,4,"5,W",2026-08-07T15:01:26.974Z,55fb351df6a91e4e87c290b36bdb8f28a6ca3e3b,58500a6f-f088-452f-b910-7c5d98f9cd05,2026-01-24,2026-01-23,2026-01-27,,,2026-08-07T15:01:26Z,2026,01,1,2026,4,1,,false,false,Emergency,Mississippi,Region 4 — Atlanta,Atlanta,"AL,FL,GA,KY,MS,NC,SC,TN",Winter weather,Winter Storm; Severe Storm,false,false,false,false,false,false,false,true,true,false,false,1,false,true,false,28013,https://www.fema.gov/api/open/v2/DisasterDeclarationsSummaries,https://www.fema.gov/openfema-data-page/disaster-declarations-summaries-v2,2026-08-16T23:00:55Z
EM-3640-MS,3640,MS,EM,2026-01-24T00:00:00.000Z,2026,Winter Storm,SEVERE WINTER STORM ,false,false,true,false,2026-01-23T00:00:00.000Z,2026-01-27T00:00:00.000Z,,false,28,011,99011,Bolivar (County),26014,,2026012101,4,"5,W",2026-08-07T15:01:26.974Z,527c2a30c03b6d559dc149b96e73383335b07f31,c504ec2b-943d-458c-aeba-5f05b9976746,2026-01-24,2026-01-23,2026-01-27,,,2026-08-07T15:01:26Z,2026,01,1,2026,4,1,,false,false,Emergency,Mississippi,Region 4 — Atlanta,Atlanta,"AL,FL,GA,KY,MS,NC,SC,TN",Winter weather,Winter Storm; Severe Storm,false,false,false,false,false,false,false,true,true,false,false,1,false,true,false,28011,https://www.fema.gov/api/open/v2/DisasterDeclarationsSummaries,https://www.fema.gov/openfema-data-page/disaster-declarations-summaries-v2,2026-08-16T23:00:55Z
EM-3640-MS,3640,MS,EM,2026-01-24T00:00:00.000Z,2026,Winter Storm,SEVERE WINTER STORM ,false,false,true,false,2026-01-23T00:00:00.000Z,2026-01-27T00:00:00.000Z,,false,28,009,99009,Benton (County),26014,,2026012101,4,"5,W",2026-08-07T15:01:26.974Z,ebc240f9c86a563cfeb7f694721af12368f73e72,78811514-7207-4f52-a312-42980987b329,2026-01-24,2026-01-23,2026-01-27,,,2026-08-07T15:01:26Z,2026,01,1,2026,4,1,,false,false,Emergency,Mississippi,Region 4 — Atlanta,Atlanta,"AL,FL,GA,KY,MS,NC,SC,TN",Winter weather,Winter Storm; Severe Storm,false,false,false,false,false,false,false,true,true,false,false,1,false,true,false,28009,https://www.fema.gov/api/open/v2/DisasterDeclarationsSummaries,https://www.fema.gov/openfema-data-page/disaster-declarations-summaries-v2,2026-08-16T23:00:55Z
EM-3640-MS,3640,MS,EM,2026-01-24T00:00:00.000Z,2026,Winter Storm,SEVERE WINTER STORM ,false,false,true,false,2026-01-23T00:00:00.000Z,2026-01-27T00:00:00.000Z,,false,28,007,99007,Attala (County),26014,,2026012101,4,"5,W",2026-08-07T15:01:26.974Z,ca6650f32e5deacfb611a10afab7ee0a24b5be3d,9207a00d-7812-4392-9fee-e8157413de59,2026-01-24,2026-01-23,2026-01-27,,,2026-08-07T15:01:26Z,2026,01,1,2026,4,1,,false,false,Emergency,Mississippi,Region 4 — Atlanta,Atlanta,"AL,FL,GA,KY,MS,NC,SC,TN",Winter weather,Winter Storm; Severe Storm,false,false,false,false,false,false,false,true,true,false,false,1,false,true,false,28007,https://www.fema.gov/api/open/v2/DisasterDeclarationsSummaries,https://www.fema.gov/openfema-data-page/disaster-declarations-summaries-v2,2026-08-16T23:00:55Z
EM-3640-MS,3640,MS,EM,2026-01-24T00:00:00.000Z,2026,Winter Storm,SEVERE WINTER STORM ,false,false,true,false,2026-01-23T00:00:00.000Z,2026-01-27T00:00:00.000Z,,false,28,005,99005,Amite (County),26014,,2026012101,4,"5,W",2026-08-07T15:01:26.974Z,a999323f85dd0edcfedefe52980ea2480ac3c0d0,e739eacc-fdeb-4789-b0a8-09d4f2763591,2026-01-24,2026-01-23,2026-01-27,,,2026-08-07T15:01:26Z,2026,01,1,2026,4,1,,false,false,Emergency,Mississippi,Region 4 — Atlanta,Atlanta,"AL,FL,GA,KY,MS,NC,SC,TN",Winter weather,Winter Storm; Severe Storm,false,false,false,false,false,false,false,true,true,false,false,1,false,true,false,28005,https://www.fema.gov/api/open/v2/DisasterDeclarationsSummaries,https://www.fema.gov/openfema-data-page/disaster-declarations-summaries-v2,2026-08-16T23:00:55Z
EM-3640-MS,3640,MS,EM,2026-01-24T00:00:00.000Z,2026,Winter Storm,SEVERE WINTER STORM ,false,false,true,false,2026-01-23T00:00:00.000Z,2026-01-27T00:00:00.000Z,,false,28,003,99003,Alcorn (County),26014,,2026012101,4,"5,W",2026-08-07T15:01:26.974Z,e9ab117c6b36da7d5b703bcd87e0fab23f9795c9,c182b084-cfb8-4fc9-9106-2b7214962476,2026-01-24,2026-01-23,2026-01-27,,,2026-08-07T15:01:26Z,2026,01,1,2026,4,1,,false,false,Emergency,Mississippi,Region 4 — Atlanta,Atlanta,"AL,FL,GA,KY,MS,NC,SC,TN",Winter weather,Winter Storm; Severe Storm,false,false,false,false,false,false,false,true,true,false,false,1,false,true,false,28003,https://www.fema.gov/api/open/v2/DisasterDeclarationsSummaries,https://www.fema.gov/openfema-data-page/disaster-declarations-summaries-v2,2026-08-16T23:00:55Z
EM-3640-MS,3640,MS,EM,2026-01-24T00:00:00.000Z,2026,Winter Storm,SEVERE WINTER STORM ,false,false,true,false,2026-01-23T00:00:00.000Z,2026-01-27T00:00:00.000Z,,false,28,001,99001,Adams (County),26014,,2026012101,4,"5,W",2026-08-07T15:01:26.974Z,ba45dd3d4eda4184799de9cfb3d75cc675e969c3,b98e3b66-988b-4ee2-a51c-b8dd13857ae2,2026-01-24,2026-01-23,2026-01-27,,,2026-08-07T15:01:26Z,2026,01,1,2026,4,1,,false,false,Emergency,Mississippi,Region 4 — Atlanta,Atlanta,"AL,FL,GA,KY,MS,NC,SC,TN",Winter weather,Winter Storm; Severe Storm,false,false,false,false,false,false,false,true,true,false,false,1,false,true,false,28001,https://www.fema.gov/api/open/v2/DisasterDeclarationsSummaries,https://www.fema.gov/openfema-data-page/disaster-declarations-summaries-v2,2026-08-16T23:00:55Z
EM-3640-MS,3640,MS,EM,2026-01-24T00:00:00.000Z,2026,Winter Storm,SEVERE WINTER STORM ,false,false,true,false,2026-01-23T00:00:00.000Z,2026-01-27T00:00:00.000Z,,false,28,000,47980,Mississippi Choctaw Indian Reservation,26014,,2026012101,4,"5,W",2026-08-07T15:01:26.974Z,cd3fd31aa243ee559f52d5ebc4ba6637cf381c4e,3f9afbe3-5aa6-48b6-b1b6-5d56ee74b99d,2026-01-24,2026-01-23,2026-01-27,,,2026-08-07T15:01:26Z,2026,01,1,2026,4,1,,false,false,Emergency,Mississippi,Region 4 — Atlanta,Atlanta,"AL,FL,GA,KY,MS,NC,SC,TN",Winter weather,Winter Storm; Severe Storm,false,false,false,false,false,false,false,true,true,false,false,1,false,true,false,28000,https://www.fema.gov/api/open/v2/DisasterDeclarationsSummaries,https://www.fema.gov/openfema-data-page/disaster-declarations-summaries-v2,2026-08-16T23:00:55Z
EM-3639-WV,3639,WV,EM,2026-01-24T00:00:00.000Z,2026,Winter Storm,SEVERE WINTER STORM,false,false,true,false,2026-01-23T00:00:00.000Z,2026-01-27T00:00:00.000Z,,false,54,109,99109,Wyoming (County),26010,,2026012101,3,"5,W",2026-03-09T20:41:23.336Z,86ffef64523f7adace25a398e0cab8e1b8feb855,3c485b09-5b06-4c93-abb3-ec25590c28d0,2026-01-24,2026-01-23,2026-01-27,,,2026-03-09T20:41:23Z,2026,01,1,2026,4,1,,false,false,Emergency,West Virginia,Region 3 — Philadelphia,Philadelphia,"DE,DC,MD,PA,VA,WV",Winter weather,Winter Storm; Severe Storm,false,false,false,false,false,false,false,true,true,false,false,1,false,true,false,54109,https://www.fema.gov/api/open/v2/DisasterDeclarationsSummaries,https://www.fema.gov/openfema-data-page/disaster-declarations-summaries-v2,2026-08-16T23:00:55Z
EM-3639-WV,3639,WV,EM,2026-01-24T00:00:00.000Z,2026,Winter Storm,SEVERE WINTER STORM,false,false,true,false,2026-01-23T00:00:00.000Z,2026-01-27T00:00:00.000Z,,false,54,107,99107,Wood (County),26010,,2026012101,3,"5,W",2026-03-09T20:41:23.336Z,363219646e473cf052ce7f365676ff78eff96192,f13155ba-b7c9-4a9b-9422-f6f3684f3e56,2026-01-24,2026-01-23,2026-01-27,,,2026-03-09T20:41:23Z,2026,01,1,2026,4,1,,false,false,Emergency,West Virginia,Region 3 — Philadelphia,Philadelphia,"DE,DC,MD,PA,VA,WV",Winter weather,Winter Storm; Severe Storm,false,false,false,false,false,false,false,true,true,false,false,1,false,true,false,54107,https://www.fema.gov/api/open/v2/DisasterDeclarationsSummaries,https://www.fema.gov/openfema-data-page/disaster-declarations-summaries-v2,2026-08-16T23:00:55Z
EM-3639-WV,3639,WV,EM,2026-01-24T00:00:00.000Z,2026,Winter Storm,SEVERE WINTER STORM,false,false,true,false,2026-01-23T00:00:00.000Z,2026-01-27T00:00:00.000Z,,false,54,105,99105,Wirt (County),26010,,2026012101,3,"5,W",2026-03-09T20:41:23.336Z,02959dfa9b2eee13954da284e843bf91c098884d,f21581c4-9a36-4e03-a3a2-f85e82e66ea7,2026-01-24,2026-01-23,2026-01-27,,,2026-03-09T20:41:23Z,2026,01,1,2026,4,1,,false,false,Emergency,West Virginia,Region 3 — Philadelphia,Philadelphia,"DE,DC,MD,PA,VA,WV",Winter weather,Winter Storm; Severe Storm,false,false,false,false,false,false,false,true,true,false,false,1,false,true,false,54105,https://www.fema.gov/api/open/v2/DisasterDeclarationsSummaries,https://www.fema.gov/openfema-data-page/disaster-declarations-summaries-v2,2026-08-16T23:00:55Z
EM-3639-WV,3639,WV,EM,2026-01-24T00:00:00.000Z,2026,Winter Storm,SEVERE WINTER STORM,false,false,true,false,2026-01-23T00:00:00.000Z,2026-01-27T00:00:00.000Z,,false,54,103,99103,Wetzel (County),26010,,2026012101,3,"5,W",2026-03-09T20:41:23.336Z,f8a38fb0987fe72fdb3ff025a8c72af99275bc10,668b295f-a8db-458e-a588-d50506579deb,2026-01-24,2026-01-23,2026-01-27,,,2026-03-09T20:41:23Z,2026,01,1,2026,4,1,,false,false,Emergency,West Virginia,Region 3 — Philadelphia,Philadelphia,"DE,DC,MD,PA,VA,WV",Winter weather,Winter Storm; Severe Storm,false,false,false,false,false,false,false,true,true,false,false,1,false,true,false,54103,https://www.fema.gov/api/open/v2/DisasterDeclarationsSummaries,https://www.fema.gov/openfema-data-page/disaster-declarations-summaries-v2,2026-08-16T23:00:55Z
EM-3639-WV,3639,WV,EM,2026-01-24T00:00:00.000Z,2026,Winter Storm,SEVERE WINTER STORM,false,false,true,false,2026-01-23T00:00:00.000Z,2026-01-27T00:00:00.000Z,,false,54,101,99101,Webster (County),26010,,2026012101,3,"5,W",2026-03-09T20:41:23.336Z,45714135dc1703afcd3a44f20ecbe6348acab8ba,e6c024fd-3e26-4fc1-a1ec-7ec31e3cd0da,2026-01-24,2026-01-23,2026-01-27,,,2026-03-09T20:41:23Z,2026,01,1,2026,4,1,,false,false,Emergency,West Virginia,Region 3 — Philadelphia,Philadelphia,"DE,DC,MD,PA,VA,WV",Winter weather,Winter Storm; Severe Storm,false,false,false,false,false,false,false,true,true,false,false,1,false,true,false,54101,https://www.fema.gov/api/open/v2/DisasterDeclarationsSummaries,https://www.fema.gov/openfema-data-page/disaster-declarations-summaries-v2,2026-08-16T23:00:55Z
EM-3639-WV,3639,WV,EM,2026-01-24T00:00:00.000Z,2026,Winter Storm,SEVERE WINTER STORM,false,false,true,false,2026-01-23T00:00:00.000Z,2026-01-27T00:00:00.000Z,,false,54,099,99099,Wayne (County),26010,,2026012101,3,"5,W",2026-03-09T20:41:23.336Z,f896e0c6bac2d6495938133f6524ba2367fda18b,6c92112a-b646-46ef-9cf5-56b7de10c96b,2026-01-24,2026-01-23,2026-01-27,,,2026-03-09T20:41:23Z,2026,01,1,2026,4,1,,false,false,Emergency,West Virginia,Region 3 — Philadelphia,Philadelphia,"DE,DC,MD,PA,VA,WV",Winter weather,Winter Storm; Severe Storm,false,false,false,false,false,false,false,true,true,false,false,1,false,true,false,54099,https://www.fema.gov/api/open/v2/DisasterDeclarationsSummaries,https://www.fema.gov/openfema-data-page/disaster-declarations-summaries-v2,2026-08-16T23:00:55Z
EM-3639-WV,3639,WV,EM,2026-01-24T00:00:00.000Z,2026,Winter Storm,SEVERE WINTER STORM,false,false,true,false,2026-01-23T00:00:00.000Z,2026-01-27T00:00:00.000Z,,false,54,097,99097,Upshur (County),26010,,2026012101,3,"5,W",2026-03-09T20:41:23.336Z,7b502dd84c049929006d4306778995e84d174029,bc868de4-620e-4dc5-9113-dad796e870de,2026-01-24,2026-01-23,2026-01-27,,,2026-03-09T20:41:23Z,2026,01,1,2026,4,1,,false,false,Emergency,West Virginia,Region 3 — Philadelphia,Philadelphia,"DE,DC,MD,PA,VA,WV",Winter weather,Winter Storm; Severe Storm,false,false,false,false,false,false,false,true,true,false,false,1,false,true,false,54097,https://www.fema.gov/api/open/v2/DisasterDeclarationsSummaries,https://www.fema.gov/openfema-data-page/disaster-declarations-summaries-v2,2026-08-16T23:00:55Z
EM-3639-WV,3639,WV,EM,2026-01-24T00:00:00.000Z,2026,Winter Storm,SEVERE WINTER STORM,false,false,true,false,2026-01-23T00:00:00.000Z,2026-01-27T00:00:00.000Z,,false,54,095,99095,Tyler (County),26010,,2026012101,3,"5,W",2026-03-09T20:41:23.336Z,f164869465217d926d4d971d265c082488e2d8e7,9e1cc01c-59c9-43a6-88d5-e3f1b1154d3a,2026-01-24,2026-01-23,2026-01-27,,,2026-03-09T20:41:23Z,2026,01,1,2026,4,1,,false,false,Emergency,West Virginia,Region 3 — Philadelphia,Philadelphia,"DE,DC,MD,PA,VA,WV",Winter weather,Winter Storm; Severe Storm,false,false,false,false,false,false,false,true,true,false,false,1,false,true,false,54095,https://www.fema.gov/api/open/v2/DisasterDeclarationsSummaries,https://www.fema.gov/openfema-data-page/disaster-declarations-summaries-v2,2026-08-16T23:00:55Z
EM-3639-WV,3639,WV,EM,2026-01-24T00:00:00.000Z,2026,Winter Storm,SEVERE WINTER STORM,false,false,true,false,2026-01-23T00:00:00.000Z,2026-01-27T00:00:00.000Z,,false,54,093,99093,Tucker (County),26010,,2026012101,3,"5,W",2026-03-09T20:41:23.336Z,925b53397bb2ea60fbed0c49e0782d1a7fcbca90,57b447f0-455f-4dd9-a4f0-8d0cf21a0110,2026-01-24,2026-01-23,2026-01-27,,,2026-03-09T20:41:23Z,2026,01,1,2026,4,1,,false,false,Emergency,West Virginia,Region 3 — Philadelphia,Philadelphia,"DE,DC,MD,PA,VA,WV",Winter weather,Winter Storm; Severe Storm,false,false,false,false,false,false,false,true,true,false,false,1,false,true,false,54093,https://www.fema.gov/api/open/v2/DisasterDeclarationsSummaries,https://www.fema.gov/openfema-data-page/disaster-declarations-summaries-v2,2026-08-16T23:00:55Z
EM-3639-WV,3639,WV,EM,2026-01-24T00:00:00.000Z,2026,Winter Storm,SEVERE WINTER STORM,false,false,true,false,2026-01-23T00:00:00.000Z,2026-01-27T00:00:00.000Z,,false,54,091,99091,Taylor (County),26010,,2026012101,3,"5,W",2026-03-09T20:41:23.336Z,336a27f9ba4b02768ea95dea41ed345da555b3fc,bee08d44-4560-405e-9400-917e24b3819c,2026-01-24,2026-01-23,2026-01-27,,,2026-03-09T20:41:23Z,2026,01,1,2026,4,1,,false,false,Emergency,West Virginia,Region 3 — Philadelphia,Philadelphia,"DE,DC,MD,PA,VA,WV",Winter weather,Winter Storm; Severe Storm,false,false,false,false,false,false,false,true,true,false,false,1,false,true,false,54091,https://www.fema.gov/api/open/v2/DisasterDeclarationsSummaries,https://www.fema.gov/openfema-data-page/disaster-declarations-summaries-v2,2026-08-16T23:00:55Z
EM-3639-WV,3639,WV,EM,2026-01-24T00:00:00.000Z,2026,Winter Storm,SEVERE WINTER STORM,false,false,true,false,2026-01-23T00:00:00.000Z,2026-01-27T00:00:00.000Z,,false,54,089,99089,Summers (County),26010,,2026012101,3,"5,W",2026-03-09T20:41:23.336Z,40a788fcd00733f25e6a1ccf48380027faebf443,bd54bca8-73eb-477b-92b9-aa1bc726fa6b,2026-01-24,2026-01-23,2026-01-27,,,2026-03-09T20:41:23Z,2026,01,1,2026,4,1,,false,false,Emergency,West Virginia,Region 3 — Philadelphia,Philadelphia,"DE,DC,MD,PA,VA,WV",Winter weather,Winter Storm; Severe Storm,false,false,false,false,false,false,false,true,true,false,false,1,false,true,false,54089,https://www.fema.gov/api/open/v2/DisasterDeclarationsSummaries,https://www.fema.gov/openfema-data-page/disaster-declarations-summaries-v2,2026-08-16T23:00:55Z
EM-3639-WV,3639,WV,EM,2026-01-24T00:00:00.000Z,2026,Winter Storm,SEVERE WINTER STORM,false,false,true,false,2026-01-23T00:00:00.000Z,2026-01-27T00:00:00.000Z,,false,54,087,99087,Roane (County),26010,,2026012101,3,"5,W",2026-03-09T20:41:23.336Z,823a0e0af4e4769718af0ad11bb443712f834bbf,821cf816-4726-4fa3-8e53-e4021e05eb20,2026-01-24,2026-01-23,2026-01-27,,,2026-03-09T20:41:23Z,2026,01,1,2026,4,1,,false,false,Emergency,West Virginia,Region 3 — Philadelphia,Philadelphia,"DE,DC,MD,PA,VA,WV",Winter weather,Winter Storm; Severe Storm,false,false,false,false,false,false,false,true,true,false,false,1,false,true,false,54087,https://www.fema.gov/api/open/v2/DisasterDeclarationsSummaries,https://www.fema.gov/openfema-data-page/disaster-declarations-summaries-v2,2026-08-16T23:00:55Z
EM-3639-WV,3639,WV,EM,2026-01-24T00:00:00.000Z,2026,Winter Storm,SEVERE WINTER STORM,false,false,true,false,2026-01-23T00:00:00.000Z,2026-01-27T00:00:00.000Z,,false,54,085,99085,Ritchie (County),26010,,2026012101,3,"5,W",2026-03-09T20:41:23.336Z,9fcdb67d1984999f96061791aa4838c6bbc50491,b88c8406-2618-4baa-835b-eedf7f4463e1,2026-01-24,2026-01-23,2026-01-27,,,2026-03-09T20:41:23Z,2026,01,1,2026,4,1,,false,false,Emergency,West Virginia,Region 3 — Philadelphia,Philadelphia,"DE,DC,MD,PA,VA,WV",Winter weather,Winter Storm; Severe Storm,false,false,false,false,false,false,false,true,true,false,false,1,false,true,false,54085,https://www.fema.gov/api/open/v2/DisasterDeclarationsSummaries,https://www.fema.gov/openfema-data-page/disaster-declarations-summaries-v2,2026-08-16T23:00:55Z
EM-3639-WV,3639,WV,EM,2026-01-24T00:00:00.000Z,2026,Winter Storm,SEVERE WINTER STORM,false,false,true,false,2026-01-23T00:00:00.000Z,2026-01-27T00:00:00.000Z,,false,54,083,99083,Randolph (County),26010,,2026012101,3,"5,W",2026-03-09T20:41:23.336Z,35b84a59667628ec2f95606c28c8031339dbdb9f,036d4688-13ad-401f-944d-d773c7ad5093,2026-01-24,2026-01-23,2026-01-27,,,2026-03-09T20:41:23Z,2026,01,1,2026,4,1,,false,false,Emergency,West Virginia,Region 3 — Philadelphia,Philadelphia,"DE,DC,MD,PA,VA,WV",Winter weather,Winter Storm; Severe Storm,false,false,false,false,false,false,false,true,true,false,false,1,false,true,false,54083,https://www.fema.gov/api/open/v2/DisasterDeclarationsSummaries,https://www.fema.gov/openfema-data-page/disaster-declarations-summaries-v2,2026-08-16T23:00:55Z
EM-3639-WV,3639,WV,EM,2026-01-24T00:00:00.000Z,2026,Winter Storm,SEVERE WINTER STORM,false,false,true,false,2026-01-23T00:00:00.000Z,2026-01-27T00:00:00.000Z,,false,54,081,99081,Raleigh (County),26010,,2026012101,3,"5,W",2026-03-09T20:41:23.336Z,b6940cbc92efa6fbf370b9b234668b22d6679d0c,383d0082-f337-4ae5-a11d-5824204ae630,2026-01-24,2026-01-23,2026-01-27,,,2026-03-09T20:41:23Z,2026,01,1,2026,4,1,,false,false,Emergency,West Virginia,Region 3 — Philadelphia,Philadelphia,"DE,DC,MD,PA,VA,WV",Winter weather,Winter Storm; Severe Storm,false,false,false,false,false,false,false,true,true,false,false,1,false,true,false,54081,https://www.fema.gov/api/open/v2/DisasterDeclarationsSummaries,https://www.fema.gov/openfema-data-page/disaster-declarations-summaries-v2,2026-08-16T23:00:55Z
EM-3639-WV,3639,WV,EM,2026-01-24T00:00:00.000Z,2026,Winter Storm,SEVERE WINTER STORM,false,false,true,false,2026-01-23T00:00:00.000Z,2026-01-27T00:00:00.000Z,,false,54,079,99079,Putnam (County),26010,,2026012101,3,"5,W",2026-03-09T20:41:23.336Z,5549109ebc74c0634cb0012e0604adccd0f9aeb1,fd26afef-1fbc-4330-8d12-62adde329e2d,2026-01-24,2026-01-23,2026-01-27,,,2026-03-09T20:41:23Z,2026,01,1,2026,4,1,,false,false,Emergency,West Virginia,Region 3 — Philadelphia,Philadelphia,"DE,DC,MD,PA,VA,WV",Winter weather,Winter Storm; Severe Storm,false,false,false,false,false,false,false,true,true,false,false,1,false,true,false,54079,https://www.fema.gov/api/open/v2/DisasterDeclarationsSummaries,https://www.fema.gov/openfema-data-page/disaster-declarations-summaries-v2,2026-08-16T23:00:55Z
EM-3639-WV,3639,WV,EM,2026-01-24T00:00:00.000Z,2026,Winter Storm,SEVERE WINTER STORM,false,false,true,false,2026-01-23T00:00:00.000Z,2026-01-27T00:00:00.000Z,,false,54,077,99077,Preston (County),26010,,2026012101,3,"5,W",2026-03-09T20:41:23.336Z,302c4d01f92a8fae6aa5ac8d15ec0f8b9efa2b0e,023c5f0e-bd5a-40f7-891f-f897927ae2cf,2026-01-24,2026-01-23,2026-01-27,,,2026-03-09T20:41:23Z,2026,01,1,2026,4,1,,false,false,Emergency,West Virginia,Region 3 — Philadelphia,Philadelphia,"DE,DC,MD,PA,VA,WV",Winter weather,Winter Storm; Severe Storm,false,false,false,false,false,false,false,true,true,false,false,1,false,true,false,54077,https://www.fema.gov/api/open/v2/DisasterDeclarationsSummaries,https://www.fema.gov/openfema-data-page/disaster-declarations-summaries-v2,2026-08-16T23:00:55Z
EM-3639-WV,3639,WV,EM,2026-01-24T00:00:00.000Z,2026,Winter Storm,SEVERE WINTER STORM,false,false,true,false,2026-01-23T00:00:00.000Z,2026-01-27T00:00:00.000Z,,false,54,075,99075,Pocahontas (County),26010,,2026012101,3,"5,W",2026-03-09T20:41:23.336Z,ecf63805dde29c03688106636dbe6166535c39cc,bc0eb24e-b7d5-4dfb-b9a6-99660f46c508,2026-01-24,2026-01-23,2026-01-27,,,2026-03-09T20:41:23Z,2026,01,1,2026,4,1,,false,false,Emergency,West Virginia,Region 3 — Philadelphia,Philadelphia,"DE,DC,MD,PA,VA,WV",Winter weather,Winter Storm; Severe Storm,false,false,false,false,false,false,false,true,true,false,false,1,false,true,false,54075,https://www.fema.gov/api/open/v2/DisasterDeclarationsSummaries,https://www.fema.gov/openfema-data-page/disaster-declarations-summaries-v2,2026-08-16T23:00:55Z
EM-3639-WV,3639,WV,EM,2026-01-24T00:00:00.000Z,2026,Winter Storm,SEVERE WINTER STORM,false,false,true,false,2026-01-23T00:00:00.000Z,2026-01-27T00:00:00.000Z,,false,54,073,99073,Pleasants (County),26010,,2026012101,3,"5,W",2026-03-09T20:41:23.336Z,ceac15afe3e8356e0c9ad4541ef379dafa37562a,da65dbeb-a8c4-41b2-9149-8b1a666d7f65,2026-01-24,2026-01-23,2026-01-27,,,2026-03-09T20:41:23Z,2026,01,1,2026,4,1,,false,false,Emergency,West Virginia,Region 3 — Philadelphia,Philadelphia,"DE,DC,MD,PA,VA,WV",Winter weather,Winter Storm; Severe Storm,false,false,false,false,false,false,false,true,true,false,false,1,false,true,false,54073,https://www.fema.gov/api/open/v2/DisasterDeclarationsSummaries,https://www.fema.gov/openfema-data-page/disaster-declarations-summaries-v2,2026-08-16T23:00:55Z
EM-3639-WV,3639,WV,EM,2026-01-24T00:00:00.000Z,2026,Winter Storm,SEVERE WINTER STORM,false,false,true,false,2026-01-23T00:00:00.000Z,2026-01-27T00:00:00.000Z,,false,54,071,99071,Pendleton (County),26010,,2026012101,3,"5,W",2026-03-09T20:41:23.336Z,0a45e9260167df1ffffb128977e4f6998dcb714f,44470c1f-c00c-42b2-8faa-d7231f82e365,2026-01-24,2026-01-23,2026-01-27,,,2026-03-09T20:41:23Z,2026,01,1,2026,4,1,,false,false,Emergency,West Virginia,Region 3 — Philadelphia,Philadelphia,"DE,DC,MD,PA,VA,WV",Winter weather,Winter Storm; Severe Storm,false,false,false,false,false,false,false,true,true,false,false,1,false,true,false,54071,https://www.fema.gov/api/open/v2/DisasterDeclarationsSummaries,https://www.fema.gov/openfema-data-page/disaster-declarations-summaries-v2,2026-08-16T23:00:55Z
EM-3639-WV,3639,WV,EM,2026-01-24T00:00:00.000Z,2026,Winter Storm,SEVERE WINTER STORM,false,false,true,false,2026-01-23T00:00:00.000Z,2026-01-27T00:00:00.000Z,,false,54,069,99069,Ohio (County),26010,,2026012101,3,"5,W",2026-03-09T20:41:23.336Z,b5328393226d78f8323c0f859204b9a34f6ebe46,c625cacb-a482-4cd7-b6ec-4dd56b94b578,2026-01-24,2026-01-23,2026-01-27,,,2026-03-09T20:41:23Z,2026,01,1,2026,4,1,,false,false,Emergency,West Virginia,Region 3 — Philadelphia,Philadelphia,"DE,DC,MD,PA,VA,WV",Winter weather,Winter Storm; Severe Storm,false,false,false,false,false,false,false,true,true,false,false,1,false,true,false,54069,https://www.fema.gov/api/open/v2/DisasterDeclarationsSummaries,https://www.fema.gov/openfema-data-page/disaster-declarations-summaries-v2,2026-08-16T23:00:55Z
EM-3639-WV,3639,WV,EM,2026-01-24T00:00:00.000Z,2026,Winter Storm,SEVERE WINTER STORM,false,false,true,false,2026-01-23T00:00:00.000Z,2026-01-27T00:00:00.000Z,,false,54,067,99067,Nicholas (County),26010,,2026012101,3,"5,W",2026-03-09T20:41:23.336Z,ab9d68d33e3b63e9965cc833732c4bd226253b4b,df8c124f-cc3e-41fc-be20-b77f3c1140d1,2026-01-24,2026-01-23,2026-01-27,,,2026-03-09T20:41:23Z,2026,01,1,2026,4,1,,false,false,Emergency,West Virginia,Region 3 — Philadelphia,Philadelphia,"DE,DC,MD,PA,VA,WV",Winter weather,Winter Storm; Severe Storm,false,false,false,false,false,false,false,true,true,false,false,1,false,true,false,54067,https://www.fema.gov/api/open/v2/DisasterDeclarationsSummaries,https://www.fema.gov/openfema-data-page/disaster-declarations-summaries-v2,2026-08-16T23:00:55Z
EM-3639-WV,3639,WV,EM,2026-01-24T00:00:00.000Z,2026,Winter Storm,SEVERE WINTER STORM,false,false,true,false,2026-01-23T00:00:00.000Z,2026-01-27T00:00:00.000Z,,false,54,065,99065,Morgan (County),26010,,2026012101,3,"5,W",2026-03-09T20:41:23.336Z,e86300870ca8cf8e3c6281ab717c459d07d54f06,c9fd5c50-c6e8-4b6b-8ba6-cbe04b5e4c54,2026-01-24,2026-01-23,2026-01-27,,,2026-03-09T20:41:23Z,2026,01,1,2026,4,1,,false,false,Emergency,West Virginia,Region 3 — Philadelphia,Philadelphia,"DE,DC,MD,PA,VA,WV",Winter weather,Winter Storm; Severe Storm,false,false,false,false,false,false,false,true,true,false,false,1,false,true,false,54065,https://www.fema.gov/api/open/v2/DisasterDeclarationsSummaries,https://www.fema.gov/openfema-data-page/disaster-declarations-summaries-v2,2026-08-16T23:00:55Z
